target,tic_id,sectors
TIC 589445,589445,98
TIC 589448,589448,98
TIC 589826,589826,98
TIC 589906,589906,98
TIC 590274,590274,98
TIC 592638,592638,98
TIC 594723,594723,98
TIC 595279,595279,98
TIC 608932,608932,98
TIC 609330,609330,98
TIC 610232,610232,98
TIC 610481,610481,98
TIC 610482,610482,98
TIC 611150,611150,98
TIC 612870,612870,98
TIC 613374,613374,98
TIC 614129,614129,98
TIC 614556,614556,98
TIC 615133,615133,98
TIC 624458,624458,98
TIC 624460,624460,98
TIC 626529,626529,98
TIC 627018,627018,98
TIC 627296,627296,98
TIC 663735,663735,98
TIC 672060,672060,98
TIC 672614,672614,98
TIC 672624,672624,98
TIC 674490,674490,98
TIC 681678,681678,98
TIC 682778,682778,98
TIC 683071,683071,98
TIC 684070,684070,98
TIC 684071,684071,98
TIC 709603,709603,98
TIC 710187,710187,98
TIC 711914,711914,98
TIC 736554,736554,98
TIC 740069,740069,98
TIC 767526,767526,98
TIC 767943,767943,98
TIC 768070,768070,98
TIC 770004,770004,98
TIC 770554,770554,98
TIC 770660,770660,98
TIC 770819,770819,98
TIC 770820,770820,98
TIC 778358,778358,98
TIC 778665,778665,98
TIC 778852,778852,98
TIC 1167538,1167538,98
TIC 1167653,1167653,98
TIC 1168117,1168117,98
TIC 1196437,1196437,98
TIC 1196529,1196529,98
TIC 1196779,1196779,98
TIC 1197247,1197247,98
TIC 1197421,1197421,98
TIC 1198195,1198195,98
TIC 1198988,1198988,98
TIC 1199184,1199184,98
TIC 1199185,1199185,98
TIC 1218885,1218885,98
TIC 1218962,1218962,98
TIC 1219543,1219543,98
TIC 1223040,1223040,98
TIC 1223574,1223574,98
TIC 1224672,1224672,98
TIC 1224695,1224695,98
TIC 1233421,1233421,98
TIC 1235623,1235623,98
TIC 1251231,1251231,98
TIC 1251436,1251436,98
TIC 1252771,1252771,98
TIC 1252996,1252996,98
TIC 1271818,1271818,98
TIC 1272684,1272684,98
TIC 1274216,1274216,98
TIC 1274876,1274876,98
TIC 1308855,1308855,98
TIC 1309019,1309019,98
TIC 1309335,1309335,98
TIC 1309343,1309343,98
TIC 1312638,1312638,98
TIC 1333933,1333933,98
TIC 1333943,1333943,98
TIC 1334395,1334395,98
TIC 1334706,1334706,98
TIC 1335010,1335010,98
TIC 1335183,1335183,98
TIC 1354894,1354894,98
TIC 1356755,1356755,98
TIC 1357036,1357036,98
TIC 1357038,1357038,98
TIC 1364042,1364042,98
TIC 1365293,1365293,98
TIC 1367860,1367860,98
TIC 1367862,1367862,98
TIC 1395853,1395853,98
TIC 1395857,1395857,98
TIC 1396359,1396359,98
TIC 1396655,1396655,98
TIC 1396903,1396903,98
TIC 1398159,1398159,98
TIC 1398422,1398422,98
TIC 1398498,1398498,98
TIC 1399339,1399339,98
TIC 1399775,1399775,98
TIC 1437448,1437448,98
TIC 1438316,1438316,98
TIC 1439071,1439071,98
TIC 1439586,1439586,98
TIC 1439587,1439587,98
TIC 1440684,1440684,98
TIC 1441057,1441057,98
TIC 1441682,1441682,98
TIC 1449640,1449640,98
TIC 1449937,1449937,98
TIC 1450147,1450147,98
TIC 1450635,1450635,98
TIC 1450658,1450658,98
TIC 1517285,1517285,98
TIC 1517288,1517288,98
TIC 1517398,1517398,98
TIC 1518580,1518580,98
TIC 1518944,1518944,98
TIC 1519402,1519402,98
TIC 1520702,1520702,98
TIC 1520948,1520948,98
TIC 1521078,1521078,98
TIC 1526470,1526470,98
TIC 1527618,1527618,98
TIC 1528696,1528696,98
TIC 1529712,1529712,98
TIC 1534458,1534458,98
TIC 4010174,4010174,98
TIC 4010319,4010319,98
TIC 4011607,4011607,98
TIC 4012135,4012135,98
TIC 4068160,4068160,98
TIC 4068716,4068716,98
TIC 4068779,4068779,98
TIC 4069215,4069215,98
TIC 4069299,4069299,98
TIC 4069456,4069456,98
TIC 4069670,4069670,98
TIC 4070412,4070412,98
TIC 4070682,4070682,98
TIC 4071554,4071554,98
TIC 4109575,4109575,98
TIC 4112217,4112217,98
TIC 4113275,4113275,98
TIC 4116246,4116246,98
TIC 4116565,4116565,98
TIC 4117551,4117551,98
TIC 4154938,4154938,98
TIC 4156159,4156159,98
TIC 4157251,4157251,98
TIC 4157693,4157693,98
TIC 4202787,4202787,98
TIC 4203084,4203084,98
TIC 4204015,4204015,98
TIC 4205592,4205592,98
TIC 4205785,4205785,98
TIC 4206836,4206836,98
TIC 4207102,4207102,98
TIC 4207190,4207190,98
TIC 4207261,4207261,98
TIC 4207743,4207743,98
TIC 4207747,4207747,98
TIC 4250281,4250281,98
TIC 4254270,4254270,98
TIC 4255638,4255638,98
TIC 4256427,4256427,98
TIC 4256557,4256557,98
TIC 4291369,4291369,98
TIC 4291393,4291393,98
TIC 4294781,4294781,98
TIC 4295853,4295853,98
TIC 4350547,4350547,98
TIC 4351900,4351900,98
TIC 4353169,4353169,98
TIC 4353666,4353666,98
TIC 4353755,4353755,98
TIC 4356283,4356283,98
TIC 4356776,4356776,98
TIC 4378433,4378433,98
TIC 4378476,4378476,98
TIC 4378551,4378551,98
TIC 4378622,4378622,98
TIC 4378927,4378927,98
TIC 4378938,4378938,98
TIC 4379257,4379257,98
TIC 4380876,4380876,98
TIC 7321572,7321572,98
TIC 7323195,7323195,98
TIC 7323477,7323477,98
TIC 7324247,7324247,98
TIC 7417640,7417640,98
TIC 7418047,7418047,98
TIC 7418453,7418453,98
TIC 7419948,7419948,98
TIC 7420831,7420831,98
TIC 7422496,7422496,98
TIC 7422813,7422813,98
TIC 7444739,7444739,98
TIC 7446371,7446371,98
TIC 7491381,7491381,98
TIC 7697995,7697995,98
TIC 7698700,7698700,98
TIC 7698954,7698954,98
TIC 7722207,7722207,98
TIC 7722646,7722646,98
TIC 7723060,7723060,98
TIC 7723873,7723873,98
TIC 7724571,7724571,98
TIC 7736568,7736568,98
TIC 7737163,7737163,98
TIC 7779929,7779929,98
TIC 7780388,7780388,98
TIC 7780491,7780491,98
TIC 7782731,7782731,98
TIC 7783128,7783128,98
TIC 7784304,7784304,98
TIC 7785194,7785194,98
TIC 7785682,7785682,98
TIC 7786639,7786639,98
TIC 7806526,7806526,98
TIC 7806907,7806907,98
TIC 7807040,7807040,98
TIC 7807668,7807668,98
TIC 7807828,7807828,98
TIC 7808570,7808570,98
TIC 9268949,9268949,98
TIC 9270100,9270100,98
TIC 9270289,9270289,98
TIC 9293696,9293696,98
TIC 9294170,9294170,98
TIC 9294896,9294896,98
TIC 9295107,9295107,98
TIC 9297559,9297559,98
TIC 9342422,9342422,98
TIC 9343227,9343227,98
TIC 9344899,9344899,98
TIC 9345207,9345207,98
TIC 9354932,9354932,98
TIC 9356000,9356000,98
TIC 9357055,9357055,98
TIC 9358354,9358354,98
TIC 9358703,9358703,98
TIC 9380283,9380283,98
TIC 9380488,9380488,98
TIC 9380768,9380768,98
TIC 9381034,9381034,98
TIC 9381035,9381035,98
TIC 9382443,9382443,98
TIC 9383184,9383184,98
TIC 9383300,9383300,98
TIC 9384022,9384022,98
TIC 9431502,9431502,98
TIC 9431899,9431899,98
TIC 9433212,9433212,98
TIC 9434661,9434661,98
TIC 9434710,9434710,98
TIC 9434734,9434734,98
TIC 9435476,9435476,98
TIC 9456262,9456262,98
TIC 9456957,9456957,98
TIC 9459162,9459162,98
TIC 9460566,9460566,98
TIC 11052616,11052616,98
TIC 11052853,11052853,98
TIC 11053001,11053001,98
TIC 11054298,11054298,98
TIC 11083755,11083755,98
TIC 11084775,11084775,98
TIC 11085634,11085634,98
TIC 11085689,11085689,98
TIC 11086220,11086220,98
TIC 11101750,11101750,98
TIC 11102554,11102554,98
TIC 11103894,11103894,98
TIC 11104355,11104355,98
TIC 11161368,11161368,98
TIC 11161809,11161809,98
TIC 11162598,11162598,98
TIC 11164160,11164160,98
TIC 11164912,11164912,98
TIC 11165188,11165188,98
TIC 11165838,11165838,98
TIC 11194055,11194055,98
TIC 11196079,11196079,98
TIC 11197405,11197405,98
TIC 11197950,11197950,98
TIC 11200973,11200973,98
TIC 11201507,11201507,98
TIC 11201915,11201915,98
TIC 11284239,11284239,98
TIC 11286198,11286198,98
TIC 11289814,11289814,98
TIC 11294043,11294043,98
TIC 11295159,11295159,98
TIC 11296553,11296553,98
TIC 11298969,11298969,98
TIC 11359902,11359902,98
TIC 11360636,11360636,98
TIC 11362746,11362746,98
TIC 11400562,11400562,98
TIC 11400909,11400909,98
TIC 11402468,11402468,98
TIC 11402664,11402664,98
TIC 11404009,11404009,98
TIC 11409548,11409548,98
TIC 11411101,11411101,98
TIC 11411724,11411724,98
TIC 11413927,11413927,98
TIC 11452482,11452482,98
TIC 11455890,11455890,98
TIC 11456186,11456186,98
TIC 11456187,11456187,98
TIC 11457300,11457300,98
TIC 11460081,11460081,98
TIC 11487083,11487083,98
TIC 13020091,13020091,98
TIC 13020307,13020307,98
TIC 13021029,13021029,98
TIC 13021055,13021055,98
TIC 13021554,13021554,98
TIC 13021681,13021681,98
TIC 13021705,13021705,98
TIC 13061590,13061590,98
TIC 13062918,13062918,98
TIC 13063562,13063562,98
TIC 13064739,13064739,98
TIC 13064883,13064883,98
TIC 13065342,13065342,98
TIC 13069774,13069774,98
TIC 13071034,13071034,98
TIC 13071322,13071322,98
TIC 13072717,13072717,98
TIC 13094689,13094689,98
TIC 13094804,13094804,98
TIC 13096700,13096700,98
TIC 13132797,13132797,98
TIC 13133610,13133610,98
TIC 13134233,13134233,98
TIC 13134292,13134292,98
TIC 13135903,13135903,98
TIC 13136934,13136934,98
TIC 13136937,13136937,98
TIC 13145616,13145616,98
TIC 13145625,13145625,98
TIC 13145964,13145964,98
TIC 13145983,13145983,98
TIC 13145994,13145994,98
TIC 13146983,13146983,98
TIC 13148202,13148202,98
TIC 13202086,13202086,98
TIC 13202189,13202189,98
TIC 13203779,13203779,98
TIC 13205578,13205578,98
TIC 13205771,13205771,98
TIC 13221219,13221219,98
TIC 13221223,13221223,98
TIC 13221735,13221735,98
TIC 13222474,13222474,98
TIC 13270989,13270989,98
TIC 13271959,13271959,98
TIC 13272359,13272359,98
TIC 13272546,13272546,98
TIC 13273388,13273388,98
TIC 13275369,13275369,98
TIC 13324339,13324339,98
TIC 13324350,13324350,98
TIC 13325618,13325618,98
TIC 13345143,13345143,98
TIC 13345688,13345688,98
TIC 13345794,13345794,98
TIC 13882768,13882768,98
TIC 13883466,13883466,98
TIC 13883805,13883805,98
TIC 13883806,13883806,98
TIC 13883872,13883872,98
TIC 13884047,13884047,98
TIC 13912397,13912397,98
TIC 13912943,13912943,98
TIC 13914249,13914249,98
TIC 13915301,13915301,98
TIC 13932547,13932547,98
TIC 13932720,13932720,98
TIC 13932887,13932887,98
TIC 13933525,13933525,98
TIC 13933815,13933815,98
TIC 13934072,13934072,98
TIC 13955110,13955110,98
TIC 13955147,13955147,98
TIC 13955397,13955397,98
TIC 13955979,13955979,98
TIC 13957444,13957444,98
TIC 13981713,13981713,98
TIC 13981714,13981714,98
TIC 13982168,13982168,98
TIC 13984854,13984854,98
TIC 14001213,14001213,98
TIC 14002023,14002023,98
TIC 14003429,14003429,98
TIC 14004112,14004112,98
TIC 14004113,14004113,98
TIC 14029793,14029793,98
TIC 14081239,14081239,98
TIC 14082430,14082430,98
TIC 14082433,14082433,98
TIC 14084226,14084226,98
TIC 14084228,14084228,98
TIC 14085169,14085169,98
TIC 14085325,14085325,98
TIC 14087147,14087147,98
TIC 14087575,14087575,98
TIC 14090227,14090227,98
TIC 14091633,14091633,98
TIC 14091704,14091704,98
TIC 14126552,14126552,98
TIC 14161523,14161523,98
TIC 14162190,14162190,98
TIC 14162465,14162465,98
TIC 14162789,14162789,98
TIC 14164720,14164720,98
TIC 14164726,14164726,98
TIC 14165625,14165625,98
TIC 14175199,14175199,98
TIC 14219110,14219110,98
TIC 14221420,14221420,98
TIC 14222170,14222170,98
TIC 14223334,14223334,98
TIC 14223598,14223598,98
TIC 14230584,14230584,98
TIC 14230586,14230586,98
TIC 20060837,20060837,98
TIC 20061482,20061482,98
TIC 20069221,20069221,98
TIC 20069575,20069575,98
TIC 20069685,20069685,98
TIC 20072363,20072363,98
TIC 20072435,20072435,98
TIC 20073414,20073414,98
TIC 20091636,20091636,98
TIC 20091751,20091751,98
TIC 20092228,20092228,98
TIC 20093012,20093012,98
TIC 20093991,20093991,98
TIC 20094149,20094149,98
TIC 20094486,20094486,98
TIC 20095932,20095932,98
TIC 20095936,20095936,98
TIC 20096356,20096356,98
TIC 20140789,20140789,98
TIC 20141493,20141493,98
TIC 20141494,20141494,98
TIC 20141594,20141594,98
TIC 20142325,20142325,98
TIC 20142752,20142752,98
TIC 20143614,20143614,98
TIC 20144774,20144774,98
TIC 20144775,20144775,98
TIC 20144840,20144840,98
TIC 20176530,20176530,98
TIC 20179778,20179778,98
TIC 20181050,20181050,98
TIC 20181170,20181170,98
TIC 20206892,20206892,98
TIC 20208418,20208418,98
TIC 20209527,20209527,98
TIC 20209536,20209536,98
TIC 20210432,20210432,98
TIC 20210712,20210712,98
TIC 20230246,20230246,98
TIC 20230316,20230316,98
TIC 20231212,20231212,98
TIC 20232588,20232588,98
TIC 20296133,20296133,98
TIC 20296416,20296416,98
TIC 20296510,20296510,98
TIC 20296647,20296647,98
TIC 20296854,20296854,98
TIC 20296856,20296856,98
TIC 20299658,20299658,98
TIC 20317997,20317997,98
TIC 21434626,21434626,98
TIC 21434642,21434642,98
TIC 21434951,21434951,98
TIC 21435375,21435375,98
TIC 21437232,21437232,98
TIC 21438038,21438038,98
TIC 21438160,21438160,98
TIC 21442645,21442645,98
TIC 21444111,21444111,98
TIC 21444273,21444273,98
TIC 21444784,21444784,98
TIC 21445039,21445039,98
TIC 21446300,21446300,98
TIC 21503443,21503443,98
TIC 21504330,21504330,98
TIC 21504820,21504820,98
TIC 21504987,21504987,98
TIC 21505121,21505121,98
TIC 21505247,21505247,98
TIC 21505902,21505902,98
TIC 21506935,21506935,98
TIC 21537012,21537012,98
TIC 21538623,21538623,98
TIC 21538624,21538624,98
TIC 21538626,21538626,98
TIC 21539945,21539945,98
TIC 21540586,21540586,98
TIC 21575759,21575759,98
TIC 21576479,21576479,98
TIC 21579071,21579071,98
TIC 21618270,21618270,98
TIC 21618877,21618877,98
TIC 21619473,21619473,98
TIC 21621010,21621010,98
TIC 21622492,21622492,98
TIC 21626512,21626512,98
TIC 21626728,21626728,98
TIC 21628044,21628044,98
TIC 21628045,21628045,98
TIC 21629419,21629419,98
TIC 21629570,21629570,98
TIC 21629714,21629714,98
TIC 21629872,21629872,98
TIC 21630387,21630387,98
TIC 21648104,21648104,98
TIC 21648568,21648568,98
TIC 21649255,21649255,98
TIC 21650201,21650201,98
TIC 21650578,21650578,98
TIC 21651176,21651176,98
TIC 21714805,21714805,98
TIC 21715431,21715431,98
TIC 21717652,21717652,98
TIC 21718294,21718294,98
TIC 21725106,21725106,98
TIC 21725734,21725734,98
TIC 21726496,21726496,98
TIC 21726745,21726745,98
TIC 21727493,21727493,98
TIC 21727879,21727879,98
TIC 21728586,21728586,98
TIC 21728617,21728617,98
TIC 21746049,21746049,98
TIC 21746089,21746089,98
TIC 21747057,21747057,98
TIC 21747182,21747182,98
TIC 21748516,21748516,98
TIC 21748709,21748709,98
TIC 21749933,21749933,98
TIC 21750043,21750043,98
TIC 24297078,24297078,98
TIC 24297713,24297713,98
TIC 24298027,24298027,98
TIC 24299717,24299717,98
TIC 24344260,24344260,98
TIC 24345411,24345411,98
TIC 24346296,24346296,98
TIC 24346944,24346944,98
TIC 24348012,24348012,98
TIC 24348718,24348718,98
TIC 24348805,24348805,98
TIC 24349452,24349452,98
TIC 24358160,24358160,98
TIC 24358417,24358417,98
TIC 24360361,24360361,98
TIC 24360869,24360869,98
TIC 24397647,24397647,98
TIC 24397887,24397887,98
TIC 24397947,24397947,98
TIC 24398462,24398462,98
TIC 24398701,24398701,98
TIC 24399433,24399433,98
TIC 24401034,24401034,98
TIC 24401964,24401964,98
TIC 24402901,24402901,98
TIC 24403104,24403104,98
TIC 24403105,24403105,98
TIC 24403505,24403505,98
TIC 24405783,24405783,98
TIC 24405903,24405903,98
TIC 24405914,24405914,98
TIC 24407454,24407454,98
TIC 24430311,24430311,98
TIC 24431267,24431267,98
TIC 24431329,24431329,98
TIC 24433046,24433046,98
TIC 24441803,24441803,98
TIC 24443369,24443369,98
TIC 24444372,24444372,98
TIC 24444542,24444542,98
TIC 24444890,24444890,98
TIC 24445027,24445027,98
TIC 24448278,24448278,98
TIC 24448566,24448566,98
TIC 24449672,24449672,98
TIC 24449988,24449988,98
TIC 24450633,24450633,98
TIC 24451239,24451239,98
TIC 24451876,24451876,98
TIC 24452802,24452802,98
TIC 24454108,24454108,98
TIC 24454917,24454917,98
TIC 24454975,24454975,98
TIC 24455680,24455680,98
TIC 24456095,24456095,98
TIC 24456128,24456128,98
TIC 24457181,24457181,98
TIC 24458211,24458211,98
TIC 24459844,24459844,98
TIC 24460003,24460003,98
TIC 24460437,24460437,98
TIC 24461446,24461446,98
TIC 24461739,24461739,98
TIC 24462175,24462175,98
TIC 24462176,24462176,98
TIC 24464353,24464353,98
TIC 24464738,24464738,98
TIC 24521681,24521681,98
TIC 24522770,24522770,98
TIC 24523185,24523185,98
TIC 24523212,24523212,98
TIC 24523461,24523461,98
TIC 24523885,24523885,98
TIC 24523887,24523887,98
TIC 24524345,24524345,98
TIC 24524347,24524347,98
TIC 24525628,24525628,98
TIC 24525630,24525630,98
TIC 24526119,24526119,98
TIC 24526915,24526915,98
TIC 24527132,24527132,98
TIC 24528008,24528008,98
TIC 24528012,24528012,98
TIC 24531951,24531951,98
TIC 24532191,24532191,98
TIC 24532614,24532614,98
TIC 24532699,24532699,98
TIC 24533530,24533530,98
TIC 24533616,24533616,98
TIC 24535022,24535022,98
TIC 24535043,24535043,98
TIC 24566156,24566156,98
TIC 24568716,24568716,98
TIC 24569580,24569580,98
TIC 24571820,24571820,98
TIC 24587880,24587880,98
TIC 24587971,24587971,98
TIC 24588593,24588593,98
TIC 24603024,24603024,98
TIC 24603068,24603068,98
TIC 24603397,24603397,98
TIC 24603401,24603401,98
TIC 24603641,24603641,98
TIC 24604334,24604334,98
TIC 24604498,24604498,98
TIC 24605090,24605090,98
TIC 24606068,24606068,98
TIC 24606215,24606215,98
TIC 24606416,24606416,98
TIC 24606634,24606634,98
TIC 24607967,24607967,98
TIC 24608426,24608426,98
TIC 24608799,24608799,98
TIC 24608852,24608852,98
TIC 24610262,24610262,98
TIC 24610447,24610447,98
TIC 24612639,24612639,98
TIC 24612992,24612992,98
TIC 24613501,24613501,98
TIC 24623345,24623345,98
TIC 24623618,24623618,98
TIC 24623623,24623623,98
TIC 24625007,24625007,98
TIC 24625618,24625618,98
TIC 24625874,24625874,98
TIC 24627008,24627008,98
TIC 24628480,24628480,98
TIC 24661681,24661681,98
TIC 24662304,24662304,98
TIC 24662382,24662382,98
TIC 24663908,24663908,98
TIC 24664189,24664189,98
TIC 24664505,24664505,98
TIC 24664916,24664916,98
TIC 24664982,24664982,98
TIC 24665043,24665043,98
TIC 24665126,24665126,98
TIC 24665321,24665321,98
TIC 24665616,24665616,98
TIC 24666226,24666226,98
TIC 24668229,24668229,98
TIC 24696622,24696622,98
TIC 24696823,24696823,98
TIC 24697034,24697034,98
TIC 24697712,24697712,98
TIC 24697724,24697724,98
TIC 24699290,24699290,98
TIC 24699980,24699980,98
TIC 24700485,24700485,98
TIC 24701048,24701048,98
TIC 24701184,24701184,98
TIC 24701227,24701227,98
TIC 24702035,24702035,98
TIC 24702291,24702291,98
TIC 24719594,24719594,98
TIC 24721262,24721262,98
TIC 24721850,24721850,98
TIC 24722209,24722209,98
TIC 24722438,24722438,98
TIC 24722822,24722822,98
TIC 24723697,24723697,98
TIC 24724770,24724770,98
TIC 24725718,24725718,98
TIC 24725828,24725828,98
TIC 24725840,24725840,98
TIC 24726022,24726022,98
TIC 24773895,24773895,98
TIC 24773916,24773916,98
TIC 24773951,24773951,98
TIC 24774856,24774856,98
TIC 24774858,24774858,98
TIC 25119285,25119285,98
TIC 30957626,30957626,98
TIC 30960928,30960928,98
TIC 30960976,30960976,98
TIC 30997818,30997818,98
TIC 31051091,31051091,98
TIC 31051782,31051782,98
TIC 31051783,31051783,98
TIC 31053248,31053248,98
TIC 31053527,31053527,98
TIC 31054255,31054255,98
TIC 31054498,31054498,98
TIC 31055479,31055479,98
TIC 31092140,31092140,98
TIC 31092198,31092198,98
TIC 31092490,31092490,98
TIC 31114566,31114566,98
TIC 31117309,31117309,98
TIC 31117310,31117310,98
TIC 31117771,31117771,98
TIC 31118078,31118078,98
TIC 31140567,31140567,98
TIC 31142436,31142436,98
TIC 31142648,31142648,98
TIC 31145848,31145848,98
TIC 31172471,31172471,98
TIC 31174073,31174073,98
TIC 31174376,31174376,98
TIC 31176229,31176229,98
TIC 31176230,31176230,98
TIC 31192698,31192698,98
TIC 31193260,31193260,98
TIC 31194276,31194276,98
TIC 31196533,31196533,98
TIC 31196767,31196767,98
TIC 31258738,31258738,98
TIC 31261394,31261394,98
TIC 31261564,31261564,98
TIC 31261569,31261569,98
TIC 31281062,31281062,98
TIC 31281704,31281704,98
TIC 31281832,31281832,98
TIC 31285342,31285342,98
TIC 31301801,31301801,98
TIC 31301804,31301804,98
TIC 31303242,31303242,98
TIC 31304279,31304279,98
TIC 31306074,31306074,98
TIC 31353324,31353324,98
TIC 31353995,31353995,98
TIC 31354234,31354234,98
TIC 31354344,31354344,98
TIC 31355662,31355662,98
TIC 31356143,31356143,98
TIC 31356575,31356575,98
TIC 31373667,31373667,98
TIC 31374837,31374837,98
TIC 31375539,31375539,98
TIC 31376834,31376834,98
TIC 31378425,31378425,98
TIC 31378822,31378822,98
TIC 31402098,31402098,98
TIC 31406847,31406847,98
TIC 31472463,31472463,98
TIC 31474418,31474418,98
TIC 31474833,31474833,98
TIC 31475829,31475829,98
TIC 31476478,31476478,98
TIC 31476480,31476480,98
TIC 32050852,32050852,98
TIC 32496513,32496513,98
TIC 32497797,32497797,98
TIC 32497834,32497834,98
TIC 32497972,32497972,98
TIC 32498058,32498058,98
TIC 32498653,32498653,98
TIC 32498659,32498659,98
TIC 32498861,32498861,98
TIC 32499519,32499519,98
TIC 32499622,32499622,98
TIC 32499655,32499655,98
TIC 32500064,32500064,98
TIC 32500750,32500750,98
TIC 32500778,32500778,98
TIC 32501143,32501143,98
TIC 32541587,32541587,98
TIC 32542621,32542621,98
TIC 32542624,32542624,98
TIC 32543519,32543519,98
TIC 32545814,32545814,98
TIC 32546750,32546750,98
TIC 32547571,32547571,98
TIC 32554144,32554144,98
TIC 32556882,32556882,98
TIC 32604380,32604380,98
TIC 32605534,32605534,98
TIC 32606889,32606889,98
TIC 32607434,32607434,98
TIC 32607575,32607575,98
TIC 32608489,32608489,98
TIC 32608763,32608763,98
TIC 32638686,32638686,98
TIC 32640084,32640084,98
TIC 32641933,32641933,98
TIC 32642242,32642242,98
TIC 32643234,32643234,98
TIC 32672537,32672537,98
TIC 32674544,32674544,98
TIC 32675099,32675099,98
TIC 32675703,32675703,98
TIC 32677026,32677026,98
TIC 32677675,32677675,98
TIC 32679466,32679466,98
TIC 32679474,32679474,98
TIC 32681367,32681367,98
TIC 32681771,32681771,98
TIC 32702686,32702686,98
TIC 32702830,32702830,98
TIC 32706713,32706713,98
TIC 32707046,32707046,98
TIC 32707784,32707784,98
TIC 32707789,32707789,98
TIC 32707957,32707957,98
TIC 32757177,32757177,98
TIC 32757760,32757760,98
TIC 32758100,32758100,98
TIC 32759735,32759735,98
TIC 32761595,32761595,98
TIC 32811633,32811633,98
TIC 32811799,32811799,98
TIC 32811979,32811979,98
TIC 32813592,32813592,98
TIC 32816814,32816814,98
TIC 32816844,32816844,98
TIC 32816967,32816967,98
TIC 32828818,32828818,98
TIC 32829486,32829486,98
TIC 32830560,32830560,98
TIC 32832234,32832234,98
TIC 32833660,32833660,98
TIC 32870861,32870861,98
TIC 32872137,32872137,98
TIC 32873780,32873780,98
TIC 32874667,32874667,98
TIC 32874669,32874669,98
TIC 32875139,32875139,98
TIC 32925519,32925519,98
TIC 32925763,32925763,98
TIC 32928606,32928606,98
TIC 32928750,32928750,98
TIC 32929167,32929167,98
TIC 32930236,32930236,98
TIC 32947827,32947827,98
TIC 32947934,32947934,98
TIC 32949757,32949757,98
TIC 32949762,32949762,98
TIC 32952672,32952672,98
TIC 32952673,32952673,98
TIC 32953011,32953011,98
TIC 33003187,33003187,98
TIC 33003331,33003331,98
TIC 33005493,33005493,98
TIC 33005653,33005653,98
TIC 33006187,33006187,98
TIC 33006416,33006416,98
TIC 33006685,33006685,98
TIC 33007731,33007731,98
TIC 33007764,33007764,98
TIC 33043627,33043627,98
TIC 33043657,33043657,98
TIC 33045740,33045740,98
TIC 33045918,33045918,98
TIC 33047626,33047626,98
TIC 33047815,33047815,98
TIC 33062930,33062930,98
TIC 33063882,33063882,98
TIC 33065977,33065977,98
TIC 33100750,33100750,98
TIC 33102973,33102973,98
TIC 33103493,33103493,98
TIC 33104115,33104115,98
TIC 33104904,33104904,98
TIC 33107833,33107833,98
TIC 33165810,33165810,98
TIC 33166493,33166493,98
TIC 33166540,33166540,98
TIC 33418838,33418838,98
TIC 33418853,33418853,98
TIC 33419248,33419248,98
TIC 33419680,33419680,98
TIC 33419790,33419790,98
TIC 33421088,33421088,98
TIC 33421250,33421250,98
TIC 33422869,33422869,98
TIC 33423422,33423422,98
TIC 33468428,33468428,98
TIC 33469537,33469537,98
TIC 33473432,33473432,98
TIC 33474500,33474500,98
TIC 33517080,33517080,98
TIC 33518759,33518759,98
TIC 33519227,33519227,98
TIC 33521996,33521996,98
TIC 33523087,33523087,98
TIC 33549589,33549589,98
TIC 33551471,33551471,98
TIC 33551989,33551989,98
TIC 33552726,33552726,98
TIC 33552905,33552905,98
TIC 33553640,33553640,98
TIC 33554660,33554660,98
TIC 33555732,33555732,98
TIC 33556095,33556095,98
TIC 33556429,33556429,98
TIC 33556484,33556484,98
TIC 34366540,34366540,98
TIC 34367537,34367537,98
TIC 34367555,34367555,98
TIC 34392328,34392328,98
TIC 34392375,34392375,98
TIC 34393372,34393372,98
TIC 34394814,34394814,98
TIC 34395020,34395020,98
TIC 34395445,34395445,98
TIC 34396256,34396256,98
TIC 34466542,34466542,98
TIC 34466695,34466695,98
TIC 34467196,34467196,98
TIC 34467996,34467996,98
TIC 34470202,34470202,98
TIC 34470406,34470406,98
TIC 34471694,34471694,98
TIC 34507428,34507428,98
TIC 34508472,34508472,98
TIC 34508473,34508473,98
TIC 34509765,34509765,98
TIC 34511512,34511512,98
TIC 34512896,34512896,98
TIC 34550216,34550216,98
TIC 37002043,37002043,98
TIC 37002566,37002566,98
TIC 37002568,37002568,98
TIC 37002569,37002569,98
TIC 37003909,37003909,98
TIC 37004041,37004041,98
TIC 37075223,37075223,98
TIC 37075525,37075525,98
TIC 37076428,37076428,98
TIC 37077600,37077600,98
TIC 37078168,37078168,98
TIC 37078898,37078898,98
TIC 37079095,37079095,98
TIC 37115454,37115454,98
TIC 37115456,37115456,98
TIC 37115794,37115794,98
TIC 37116146,37116146,98
TIC 37117048,37117048,98
TIC 37117064,37117064,98
TIC 37118148,37118148,98
TIC 37118328,37118328,98
TIC 37119465,37119465,98
TIC 37120359,37120359,98
TIC 37120575,37120575,98
TIC 37120953,37120953,98
TIC 37121358,37121358,98
TIC 37122155,37122155,98
TIC 37151313,37151313,98
TIC 37152407,37152407,98
TIC 37153228,37153228,98
TIC 37153968,37153968,98
TIC 37154229,37154229,98
TIC 37155235,37155235,98
TIC 37156564,37156564,98
TIC 37156726,37156726,98
TIC 37156765,37156765,98
TIC 37198629,37198629,98
TIC 37198631,37198631,98
TIC 37200734,37200734,98
TIC 37201119,37201119,98
TIC 37201147,37201147,98
TIC 37202630,37202630,98
TIC 37203866,37203866,98
TIC 37203905,37203905,98
TIC 37204845,37204845,98
TIC 37205283,37205283,98
TIC 37248869,37248869,98
TIC 37249084,37249084,98
TIC 37253062,37253062,98
TIC 37253496,37253496,98
TIC 37254377,37254377,98
TIC 37254969,37254969,98
TIC 37255322,37255322,98
TIC 37302048,37302048,98
TIC 37302368,37302368,98
TIC 37304750,37304750,98
TIC 37304873,37304873,98
TIC 37306192,37306192,98
TIC 37306432,37306432,98
TIC 37306866,37306866,98
TIC 37348844,37348844,98
TIC 37349045,37349045,98
TIC 37349699,37349699,98
TIC 37351925,37351925,98
TIC 37352458,37352458,98
TIC 37352775,37352775,98
TIC 37354067,37354067,98
TIC 37354140,37354140,98
TIC 37354155,37354155,98
TIC 37354242,37354242,98
TIC 37355211,37355211,98
TIC 37385698,37385698,98
TIC 37389436,37389436,98
TIC 37390103,37390103,98
TIC 37438365,37438365,98
TIC 37438630,37438630,98
TIC 37441107,37441107,98
TIC 37441683,37441683,98
TIC 37441870,37441870,98
TIC 37442078,37442078,98
TIC 37442825,37442825,98
TIC 37442967,37442967,98
TIC 37443755,37443755,98
TIC 37444262,37444262,98
TIC 37497171,37497171,98
TIC 37498177,37498177,98
TIC 37500943,37500943,98
TIC 37502511,37502511,98
TIC 37502604,37502604,98
TIC 37545534,37545534,98
TIC 37604272,37604272,98
TIC 37660654,37660654,98
TIC 37661101,37661101,98
TIC 37817410,37817410,98
TIC 37817632,37817632,98
TIC 37817644,37817644,98
TIC 37862612,37862612,98
TIC 37862966,37862966,98
TIC 37863033,37863033,98
TIC 37863261,37863261,98
TIC 37863469,37863469,98
TIC 37863901,37863901,98
TIC 37863903,37863903,98
TIC 37903382,37903382,98
TIC 37903855,37903855,98
TIC 37904211,37904211,98
TIC 37904213,37904213,98
TIC 37904426,37904426,98
TIC 37904598,37904598,98
TIC 37904733,37904733,98
TIC 37905704,37905704,98
TIC 37905888,37905888,98
TIC 37905889,37905889,98
TIC 37905898,37905898,98
TIC 37905906,37905906,98
TIC 37906169,37906169,98
TIC 37906404,37906404,98
TIC 37906408,37906408,98
TIC 37906788,37906788,98
TIC 37906789,37906789,98
TIC 37907145,37907145,98
TIC 37907463,37907463,98
TIC 37907761,37907761,98
TIC 37907855,37907855,98
TIC 37908551,37908551,98
TIC 37947994,37947994,98
TIC 37948770,37948770,98
TIC 37948944,37948944,98
TIC 37949044,37949044,98
TIC 37949377,37949377,98
TIC 37950809,37950809,98
TIC 37990255,37990255,98
TIC 37991571,37991571,98
TIC 37991958,37991958,98
TIC 37992041,37992041,98
TIC 37992349,37992349,98
TIC 37992821,37992821,98
TIC 37993129,37993129,98
TIC 37993251,37993251,98
TIC 38012233,38012233,98
TIC 38012234,38012234,98
TIC 38014817,38014817,98
TIC 38014943,38014943,98
TIC 38015184,38015184,98
TIC 38016325,38016325,98
TIC 38016989,38016989,98
TIC 38016990,38016990,98
TIC 38018330,38018330,98
TIC 38018464,38018464,98
TIC 38019002,38019002,98
TIC 38019386,38019386,98
TIC 38020938,38020938,98
TIC 38021254,38021254,98
TIC 38049612,38049612,98
TIC 38049622,38049622,98
TIC 38049872,38049872,98
TIC 38089711,38089711,98
TIC 38091004,38091004,98
TIC 38091006,38091006,98
TIC 38092098,38092098,98
TIC 38092108,38092108,98
TIC 38092692,38092692,98
TIC 38093348,38093348,98
TIC 38125977,38125977,98
TIC 38126439,38126439,98
TIC 38127231,38127231,98
TIC 38127298,38127298,98
TIC 38127832,38127832,98
TIC 38127978,38127978,98
TIC 38128122,38128122,98
TIC 38128462,38128462,98
TIC 38128838,38128838,98
TIC 38129556,38129556,98
TIC 38763953,38763953,98
TIC 38813866,38813866,98
TIC 39166486,39166486,98
TIC 39167263,39167263,98
TIC 39172154,39172154,98
TIC 39217819,39217819,98
TIC 39218269,39218269,98
TIC 39218885,39218885,98
TIC 39222289,39222289,98
TIC 39222841,39222841,98
TIC 39223488,39223488,98
TIC 39225033,39225033,98
TIC 39225392,39225392,98
TIC 39292407,39292407,98
TIC 39296409,39296409,98
TIC 39299275,39299275,98
TIC 39299463,39299463,98
TIC 39355825,39355825,98
TIC 41173886,41173886,98
TIC 41233601,41233601,98
TIC 41461416,41461416,98
TIC 41461420,41461420,98
TIC 43471175,43471175,98
TIC 43471264,43471264,98
TIC 43471785,43471785,98
TIC 43471838,43471838,98
TIC 43472154,43472154,98
TIC 43472931,43472931,98
TIC 43473869,43473869,98
TIC 43475220,43475220,98
TIC 43475269,43475269,98
TIC 43486296,43486296,98
TIC 43486732,43486732,98
TIC 43487892,43487892,98
TIC 43488687,43488687,98
TIC 43490057,43490057,98
TIC 43528564,43528564,98
TIC 43529091,43529091,98
TIC 43529213,43529213,98
TIC 43529214,43529214,98
TIC 43530291,43530291,98
TIC 43530948,43530948,98
TIC 43532627,43532627,98
TIC 43533276,43533276,98
TIC 43533369,43533369,98
TIC 43533777,43533777,98
TIC 43534145,43534145,98
TIC 43602279,43602279,98
TIC 43602679,43602679,98
TIC 43603155,43603155,98
TIC 43603157,43603157,98
TIC 43604286,43604286,98
TIC 43604949,43604949,98
TIC 43605536,43605536,98
TIC 43606574,43606574,98
TIC 43607152,43607152,98
TIC 43607736,43607736,98
TIC 43609306,43609306,98
TIC 43609485,43609485,98
TIC 43644972,43644972,98
TIC 43646803,43646803,98
TIC 43647325,43647325,98
TIC 43647820,43647820,98
TIC 43648757,43648757,98
TIC 43649615,43649615,98
TIC 43650034,43650034,98
TIC 43711846,43711846,98
TIC 43713513,43713513,98
TIC 43713517,43713517,98
TIC 43715590,43715590,98
TIC 43720131,43720131,98
TIC 43721332,43721332,98
TIC 43724684,43724684,98
TIC 43724685,43724685,98
TIC 43724742,43724742,98
TIC 43727137,43727137,98
TIC 43728182,43728182,98
TIC 43729491,43729491,98
TIC 43729842,43729842,98
TIC 43759089,43759089,98
TIC 43759680,43759680,98
TIC 43760577,43760577,98
TIC 43784522,43784522,98
TIC 43844529,43844529,98
TIC 43867213,43867213,98
TIC 43868600,43868600,98
TIC 43868895,43868895,98
TIC 43902607,43902607,98
TIC 43903580,43903580,98
TIC 46271787,46271787,98
TIC 46274097,46274097,98
TIC 46312858,46312858,98
TIC 46313387,46313387,98
TIC 46313990,46313990,98
TIC 46314221,46314221,98
TIC 46314889,46314889,98
TIC 46315615,46315615,98
TIC 46365916,46365916,98
TIC 46366129,46366129,98
TIC 46368404,46368404,98
TIC 46371593,46371593,98
TIC 46386531,46386531,98
TIC 46387429,46387429,98
TIC 46387940,46387940,98
TIC 46387991,46387991,98
TIC 46388457,46388457,98
TIC 46388823,46388823,98
TIC 46389145,46389145,98
TIC 46391175,46391175,98
TIC 46391378,46391378,98
TIC 46391913,46391913,98
TIC 46391975,46391975,98
TIC 46392031,46392031,98
TIC 46392063,46392063,98
TIC 46392727,46392727,98
TIC 46392730,46392730,98
TIC 46430679,46430679,98
TIC 46430860,46430860,98
TIC 46431288,46431288,98
TIC 46432937,46432937,98
TIC 46433138,46433138,98
TIC 46433639,46433639,98
TIC 46435960,46435960,98
TIC 46436895,46436895,98
TIC 46482230,46482230,98
TIC 46482472,46482472,98
TIC 46482498,46482498,98
TIC 46482798,46482798,98
TIC 46488364,46488364,98
TIC 46530889,46530889,98
TIC 46531745,46531745,98
TIC 46531934,46531934,98
TIC 46532279,46532279,98
TIC 46556373,46556373,98
TIC 46556441,46556441,98
TIC 46556630,46556630,98
TIC 46556895,46556895,98
TIC 46557155,46557155,98
TIC 46559906,46559906,98
TIC 46560321,46560321,98
TIC 46560823,46560823,98
TIC 46562233,46562233,98
TIC 46562312,46562312,98
TIC 46623825,46623825,98
TIC 46625172,46625172,98
TIC 46625319,46625319,98
TIC 46625816,46625816,98
TIC 46626635,46626635,98
TIC 46627476,46627476,98
TIC 46627668,46627668,98
TIC 46627823,46627823,98
TIC 46638640,46638640,98
TIC 46640111,46640111,98
TIC 46641297,46641297,98
TIC 46641304,46641304,98
TIC 46641544,46641544,98
TIC 46684985,46684985,98
TIC 46687295,46687295,98
TIC 46687825,46687825,98
TIC 46687999,46687999,98
TIC 46688944,46688944,98
TIC 46740513,46740513,98
TIC 46740969,46740969,98
TIC 46743833,46743833,98
TIC 46744856,46744856,98
TIC 47217846,47217846,98
TIC 47219478,47219478,98
TIC 47219789,47219789,98
TIC 47220926,47220926,98
TIC 47222246,47222246,98
TIC 47278293,47278293,98
TIC 47279259,47279259,98
TIC 47279366,47279366,98
TIC 47281826,47281826,98
TIC 47340125,47340125,98
TIC 47342349,47342349,98
TIC 47344320,47344320,98
TIC 47393094,47393094,98
TIC 47394304,47394304,98
TIC 47395944,47395944,98
TIC 47485851,47485851,98
TIC 47488360,47488360,98
TIC 47488845,47488845,98
TIC 47489401,47489401,98
TIC 47489966,47489966,98
TIC 47491954,47491954,98
TIC 47493531,47493531,98
TIC 47494087,47494087,98
TIC 50523600,50523600,98
TIC 50524220,50524220,98
TIC 50524275,50524275,98
TIC 50524438,50524438,98
TIC 50524647,50524647,98
TIC 50527353,50527353,98
TIC 50528312,50528312,98
TIC 50529650,50529650,98
TIC 50529754,50529754,98
TIC 50529772,50529772,98
TIC 50529806,50529806,98
TIC 50529917,50529917,98
TIC 50582503,50582503,98
TIC 50582888,50582888,98
TIC 50582896,50582896,98
TIC 50583051,50583051,98
TIC 50583801,50583801,98
TIC 50583857,50583857,98
TIC 50583876,50583876,98
TIC 50583893,50583893,98
TIC 50587969,50587969,98
TIC 50588257,50588257,98
TIC 50588652,50588652,98
TIC 50588728,50588728,98
TIC 50588999,50588999,98
TIC 50589032,50589032,98
TIC 50618907,50618907,98
TIC 50619913,50619913,98
TIC 50619984,50619984,98
TIC 50620400,50620400,98
TIC 50620740,50620740,98
TIC 50620873,50620873,98
TIC 50621545,50621545,98
TIC 50622172,50622172,98
TIC 50623856,50623856,98
TIC 50624782,50624782,98
TIC 50625429,50625429,98
TIC 50657054,50657054,98
TIC 50658028,50658028,98
TIC 50658069,50658069,98
TIC 50658168,50658168,98
TIC 50658177,50658177,98
TIC 50658663,50658663,98
TIC 50660764,50660764,98
TIC 50662595,50662595,98
TIC 50721127,50721127,98
TIC 50721797,50721797,98
TIC 50722910,50722910,98
TIC 50724357,50724357,98
TIC 50724937,50724937,98
TIC 50726077,50726077,98
TIC 50743002,50743002,98
TIC 50745119,50745119,98
TIC 50745677,50745677,98
TIC 50746097,50746097,98
TIC 50746709,50746709,98
TIC 50749303,50749303,98
TIC 50788827,50788827,98
TIC 50789967,50789967,98
TIC 50790250,50790250,98
TIC 50790356,50790356,98
TIC 50790927,50790927,98
TIC 50792541,50792541,98
TIC 50793454,50793454,98
TIC 50793858,50793858,98
TIC 50794637,50794637,98
TIC 50897998,50897998,98
TIC 52210056,52210056,98
TIC 52212687,52212687,98
TIC 52213293,52213293,98
TIC 52289473,52289473,98
TIC 52301281,52301281,98
TIC 52304541,52304541,98
TIC 52306099,52306099,98
TIC 52373764,52373764,98
TIC 52376883,52376883,98
TIC 52376895,52376895,98
TIC 52377748,52377748,98
TIC 52416001,52416001,98
TIC 52416878,52416878,98
TIC 52420398,52420398,98
TIC 52515380,52515380,98
TIC 52517713,52517713,98
TIC 52517835,52517835,98
TIC 52518826,52518826,98
TIC 52583022,52583022,98
TIC 52584399,52584399,98
TIC 52586542,52586542,98
TIC 52588257,52588257,98
TIC 52593512,52593512,98
TIC 55661751,55661751,98
TIC 55895892,55895892,98
TIC 55896073,55896073,98
TIC 55896166,55896166,98
TIC 55896229,55896229,98
TIC 55896552,55896552,98
TIC 55896815,55896815,98
TIC 55934583,55934583,98
TIC 55934889,55934889,98
TIC 55935205,55935205,98
TIC 55935566,55935566,98
TIC 55935616,55935616,98
TIC 55935823,55935823,98
TIC 55935824,55935824,98
TIC 55936770,55936770,98
TIC 55936774,55936774,98
TIC 55937066,55937066,98
TIC 55937078,55937078,98
TIC 55937327,55937327,98
TIC 55937633,55937633,98
TIC 55937735,55937735,98
TIC 55937752,55937752,98
TIC 55937757,55937757,98
TIC 55938466,55938466,98
TIC 55974635,55974635,98
TIC 55974790,55974790,98
TIC 55975029,55975029,98
TIC 55975426,55975426,98
TIC 55976018,55976018,98
TIC 55976143,55976143,98
TIC 55976145,55976145,98
TIC 55976869,55976869,98
TIC 55977004,55977004,98
TIC 55977436,55977436,98
TIC 55977605,55977605,98
TIC 55977654,55977654,98
TIC 55977719,55977719,98
TIC 55978261,55978261,98
TIC 55978545,55978545,98
TIC 55978577,55978577,98
TIC 55978638,55978638,98
TIC 55978695,55978695,98
TIC 55979039,55979039,98
TIC 55995248,55995248,98
TIC 55995583,55995583,98
TIC 55995777,55995777,98
TIC 55997020,55997020,98
TIC 55997474,55997474,98
TIC 55997475,55997475,98
TIC 55999921,55999921,98
TIC 56000236,56000236,98
TIC 56000533,56000533,98
TIC 56000776,56000776,98
TIC 56000777,56000777,98
TIC 56001124,56001124,98
TIC 56001533,56001533,98
TIC 56001869,56001869,98
TIC 56002179,56002179,98
TIC 56002526,56002526,98
TIC 56002639,56002639,98
TIC 56027058,56027058,98
TIC 56029248,56029248,98
TIC 56030729,56030729,98
TIC 56034060,56034060,98
TIC 56034968,56034968,98
TIC 56035981,56035981,98
TIC 56037167,56037167,98
TIC 56096015,56096015,98
TIC 56096837,56096837,98
TIC 56097074,56097074,98
TIC 56097808,56097808,98
TIC 56098370,56098370,98
TIC 56098635,56098635,98
TIC 56099143,56099143,98
TIC 56099207,56099207,98
TIC 56099399,56099399,98
TIC 56099502,56099502,98
TIC 56100070,56100070,98
TIC 56100257,56100257,98
TIC 56121175,56121175,98
TIC 56121830,56121830,98
TIC 56122189,56122189,98
TIC 56123208,56123208,98
TIC 56123970,56123970,98
TIC 56124677,56124677,98
TIC 56124844,56124844,98
TIC 56127034,56127034,98
TIC 56127566,56127566,98
TIC 56127663,56127663,98
TIC 56127754,56127754,98
TIC 56128191,56128191,98
TIC 56128745,56128745,98
TIC 56129374,56129374,98
TIC 56129375,56129375,98
TIC 56129450,56129450,98
TIC 56129939,56129939,98
TIC 56129940,56129940,98
TIC 56130845,56130845,98
TIC 56179218,56179218,98
TIC 56179720,56179720,98
TIC 56180926,56180926,98
TIC 56181180,56181180,98
TIC 56181790,56181790,98
TIC 56182453,56182453,98
TIC 56183545,56183545,98
TIC 56183618,56183618,98
TIC 56183964,56183964,98
TIC 56186164,56186164,98
TIC 59086175,59086175,98
TIC 59086658,59086658,98
TIC 59086892,59086892,98
TIC 59091000,59091000,98
TIC 59091110,59091110,98
TIC 59127004,59127004,98
TIC 59127116,59127116,98
TIC 59127215,59127215,98
TIC 59128183,59128183,98
TIC 59134138,59134138,98
TIC 59209278,59209278,98
TIC 59210980,59210980,98
TIC 59215060,59215060,98
TIC 59215269,59215269,98
TIC 59276953,59276953,98
TIC 59277141,59277141,98
TIC 59277787,59277787,98
TIC 59277801,59277801,98
TIC 60860808,60860808,98
TIC 60861579,60861579,98
TIC 60876518,60876518,98
TIC 60876765,60876765,98
TIC 60877377,60877377,98
TIC 60877454,60877454,98
TIC 60878053,60878053,98
TIC 60878787,60878787,98
TIC 60879587,60879587,98
TIC 60879815,60879815,98
TIC 60905900,60905900,98
TIC 60907718,60907718,98
TIC 66494233,66494233,98
TIC 66494750,66494750,98
TIC 66495136,66495136,98
TIC 66495867,66495867,98
TIC 66528162,66528162,98
TIC 66528407,66528407,98
TIC 66530045,66530045,98
TIC 66533291,66533291,98
TIC 66533442,66533442,98
TIC 66558334,66558334,98
TIC 66560666,66560666,98
TIC 66561343,66561343,98
TIC 66563761,66563761,98
TIC 66648736,66648736,98
TIC 66651575,66651575,98
TIC 66653370,66653370,98
TIC 66653373,66653373,98
TIC 66684962,66684962,98
TIC 66686886,66686886,98
TIC 66689104,66689104,98
TIC 66735277,66735277,98
TIC 66740440,66740440,98
TIC 66741997,66741997,98
TIC 66772731,66772731,98
TIC 66773977,66773977,98
TIC 66774609,66774609,98
TIC 66778553,66778553,98
TIC 66824731,66824731,98
TIC 66828652,66828652,98
TIC 66830296,66830296,98
TIC 66830342,66830342,98
TIC 66831768,66831768,98
TIC 66885361,66885361,98
TIC 66885385,66885385,98
TIC 66892529,66892529,98
TIC 66892664,66892664,98
TIC 66912539,66912539,98
TIC 66913471,66913471,98
TIC 66914216,66914216,98
TIC 66914979,66914979,98
TIC 66917721,66917721,98
TIC 66917764,66917764,98
TIC 66975228,66975228,98
TIC 66977936,66977936,98
TIC 66979577,66979577,98
TIC 66979858,66979858,98
TIC 66980383,66980383,98
TIC 66980408,66980408,98
TIC 67037336,67037336,98
TIC 67038442,67038442,98
TIC 67040163,67040163,98
TIC 67041931,67041931,98
TIC 67045202,67045202,98
TIC 67092726,67092726,98
TIC 67093396,67093396,98
TIC 67097822,67097822,98
TIC 67098339,67098339,98
TIC 67161159,67161159,98
TIC 67161519,67161519,98
TIC 67161771,67161771,98
TIC 67164186,67164186,98
TIC 67164507,67164507,98
TIC 67196573,67196573,98
TIC 67197584,67197584,98
TIC 67261361,67261361,98
TIC 67262764,67262764,98
TIC 67264615,67264615,98
TIC 67265047,67265047,98
TIC 67265166,67265166,98
TIC 67284198,67284198,98
TIC 71027009,71027009,98
TIC 71028204,71028204,98
TIC 71028829,71028829,98
TIC 71044897,71044897,98
TIC 71047393,71047393,98
TIC 71047543,71047543,98
TIC 71048340,71048340,98
TIC 71048366,71048366,98
TIC 71087986,71087986,98
TIC 71088556,71088556,98
TIC 71089240,71089240,98
TIC 71089707,71089707,98
TIC 71090461,71090461,98
TIC 71106629,71106629,98
TIC 71107389,71107389,98
TIC 71108975,71108975,98
TIC 71109189,71109189,98
TIC 71109681,71109681,98
TIC 71110456,71110456,98
TIC 71110503,71110503,98
TIC 71110561,71110561,98
TIC 71110627,71110627,98
TIC 71128878,71128878,98
TIC 71130932,71130932,98
TIC 71131302,71131302,98
TIC 71131756,71131756,98
TIC 71132174,71132174,98
TIC 71132571,71132571,98
TIC 71132800,71132800,98
TIC 71133157,71133157,98
TIC 71133487,71133487,98
TIC 71134596,71134596,98
TIC 71150631,71150631,98
TIC 71150825,71150825,98
TIC 71150893,71150893,98
TIC 71150979,71150979,98
TIC 71151813,71151813,98
TIC 71152204,71152204,98
TIC 71469539,71469539,98
TIC 71470440,71470440,98
TIC 72779595,72779595,98
TIC 72781767,72781767,98
TIC 72782144,72782144,98
TIC 72782325,72782325,98
TIC 72829544,72829544,98
TIC 72832265,72832265,98
TIC 72832678,72832678,98
TIC 72833644,72833644,98
TIC 72882364,72882364,98
TIC 72883027,72883027,98
TIC 72883260,72883260,98
TIC 72884536,72884536,98
TIC 72887763,72887763,98
TIC 72916857,72916857,98
TIC 72918414,72918414,98
TIC 72919032,72919032,98
TIC 72919538,72919538,98
TIC 77155316,77155316,98
TIC 77156657,77156657,98
TIC 77156829,77156829,98
TIC 77157173,77157173,98
TIC 77175217,77175217,98
TIC 77175246,77175246,98
TIC 77177216,77177216,98
TIC 77178628,77178628,98
TIC 77206826,77206826,98
TIC 77208546,77208546,98
TIC 77208811,77208811,98
TIC 77208896,77208896,98
TIC 77208935,77208935,98
TIC 77209338,77209338,98
TIC 77228304,77228304,98
TIC 77230014,77230014,98
TIC 77230382,77230382,98
TIC 77253676,77253676,98
TIC 77254602,77254602,98
TIC 77254978,77254978,98
TIC 77255245,77255245,98
TIC 77255487,77255487,98
TIC 77255662,77255662,98
TIC 77256197,77256197,98
TIC 77262567,77262567,98
TIC 77262787,77262787,98
TIC 77263680,77263680,98
TIC 77264015,77264015,98
TIC 77264142,77264142,98
TIC 77286261,77286261,98
TIC 77287067,77287067,98
TIC 77288241,77288241,98
TIC 77288515,77288515,98
TIC 77288621,77288621,98
TIC 77288892,77288892,98
TIC 77316282,77316282,98
TIC 77317310,77317310,98
TIC 77318924,77318924,98
TIC 77339881,77339881,98
TIC 77341436,77341436,98
TIC 77341608,77341608,98
TIC 77358259,77358259,98
TIC 77358478,77358478,98
TIC 77359410,77359410,98
TIC 77359846,77359846,98
TIC 77360048,77360048,98
TIC 77360714,77360714,98
TIC 77361623,77361623,98
TIC 77369038,77369038,98
TIC 77369902,77369902,98
TIC 77371445,77371445,98
TIC 77371530,77371530,98
TIC 77372867,77372867,98
TIC 77372986,77372986,98
TIC 77436438,77436438,98
TIC 77436896,77436896,98
TIC 77437193,77437193,98
TIC 77437461,77437461,98
TIC 77437462,77437462,98
TIC 77437543,77437543,98
TIC 77474717,77474717,98
TIC 77476750,77476750,98
TIC 77477081,77477081,98
TIC 77669416,77669416,98
TIC 77669474,77669474,98
TIC 77670492,77670492,98
TIC 77670771,77670771,98
TIC 77670980,77670980,98
TIC 77671929,77671929,98
TIC 77700459,77700459,98
TIC 77700653,77700653,98
TIC 77700654,77700654,98
TIC 77722893,77722893,98
TIC 77724543,77724543,98
TIC 77725168,77725168,98
TIC 77725345,77725345,98
TIC 77742216,77742216,98
TIC 77742860,77742860,98
TIC 77743426,77743426,98
TIC 77743907,77743907,98
TIC 77744694,77744694,98
TIC 77835050,77835050,98
TIC 77835053,77835053,98
TIC 77836361,77836361,98
TIC 77837694,77837694,98
TIC 77837710,77837710,98
TIC 77837822,77837822,98
TIC 77837886,77837886,98
TIC 77837888,77837888,98
TIC 77838245,77838245,98
TIC 77838927,77838927,98
TIC 77841049,77841049,98
TIC 77841332,77841332,98
TIC 77842052,77842052,98
TIC 77842810,77842810,98
TIC 77844444,77844444,98
TIC 77859746,77859746,98
TIC 77861050,77861050,98
TIC 77861610,77861610,98
TIC 77861756,77861756,98
TIC 77894005,77894005,98
TIC 77894051,77894051,98
TIC 77895331,77895331,98
TIC 77895332,77895332,98
TIC 77896213,77896213,98
TIC 77896615,77896615,98
TIC 77897113,77897113,98
TIC 77897287,77897287,98
TIC 77897542,77897542,98
TIC 77951098,77951098,98
TIC 77951245,77951245,98
TIC 77954297,77954297,98
TIC 77954534,77954534,98
TIC 77954610,77954610,98
TIC 77954764,77954764,98
TIC 77955839,77955839,98
TIC 77956591,77956591,98
TIC 77956598,77956598,98
TIC 77957141,77957141,98
TIC 77957666,77957666,98
TIC 77958378,77958378,98
TIC 77959225,77959225,98
TIC 77959529,77959529,98
TIC 77992461,77992461,98
TIC 77993360,77993360,98
TIC 77993620,77993620,98
TIC 77996314,77996314,98
TIC 78011495,78011495,98
TIC 78074360,78074360,98
TIC 78076918,78076918,98
TIC 78076958,78076958,98
TIC 78077313,78077313,98
TIC 78112243,78112243,98
TIC 80567842,80567842,98
TIC 80567872,80567872,98
TIC 80574761,80574761,98
TIC 80597549,80597549,98
TIC 80599838,80599838,98
TIC 80604124,80604124,98
TIC 80606897,80606897,98
TIC 80660279,80660279,98
TIC 80660876,80660876,98
TIC 80664455,80664455,98
TIC 80666246,80666246,98
TIC 80666605,80666605,98
TIC 80765910,80765910,98
TIC 80832075,80832075,98
TIC 80833740,80833740,98
TIC 92844287,92844287,98
TIC 92845910,92845910,98
TIC 92846244,92846244,98
TIC 92847613,92847613,98
TIC 92847717,92847717,98
TIC 92867797,92867797,98
TIC 92868409,92868409,98
TIC 92868629,92868629,98
TIC 92869160,92869160,98
TIC 92870351,92870351,98
TIC 92871173,92871173,98
TIC 92871376,92871376,98
TIC 92878622,92878622,98
TIC 92878753,92878753,98
TIC 92878955,92878955,98
TIC 92879846,92879846,98
TIC 92880366,92880366,98
TIC 92880568,92880568,98
TIC 92880797,92880797,98
TIC 92880889,92880889,98
TIC 92881086,92881086,98
TIC 92936518,92936518,98
TIC 92936668,92936668,98
TIC 92936824,92936824,98
TIC 92937296,92937296,98
TIC 92988411,92988411,98
TIC 93023879,93023879,98
TIC 93029135,93029135,98
TIC 93052912,93052912,98
TIC 93054644,93054644,98
TIC 93057572,93057572,98
TIC 93098876,93098876,98
TIC 93103454,93103454,98
TIC 93123542,93123542,98
TIC 93124774,93124774,98
TIC 93125452,93125452,98
TIC 93126844,93126844,98
TIC 93127517,93127517,98
TIC 93129385,93129385,98
TIC 93129486,93129486,98
TIC 93129631,93129631,98
TIC 93167315,93167315,98
TIC 93168905,93168905,98
TIC 93170574,93170574,98
TIC 93172392,93172392,98
TIC 93207761,93207761,98
TIC 93209580,93209580,98
TIC 93209719,93209719,98
TIC 93210533,93210533,98
TIC 93210821,93210821,98
TIC 93211119,93211119,98
TIC 93211439,93211439,98
TIC 93212780,93212780,98
TIC 93213121,93213121,98
TIC 93213555,93213555,98
TIC 93238424,93238424,98
TIC 93239608,93239608,98
TIC 93240046,93240046,98
TIC 93240259,93240259,98
TIC 93242288,93242288,98
TIC 93242735,93242735,98
TIC 93243220,93243220,98
TIC 93243348,93243348,98
TIC 93243413,93243413,98
TIC 93244389,93244389,98
TIC 93244690,93244690,98
TIC 93244723,93244723,98
TIC 93278386,93278386,98
TIC 93279196,93279196,98
TIC 93280091,93280091,98
TIC 93280676,93280676,98
TIC 93281187,93281187,98
TIC 93281197,93281197,98
TIC 93281324,93281324,98
TIC 93281824,93281824,98
TIC 93281825,93281825,98
TIC 93281881,93281881,98
TIC 93281916,93281916,98
TIC 93281936,93281936,98
TIC 93281939,93281939,98
TIC 93281951,93281951,98
TIC 93282218,93282218,98
TIC 93329185,93329185,98
TIC 93331175,93331175,98
TIC 93332021,93332021,98
TIC 93332973,93332973,98
TIC 93371431,93371431,98
TIC 93371933,93371933,98
TIC 93372128,93372128,98
TIC 93372156,93372156,98
TIC 93372641,93372641,98
TIC 93373156,93373156,98
TIC 93374234,93374234,98
TIC 93416493,93416493,98
TIC 93416618,93416618,98
TIC 93417369,93417369,98
TIC 93419202,93419202,98
TIC 93421001,93421001,98
TIC 93441498,93441498,98
TIC 93443076,93443076,98
TIC 93443364,93443364,98
TIC 93443909,93443909,98
TIC 93443910,93443910,98
TIC 93444382,93444382,98
TIC 93444702,93444702,98
TIC 93445479,93445479,98
TIC 93445759,93445759,98
TIC 93506702,93506702,98
TIC 93506810,93506810,98
TIC 93508504,93508504,98
TIC 94945758,94945758,98
TIC 94986319,94986319,98
TIC 94986325,94986325,98
TIC 94987316,94987316,98
TIC 94988963,94988963,98
TIC 94989199,94989199,98
TIC 94991213,94991213,98
TIC 95053620,95053620,98
TIC 95053639,95053639,98
TIC 95054629,95054629,98
TIC 95054985,95054985,98
TIC 95057860,95057860,98
TIC 95111402,95111402,98
TIC 95112238,95112238,98
TIC 95112335,95112335,98
TIC 95251344,95251344,98
TIC 95251362,95251362,98
TIC 95251832,95251832,98
TIC 95327817,95327817,98
TIC 100479098,100479098,98
TIC 100481123,100481123,98
TIC 100481252,100481252,98
TIC 100508573,100508573,98
TIC 100509149,100509149,98
TIC 100509815,100509815,98
TIC 100510452,100510452,98
TIC 100512505,100512505,98
TIC 100512763,100512763,98
TIC 100512859,100512859,98
TIC 100527824,100527824,98
TIC 100528546,100528546,98
TIC 100528787,100528787,98
TIC 100529996,100529996,98
TIC 100529997,100529997,98
TIC 100530189,100530189,98
TIC 100530951,100530951,98
TIC 100531058,100531058,98
TIC 100532520,100532520,98
TIC 100589297,100589297,98
TIC 100589633,100589633,98
TIC 100589904,100589904,98
TIC 100590519,100590519,98
TIC 100591186,100591186,98
TIC 100592226,100592226,98
TIC 100593518,100593518,98
TIC 100607412,100607412,98
TIC 100607751,100607751,98
TIC 100608026,100608026,98
TIC 100609857,100609857,98
TIC 100611936,100611936,98
TIC 100612903,100612903,98
TIC 100663923,100663923,98
TIC 100665386,100665386,98
TIC 100666036,100666036,98
TIC 100666076,100666076,98
TIC 100666357,100666357,98
TIC 100678988,100678988,98
TIC 100679848,100679848,98
TIC 100679879,100679879,98
TIC 100679966,100679966,98
TIC 100680155,100680155,98
TIC 100681662,100681662,98
TIC 100683605,100683605,98
TIC 100724237,100724237,98
TIC 100724310,100724310,98
TIC 100724993,100724993,98
TIC 100725142,100725142,98
TIC 100725810,100725810,98
TIC 100726436,100726436,98
TIC 100757807,100757807,98
TIC 100758147,100758147,98
TIC 100758830,100758830,98
TIC 100759620,100759620,98
TIC 100760601,100760601,98
TIC 100761346,100761346,98
TIC 100761787,100761787,98
TIC 100775362,100775362,98
TIC 100775570,100775570,98
TIC 100775794,100775794,98
TIC 100776705,100776705,98
TIC 100777591,100777591,98
TIC 100777592,100777592,98
TIC 100778378,100778378,98
TIC 100778453,100778453,98
TIC 100779870,100779870,98
TIC 100780304,100780304,98
TIC 100780684,100780684,98
TIC 100829377,100829377,98
TIC 100831279,100831279,98
TIC 100831820,100831820,98
TIC 100832149,100832149,98
TIC 100832881,100832881,98
TIC 100832963,100832963,98
TIC 100834050,100834050,98
TIC 100834693,100834693,98
TIC 114914657,114914657,98
TIC 114915693,114915693,98
TIC 114921614,114921614,98
TIC 114922178,114922178,98
TIC 114922710,114922710,98
TIC 114922840,114922840,98
TIC 114922984,114922984,98
TIC 114922985,114922985,98
TIC 114923322,114923322,98
TIC 114923340,114923340,98
TIC 114924012,114924012,98
TIC 114924130,114924130,98
TIC 114924219,114924219,98
TIC 114924984,114924984,98
TIC 114925422,114925422,98
TIC 114925427,114925427,98
TIC 114953972,114953972,98
TIC 114954275,114954275,98
TIC 114954827,114954827,98
TIC 114956303,114956303,98
TIC 114956507,114956507,98
TIC 114956508,114956508,98
TIC 114957519,114957519,98
TIC 115045861,115045861,98
TIC 115046003,115046003,98
TIC 115046408,115046408,98
TIC 117628525,117628525,98
TIC 117645980,117645980,98
TIC 117645981,117645981,98
TIC 117646129,117646129,98
TIC 117646374,117646374,98
TIC 117646499,117646499,98
TIC 117647213,117647213,98
TIC 117648089,117648089,98
TIC 117648421,117648421,98
TIC 117648546,117648546,98
TIC 117648603,117648603,98
TIC 117649386,117649386,98
TIC 117649772,117649772,98
TIC 117650068,117650068,98
TIC 117650170,117650170,98
TIC 117650412,117650412,98
TIC 117651099,117651099,98
TIC 117652038,117652038,98
TIC 117665257,117665257,98
TIC 117672704,117672704,98
TIC 117674307,117674307,98
TIC 117674771,117674771,98
TIC 117675210,117675210,98
TIC 117732922,117732922,98
TIC 117732961,117732961,98
TIC 117733392,117733392,98
TIC 117735566,117735566,98
TIC 117735611,117735611,98
TIC 117744770,117744770,98
TIC 117745452,117745452,98
TIC 117746257,117746257,98
TIC 117747153,117747153,98
TIC 117747507,117747507,98
TIC 117747604,117747604,98
TIC 117747893,117747893,98
TIC 117748478,117748478,98
TIC 117760750,117760750,98
TIC 117761069,117761069,98
TIC 117761570,117761570,98
TIC 117761736,117761736,98
TIC 117762258,117762258,98
TIC 117762849,117762849,98
TIC 117763145,117763145,98
TIC 117763506,117763506,98
TIC 117764305,117764305,98
TIC 117772810,117772810,98
TIC 117772850,117772850,98
TIC 117772851,117772851,98
TIC 117774054,117774054,98
TIC 117774056,117774056,98
TIC 117774227,117774227,98
TIC 117775042,117775042,98
TIC 117775217,117775217,98
TIC 117775348,117775348,98
TIC 117776221,117776221,98
TIC 117776495,117776495,98
TIC 117776994,117776994,98
TIC 117795952,117795952,98
TIC 117797055,117797055,98
TIC 117797892,117797892,98
TIC 117798054,117798054,98
TIC 117798466,117798466,98
TIC 117798720,117798720,98
TIC 117799043,117799043,98
TIC 117799456,117799456,98
TIC 117799854,117799854,98
TIC 117799904,117799904,98
TIC 117842257,117842257,98
TIC 117842543,117842543,98
TIC 117842802,117842802,98
TIC 117842959,117842959,98
TIC 117843365,117843365,98
TIC 117843554,117843554,98
TIC 117843557,117843557,98
TIC 117844060,117844060,98
TIC 117844574,117844574,98
TIC 117844783,117844783,98
TIC 117844785,117844785,98
TIC 117878802,117878802,98
TIC 117880619,117880619,98
TIC 117896343,117896343,98
TIC 117898814,117898814,98
TIC 117899477,117899477,98
TIC 117921924,117921924,98
TIC 117922635,117922635,98
TIC 117922645,117922645,98
TIC 117923073,117923073,98
TIC 117924053,117924053,98
TIC 117924054,117924054,98
TIC 117925989,117925989,98
TIC 117936530,117936530,98
TIC 117937373,117937373,98
TIC 117937967,117937967,98
TIC 117938087,117938087,98
TIC 117938480,117938480,98
TIC 117938791,117938791,98
TIC 117939905,117939905,98
TIC 117939906,117939906,98
TIC 117940318,117940318,98
TIC 117940892,117940892,98
TIC 117978079,117978079,98
TIC 117978081,117978081,98
TIC 117978082,117978082,98
TIC 117979455,117979455,98
TIC 117979850,117979850,98
TIC 117979897,117979897,98
TIC 117979951,117979951,98
TIC 117980920,117980920,98
TIC 118034753,118034753,98
TIC 118034968,118034968,98
TIC 119245698,119245698,98
TIC 119246946,119246946,98
TIC 119287844,119287844,98
TIC 119288496,119288496,98
TIC 119289797,119289797,98
TIC 119290630,119290630,98
TIC 119290862,119290862,98
TIC 119291764,119291764,98
TIC 119292328,119292328,98
TIC 119327800,119327800,98
TIC 119329930,119329930,98
TIC 119331833,119331833,98
TIC 119360238,119360238,98
TIC 119362383,119362383,98
TIC 119362415,119362415,98
TIC 119362815,119362815,98
TIC 119363517,119363517,98
TIC 119363535,119363535,98
TIC 119409314,119409314,98
TIC 119445781,119445781,98
TIC 119446666,119446666,98
TIC 119447274,119447274,98
TIC 119447277,119447277,98
TIC 119494175,119494175,98
TIC 119494651,119494651,98
TIC 119523711,119523711,98
TIC 119523712,119523712,98
TIC 121549032,121549032,98
TIC 121550523,121550523,98
TIC 121550586,121550586,98
TIC 121550740,121550740,98
TIC 121552593,121552593,98
TIC 121564843,121564843,98
TIC 121566289,121566289,98
TIC 121566628,121566628,98
TIC 121568143,121568143,98
TIC 121568152,121568152,98
TIC 121568625,121568625,98
TIC 121593764,121593764,98
TIC 121594628,121594628,98
TIC 121594633,121594633,98
TIC 121594653,121594653,98
TIC 121594672,121594672,98
TIC 121594942,121594942,98
TIC 121596015,121596015,98
TIC 121596715,121596715,98
TIC 121596729,121596729,98
TIC 121596758,121596758,98
TIC 121634404,121634404,98
TIC 121634766,121634766,98
TIC 121634915,121634915,98
TIC 121635236,121635236,98
TIC 121636424,121636424,98
TIC 121636425,121636425,98
TIC 121639587,121639587,98
TIC 121639679,121639679,98
TIC 121642215,121642215,98
TIC 121642909,121642909,98
TIC 121644315,121644315,98
TIC 121646674,121646674,98
TIC 121646979,121646979,98
TIC 121709933,121709933,98
TIC 121711329,121711329,98
TIC 121711742,121711742,98
TIC 121713756,121713756,98
TIC 121714050,121714050,98
TIC 121714737,121714737,98
TIC 121714843,121714843,98
TIC 123554188,123554188,98
TIC 123555882,123555882,98
TIC 123556694,123556694,98
TIC 123569493,123569493,98
TIC 123570458,123570458,98
TIC 123570723,123570723,98
TIC 123571615,123571615,98
TIC 123573342,123573342,98
TIC 123573708,123573708,98
TIC 123573766,123573766,98
TIC 123574239,123574239,98
TIC 123574907,123574907,98
TIC 123575362,123575362,98
TIC 123575739,123575739,98
TIC 123624399,123624399,98
TIC 123624693,123624693,98
TIC 123627908,123627908,98
TIC 123628938,123628938,98
TIC 123630086,123630086,98
TIC 123660194,123660194,98
TIC 123661277,123661277,98
TIC 123662896,123662896,98
TIC 123664207,123664207,98
TIC 123666422,123666422,98
TIC 123667026,123667026,98
TIC 123723547,123723547,98
TIC 123723732,123723732,98
TIC 123724617,123724617,98
TIC 123725353,123725353,98
TIC 123726611,123726611,98
TIC 123727832,123727832,98
TIC 123729579,123729579,98
TIC 123761222,123761222,98
TIC 123762073,123762073,98
TIC 123762110,123762110,98
TIC 123762910,123762910,98
TIC 123762911,123762911,98
TIC 123763014,123763014,98
TIC 123763363,123763363,98
TIC 123763384,123763384,98
TIC 123794139,123794139,98
TIC 123795232,123795232,98
TIC 123795717,123795717,98
TIC 123795906,123795906,98
TIC 123797577,123797577,98
TIC 123797583,123797583,98
TIC 123799430,123799430,98
TIC 123800455,123800455,98
TIC 123847866,123847866,98
TIC 123847991,123847991,98
TIC 123848181,123848181,98
TIC 123851135,123851135,98
TIC 123851866,123851866,98
TIC 123852082,123852082,98
TIC 123853400,123853400,98
TIC 123853632,123853632,98
TIC 123854241,123854241,98
TIC 123898007,123898007,98
TIC 123898340,123898340,98
TIC 123898871,123898871,98
TIC 123900424,123900424,98
TIC 123900503,123900503,98
TIC 123901856,123901856,98
TIC 123903200,123903200,98
TIC 123925509,123925509,98
TIC 123926950,123926950,98
TIC 123930119,123930119,98
TIC 123931506,123931506,98
TIC 123932782,123932782,98
TIC 123933290,123933290,98
TIC 123975505,123975505,98
TIC 123975662,123975662,98
TIC 123976268,123976268,98
TIC 123976845,123976845,98
TIC 123976853,123976853,98
TIC 123979169,123979169,98
TIC 123980807,123980807,98
TIC 123981167,123981167,98
TIC 123981648,123981648,98
TIC 124026878,124026878,98
TIC 124026958,124026958,98
TIC 124027760,124027760,98
TIC 124028077,124028077,98
TIC 124028802,124028802,98
TIC 124029363,124029363,98
TIC 124029677,124029677,98
TIC 124033255,124033255,98
TIC 124033256,124033256,98
TIC 124033330,124033330,98
TIC 124034077,124034077,98
TIC 124035468,124035468,98
TIC 124079212,124079212,98
TIC 124079237,124079237,98
TIC 124079306,124079306,98
TIC 124079310,124079310,98
TIC 124081634,124081634,98
TIC 124081870,124081870,98
TIC 124122377,124122377,98
TIC 124123313,124123313,98
TIC 124181895,124181895,98
TIC 124182488,124182488,98
TIC 124183359,124183359,98
TIC 124183376,124183376,98
TIC 124183903,124183903,98
TIC 124655627,124655627,98
TIC 124656611,124656611,98
TIC 124685946,124685946,98
TIC 124686721,124686721,98
TIC 124687612,124687612,98
TIC 124690413,124690413,98
TIC 124690705,124690705,98
TIC 124691142,124691142,98
TIC 124745895,124745895,98
TIC 124746067,124746067,98
TIC 124748213,124748213,98
TIC 124748701,124748701,98
TIC 124749934,124749934,98
TIC 124750102,124750102,98
TIC 124751941,124751941,98
TIC 124772907,124772907,98
TIC 124773309,124773309,98
TIC 124773327,124773327,98
TIC 124777599,124777599,98
TIC 124777740,124777740,98
TIC 124777953,124777953,98
TIC 124777954,124777954,98
TIC 124778422,124778422,98
TIC 124778445,124778445,98
TIC 124779094,124779094,98
TIC 124846280,124846280,98
TIC 124848086,124848086,98
TIC 124848862,124848862,98
TIC 124848957,124848957,98
TIC 124853691,124853691,98
TIC 124854318,124854318,98
TIC 124855000,124855000,98
TIC 124855028,124855028,98
TIC 124921846,124921846,98
TIC 124922609,124922609,98
TIC 124922817,124922817,98
TIC 124923156,124923156,98
TIC 124981087,124981087,98
TIC 127051472,127051472,98
TIC 127101094,127101094,98
TIC 127189452,127189452,98
TIC 127190527,127190527,98
TIC 127194190,127194190,98
TIC 127226712,127226712,98
TIC 127227316,127227316,98
TIC 127227849,127227849,98
TIC 127229631,127229631,98
TIC 127232950,127232950,98
TIC 127300001,127300001,98
TIC 127302390,127302390,98
TIC 127302899,127302899,98
TIC 127302993,127302993,98
TIC 138759938,138759938,98
TIC 138760757,138760757,98
TIC 138761375,138761375,98
TIC 138766540,138766540,98
TIC 138767755,138767755,98
TIC 138768008,138768008,98
TIC 138768784,138768784,98
TIC 138768876,138768876,98
TIC 138775633,138775633,98
TIC 138775756,138775756,98
TIC 138777287,138777287,98
TIC 138777356,138777356,98
TIC 138796117,138796117,98
TIC 138798618,138798618,98
TIC 138798682,138798682,98
TIC 138798685,138798685,98
TIC 138798692,138798692,98
TIC 138798835,138798835,98
TIC 138799692,138799692,98
TIC 138799949,138799949,98
TIC 138799951,138799951,98
TIC 138824451,138824451,98
TIC 138825293,138825293,98
TIC 138825380,138825380,98
TIC 138827569,138827569,98
TIC 138827856,138827856,98
TIC 138827949,138827949,98
TIC 138828009,138828009,98
TIC 138828285,138828285,98
TIC 138828435,138828435,98
TIC 138852778,138852778,98
TIC 138854185,138854185,98
TIC 138854818,138854818,98
TIC 138855160,138855160,98
TIC 138856879,138856879,98
TIC 138856929,138856929,98
TIC 138856944,138856944,98
TIC 138857475,138857475,98
TIC 138858184,138858184,98
TIC 138899713,138899713,98
TIC 138899833,138899833,98
TIC 138901439,138901439,98
TIC 138901588,138901588,98
TIC 138903609,138903609,98
TIC 138904885,138904885,98
TIC 138905907,138905907,98
TIC 138935414,138935414,98
TIC 138936446,138936446,98
TIC 138938994,138938994,98
TIC 138941272,138941272,98
TIC 138941738,138941738,98
TIC 138941739,138941739,98
TIC 139397618,139397618,98
TIC 139409739,139409739,98
TIC 139410808,139410808,98
TIC 139413325,139413325,98
TIC 139419658,139419658,98
TIC 139420527,139420527,98
TIC 139421669,139421669,98
TIC 139422734,139422734,98
TIC 139443994,139443994,98
TIC 139444004,139444004,98
TIC 139444326,139444326,98
TIC 139445453,139445453,98
TIC 139445621,139445621,98
TIC 139669506,139669506,98
TIC 139671163,139671163,98
TIC 139679836,139679836,98
TIC 139679837,139679837,98
TIC 139680168,139680168,98
TIC 139680530,139680530,98
TIC 139682680,139682680,98
TIC 139682931,139682931,98
TIC 139683549,139683549,98
TIC 139702445,139702445,98
TIC 139702760,139702760,98
TIC 139703316,139703316,98
TIC 139703920,139703920,98
TIC 139704026,139704026,98
TIC 139704517,139704517,98
TIC 139704519,139704519,98
TIC 139705013,139705013,98
TIC 139725285,139725285,98
TIC 139731744,139731744,98
TIC 139732428,139732428,98
TIC 139733308,139733308,98
TIC 139733885,139733885,98
TIC 139735373,139735373,98
TIC 139735624,139735624,98
TIC 139750703,139750703,98
TIC 139751362,139751362,98
TIC 139753245,139753245,98
TIC 139758315,139758315,98
TIC 139758317,139758317,98
TIC 139758332,139758332,98
TIC 139761672,139761672,98
TIC 139766919,139766919,98
TIC 139767228,139767228,98
TIC 139768637,139768637,98
TIC 139826005,139826005,98
TIC 139826968,139826968,98
TIC 139826978,139826978,98
TIC 139827519,139827519,98
TIC 139827556,139827556,98
TIC 139827657,139827657,98
TIC 140208417,140208417,98
TIC 140209827,140209827,98
TIC 140209922,140209922,98
TIC 140212298,140212298,98
TIC 140212820,140212820,98
TIC 140213635,140213635,98
TIC 140214221,140214221,98
TIC 140215017,140215017,98
TIC 140215869,140215869,98
TIC 140280887,140280887,98
TIC 140282899,140282899,98
TIC 140284119,140284119,98
TIC 140284353,140284353,98
TIC 140284971,140284971,98
TIC 140286449,140286449,98
TIC 140286693,140286693,98
TIC 140286859,140286859,98
TIC 140287227,140287227,98
TIC 140288359,140288359,98
TIC 140288678,140288678,98
TIC 140759974,140759974,98
TIC 141028198,141028198,98
TIC 143092082,143092082,98
TIC 143093261,143093261,98
TIC 143093864,143093864,98
TIC 143093935,143093935,98
TIC 143095430,143095430,98
TIC 143103445,143103445,98
TIC 143106116,143106116,98
TIC 143106235,143106235,98
TIC 143107923,143107923,98
TIC 143108655,143108655,98
TIC 143108992,143108992,98
TIC 143141810,143141810,98
TIC 143142885,143142885,98
TIC 143143769,143143769,98
TIC 143143842,143143842,98
TIC 143144177,143144177,98
TIC 143144929,143144929,98
TIC 143145906,143145906,98
TIC 143146379,143146379,98
TIC 143146812,143146812,98
TIC 143147010,143147010,98
TIC 143167516,143167516,98
TIC 143167887,143167887,98
TIC 143168141,143168141,98
TIC 143168754,143168754,98
TIC 143169288,143169288,98
TIC 143169877,143169877,98
TIC 143170903,143170903,98
TIC 143170924,143170924,98
TIC 143171265,143171265,98
TIC 143172875,143172875,98
TIC 143204520,143204520,98
TIC 143205086,143205086,98
TIC 143205565,143205565,98
TIC 143206598,143206598,98
TIC 143207184,143207184,98
TIC 143207447,143207447,98
TIC 143207599,143207599,98
TIC 143229203,143229203,98
TIC 143229204,143229204,98
TIC 143232693,143232693,98
TIC 143234741,143234741,98
TIC 143234933,143234933,98
TIC 143271144,143271144,98
TIC 143272260,143272260,98
TIC 143273258,143273258,98
TIC 143273400,143273400,98
TIC 143273908,143273908,98
TIC 143274008,143274008,98
TIC 143275486,143275486,98
TIC 143275534,143275534,98
TIC 143275935,143275935,98
TIC 143276366,143276366,98
TIC 143276693,143276693,98
TIC 143288126,143288126,98
TIC 143313191,143313191,98
TIC 143314844,143314844,98
TIC 143315397,143315397,98
TIC 143336840,143336840,98
TIC 143337175,143337175,98
TIC 143337397,143337397,98
TIC 143340185,143340185,98
TIC 143349972,143349972,98
TIC 143350190,143350190,98
TIC 143350469,143350469,98
TIC 143353218,143353218,98
TIC 143353370,143353370,98
TIC 143354104,143354104,98
TIC 143354106,143354106,98
TIC 143375530,143375530,98
TIC 143376069,143376069,98
TIC 143376894,143376894,98
TIC 143378685,143378685,98
TIC 143379412,143379412,98
TIC 143380877,143380877,98
TIC 143399699,143399699,98
TIC 144486052,144486052,98
TIC 144486060,144486060,98
TIC 144486394,144486394,98
TIC 144486643,144486643,98
TIC 144486786,144486786,98
TIC 144486791,144486791,98
TIC 144498590,144498590,98
TIC 144500492,144500492,98
TIC 144501158,144501158,98
TIC 144502625,144502625,98
TIC 144517863,144517863,98
TIC 144518675,144518675,98
TIC 144519234,144519234,98
TIC 144542681,144542681,98
TIC 144544001,144544001,98
TIC 144609971,144609971,98
TIC 144611068,144611068,98
TIC 144611421,144611421,98
TIC 144614615,144614615,98
TIC 144666015,144666015,98
TIC 144666017,144666017,98
TIC 144667724,144667724,98
TIC 144672227,144672227,98
TIC 144695651,144695651,98
TIC 144696918,144696918,98
TIC 144699691,144699691,98
TIC 144700586,144700586,98
TIC 144700903,144700903,98
TIC 144736871,144736871,98
TIC 144774220,144774220,98
TIC 144774677,144774677,98
TIC 146284964,146284964,98
TIC 146286001,146286001,98
TIC 146307240,146307240,98
TIC 146307930,146307930,98
TIC 146308722,146308722,98
TIC 146322354,146322354,98
TIC 146323153,146323153,98
TIC 146340999,146340999,98
TIC 146342958,146342958,98
TIC 146343255,146343255,98
TIC 146344020,146344020,98
TIC 146344664,146344664,98
TIC 146345308,146345308,98
TIC 146346263,146346263,98
TIC 146347898,146347898,98
TIC 146348863,146348863,98
TIC 146380122,146380122,98
TIC 146419718,146419718,98
TIC 146420104,146420104,98
TIC 146420492,146420492,98
TIC 146422102,146422102,98
TIC 146422875,146422875,98
TIC 146423464,146423464,98
TIC 146434975,146434975,98
TIC 146435300,146435300,98
TIC 146437397,146437397,98
TIC 146438872,146438872,98
TIC 146439619,146439619,98
TIC 146442437,146442437,98
TIC 146467673,146467673,98
TIC 146471505,146471505,98
TIC 146516874,146516874,98
TIC 146517192,146517192,98
TIC 146517223,146517223,98
TIC 146517487,146517487,98
TIC 146519129,146519129,98
TIC 146520004,146520004,98
TIC 146520535,146520535,98
TIC 146520657,146520657,98
TIC 146522930,146522930,98
TIC 146523262,146523262,98
TIC 146523613,146523613,98
TIC 146523729,146523729,98
TIC 146524459,146524459,98
TIC 146535972,146535972,98
TIC 146536188,146536188,98
TIC 146536674,146536674,98
TIC 146536983,146536983,98
TIC 146539806,146539806,98
TIC 146559015,146559015,98
TIC 146594601,146594601,98
TIC 146594603,146594603,98
TIC 146594685,146594685,98
TIC 146596217,146596217,98
TIC 146599012,146599012,98
TIC 146803645,146803645,98
TIC 146804018,146804018,98
TIC 146804021,146804021,98
TIC 146804038,146804038,98
TIC 146804242,146804242,98
TIC 146804395,146804395,98
TIC 146804493,146804493,98
TIC 146804706,146804706,98
TIC 146804817,146804817,98
TIC 146805204,146805204,98
TIC 146806334,146806334,98
TIC 146817293,146817293,98
TIC 146817359,146817359,98
TIC 146819347,146819347,98
TIC 146819874,146819874,98
TIC 146820756,146820756,98
TIC 146820765,146820765,98
TIC 146820812,146820812,98
TIC 149538958,149538958,98
TIC 149572342,149572342,98
TIC 150032294,150032294,98
TIC 150066550,150066550,98
TIC 150066930,150066930,98
TIC 150101617,150101617,98
TIC 150102853,150102853,98
TIC 150165026,150165026,98
TIC 150249278,150249278,98
TIC 151515712,151515712,98
TIC 151561363,151561363,98
TIC 151564022,151564022,98
TIC 151564313,151564313,98
TIC 151583971,151583971,98
TIC 151585204,151585204,98
TIC 151586310,151586310,98
TIC 151587925,151587925,98
TIC 151588023,151588023,98
TIC 152373997,152373997,98
TIC 152374958,152374958,98
TIC 152375107,152375107,98
TIC 152376126,152376126,98
TIC 152376130,152376130,98
TIC 152415344,152415344,98
TIC 152415413,152415413,98
TIC 152416325,152416325,98
TIC 152417941,152417941,98
TIC 152437508,152437508,98
TIC 152439649,152439649,98
TIC 153095668,153095668,98
TIC 153095900,153095900,98
TIC 153096451,153096451,98
TIC 153097589,153097589,98
TIC 153122840,153122840,98
TIC 153123715,153123715,98
TIC 153125639,153125639,98
TIC 153165135,153165135,98
TIC 153166843,153166843,98
TIC 153166879,153166879,98
TIC 153167207,153167207,98
TIC 153169787,153169787,98
TIC 153179529,153179529,98
TIC 153180267,153180267,98
TIC 153180584,153180584,98
TIC 153181603,153181603,98
TIC 153182557,153182557,98
TIC 153183147,153183147,98
TIC 153209618,153209618,98
TIC 153211359,153211359,98
TIC 153211856,153211856,98
TIC 153213075,153213075,98
TIC 153710918,153710918,98
TIC 153713427,153713427,98
TIC 153724486,153724486,98
TIC 153725546,153725546,98
TIC 153743215,153743215,98
TIC 153797977,153797977,98
TIC 153798602,153798602,98
TIC 153798637,153798637,98
TIC 153798808,153798808,98
TIC 153835793,153835793,98
TIC 153836249,153836249,98
TIC 153836355,153836355,98
TIC 153837353,153837353,98
TIC 153854066,153854066,98
TIC 153854521,153854521,98
TIC 156140883,156140883,98
TIC 156149222,156149222,98
TIC 156187150,156187150,98
TIC 156188270,156188270,98
TIC 156194000,156194000,98
TIC 156195192,156195192,98
TIC 156240514,156240514,98
TIC 156240970,156240970,98
TIC 156241056,156241056,98
TIC 156243521,156243521,98
TIC 156247308,156247308,98
TIC 156248384,156248384,98
TIC 156282792,156282792,98
TIC 156288575,156288575,98
TIC 156289273,156289273,98
TIC 156292394,156292394,98
TIC 156350327,156350327,98
TIC 156351295,156351295,98
TIC 156355647,156355647,98
TIC 156356505,156356505,98
TIC 156386946,156386946,98
TIC 156387830,156387830,98
TIC 156388500,156388500,98
TIC 156389757,156389757,98
TIC 156391865,156391865,98
TIC 156425592,156425592,98
TIC 156428547,156428547,98
TIC 156430493,156430493,98
TIC 156431997,156431997,98
TIC 156432445,156432445,98
TIC 156433553,156433553,98
TIC 156498328,156498328,98
TIC 156498482,156498482,98
TIC 156501286,156501286,98
TIC 156501291,156501291,98
TIC 156831398,156831398,98
TIC 156832950,156832950,98
TIC 156833365,156833365,98
TIC 156834998,156834998,98
TIC 156835509,156835509,98
TIC 156836091,156836091,98
TIC 156836265,156836265,98
TIC 156882293,156882293,98
TIC 156886111,156886111,98
TIC 156887426,156887426,98
TIC 156887687,156887687,98
TIC 156887755,156887755,98
TIC 156888141,156888141,98
TIC 156888563,156888563,98
TIC 156916014,156916014,98
TIC 156916631,156916631,98
TIC 156920968,156920968,98
TIC 156932496,156932496,98
TIC 156933503,156933503,98
TIC 156933657,156933657,98
TIC 156934153,156934153,98
TIC 156934252,156934252,98
TIC 156937848,156937848,98
TIC 156986710,156986710,98
TIC 156987130,156987130,98
TIC 156987168,156987168,98
TIC 156987351,156987351,98
TIC 156988577,156988577,98
TIC 156989166,156989166,98
TIC 157008710,157008710,98
TIC 157008805,157008805,98
TIC 157008878,157008878,98
TIC 157008880,157008880,98
TIC 157008968,157008968,98
TIC 157009924,157009924,98
TIC 157010088,157010088,98
TIC 157010701,157010701,98
TIC 157010816,157010816,98
TIC 157010919,157010919,98
TIC 157037747,157037747,98
TIC 157038617,157038617,98
TIC 157038768,157038768,98
TIC 157078981,157078981,98
TIC 157079981,157079981,98
TIC 158029568,158029568,98
TIC 158030067,158030067,98
TIC 158030422,158030422,98
TIC 158031279,158031279,98
TIC 158031649,158031649,98
TIC 158031660,158031660,98
TIC 158067487,158067487,98
TIC 158068117,158068117,98
TIC 158069360,158069360,98
TIC 158069378,158069378,98
TIC 158088633,158088633,98
TIC 158089054,158089054,98
TIC 158091186,158091186,98
TIC 158091975,158091975,98
TIC 158092259,158092259,98
TIC 158093044,158093044,98
TIC 158107085,158107085,98
TIC 158109379,158109379,98
TIC 158111564,158111564,98
TIC 158111591,158111591,98
TIC 158111719,158111719,98
TIC 158112413,158112413,98
TIC 158113091,158113091,98
TIC 158694874,158694874,98
TIC 158696540,158696540,98
TIC 158697233,158697233,98
TIC 158697526,158697526,98
TIC 158697949,158697949,98
TIC 158732016,158732016,98
TIC 158735220,158735220,98
TIC 158760421,158760421,98
TIC 158761270,158761270,98
TIC 158763124,158763124,98
TIC 158816796,158816796,98
TIC 158817023,158817023,98
TIC 158820278,158820278,98
TIC 158821112,158821112,98
TIC 158822996,158822996,98
TIC 158823776,158823776,98
TIC 158865519,158865519,98
TIC 158866918,158866918,98
TIC 158867129,158867129,98
TIC 158867386,158867386,98
TIC 158867967,158867967,98
TIC 158868058,158868058,98
TIC 158870458,158870458,98
TIC 158941215,158941215,98
TIC 158943573,158943573,98
TIC 158955499,158955499,98
TIC 159026879,159026879,98
TIC 159027385,159027385,98
TIC 159032155,159032155,98
TIC 159056151,159056151,98
TIC 159057425,159057425,98
TIC 159060165,159060165,98
TIC 159060569,159060569,98
TIC 159062642,159062642,98
TIC 159090147,159090147,98
TIC 160149154,160149154,98
TIC 160179030,160179030,98
TIC 160180244,160180244,98
TIC 160180298,160180298,98
TIC 160180421,160180421,98
TIC 160180978,160180978,98
TIC 160182330,160182330,98
TIC 160186856,160186856,98
TIC 160187484,160187484,98
TIC 160187903,160187903,98
TIC 160264613,160264613,98
TIC 160264738,160264738,98
TIC 160265535,160265535,98
TIC 160265843,160265843,98
TIC 160266380,160266380,98
TIC 160266680,160266680,98
TIC 160300571,160300571,98
TIC 160301040,160301040,98
TIC 160301675,160301675,98
TIC 160302354,160302354,98
TIC 160302654,160302654,98
TIC 160302858,160302858,98
TIC 160328683,160328683,98
TIC 160328766,160328766,98
TIC 160328822,160328822,98
TIC 160329609,160329609,98
TIC 160330081,160330081,98
TIC 160330299,160330299,98
TIC 160330305,160330305,98
TIC 160330452,160330452,98
TIC 160347457,160347457,98
TIC 160347548,160347548,98
TIC 160349556,160349556,98
TIC 160351027,160351027,98
TIC 160351583,160351583,98
TIC 160351708,160351708,98
TIC 160352517,160352517,98
TIC 160378524,160378524,98
TIC 160378588,160378588,98
TIC 160379153,160379153,98
TIC 160379154,160379154,98
TIC 161459344,161459344,98
TIC 161460370,161460370,98
TIC 161473614,161473614,98
TIC 161473626,161473626,98
TIC 161476011,161476011,98
TIC 161477033,161477033,98
TIC 161477552,161477552,98
TIC 161477836,161477836,98
TIC 161479081,161479081,98
TIC 161479263,161479263,98
TIC 161495627,161495627,98
TIC 161496301,161496301,98
TIC 161515290,161515290,98
TIC 161515324,161515324,98
TIC 161528027,161528027,98
TIC 161528402,161528402,98
TIC 161528543,161528543,98
TIC 161567634,161567634,98
TIC 161568087,161568087,98
TIC 161568088,161568088,98
TIC 161568891,161568891,98
TIC 161568981,161568981,98
TIC 161570223,161570223,98
TIC 161570242,161570242,98
TIC 161571985,161571985,98
TIC 161572211,161572211,98
TIC 161573875,161573875,98
TIC 161575102,161575102,98
TIC 161577246,161577246,98
TIC 161577248,161577248,98
TIC 161577376,161577376,98
TIC 161612504,161612504,98
TIC 161613017,161613017,98
TIC 161613197,161613197,98
TIC 161616872,161616872,98
TIC 161618109,161618109,98
TIC 161618572,161618572,98
TIC 161636895,161636895,98
TIC 161638713,161638713,98
TIC 165147504,165147504,98
TIC 165148663,165148663,98
TIC 165149397,165149397,98
TIC 165150248,165150248,98
TIC 165152576,165152576,98
TIC 165152656,165152656,98
TIC 165152734,165152734,98
TIC 165152807,165152807,98
TIC 165186105,165186105,98
TIC 165186537,165186537,98
TIC 165186583,165186583,98
TIC 165188672,165188672,98
TIC 165189730,165189730,98
TIC 165189818,165189818,98
TIC 165189822,165189822,98
TIC 165190129,165190129,98
TIC 165190319,165190319,98
TIC 165207274,165207274,98
TIC 165209291,165209291,98
TIC 165211249,165211249,98
TIC 165212583,165212583,98
TIC 165226119,165226119,98
TIC 167485031,167485031,98
TIC 167485339,167485339,98
TIC 167485724,167485724,98
TIC 167486494,167486494,98
TIC 167486543,167486543,98
TIC 167634382,167634382,98
TIC 167634754,167634754,98
TIC 167659084,167659084,98
TIC 167661160,167661160,98
TIC 167661833,167661833,98
TIC 167671107,167671107,98
TIC 167671473,167671473,98
TIC 167672077,167672077,98
TIC 167673218,167673218,98
TIC 167673924,167673924,98
TIC 167674649,167674649,98
TIC 167674650,167674650,98
TIC 167674861,167674861,98
TIC 167692045,167692045,98
TIC 167699908,167699908,98
TIC 167701822,167701822,98
TIC 167703126,167703126,98
TIC 167703195,167703195,98
TIC 167714124,167714124,98
TIC 167714792,167714792,98
TIC 167717679,167717679,98
TIC 167746025,167746025,98
TIC 167746181,167746181,98
TIC 167747016,167747016,98
TIC 169304560,169304560,98
TIC 169304622,169304622,98
TIC 169318743,169318743,98
TIC 169318777,169318777,98
TIC 169318851,169318851,98
TIC 169318872,169318872,98
TIC 169319252,169319252,98
TIC 169320215,169320215,98
TIC 169320948,169320948,98
TIC 169340882,169340882,98
TIC 169341603,169341603,98
TIC 169341948,169341948,98
TIC 169342739,169342739,98
TIC 169343721,169343721,98
TIC 169343915,169343915,98
TIC 169344521,169344521,98
TIC 169344687,169344687,98
TIC 169344688,169344688,98
TIC 169345148,169345148,98
TIC 169345288,169345288,98
TIC 169379648,169379648,98
TIC 169380520,169380520,98
TIC 169381888,169381888,98
TIC 169382402,169382402,98
TIC 169383301,169383301,98
TIC 169395153,169395153,98
TIC 169396430,169396430,98
TIC 169396790,169396790,98
TIC 169397081,169397081,98
TIC 169397122,169397122,98
TIC 169397207,169397207,98
TIC 169398846,169398846,98
TIC 169399387,169399387,98
TIC 169416642,169416642,98
TIC 169416733,169416733,98
TIC 169417059,169417059,98
TIC 169418527,169418527,98
TIC 169419074,169419074,98
TIC 169419607,169419607,98
TIC 169419750,169419750,98
TIC 169420094,169420094,98
TIC 169421326,169421326,98
TIC 169421569,169421569,98
TIC 169421607,169421607,98
TIC 169448297,169448297,98
TIC 169448500,169448500,98
TIC 169448771,169448771,98
TIC 169449538,169449538,98
TIC 169449768,169449768,98
TIC 169451121,169451121,98
TIC 169451163,169451163,98
TIC 169451190,169451190,98
TIC 169451307,169451307,98
TIC 169451662,169451662,98
TIC 169451968,169451968,98
TIC 169480777,169480777,98
TIC 169482459,169482459,98
TIC 169482946,169482946,98
TIC 169530929,169530929,98
TIC 170634321,170634321,98
TIC 170635351,170635351,98
TIC 170635962,170635962,98
TIC 170636285,170636285,98
TIC 170636418,170636418,98
TIC 170636870,170636870,98
TIC 170636897,170636897,98
TIC 170671853,170671853,98
TIC 170672140,170672140,98
TIC 170673464,170673464,98
TIC 170673573,170673573,98
TIC 170674172,170674172,98
TIC 170674562,170674562,98
TIC 170675433,170675433,98
TIC 170676841,170676841,98
TIC 170677385,170677385,98
TIC 170677969,170677969,98
TIC 170697643,170697643,98
TIC 170699102,170699102,98
TIC 170699294,170699294,98
TIC 170699295,170699295,98
TIC 170699650,170699650,98
TIC 170729775,170729775,98
TIC 170729895,170729895,98
TIC 170730052,170730052,98
TIC 170730538,170730538,98
TIC 170732273,170732273,98
TIC 170749770,170749770,98
TIC 170749868,170749868,98
TIC 170751520,170751520,98
TIC 170751902,170751902,98
TIC 170752712,170752712,98
TIC 170766242,170766242,98
TIC 170766490,170766490,98
TIC 170767793,170767793,98
TIC 170767866,170767866,98
TIC 170785439,170785439,98
TIC 170786409,170786409,98
TIC 170786542,170786542,98
TIC 170786634,170786634,98
TIC 170789802,170789802,98
TIC 170803464,170803464,98
TIC 170803514,170803514,98
TIC 170804426,170804426,98
TIC 170804640,170804640,98
TIC 170804795,170804795,98
TIC 170804980,170804980,98
TIC 170805099,170805099,98
TIC 170805100,170805100,98
TIC 170806037,170806037,98
TIC 170846153,170846153,98
TIC 170846549,170846549,98
TIC 170847981,170847981,98
TIC 170849086,170849086,98
TIC 170849193,170849193,98
TIC 170849515,170849515,98
TIC 170867166,170867166,98
TIC 170882932,170882932,98
TIC 176313088,176313088,98
TIC 176314326,176314326,98
TIC 176314383,176314383,98
TIC 176315992,176315992,98
TIC 176316886,176316886,98
TIC 176317461,176317461,98
TIC 176360817,176360817,98
TIC 176361046,176361046,98
TIC 176363846,176363846,98
TIC 176376287,176376287,98
TIC 176377544,176377544,98
TIC 176379354,176379354,98
TIC 176380024,176380024,98
TIC 176380611,176380611,98
TIC 176380638,176380638,98
TIC 176401306,176401306,98
TIC 176402571,176402571,98
TIC 176403136,176403136,98
TIC 176403138,176403138,98
TIC 176403977,176403977,98
TIC 176405441,176405441,98
TIC 176406737,176406737,98
TIC 176448577,176448577,98
TIC 176454529,176454529,98
TIC 176456103,176456103,98
TIC 176469654,176469654,98
TIC 176471430,176471430,98
TIC 176471832,176471832,98
TIC 176472413,176472413,98
TIC 176475680,176475680,98
TIC 176475682,176475682,98
TIC 176475787,176475787,98
TIC 176516923,176516923,98
TIC 176519085,176519085,98
TIC 176521059,176521059,98
TIC 176522518,176522518,98
TIC 176524439,176524439,98
TIC 176524441,176524441,98
TIC 176583299,176583299,98
TIC 176584206,176584206,98
TIC 176585268,176585268,98
TIC 176591227,176591227,98
TIC 176612220,176612220,98
TIC 176612492,176612492,98
TIC 176617849,176617849,98
TIC 176663783,176663783,98
TIC 176670072,176670072,98
TIC 176671704,176671704,98
TIC 176719917,176719917,98
TIC 176719918,176719918,98
TIC 176722720,176722720,98
TIC 176724042,176724042,98
TIC 176725949,176725949,98
TIC 176726859,176726859,98
TIC 176727377,176727377,98
TIC 176759633,176759633,98
TIC 176763267,176763267,98
TIC 176764476,176764476,98
TIC 178828722,178828722,98
TIC 178829660,178829660,98
TIC 178829758,178829758,98
TIC 178831764,178831764,98
TIC 178855429,178855429,98
TIC 178855449,178855449,98
TIC 178855846,178855846,98
TIC 178856218,178856218,98
TIC 178856387,178856387,98
TIC 178856920,178856920,98
TIC 178857282,178857282,98
TIC 178857554,178857554,98
TIC 178857861,178857861,98
TIC 178858571,178858571,98
TIC 178858648,178858648,98
TIC 178871928,178871928,98
TIC 178872239,178872239,98
TIC 178878436,178878436,98
TIC 178879091,178879091,98
TIC 178879311,178879311,98
TIC 178879588,178879588,98
TIC 178881302,178881302,98
TIC 178893906,178893906,98
TIC 178894202,178894202,98
TIC 178894226,178894226,98
TIC 178894913,178894913,98
TIC 178896096,178896096,98
TIC 178921774,178921774,98
TIC 178923635,178923635,98
TIC 178923858,178923858,98
TIC 178924482,178924482,98
TIC 178924483,178924483,98
TIC 178937085,178937085,98
TIC 178937531,178937531,98
TIC 178938225,178938225,98
TIC 178938417,178938417,98
TIC 178940302,178940302,98
TIC 178944841,178944841,98
TIC 178945102,178945102,98
TIC 178945595,178945595,98
TIC 178945600,178945600,98
TIC 178946024,178946024,98
TIC 178947176,178947176,98
TIC 178947400,178947400,98
TIC 178952927,178952927,98
TIC 178952972,178952972,98
TIC 178952975,178952975,98
TIC 178953404,178953404,98
TIC 178953608,178953608,98
TIC 178967253,178967253,98
TIC 178967690,178967690,98
TIC 178969585,178969585,98
TIC 178993771,178993771,98
TIC 178994042,178994042,98
TIC 178994149,178994149,98
TIC 178995938,178995938,98
TIC 178996712,178996712,98
TIC 178996904,178996904,98
TIC 179013252,179013252,98
TIC 179014018,179014018,98
TIC 179014841,179014841,98
TIC 179015349,179015349,98
TIC 179015897,179015897,98
TIC 179016010,179016010,98
TIC 180943676,180943676,98
TIC 180943739,180943739,98
TIC 180943931,180943931,98
TIC 180945070,180945070,98
TIC 180968339,180968339,98
TIC 180973620,180973620,98
TIC 180974744,180974744,98
TIC 180975398,180975398,98
TIC 180975844,180975844,98
TIC 180976053,180976053,98
TIC 180976448,180976448,98
TIC 180976927,180976927,98
TIC 188986227,188986227,98
TIC 188988511,188988511,98
TIC 188989135,188989135,98
TIC 188989616,188989616,98
TIC 189010806,189010806,98
TIC 189012795,189012795,98
TIC 189012863,189012863,98
TIC 189013222,189013222,98
TIC 189013224,189013224,98
TIC 189015047,189015047,98
TIC 189016090,189016090,98
TIC 189016091,189016091,98
TIC 189016989,189016989,98
TIC 189017499,189017499,98
TIC 189017508,189017508,98
TIC 189019580,189019580,98
TIC 189020207,189020207,98
TIC 189020586,189020586,98
TIC 192788554,192788554,98
TIC 192788555,192788555,98
TIC 192789542,192789542,98
TIC 192789761,192789761,98
TIC 192790077,192790077,98
TIC 192790473,192790473,98
TIC 192804168,192804168,98
TIC 192825635,192825635,98
TIC 192825710,192825710,98
TIC 192825743,192825743,98
TIC 192826603,192826603,98
TIC 192827598,192827598,98
TIC 192828277,192828277,98
TIC 192829050,192829050,98
TIC 192832113,192832113,98
TIC 192833836,192833836,98
TIC 192846511,192846511,98
TIC 192846995,192846995,98
TIC 192847293,192847293,98
TIC 192847648,192847648,98
TIC 192848409,192848409,98
TIC 192852702,192852702,98
TIC 192928325,192928325,98
TIC 198076058,198076058,98
TIC 198081178,198081178,98
TIC 199752440,199752440,98
TIC 199754647,199754647,98
TIC 199756170,199756170,98
TIC 199756499,199756499,98
TIC 199756556,199756556,98
TIC 199757319,199757319,98
TIC 199757908,199757908,98
TIC 199779913,199779913,98
TIC 199782859,199782859,98
TIC 199784174,199784174,98
TIC 199826389,199826389,98
TIC 199886478,199886478,98
TIC 199887217,199887217,98
TIC 199888170,199888170,98
TIC 199888468,199888468,98
TIC 199890794,199890794,98
TIC 199894061,199894061,98
TIC 199898150,199898150,98
TIC 199912500,199912500,98
TIC 199912744,199912744,98
TIC 199912904,199912904,98
TIC 199914648,199914648,98
TIC 199914667,199914667,98
TIC 199914674,199914674,98
TIC 199917975,199917975,98
TIC 199957912,199957912,98
TIC 199960718,199960718,98
TIC 199963456,199963456,98
TIC 199963626,199963626,98
TIC 199963901,199963901,98
TIC 199966001,199966001,98
TIC 199968146,199968146,98
TIC 200001246,200001246,98
TIC 200001428,200001428,98
TIC 200001699,200001699,98
TIC 200004035,200004035,98
TIC 200004039,200004039,98
TIC 200004698,200004698,98
TIC 200005018,200005018,98
TIC 200005437,200005437,98
TIC 200021432,200021432,98
TIC 200021438,200021438,98
TIC 200024002,200024002,98
TIC 200025888,200025888,98
TIC 200026341,200026341,98
TIC 200027968,200027968,98
TIC 200028034,200028034,98
TIC 200049513,200049513,98
TIC 200049670,200049670,98
TIC 200051762,200051762,98
TIC 200087201,200087201,98
TIC 200088929,200088929,98
TIC 200090347,200090347,98
TIC 200093173,200093173,98
TIC 200093604,200093604,98
TIC 200094011,200094011,98
TIC 200094886,200094886,98
TIC 200117086,200117086,98
TIC 200117787,200117787,98
TIC 200256069,200256069,98
TIC 200279915,200279915,98
TIC 200279917,200279917,98
TIC 200280301,200280301,98
TIC 200280752,200280752,98
TIC 200281052,200281052,98
TIC 200282962,200282962,98
TIC 200297691,200297691,98
TIC 200298267,200298267,98
TIC 200320747,200320747,98
TIC 200320748,200320748,98
TIC 200320751,200320751,98
TIC 200321577,200321577,98
TIC 200322340,200322340,98
TIC 200322593,200322593,98
TIC 200323307,200323307,98
TIC 200323355,200323355,98
TIC 200325560,200325560,98
TIC 200325562,200325562,98
TIC 200326108,200326108,98
TIC 200339774,200339774,98
TIC 200340257,200340257,98
TIC 200340857,200340857,98
TIC 200341732,200341732,98
TIC 200363294,200363294,98
TIC 200363295,200363295,98
TIC 200364466,200364466,98
TIC 200368439,200368439,98
TIC 200373765,200373765,98
TIC 200375784,200375784,98
TIC 200376190,200376190,98
TIC 200384788,200384788,98
TIC 200385493,200385493,98
TIC 200386386,200386386,98
TIC 200388482,200388482,98
TIC 200388625,200388625,98
TIC 200390959,200390959,98
TIC 200391792,200391792,98
TIC 200391794,200391794,98
TIC 200397541,200397541,98
TIC 200432167,200432167,98
TIC 200432441,200432441,98
TIC 200432442,200432442,98
TIC 200432546,200432546,98
TIC 200434283,200434283,98
TIC 200435203,200435203,98
TIC 200436339,200436339,98
TIC 200438847,200438847,98
TIC 200439255,200439255,98
TIC 200439784,200439784,98
TIC 200439786,200439786,98
TIC 200441087,200441087,98
TIC 200459727,200459727,98
TIC 200459730,200459730,98
TIC 200460186,200460186,98
TIC 200460187,200460187,98
TIC 200460540,200460540,98
TIC 200461141,200461141,98
TIC 200474349,200474349,98
TIC 200474541,200474541,98
TIC 200475026,200475026,98
TIC 200475029,200475029,98
TIC 200475062,200475062,98
TIC 200475413,200475413,98
TIC 200475619,200475619,98
TIC 200476623,200476623,98
TIC 200477842,200477842,98
TIC 200513628,200513628,98
TIC 200515119,200515119,98
TIC 200516204,200516204,98
TIC 200516784,200516784,98
TIC 200516785,200516785,98
TIC 200519669,200519669,98
TIC 200521599,200521599,98
TIC 200525765,200525765,98
TIC 200526044,200526044,98
TIC 200541544,200541544,98
TIC 200543628,200543628,98
TIC 200544181,200544181,98
TIC 200544988,200544988,98
TIC 200545562,200545562,98
TIC 200546500,200546500,98
TIC 200547070,200547070,98
TIC 200547217,200547217,98
TIC 200590978,200590978,98
TIC 200591195,200591195,98
TIC 200599392,200599392,98
TIC 200601883,200601883,98
TIC 200639287,200639287,98
TIC 200639711,200639711,98
TIC 200641704,200641704,98
TIC 201365811,201365811,98
TIC 201367232,201367232,98
TIC 201367722,201367722,98
TIC 201368234,201368234,98
TIC 201369927,201369927,98
TIC 201370072,201370072,98
TIC 201372274,201372274,98
TIC 201372293,201372293,98
TIC 201372318,201372318,98
TIC 201372944,201372944,98
TIC 201373582,201373582,98
TIC 201374255,201374255,98
TIC 201390091,201390091,98
TIC 201390407,201390407,98
TIC 201390970,201390970,98
TIC 201391305,201391305,98
TIC 201391310,201391310,98
TIC 201392016,201392016,98
TIC 201423829,201423829,98
TIC 201425951,201425951,98
TIC 201426753,201426753,98
TIC 201427724,201427724,98
TIC 201430036,201430036,98
TIC 201431127,201431127,98
TIC 201432628,201432628,98
TIC 201433128,201433128,98
TIC 201465655,201465655,98
TIC 201465679,201465679,98
TIC 201465733,201465733,98
TIC 201466446,201466446,98
TIC 201467153,201467153,98
TIC 201468889,201468889,98
TIC 201469850,201469850,98
TIC 201470019,201470019,98
TIC 201492238,201492238,98
TIC 201493900,201493900,98
TIC 201494036,201494036,98
TIC 201494128,201494128,98
TIC 201494326,201494326,98
TIC 201495820,201495820,98
TIC 201497357,201497357,98
TIC 201508515,201508515,98
TIC 201510057,201510057,98
TIC 201510150,201510150,98
TIC 201511473,201511473,98
TIC 201513771,201513771,98
TIC 201514183,201514183,98
TIC 201530378,201530378,98
TIC 213033496,213033496,98
TIC 213033750,213033750,98
TIC 213033751,213033751,98
TIC 213033851,213033851,98
TIC 213034033,213034033,98
TIC 213034520,213034520,98
TIC 213034882,213034882,98
TIC 213036651,213036651,98
TIC 213037091,213037091,98
TIC 213037147,213037147,98
TIC 213038303,213038303,98
TIC 213040520,213040520,98
TIC 213041183,213041183,98
TIC 213041474,213041474,98
TIC 213041553,213041553,98
TIC 213041938,213041938,98
TIC 213042695,213042695,98
TIC 213043245,213043245,98
TIC 213043970,213043970,98
TIC 213044139,213044139,98
TIC 213044149,213044149,98
TIC 213044782,213044782,98
TIC 213044907,213044907,98
TIC 213045265,213045265,98
TIC 213047069,213047069,98
TIC 213047188,213047188,98
TIC 213048102,213048102,98
TIC 213048110,213048110,98
TIC 213048462,213048462,98
TIC 213049140,213049140,98
TIC 213049186,213049186,98
TIC 213051078,213051078,98
TIC 213051593,213051593,98
TIC 213069348,213069348,98
TIC 213069350,213069350,98
TIC 213070042,213070042,98
TIC 213072758,213072758,98
TIC 213074009,213074009,98
TIC 213074810,213074810,98
TIC 213075100,213075100,98
TIC 213075102,213075102,98
TIC 213075305,213075305,98
TIC 213075307,213075307,98
TIC 213076699,213076699,98
TIC 213076975,213076975,98
TIC 213077009,213077009,98
TIC 213077224,213077224,98
TIC 213077254,213077254,98
TIC 213077443,213077443,98
TIC 213079188,213079188,98
TIC 213080170,213080170,98
TIC 213080264,213080264,98
TIC 213102017,213102017,98
TIC 213102400,213102400,98
TIC 213102479,213102479,98
TIC 213104008,213104008,98
TIC 213104118,213104118,98
TIC 213105608,213105608,98
TIC 213106446,213106446,98
TIC 213106889,213106889,98
TIC 213142790,213142790,98
TIC 213142848,213142848,98
TIC 213143785,213143785,98
TIC 213144374,213144374,98
TIC 213144400,213144400,98
TIC 219143720,219143720,98
TIC 219145393,219145393,98
TIC 219145395,219145395,98
TIC 219145652,219145652,98
TIC 219147579,219147579,98
TIC 219147916,219147916,98
TIC 219149521,219149521,98
TIC 219154196,219154196,98
TIC 219154198,219154198,98
TIC 219159271,219159271,98
TIC 219162719,219162719,98
TIC 219162720,219162720,98
TIC 219164568,219164568,98
TIC 219165123,219165123,98
TIC 219167848,219167848,98
TIC 219168265,219168265,98
TIC 219173916,219173916,98
TIC 219173985,219173985,98
TIC 219179376,219179376,98
TIC 219192370,219192370,98
TIC 219197740,219197740,98
TIC 219198067,219198067,98
TIC 219198133,219198133,98
TIC 219200838,219200838,98
TIC 219203188,219203188,98
TIC 219203763,219203763,98
TIC 219204245,219204245,98
TIC 219208156,219208156,98
TIC 219210707,219210707,98
TIC 219215209,219215209,98
TIC 219245401,219245401,98
TIC 219246118,219246118,98
TIC 219366984,219366984,98
TIC 219367087,219367087,98
TIC 219367750,219367750,98
TIC 219368782,219368782,98
TIC 219374540,219374540,98
TIC 219374573,219374573,98
TIC 219375134,219375134,98
TIC 219381355,219381355,98
TIC 219387849,219387849,98
TIC 219388207,219388207,98
TIC 219394646,219394646,98
TIC 219395403,219395403,98
TIC 219396049,219396049,98
TIC 219400409,219400409,98
TIC 219404010,219404010,98
TIC 219418182,219418182,98
TIC 219421728,219421728,98
TIC 219424956,219424956,98
TIC 220022917,220022917,98
TIC 220023554,220023554,98
TIC 220026025,220026025,98
TIC 220028361,220028361,98
TIC 220041320,220041320,98
TIC 220042663,220042663,98
TIC 220044483,220044483,98
TIC 220044948,220044948,98
TIC 220046598,220046598,98
TIC 220050906,220050906,98
TIC 220054219,220054219,98
TIC 220054646,220054646,98
TIC 220061530,220061530,98
TIC 220063756,220063756,98
TIC 220064478,220064478,98
TIC 220064505,220064505,98
TIC 220066480,220066480,98
TIC 220067000,220067000,98
TIC 220068921,220068921,98
TIC 220071527,220071527,98
TIC 220076110,220076110,98
TIC 220078662,220078662,98
TIC 220394135,220394135,98
TIC 220406795,220406795,98
TIC 220419648,220419648,98
TIC 220438036,220438036,98
TIC 220598709,220598709,98
TIC 220613852,220613852,98
TIC 220614593,220614593,98
TIC 220616055,220616055,98
TIC 220616167,220616167,98
TIC 220619698,220619698,98
TIC 220619764,220619764,98
TIC 220619765,220619765,98
TIC 220621206,220621206,98
TIC 220623953,220623953,98
TIC 229080275,229080275,98
TIC 229080351,229080351,98
TIC 229081971,229081971,98
TIC 229081981,229081981,98
TIC 229083550,229083550,98
TIC 229084959,229084959,98
TIC 229085074,229085074,98
TIC 229087301,229087301,98
TIC 229087855,229087855,98
TIC 229088040,229088040,98
TIC 231303441,231303441,98
TIC 231304950,231304950,98
TIC 231305070,231305070,98
TIC 231305489,231305489,98
TIC 231306063,231306063,98
TIC 231306114,231306114,98
TIC 231306501,231306501,98
TIC 231307219,231307219,98
TIC 231307724,231307724,98
TIC 231307904,231307904,98
TIC 231309999,231309999,98
TIC 231312041,231312041,98
TIC 231312339,231312339,98
TIC 231313291,231313291,98
TIC 231314385,231314385,98
TIC 231314747,231314747,98
TIC 231314753,231314753,98
TIC 231315283,231315283,98
TIC 231315554,231315554,98
TIC 231336559,231336559,98
TIC 231720229,231720229,98
TIC 231722966,231722966,98
TIC 231726935,231726935,98
TIC 231735145,231735145,98
TIC 231735946,231735946,98
TIC 231736113,231736113,98
TIC 231803967,231803967,98
TIC 231804445,231804445,98
TIC 231822771,231822771,98
TIC 231916349,231916349,98
TIC 231917352,231917352,98
TIC 231918336,231918336,98
TIC 231919244,231919244,98
TIC 231919858,231919858,98
TIC 231921623,231921623,98
TIC 231924647,231924647,98
TIC 231925036,231925036,98
TIC 231927267,231927267,98
TIC 231927451,231927451,98
TIC 231929736,231929736,98
TIC 231931266,231931266,98
TIC 231936398,231936398,98
TIC 231936960,231936960,98
TIC 231937059,231937059,98
TIC 231937763,231937763,98
TIC 231937828,231937828,98
TIC 231941105,231941105,98
TIC 231941438,231941438,98
TIC 231941557,231941557,98
TIC 231941749,231941749,98
TIC 231942154,231942154,98
TIC 231942228,231942228,98
TIC 231942365,231942365,98
TIC 231943126,231943126,98
TIC 231946900,231946900,98
TIC 231947033,231947033,98
TIC 231947035,231947035,98
TIC 231947121,231947121,98
TIC 231947452,231947452,98
TIC 231947827,231947827,98
TIC 231950169,231950169,98
TIC 231950615,231950615,98
TIC 231951543,231951543,98
TIC 231952134,231952134,98
TIC 231955847,231955847,98
TIC 231956368,231956368,98
TIC 231957264,231957264,98
TIC 231957560,231957560,98
TIC 231958747,231958747,98
TIC 231961414,231961414,98
TIC 231962434,231962434,98
TIC 231962508,231962508,98
TIC 231963113,231963113,98
TIC 231963730,231963730,98
TIC 231966068,231966068,98
TIC 231966233,231966233,98
TIC 231966305,231966305,98
TIC 231967801,231967801,98
TIC 231969255,231969255,98
TIC 231972938,231972938,98
TIC 231973225,231973225,98
TIC 231973227,231973227,98
TIC 231973593,231973593,98
TIC 231974223,231974223,98
TIC 231975728,231975728,98
TIC 231975729,231975729,98
TIC 231975929,231975929,98
TIC 232017193,232017193,98
TIC 232017780,232017780,98
TIC 232018960,232018960,98
TIC 232018983,232018983,98
TIC 232022272,232022272,98
TIC 232022864,232022864,98
TIC 232024540,232024540,98
TIC 232024546,232024546,98
TIC 232025086,232025086,98
TIC 232025650,232025650,98
TIC 232026324,232026324,98
TIC 232027347,232027347,98
TIC 232027780,232027780,98
TIC 232028041,232028041,98
TIC 232028066,232028066,98
TIC 232029016,232029016,98
TIC 232029592,232029592,98
TIC 232030004,232030004,98
TIC 232030067,232030067,98
TIC 232030638,232030638,98
TIC 232032071,232032071,98
TIC 232032094,232032094,98
TIC 232033605,232033605,98
TIC 232035535,232035535,98
TIC 232036936,232036936,98
TIC 232037168,232037168,98
TIC 232037174,232037174,98
TIC 232038798,232038798,98
TIC 232039311,232039311,98
TIC 232040916,232040916,98
TIC 232040962,232040962,98
TIC 232042888,232042888,98
TIC 232044938,232044938,98
TIC 232047250,232047250,98
TIC 232048700,232048700,98
TIC 232049442,232049442,98
TIC 232050318,232050318,98
TIC 232051434,232051434,98
TIC 232052748,232052748,98
TIC 232053172,232053172,98
TIC 232055001,232055001,98
TIC 232057219,232057219,98
TIC 235045304,235045304,98
TIC 235046557,235046557,98
TIC 235062300,235062300,98
TIC 235063499,235063499,98
TIC 235065854,235065854,98
TIC 235066737,235066737,98
TIC 235067270,235067270,98
TIC 235070895,235070895,98
TIC 235071558,235071558,98
TIC 235071608,235071608,98
TIC 235072349,235072349,98
TIC 235072851,235072851,98
TIC 235077029,235077029,98
TIC 235077191,235077191,98
TIC 235077268,235077268,98
TIC 235077663,235077663,98
TIC 235078021,235078021,98
TIC 235078414,235078414,98
TIC 235079819,235079819,98
TIC 235080281,235080281,98
TIC 235081444,235081444,98
TIC 237362186,237362186,98
TIC 237383322,237383322,98
TIC 237383916,237383916,98
TIC 237387493,237387493,98
TIC 237387525,237387525,98
TIC 237388608,237388608,98
TIC 237391080,237391080,98
TIC 237392204,237392204,98
TIC 237392428,237392428,98
TIC 237395141,237395141,98
TIC 237395942,237395942,98
TIC 237397195,237397195,98
TIC 237397486,237397486,98
TIC 237399733,237399733,98
TIC 237400299,237400299,98
TIC 237402123,237402123,98
TIC 237402620,237402620,98
TIC 237405445,237405445,98
TIC 237405448,237405448,98
TIC 237406657,237406657,98
TIC 237941260,237941260,98
TIC 237941798,237941798,98
TIC 237941867,237941867,98
TIC 237945524,237945524,98
TIC 237945624,237945624,98
TIC 237945948,237945948,98
TIC 237948308,237948308,98
TIC 237950422,237950422,98
TIC 237952617,237952617,98
TIC 237953081,237953081,98
TIC 237954124,237954124,98
TIC 237954145,237954145,98
TIC 237954463,237954463,98
TIC 237956300,237956300,98
TIC 237957324,237957324,98
TIC 237971228,237971228,98
TIC 237971229,237971229,98
TIC 237975245,237975245,98
TIC 237977568,237977568,98
TIC 237981369,237981369,98
TIC 237984650,237984650,98
TIC 238002327,238002327,98
TIC 238010062,238010062,98
TIC 238017708,238017708,98
TIC 238019808,238019808,98
TIC 238025564,238025564,98
TIC 238025681,238025681,98
TIC 238027922,238027922,98
TIC 238035671,238035671,98
TIC 238036000,238036000,98
TIC 238036242,238036242,98
TIC 238037008,238037008,98
TIC 238038622,238038622,98
TIC 238046051,238046051,98
TIC 238068555,238068555,98
TIC 238079810,238079810,98
TIC 238190023,238190023,98
TIC 238896707,238896707,98
TIC 238896708,238896708,98
TIC 238898571,238898571,98
TIC 238898583,238898583,98
TIC 238916117,238916117,98
TIC 238917141,238917141,98
TIC 238918002,238918002,98
TIC 238921695,238921695,98
TIC 238922337,238922337,98
TIC 238922766,238922766,98
TIC 238923204,238923204,98
TIC 238924943,238924943,98
TIC 238925176,238925176,98
TIC 238926302,238926302,98
TIC 238927175,238927175,98
TIC 238927678,238927678,98
TIC 238928269,238928269,98
TIC 238929567,238929567,98
TIC 238930619,238930619,98
TIC 238930821,238930821,98
TIC 238948602,238948602,98
TIC 238949000,238949000,98
TIC 238949177,238949177,98
TIC 238949329,238949329,98
TIC 238950307,238950307,98
TIC 238950339,238950339,98
TIC 238950343,238950343,98
TIC 244203955,244203955,98
TIC 244204604,244204604,98
TIC 244205599,244205599,98
TIC 244205869,244205869,98
TIC 244205885,244205885,98
TIC 244206552,244206552,98
TIC 244207087,244207087,98
TIC 244208023,244208023,98
TIC 244208156,244208156,98
TIC 244208210,244208210,98
TIC 244208565,244208565,98
TIC 244208846,244208846,98
TIC 244209609,244209609,98
TIC 244210482,244210482,98
TIC 244212773,244212773,98
TIC 244217407,244217407,98
TIC 244218223,244218223,98
TIC 244241086,244241086,98
TIC 244242737,244242737,98
TIC 244242976,244242976,98
TIC 244243915,244243915,98
TIC 244245933,244245933,98
TIC 244246175,244246175,98
TIC 244246208,244246208,98
TIC 244246237,244246237,98
TIC 244247707,244247707,98
TIC 244248152,244248152,98
TIC 244249617,244249617,98
TIC 244249993,244249993,98
TIC 244250034,244250034,98
TIC 244250045,244250045,98
TIC 244250271,244250271,98
TIC 244250273,244250273,98
TIC 244250934,244250934,98
TIC 244253410,244253410,98
TIC 244253760,244253760,98
TIC 244253837,244253837,98
TIC 244254910,244254910,98
TIC 244255416,244255416,98
TIC 244255489,244255489,98
TIC 244256833,244256833,98
TIC 244257815,244257815,98
TIC 244257886,244257886,98
TIC 244258171,244258171,98
TIC 244258606,244258606,98
TIC 244278452,244278452,98
TIC 244278556,244278556,98
TIC 244278558,244278558,98
TIC 244278652,244278652,98
TIC 244279246,244279246,98
TIC 244279814,244279814,98
TIC 244281413,244281413,98
TIC 245786953,245786953,98
TIC 245787142,245787142,98
TIC 245787345,245787345,98
TIC 245787510,245787510,98
TIC 245787593,245787593,98
TIC 245787752,245787752,98
TIC 245789484,245789484,98
TIC 245789538,245789538,98
TIC 245789619,245789619,98
TIC 245789646,245789646,98
TIC 245790062,245790062,98
TIC 245790340,245790340,98
TIC 245793027,245793027,98
TIC 245793479,245793479,98
TIC 245794190,245794190,98
TIC 245794482,245794482,98
TIC 245796012,245796012,98
TIC 245796143,245796143,98
TIC 245796945,245796945,98
TIC 245797462,245797462,98
TIC 245797465,245797465,98
TIC 245797498,245797498,98
TIC 245798228,245798228,98
TIC 245799490,245799490,98
TIC 245819967,245819967,98
TIC 245819988,245819988,98
TIC 245820145,245820145,98
TIC 245820525,245820525,98
TIC 245820995,245820995,98
TIC 245821902,245821902,98
TIC 245821931,245821931,98
TIC 245822014,245822014,98
TIC 245822142,245822142,98
TIC 245823190,245823190,98
TIC 245823237,245823237,98
TIC 245826552,245826552,98
TIC 245826993,245826993,98
TIC 245827174,245827174,98
TIC 245827253,245827253,98
TIC 245827634,245827634,98
TIC 245832897,245832897,98
TIC 245833065,245833065,98
TIC 245833510,245833510,98
TIC 245834739,245834739,98
TIC 245835422,245835422,98
TIC 245837861,245837861,98
TIC 245858382,245858382,98
TIC 245858485,245858485,98
TIC 245858638,245858638,98
TIC 245859012,245859012,98
TIC 245859050,245859050,98
TIC 245860141,245860141,98
TIC 245860205,245860205,98
TIC 245860427,245860427,98
TIC 245860602,245860602,98
TIC 245860676,245860676,98
TIC 245863370,245863370,98
TIC 245863402,245863402,98
TIC 245863570,245863570,98
TIC 245863693,245863693,98
TIC 245864124,245864124,98
TIC 245864605,245864605,98
TIC 245865670,245865670,98
TIC 245865895,245865895,98
TIC 245865916,245865916,98
TIC 245870800,245870800,98
TIC 245870811,245870811,98
TIC 245870858,245870858,98
TIC 245870883,245870883,98
TIC 245871223,245871223,98
TIC 245871263,245871263,98
TIC 245871499,245871499,98
TIC 245873351,245873351,98
TIC 245873399,245873399,98
TIC 245895478,245895478,98
TIC 245896123,245896123,98
TIC 245896863,245896863,98
TIC 245896864,245896864,98
TIC 245897521,245897521,98
TIC 245897833,245897833,98
TIC 245897845,245897845,98
TIC 245898675,245898675,98
TIC 245899082,245899082,98
TIC 245899466,245899466,98
TIC 245902684,245902684,98
TIC 245904110,245904110,98
TIC 245905701,245905701,98
TIC 245905821,245905821,98
TIC 245909188,245909188,98
TIC 245910071,245910071,98
TIC 245910524,245910524,98
TIC 245911082,245911082,98
TIC 245911326,245911326,98
TIC 245911836,245911836,98
TIC 245911904,245911904,98
TIC 245911976,245911976,98
TIC 245936201,245936201,98
TIC 245936817,245936817,98
TIC 245937103,245937103,98
TIC 245938402,245938402,98
TIC 245938593,245938593,98
TIC 245941385,245941385,98
TIC 245941959,245941959,98
TIC 245942670,245942670,98
TIC 245943266,245943266,98
TIC 245944973,245944973,98
TIC 245948461,245948461,98
TIC 245948521,245948521,98
TIC 245949052,245949052,98
TIC 245949089,245949089,98
TIC 245950135,245950135,98
TIC 245950209,245950209,98
TIC 246896530,246896530,98
TIC 246896855,246896855,98
TIC 246897668,246897668,98
TIC 246899818,246899818,98
TIC 246900086,246900086,98
TIC 246900752,246900752,98
TIC 246902275,246902275,98
TIC 246902341,246902341,98
TIC 246902850,246902850,98
TIC 246903608,246903608,98
TIC 246904066,246904066,98
TIC 246904264,246904264,98
TIC 246904956,246904956,98
TIC 246905356,246905356,98
TIC 246905764,246905764,98
TIC 246927556,246927556,98
TIC 246927990,246927990,98
TIC 246930276,246930276,98
TIC 246930866,246930866,98
TIC 247437355,247437355,98
TIC 247440592,247440592,98
TIC 247463344,247463344,98
TIC 247464758,247464758,98
TIC 247476557,247476557,98
TIC 247477958,247477958,98
TIC 247480908,247480908,98
TIC 247482592,247482592,98
TIC 247508930,247508930,98
TIC 247510278,247510278,98
TIC 247510287,247510287,98
TIC 247513571,247513571,98
TIC 247513789,247513789,98
TIC 247518629,247518629,98
TIC 247524640,247524640,98
TIC 247529469,247529469,98
TIC 247559428,247559428,98
TIC 247561578,247561578,98
TIC 247587312,247587312,98
TIC 247587453,247587453,98
TIC 247592598,247592598,98
TIC 247594432,247594432,98
TIC 247604206,247604206,98
TIC 247604578,247604578,98
TIC 247605231,247605231,98
TIC 247606661,247606661,98
TIC 247609137,247609137,98
TIC 247631490,247631490,98
TIC 247637525,247637525,98
TIC 247638066,247638066,98
TIC 247668942,247668942,98
TIC 247669971,247669971,98
TIC 247670565,247670565,98
TIC 247670578,247670578,98
TIC 247671698,247671698,98
TIC 247673698,247673698,98
TIC 247677405,247677405,98
TIC 247677483,247677483,98
TIC 247677744,247677744,98
TIC 247681326,247681326,98
TIC 247684822,247684822,98
TIC 247714888,247714888,98
TIC 247715539,247715539,98
TIC 247718550,247718550,98
TIC 247720272,247720272,98
TIC 247745459,247745459,98
TIC 247761026,247761026,98
TIC 247762275,247762275,98
TIC 247826216,247826216,98
TIC 248394898,248394898,98
TIC 248394899,248394899,98
TIC 248395037,248395037,98
TIC 248395344,248395344,98
TIC 248396674,248396674,98
TIC 248396784,248396784,98
TIC 248396788,248396788,98
TIC 248396932,248396932,98
TIC 248397211,248397211,98
TIC 248397224,248397224,98
TIC 248436130,248436130,98
TIC 248436139,248436139,98
TIC 248436141,248436141,98
TIC 248436288,248436288,98
TIC 248436420,248436420,98
TIC 248436954,248436954,98
TIC 248437159,248437159,98
TIC 248437531,248437531,98
TIC 248437699,248437699,98
TIC 248437701,248437701,98
TIC 248437923,248437923,98
TIC 248438050,248438050,98
TIC 248438245,248438245,98
TIC 248438588,248438588,98
TIC 248438817,248438817,98
TIC 248439912,248439912,98
TIC 248441569,248441569,98
TIC 248441877,248441877,98
TIC 248441972,248441972,98
TIC 248443803,248443803,98
TIC 248443804,248443804,98
TIC 248445090,248445090,98
TIC 248445450,248445450,98
TIC 248445562,248445562,98
TIC 248445793,248445793,98
TIC 248445861,248445861,98
TIC 248446312,248446312,98
TIC 248446546,248446546,98
TIC 248448574,248448574,98
TIC 248448912,248448912,98
TIC 248449093,248449093,98
TIC 248472159,248472159,98
TIC 248472506,248472506,98
TIC 248475125,248475125,98
TIC 248477455,248477455,98
TIC 248611227,248611227,98
TIC 248611592,248611592,98
TIC 248613000,248613000,98
TIC 248613727,248613727,98
TIC 248615008,248615008,98
TIC 248618986,248618986,98
TIC 248619573,248619573,98
TIC 248619826,248619826,98
TIC 248620776,248620776,98
TIC 248620873,248620873,98
TIC 248621149,248621149,98
TIC 248621994,248621994,98
TIC 248643865,248643865,98
TIC 248645099,248645099,98
TIC 248646452,248646452,98
TIC 248647064,248647064,98
TIC 248647520,248647520,98
TIC 248647840,248647840,98
TIC 248647927,248647927,98
TIC 248650906,248650906,98
TIC 248653186,248653186,98
TIC 248654229,248654229,98
TIC 248654486,248654486,98
TIC 248655096,248655096,98
TIC 248655556,248655556,98
TIC 248655895,248655895,98
TIC 248656622,248656622,98
TIC 248659679,248659679,98
TIC 248660550,248660550,98
TIC 248661054,248661054,98
TIC 248661126,248661126,98
TIC 248682652,248682652,98
TIC 248682910,248682910,98
TIC 248686314,248686314,98
TIC 248687502,248687502,98
TIC 248687730,248687730,98
TIC 248688920,248688920,98
TIC 248689510,248689510,98
TIC 248689981,248689981,98
TIC 248690688,248690688,98
TIC 248690997,248690997,98
TIC 248691986,248691986,98
TIC 248991496,248991496,98
TIC 248993554,248993554,98
TIC 248995242,248995242,98
TIC 248995415,248995415,98
TIC 248995803,248995803,98
TIC 248996462,248996462,98
TIC 248996490,248996490,98
TIC 248997283,248997283,98
TIC 248997408,248997408,98
TIC 248997816,248997816,98
TIC 248998210,248998210,98
TIC 248998481,248998481,98
TIC 248998483,248998483,98
TIC 248999803,248999803,98
TIC 249001156,249001156,98
TIC 249022694,249022694,98
TIC 249023235,249023235,98
TIC 249026450,249026450,98
TIC 249026628,249026628,98
TIC 249026796,249026796,98
TIC 249026941,249026941,98
TIC 249027325,249027325,98
TIC 249028219,249028219,98
TIC 249028515,249028515,98
TIC 249030611,249030611,98
TIC 249031125,249031125,98
TIC 249031378,249031378,98
TIC 249033128,249033128,98
TIC 249035217,249035217,98
TIC 249037711,249037711,98
TIC 249039458,249039458,98
TIC 249040084,249040084,98
TIC 249040177,249040177,98
TIC 249040374,249040374,98
TIC 249041596,249041596,98
TIC 249068330,249068330,98
TIC 249069464,249069464,98
TIC 249071639,249071639,98
TIC 249072932,249072932,98
TIC 249076317,249076317,98
TIC 249076868,249076868,98
TIC 249076942,249076942,98
TIC 249077362,249077362,98
TIC 249077541,249077541,98
TIC 250191009,250191009,98
TIC 250192092,250192092,98
TIC 250192495,250192495,98
TIC 250194368,250194368,98
TIC 250195155,250195155,98
TIC 250195568,250195568,98
TIC 250196253,250196253,98
TIC 250197488,250197488,98
TIC 250199932,250199932,98
TIC 250201632,250201632,98
TIC 250202090,250202090,98
TIC 255549208,255549208,98
TIC 255550812,255550812,98
TIC 255554970,255554970,98
TIC 255556355,255556355,98
TIC 255557420,255557420,98
TIC 255560654,255560654,98
TIC 255562201,255562201,98
TIC 255563908,255563908,98
TIC 255564154,255564154,98
TIC 255564988,255564988,98
TIC 255565783,255565783,98
TIC 255565860,255565860,98
TIC 255567700,255567700,98
TIC 255569181,255569181,98
TIC 255569629,255569629,98
TIC 255570210,255570210,98
TIC 255585244,255585244,98
TIC 255588335,255588335,98
TIC 255588337,255588337,98
TIC 255588894,255588894,98
TIC 255589393,255589393,98
TIC 255590597,255590597,98
TIC 255590740,255590740,98
TIC 255590987,255590987,98
TIC 255591548,255591548,98
TIC 255592541,255592541,98
TIC 255614399,255614399,98
TIC 255614823,255614823,98
TIC 255619109,255619109,98
TIC 255620517,255620517,98
TIC 255629212,255629212,98
TIC 255629890,255629890,98
TIC 255633920,255633920,98
TIC 255635196,255635196,98
TIC 255641424,255641424,98
TIC 255642378,255642378,98
TIC 255682153,255682153,98
TIC 255684391,255684391,98
TIC 255685191,255685191,98
TIC 255685231,255685231,98
TIC 255685823,255685823,98
TIC 255688250,255688250,98
TIC 255697796,255697796,98
TIC 255699681,255699681,98
TIC 255701317,255701317,98
TIC 255702518,255702518,98
TIC 255704097,255704097,98
TIC 255704443,255704443,98
TIC 255704455,255704455,98
TIC 255741185,255741185,98
TIC 255741517,255741517,98
TIC 255741939,255741939,98
TIC 255743472,255743472,98
TIC 255752750,255752750,98
TIC 255752950,255752950,98
TIC 255754489,255754489,98
TIC 255754790,255754790,98
TIC 255756043,255756043,98
TIC 255756592,255756592,98
TIC 255756918,255756918,98
TIC 255757760,255757760,98
TIC 255780160,255780160,98
TIC 255780375,255780375,98
TIC 255780884,255780884,98
TIC 255780886,255780886,98
TIC 255781884,255781884,98
TIC 255781988,255781988,98
TIC 255782737,255782737,98
TIC 255783459,255783459,98
TIC 256838266,256838266,98
TIC 256838654,256838654,98
TIC 257643750,257643750,98
TIC 257644579,257644579,98
TIC 257656619,257656619,98
TIC 257656960,257656960,98
TIC 257658027,257658027,98
TIC 257689590,257689590,98
TIC 259590908,259590908,98
TIC 259699701,259699701,98
TIC 259699877,259699877,98
TIC 260077794,260077794,98
TIC 260269256,260269256,98
TIC 260355861,260355861,98
TIC 260371225,260371225,98
TIC 260418994,260418994,98
TIC 260607767,260607767,98
TIC 260607768,260607768,98
TIC 262258129,262258129,98
TIC 262258253,262258253,98
TIC 262258341,262258341,98
TIC 262297501,262297501,98
TIC 262298141,262298141,98
TIC 262298181,262298181,98
TIC 262298367,262298367,98
TIC 262300150,262300150,98
TIC 262300858,262300858,98
TIC 262301297,262301297,98
TIC 262325406,262325406,98
TIC 262325558,262325558,98
TIC 262327744,262327744,98
TIC 262329581,262329581,98
TIC 262398162,262398162,98
TIC 262398621,262398621,98
TIC 262399760,262399760,98
TIC 262400075,262400075,98
TIC 262400612,262400612,98
TIC 262400671,262400671,98
TIC 262401293,262401293,98
TIC 262401853,262401853,98
TIC 262402696,262402696,98
TIC 262411430,262411430,98
TIC 262411587,262411587,98
TIC 262411770,262411770,98
TIC 262412757,262412757,98
TIC 262412883,262412883,98
TIC 262434341,262434341,98
TIC 262435168,262435168,98
TIC 262435444,262435444,98
TIC 262435571,262435571,98
TIC 262435808,262435808,98
TIC 262435954,262435954,98
TIC 262436575,262436575,98
TIC 262437285,262437285,98
TIC 262437488,262437488,98
TIC 262462116,262462116,98
TIC 262462138,262462138,98
TIC 262463050,262463050,98
TIC 262466283,262466283,98
TIC 262501316,262501316,98
TIC 262502962,262502962,98
TIC 262503751,262503751,98
TIC 262504612,262504612,98
TIC 264458846,264458846,98
TIC 264459286,264459286,98
TIC 264459606,264459606,98
TIC 264459811,264459811,98
TIC 264459943,264459943,98
TIC 264459991,264459991,98
TIC 264460009,264460009,98
TIC 264460145,264460145,98
TIC 264460269,264460269,98
TIC 264460730,264460730,98
TIC 264460739,264460739,98
TIC 264460969,264460969,98
TIC 264461037,264461037,98
TIC 264461317,264461317,98
TIC 264461342,264461342,98
TIC 264461483,264461483,98
TIC 264461683,264461683,98
TIC 264461748,264461748,98
TIC 264463714,264463714,98
TIC 264480831,264480831,98
TIC 264482486,264482486,98
TIC 264483662,264483662,98
TIC 264483905,264483905,98
TIC 264484174,264484174,98
TIC 264484400,264484400,98
TIC 264484543,264484543,98
TIC 264484676,264484676,98
TIC 264484819,264484819,98
TIC 264484958,264484958,98
TIC 264485199,264485199,98
TIC 264485328,264485328,98
TIC 264485406,264485406,98
TIC 264485563,264485563,98
TIC 264485571,264485571,98
TIC 264485748,264485748,98
TIC 264485908,264485908,98
TIC 264485940,264485940,98
TIC 264486067,264486067,98
TIC 264486956,264486956,98
TIC 264537668,264537668,98
TIC 264538359,264538359,98
TIC 264538740,264538740,98
TIC 264540478,264540478,98
TIC 264540631,264540631,98
TIC 264540896,264540896,98
TIC 264541004,264541004,98
TIC 264541233,264541233,98
TIC 264541377,264541377,98
TIC 264541579,264541579,98
TIC 264541923,264541923,98
TIC 264541946,264541946,98
TIC 264542034,264542034,98
TIC 264542093,264542093,98
TIC 264542187,264542187,98
TIC 264543404,264543404,98
TIC 264591051,264591051,98
TIC 264592360,264592360,98
TIC 264592553,264592553,98
TIC 264594036,264594036,98
TIC 264594781,264594781,98
TIC 264625352,264625352,98
TIC 264627642,264627642,98
TIC 264630021,264630021,98
TIC 264630136,264630136,98
TIC 264630810,264630810,98
TIC 264631173,264631173,98
TIC 264631514,264631514,98
TIC 264631525,264631525,98
TIC 264631554,264631554,98
TIC 264679801,264679801,98
TIC 264679803,264679803,98
TIC 264679887,264679887,98
TIC 264679929,264679929,98
TIC 264680009,264680009,98
TIC 264681681,264681681,98
TIC 264682044,264682044,98
TIC 264682092,264682092,98
TIC 264683542,264683542,98
TIC 264739156,264739156,98
TIC 264740348,264740348,98
TIC 264740510,264740510,98
TIC 264740570,264740570,98
TIC 264740906,264740906,98
TIC 264742947,264742947,98
TIC 264743032,264743032,98
TIC 264743052,264743052,98
TIC 264743121,264743121,98
TIC 264743123,264743123,98
TIC 264743190,264743190,98
TIC 264743326,264743326,98
TIC 264744184,264744184,98
TIC 264746158,264746158,98
TIC 267196087,267196087,98
TIC 267196088,267196088,98
TIC 267196148,267196148,98
TIC 267197094,267197094,98
TIC 267197567,267197567,98
TIC 267252877,267252877,98
TIC 267254246,267254246,98
TIC 267327229,267327229,98
TIC 267327257,267327257,98
TIC 269054667,269054667,98
TIC 269055265,269055265,98
TIC 269075076,269075076,98
TIC 269077397,269077397,98
TIC 269077572,269077572,98
TIC 269077734,269077734,98
TIC 269077806,269077806,98
TIC 269077985,269077985,98
TIC 269079069,269079069,98
TIC 269114757,269114757,98
TIC 269115510,269115510,98
TIC 269115609,269115609,98
TIC 269115957,269115957,98
TIC 269116645,269116645,98
TIC 269116656,269116656,98
TIC 269117361,269117361,98
TIC 269117661,269117661,98
TIC 269200943,269200943,98
TIC 269201467,269201467,98
TIC 269741285,269741285,98
TIC 269741286,269741286,98
TIC 269792989,269792989,98
TIC 270573913,270573913,98
TIC 270573916,270573916,98
TIC 270576019,270576019,98
TIC 270576160,270576160,98
TIC 270576351,270576351,98
TIC 270576708,270576708,98
TIC 270625535,270625535,98
TIC 270674067,270674067,98
TIC 270675544,270675544,98
TIC 271550749,271550749,98
TIC 272285352,272285352,98
TIC 276662144,276662144,98
TIC 276663392,276663392,98
TIC 278724063,278724063,98
TIC 278780359,278780359,98
TIC 278861114,278861114,98
TIC 278866956,278866956,98
TIC 278866967,278866967,98
TIC 278867396,278867396,98
TIC 278867398,278867398,98
TIC 278986731,278986731,98
TIC 278986957,278986957,98
TIC 278987372,278987372,98
TIC 278992974,278992974,98
TIC 279087467,279087467,98
TIC 279214706,279214706,98
TIC 279246259,279246259,98
TIC 279357914,279357914,98
TIC 279358612,279358612,98
TIC 279358751,279358751,98
TIC 279359839,279359839,98
TIC 279479635,279479635,98
TIC 279479782,279479782,98
TIC 279479936,279479936,98
TIC 279514865,279514865,98
TIC 279516367,279516367,98
TIC 279576672,279576672,98
TIC 279580178,279580178,98
TIC 279580813,279580813,98
TIC 279582437,279582437,98
TIC 279582873,279582873,98
TIC 279640088,279640088,98
TIC 279640409,279640409,98
TIC 279644279,279644279,98
TIC 279644939,279644939,98
TIC 279695076,279695076,98
TIC 279696912,279696912,98
TIC 279698725,279698725,98
TIC 279698876,279698876,98
TIC 279786731,279786731,98
TIC 279788098,279788098,98
TIC 280968520,280968520,98
TIC 280969250,280969250,98
TIC 281046166,281046166,98
TIC 281046387,281046387,98
TIC 281047621,281047621,98
TIC 281049406,281049406,98
TIC 283727932,283727932,98
TIC 283750761,283750761,98
TIC 283751025,283751025,98
TIC 283751196,283751196,98
TIC 283751542,283751542,98
TIC 283752390,283752390,98
TIC 283793404,283793404,98
TIC 283793507,283793507,98
TIC 283793973,283793973,98
TIC 283794318,283794318,98
TIC 283795398,283795398,98
TIC 283824085,283824085,98
TIC 283824432,283824432,98
TIC 283824581,283824581,98
TIC 283824622,283824622,98
TIC 283825171,283825171,98
TIC 283825351,283825351,98
TIC 283825999,283825999,98
TIC 283826347,283826347,98
TIC 283826634,283826634,98
TIC 283828030,283828030,98
TIC 283865031,283865031,98
TIC 283866109,283866109,98
TIC 283866221,283866221,98
TIC 283866771,283866771,98
TIC 283866910,283866910,98
TIC 283910982,283910982,98
TIC 283911847,283911847,98
TIC 284201868,284201868,98
TIC 284201885,284201885,98
TIC 284278878,284278878,98
TIC 284280296,284280296,98
TIC 284286029,284286029,98
TIC 284624777,284624777,98
TIC 284676955,284676955,98
TIC 284677673,284677673,98
TIC 284677674,284677674,98
TIC 284677796,284677796,98
TIC 284677903,284677903,98
TIC 284702522,284702522,98
TIC 284702743,284702743,98
TIC 284703017,284703017,98
TIC 284704271,284704271,98
TIC 284705414,284705414,98
TIC 284705722,284705722,98
TIC 284729177,284729177,98
TIC 284729668,284729668,98
TIC 284730577,284730577,98
TIC 284790075,284790075,98
TIC 284791162,284791162,98
TIC 284794221,284794221,98
TIC 284794780,284794780,98
TIC 284796854,284796854,98
TIC 284797942,284797942,98
TIC 284857682,284857682,98
TIC 284857851,284857851,98
TIC 284857894,284857894,98
TIC 284858162,284858162,98
TIC 284858336,284858336,98
TIC 284859630,284859630,98
TIC 284860472,284860472,98
TIC 284864375,284864375,98
TIC 284905316,284905316,98
TIC 284907742,284907742,98
TIC 287584993,287584993,98
TIC 287636631,287636631,98
TIC 287638396,287638396,98
TIC 287720218,287720218,98
TIC 287720584,287720584,98
TIC 287721202,287721202,98
TIC 287772548,287772548,98
TIC 287838410,287838410,98
TIC 287841093,287841093,98
TIC 287841305,287841305,98
TIC 287842651,287842651,98
TIC 290167366,290167366,98
TIC 290167686,290167686,98
TIC 290716594,290716594,98
TIC 290716931,290716931,98
TIC 290716988,290716988,98
TIC 290717316,290717316,98
TIC 290753115,290753115,98
TIC 290753116,290753116,98
TIC 290754276,290754276,98
TIC 293466040,293466040,98
TIC 293471975,293471975,98
TIC 293473491,293473491,98
TIC 293473728,293473728,98
TIC 293473888,293473888,98
TIC 293512375,293512375,98
TIC 293513505,293513505,98
TIC 293514367,293514367,98
TIC 293515726,293515726,98
TIC 293609343,293609343,98
TIC 293612446,293612446,98
TIC 293613670,293613670,98
TIC 293633431,293633431,98
TIC 293636456,293636456,98
TIC 293646861,293646861,98
TIC 293647796,293647796,98
TIC 293648017,293648017,98
TIC 293649186,293649186,98
TIC 293652339,293652339,98
TIC 293688636,293688636,98
TIC 293689266,293689266,98
TIC 293690373,293690373,98
TIC 293691967,293691967,98
TIC 293692895,293692895,98
TIC 293692955,293692955,98
TIC 293694290,293694290,98
TIC 293694367,293694367,98
TIC 293694777,293694777,98
TIC 293695677,293695677,98
TIC 293695886,293695886,98
TIC 293696773,293696773,98
TIC 293698035,293698035,98
TIC 293698622,293698622,98
TIC 293770448,293770448,98
TIC 293771967,293771967,98
TIC 293776823,293776823,98
TIC 293778411,293778411,98
TIC 293830360,293830360,98
TIC 293832702,293832702,98
TIC 293839267,293839267,98
TIC 293839581,293839581,98
TIC 293887235,293887235,98
TIC 293887280,293887280,98
TIC 293887719,293887719,98
TIC 293889483,293889483,98
TIC 293893392,293893392,98
TIC 293938442,293938442,98
TIC 293939752,293939752,98
TIC 293939806,293939806,98
TIC 293940597,293940597,98
TIC 293944759,293944759,98
TIC 293969858,293969858,98
TIC 293969860,293969860,98
TIC 293994193,293994193,98
TIC 298769313,298769313,98
TIC 298770731,298770731,98
TIC 298809551,298809551,98
TIC 298810031,298810031,98
TIC 298810162,298810162,98
TIC 298810402,298810402,98
TIC 298811075,298811075,98
TIC 298811876,298811876,98
TIC 298812417,298812417,98
TIC 298813246,298813246,98
TIC 298814364,298814364,98
TIC 298814435,298814435,98
TIC 298846653,298846653,98
TIC 298847136,298847136,98
TIC 298847394,298847394,98
TIC 298849770,298849770,98
TIC 298850621,298850621,98
TIC 298851147,298851147,98
TIC 298851264,298851264,98
TIC 298903485,298903485,98
TIC 298903489,298903489,98
TIC 298904525,298904525,98
TIC 298907057,298907057,98
TIC 298957105,298957105,98
TIC 298957434,298957434,98
TIC 298957799,298957799,98
TIC 298959630,298959630,98
TIC 298961211,298961211,98
TIC 298961213,298961213,98
TIC 298981199,298981199,98
TIC 298981924,298981924,98
TIC 298982211,298982211,98
TIC 298982845,298982845,98
TIC 298983685,298983685,98
TIC 298986045,298986045,98
TIC 299003767,299003767,98
TIC 299004430,299004430,98
TIC 299005051,299005051,98
TIC 299007369,299007369,98
TIC 299007548,299007548,98
TIC 299007997,299007997,98
TIC 299008348,299008348,98
TIC 299066135,299066135,98
TIC 299067703,299067703,98
TIC 299067705,299067705,98
TIC 299068868,299068868,98
TIC 299095126,299095126,98
TIC 299096773,299096773,98
TIC 299098478,299098478,98
TIC 300112979,300112979,98
TIC 300113221,300113221,98
TIC 300113964,300113964,98
TIC 300115533,300115533,98
TIC 300142989,300142989,98
TIC 300143416,300143416,98
TIC 300145393,300145393,98
TIC 300145861,300145861,98
TIC 300146024,300146024,98
TIC 300147216,300147216,98
TIC 300147792,300147792,98
TIC 300148491,300148491,98
TIC 300162713,300162713,98
TIC 300201231,300201231,98
TIC 300201489,300201489,98
TIC 300202855,300202855,98
TIC 300203210,300203210,98
TIC 300203228,300203228,98
TIC 300204369,300204369,98
TIC 300288214,300288214,98
TIC 300741226,300741226,98
TIC 300745960,300745960,98
TIC 300867324,300867324,98
TIC 301057171,301057171,98
TIC 301083701,301083701,98
TIC 301085862,301085862,98
TIC 301861686,301861686,98
TIC 301861807,301861807,98
TIC 302138281,302138281,98
TIC 302139856,302139856,98
TIC 302212110,302212110,98
TIC 302267223,302267223,98
TIC 302268565,302268565,98
TIC 302275140,302275140,98
TIC 302276128,302276128,98
TIC 302276131,302276131,98
TIC 302281192,302281192,98
TIC 302281292,302281292,98
TIC 302340110,302340110,98
TIC 302345588,302345588,98
TIC 302346975,302346975,98
TIC 302363736,302363736,98
TIC 302364858,302364858,98
TIC 302414811,302414811,98
TIC 302417511,302417511,98
TIC 302418572,302418572,98
TIC 302419660,302419660,98
TIC 302422226,302422226,98
TIC 302489744,302489744,98
TIC 302492175,302492175,98
TIC 302493325,302493325,98
TIC 302494057,302494057,98
TIC 302496876,302496876,98
TIC 302529168,302529168,98
TIC 302531735,302531735,98
TIC 302532841,302532841,98
TIC 302537505,302537505,98
TIC 302540282,302540282,98
TIC 302595663,302595663,98
TIC 302607294,302607294,98
TIC 302613885,302613885,98
TIC 302614990,302614990,98
TIC 302672160,302672160,98
TIC 302672484,302672484,98
TIC 302674460,302674460,98
TIC 302675838,302675838,98
TIC 302681556,302681556,98
TIC 302758147,302758147,98
TIC 302759417,302759417,98
TIC 302761632,302761632,98
TIC 302762322,302762322,98
TIC 302763117,302763117,98
TIC 302824830,302824830,98
TIC 302824837,302824837,98
TIC 302825607,302825607,98
TIC 302826762,302826762,98
TIC 302829745,302829745,98
TIC 302832796,302832796,98
TIC 302894089,302894089,98
TIC 302895184,302895184,98
TIC 302902848,302902848,98
TIC 302902869,302902869,98
TIC 302902943,302902943,98
TIC 302904748,302904748,98
TIC 302963174,302963174,98
TIC 302963175,302963175,98
TIC 302963227,302963227,98
TIC 302965687,302965687,98
TIC 302969376,302969376,98
TIC 302972313,302972313,98
TIC 302972868,302972868,98
TIC 302976163,302976163,98
TIC 302976834,302976834,98
TIC 303596825,303596825,98
TIC 303680827,303680827,98
TIC 303680865,303680865,98
TIC 303760478,303760478,98
TIC 303767154,303767154,98
TIC 303767983,303767983,98
TIC 306330139,306330139,98
TIC 306337040,306337040,98
TIC 306362738,306362738,98
TIC 306362861,306362861,98
TIC 306362880,306362880,98
TIC 306391653,306391653,98
TIC 306508340,306508340,98
TIC 306580420,306580420,98
TIC 306898990,306898990,98
TIC 306928013,306928013,98
TIC 307033039,307033039,98
TIC 307211790,307211790,98
TIC 307214209,307214209,98
TIC 307218058,307218058,98
TIC 307288808,307288808,98
TIC 307288907,307288907,98
TIC 307291308,307291308,98
TIC 307441393,307441393,98
TIC 307492324,307492324,98
TIC 307492741,307492741,98
TIC 307494870,307494870,98
TIC 307571557,307571557,98
TIC 307571978,307571978,98
TIC 307573001,307573001,98
TIC 307779650,307779650,98
TIC 307782349,307782349,98
TIC 307783859,307783859,98
TIC 307784098,307784098,98
TIC 307784862,307784862,98
TIC 307784873,307784873,98
TIC 307785290,307785290,98
TIC 307921497,307921497,98
TIC 307993483,307993483,98
TIC 308000282,308000282,98
TIC 308085979,308085979,98
TIC 308086497,308086497,98
TIC 308087983,308087983,98
TIC 308144559,308144559,98
TIC 308146525,308146525,98
TIC 308147214,308147214,98
TIC 308399044,308399044,98
TIC 308399045,308399045,98
TIC 308662490,308662490,98
TIC 309656200,309656200,98
TIC 309759365,309759365,98
TIC 309792958,309792958,98
TIC 309795862,309795862,98
TIC 309908907,309908907,98
TIC 311239796,311239796,98
TIC 311240469,311240469,98
TIC 311240470,311240470,98
TIC 311240742,311240742,98
TIC 311268497,311268497,98
TIC 311268712,311268712,98
TIC 311269062,311269062,98
TIC 311269739,311269739,98
TIC 311271011,311271011,98
TIC 311271081,311271081,98
TIC 311271784,311271784,98
TIC 311271803,311271803,98
TIC 313139151,313139151,98
TIC 313139804,313139804,98
TIC 313140177,313140177,98
TIC 313140591,313140591,98
TIC 314830131,314830131,98
TIC 314830135,314830135,98
TIC 316836242,316836242,98
TIC 316837420,316837420,98
TIC 316873876,316873876,98
TIC 316874070,316874070,98
TIC 316874075,316874075,98
TIC 316875094,316875094,98
TIC 316876045,316876045,98
TIC 316876547,316876547,98
TIC 316877366,316877366,98
TIC 316915529,316915529,98
TIC 316916479,316916479,98
TIC 316916654,316916654,98
TIC 316916655,316916655,98
TIC 316916962,316916962,98
TIC 316917981,316917981,98
TIC 316918025,316918025,98
TIC 316918132,316918132,98
TIC 316919145,316919145,98
TIC 316919351,316919351,98
TIC 316919370,316919370,98
TIC 316919585,316919585,98
TIC 316920092,316920092,98
TIC 316970305,316970305,98
TIC 316971749,316971749,98
TIC 316973124,316973124,98
TIC 316974769,316974769,98
TIC 317017548,317017548,98
TIC 317018928,317018928,98
TIC 317019074,317019074,98
TIC 317022589,317022589,98
TIC 317024482,317024482,98
TIC 317024828,317024828,98
TIC 317024829,317024829,98
TIC 317025485,317025485,98
TIC 317026307,317026307,98
TIC 317026948,317026948,98
TIC 317089770,317089770,98
TIC 317090307,317090307,98
TIC 317090802,317090802,98
TIC 317090803,317090803,98
TIC 317091739,317091739,98
TIC 317092495,317092495,98
TIC 317093374,317093374,98
TIC 317094235,317094235,98
TIC 317094355,317094355,98
TIC 317096584,317096584,98
TIC 317131657,317131657,98
TIC 317131676,317131676,98
TIC 317132251,317132251,98
TIC 317132886,317132886,98
TIC 317133707,317133707,98
TIC 317134140,317134140,98
TIC 317135439,317135439,98
TIC 317136191,317136191,98
TIC 317136523,317136523,98
TIC 317136821,317136821,98
TIC 317138184,317138184,98
TIC 317185801,317185801,98
TIC 317187812,317187812,98
TIC 317188691,317188691,98
TIC 317189702,317189702,98
TIC 317190266,317190266,98
TIC 317190842,317190842,98
TIC 317279707,317279707,98
TIC 317281269,317281269,98
TIC 317283576,317283576,98
TIC 317284992,317284992,98
TIC 317328621,317328621,98
TIC 317330359,317330359,98
TIC 317330474,317330474,98
TIC 317412815,317412815,98
TIC 317412817,317412817,98
TIC 317414785,317414785,98
TIC 317416319,317416319,98
TIC 317416547,317416547,98
TIC 317417590,317417590,98
TIC 317417870,317417870,98
TIC 317417916,317417916,98
TIC 317418302,317418302,98
TIC 317479128,317479128,98
TIC 317482302,317482302,98
TIC 317483275,317483275,98
TIC 317483660,317483660,98
TIC 317546326,317546326,98
TIC 317546574,317546574,98
TIC 317546707,317546707,98
TIC 317546777,317546777,98
TIC 317548889,317548889,98
TIC 317551159,317551159,98
TIC 317599000,317599000,98
TIC 317599387,317599387,98
TIC 317599815,317599815,98
TIC 317600931,317600931,98
TIC 317602503,317602503,98
TIC 317687664,317687664,98
TIC 317687947,317687947,98
TIC 317688175,317688175,98
TIC 317688288,317688288,98
TIC 317689616,317689616,98
TIC 317690299,317690299,98
TIC 317690301,317690301,98
TIC 317692669,317692669,98
TIC 317692670,317692670,98
TIC 317692759,317692759,98
TIC 317716576,317716576,98
TIC 317716577,317716577,98
TIC 317716858,317716858,98
TIC 317719322,317719322,98
TIC 317719323,317719323,98
TIC 317719608,317719608,98
TIC 317719874,317719874,98
TIC 317720454,317720454,98
TIC 317721019,317721019,98
TIC 317721107,317721107,98
TIC 317722334,317722334,98
TIC 317798819,317798819,98
TIC 317799729,317799729,98
TIC 317804397,317804397,98
TIC 317805020,317805020,98
TIC 317875623,317875623,98
TIC 317877934,317877934,98
TIC 317879272,317879272,98
TIC 317919665,317919665,98
TIC 317922796,317922796,98
TIC 317923987,317923987,98
TIC 317924515,317924515,98
TIC 317924729,317924729,98
TIC 318010342,318010342,98
TIC 318011831,318011831,98
TIC 318011832,318011832,98
TIC 318011853,318011853,98
TIC 318012763,318012763,98
TIC 318012835,318012835,98
TIC 318013563,318013563,98
TIC 318015989,318015989,98
TIC 318016230,318016230,98
TIC 318017368,318017368,98
TIC 318057695,318057695,98
TIC 318058198,318058198,98
TIC 318058845,318058845,98
TIC 318059565,318059565,98
TIC 318065086,318065086,98
TIC 319292443,319292443,98
TIC 319292705,319292705,98
TIC 319363759,319363759,98
TIC 319363987,319363987,98
TIC 319366709,319366709,98
TIC 319366710,319366710,98
TIC 319432604,319432604,98
TIC 319432605,319432605,98
TIC 319435670,319435670,98
TIC 319435882,319435882,98
TIC 319436091,319436091,98
TIC 319437259,319437259,98
TIC 319437358,319437358,98
TIC 319437757,319437757,98
TIC 319469396,319469396,98
TIC 319476078,319476078,98
TIC 319476668,319476668,98
TIC 319562179,319562179,98
TIC 319562217,319562217,98
TIC 319562970,319562970,98
TIC 319609891,319609891,98
TIC 322571359,322571359,98
TIC 322572245,322572245,98
TIC 322572616,322572616,98
TIC 322572784,322572784,98
TIC 322645424,322645424,98
TIC 322645853,322645853,98
TIC 323345976,323345976,98
TIC 323347284,323347284,98
TIC 323347788,323347788,98
TIC 323348984,323348984,98
TIC 323423411,323423411,98
TIC 332831934,332831934,98
TIC 332855684,332855684,98
TIC 332855760,332855760,98
TIC 332856248,332856248,98
TIC 332856501,332856501,98
TIC 332856560,332856560,98
TIC 332856995,332856995,98
TIC 332858222,332858222,98
TIC 332858334,332858334,98
TIC 332858535,332858535,98
TIC 332858854,332858854,98
TIC 332859759,332859759,98
TIC 332860211,332860211,98
TIC 332860629,332860629,98
TIC 332860694,332860694,98
TIC 332861281,332861281,98
TIC 332913301,332913301,98
TIC 332913511,332913511,98
TIC 332914199,332914199,98
TIC 332914808,332914808,98
TIC 332915509,332915509,98
TIC 332917522,332917522,98
TIC 332970714,332970714,98
TIC 332971864,332971864,98
TIC 332972171,332972171,98
TIC 332973000,332973000,98
TIC 332973099,332973099,98
TIC 332975709,332975709,98
TIC 332975825,332975825,98
TIC 333040707,333040707,98
TIC 339669152,339669152,98
TIC 343862321,343862321,98
TIC 343866104,343866104,98
TIC 343934811,343934811,98
TIC 345481374,345481374,98
TIC 345482619,345482619,98
TIC 345483027,345483027,98
TIC 345483093,345483093,98
TIC 345536419,345536419,98
TIC 345537148,345537148,98
TIC 345537831,345537831,98
TIC 345580702,345580702,98
TIC 345581035,345581035,98
TIC 345581386,345581386,98
TIC 345581462,345581462,98
TIC 345581699,345581699,98
TIC 345582306,345582306,98
TIC 345582727,345582727,98
TIC 345583679,345583679,98
TIC 345584728,345584728,98
TIC 345634901,345634901,98
TIC 345635525,345635525,98
TIC 345639537,345639537,98
TIC 345639641,345639641,98
TIC 345640747,345640747,98
TIC 345666445,345666445,98
TIC 345666447,345666447,98
TIC 345667428,345667428,98
TIC 345667721,345667721,98
TIC 345668861,345668861,98
TIC 345670233,345670233,98
TIC 345670741,345670741,98
TIC 345743552,345743552,98
TIC 345745001,345745001,98
TIC 345745129,345745129,98
TIC 345745714,345745714,98
TIC 345747686,345747686,98
TIC 345750135,345750135,98
TIC 345751397,345751397,98
TIC 345771814,345771814,98
TIC 345772164,345772164,98
TIC 345772918,345772918,98
TIC 345773245,345773245,98
TIC 345775748,345775748,98
TIC 345836202,345836202,98
TIC 348772705,348772705,98
TIC 348773364,348773364,98
TIC 348774183,348774183,98
TIC 348793985,348793985,98
TIC 348897250,348897250,98
TIC 349158866,349158866,98
TIC 350336553,350336553,98
TIC 350341386,350341386,98
TIC 350431812,350431812,98
TIC 354487557,354487557,98
TIC 354488615,354488615,98
TIC 354516550,354516550,98
TIC 354517490,354517490,98
TIC 354555265,354555265,98
TIC 354555839,354555839,98
TIC 354556180,354556180,98
TIC 354557091,354557091,98
TIC 356789548,356789548,98
TIC 356789657,356789657,98
TIC 358108300,358108300,98
TIC 358108310,358108310,98
TIC 358334816,358334816,98
TIC 362026280,362026280,98
TIC 363914738,363914738,98
TIC 363914742,363914742,98
TIC 363914762,363914762,98
TIC 364537633,364537633,98
TIC 365459553,365459553,98
TIC 365459588,365459588,98
TIC 365460971,365460971,98
TIC 365461285,365461285,98
TIC 365462119,365462119,98
TIC 365462465,365462465,98
TIC 365463267,365463267,98
TIC 365463946,365463946,98
TIC 365464957,365464957,98
TIC 365465010,365465010,98
TIC 365465464,365465464,98
TIC 365508442,365508442,98
TIC 365508470,365508470,98
TIC 365508879,365508879,98
TIC 365509226,365509226,98
TIC 365509373,365509373,98
TIC 365510146,365510146,98
TIC 365512501,365512501,98
TIC 365550075,365550075,98
TIC 365550443,365550443,98
TIC 365552349,365552349,98
TIC 365553444,365553444,98
TIC 365553903,365553903,98
TIC 365566209,365566209,98
TIC 365566357,365566357,98
TIC 365566917,365566917,98
TIC 365567050,365567050,98
TIC 365568535,365568535,98
TIC 365571200,365571200,98
TIC 365572007,365572007,98
TIC 365637508,365637508,98
TIC 365643612,365643612,98
TIC 365643994,365643994,98
TIC 365689775,365689775,98
TIC 365691951,365691951,98
TIC 365692096,365692096,98
TIC 365692167,365692167,98
TIC 365692367,365692367,98
TIC 365694569,365694569,98
TIC 365696369,365696369,98
TIC 365743361,365743361,98
TIC 365744968,365744968,98
TIC 365745981,365745981,98
TIC 365748838,365748838,98
TIC 365776992,365776992,98
TIC 365777718,365777718,98
TIC 365778629,365778629,98
TIC 365779699,365779699,98
TIC 365780714,365780714,98
TIC 365782379,365782379,98
TIC 365782786,365782786,98
TIC 365784520,365784520,98
TIC 365784525,365784525,98
TIC 369393826,369393826,98
TIC 369394241,369394241,98
TIC 371628626,371628626,98
TIC 371628631,371628631,98
TIC 371630285,371630285,98
TIC 371690895,371690895,98
TIC 371692423,371692423,98
TIC 372866493,372866493,98
TIC 372896769,372896769,98
TIC 372897088,372897088,98
TIC 372897275,372897275,98
TIC 372898605,372898605,98
TIC 372900247,372900247,98
TIC 372900248,372900248,98
TIC 372917714,372917714,98
TIC 372917805,372917805,98
TIC 372917967,372917967,98
TIC 372918535,372918535,98
TIC 372918650,372918650,98
TIC 372919064,372919064,98
TIC 372920025,372920025,98
TIC 372920238,372920238,98
TIC 372920251,372920251,98
TIC 372921088,372921088,98
TIC 372921675,372921675,98
TIC 372948180,372948180,98
TIC 372949214,372949214,98
TIC 372950010,372950010,98
TIC 372951745,372951745,98
TIC 372952126,372952126,98
TIC 372953307,372953307,98
TIC 372953462,372953462,98
TIC 372955640,372955640,98
TIC 372956398,372956398,98
TIC 372956517,372956517,98
TIC 372992483,372992483,98
TIC 372993283,372993283,98
TIC 372993794,372993794,98
TIC 372993938,372993938,98
TIC 372993975,372993975,98
TIC 372994308,372994308,98
TIC 372996165,372996165,98
TIC 373023714,373023714,98
TIC 373023790,373023790,98
TIC 373024953,373024953,98
TIC 373025128,373025128,98
TIC 373026963,373026963,98
TIC 373027127,373027127,98
TIC 373027194,373027194,98
TIC 373028425,373028425,98
TIC 373029124,373029124,98
TIC 373029223,373029223,98
TIC 373030080,373030080,98
TIC 373030342,373030342,98
TIC 373030444,373030444,98
TIC 373030582,373030582,98
TIC 373030961,373030961,98
TIC 373032059,373032059,98
TIC 373052731,373052731,98
TIC 373053873,373053873,98
TIC 373053974,373053974,98
TIC 373054069,373054069,98
TIC 373055129,373055129,98
TIC 373055972,373055972,98
TIC 373102205,373102205,98
TIC 373104193,373104193,98
TIC 373104553,373104553,98
TIC 373105142,373105142,98
TIC 373108177,373108177,98
TIC 373109176,373109176,98
TIC 373133921,373133921,98
TIC 373134703,373134703,98
TIC 373135132,373135132,98
TIC 373136110,373136110,98
TIC 373136390,373136390,98
TIC 373136570,373136570,98
TIC 373137125,373137125,98
TIC 373137182,373137182,98
TIC 373139866,373139866,98
TIC 373139872,373139872,98
TIC 373140842,373140842,98
TIC 373141292,373141292,98
TIC 373188267,373188267,98
TIC 373190879,373190879,98
TIC 373191027,373191027,98
TIC 373191391,373191391,98
TIC 373206202,373206202,98
TIC 373206330,373206330,98
TIC 373209816,373209816,98
TIC 373244273,373244273,98
TIC 373245897,373245897,98
TIC 373246112,373246112,98
TIC 373246232,373246232,98
TIC 373246275,373246275,98
TIC 373261269,373261269,98
TIC 373261425,373261425,98
TIC 373262632,373262632,98
TIC 373263681,373263681,98
TIC 373308139,373308139,98
TIC 373308329,373308329,98
TIC 373308420,373308420,98
TIC 373309231,373309231,98
TIC 373309816,373309816,98
TIC 373310445,373310445,98
TIC 373310949,373310949,98
TIC 373311127,373311127,98
TIC 373312390,373312390,98
TIC 373313449,373313449,98
TIC 373315532,373315532,98
TIC 373316008,373316008,98
TIC 373317250,373317250,98
TIC 373317576,373317576,98
TIC 373318384,373318384,98
TIC 373363955,373363955,98
TIC 373367172,373367172,98
TIC 373385419,373385419,98
TIC 373385420,373385420,98
TIC 373385493,373385493,98
TIC 373415434,373415434,98
TIC 373415438,373415438,98
TIC 373415565,373415565,98
TIC 373418398,373418398,98
TIC 373449014,373449014,98
TIC 373449670,373449670,98
TIC 373452471,373452471,98
TIC 373453516,373453516,98
TIC 373490948,373490948,98
TIC 373491172,373491172,98
TIC 373491809,373491809,98
TIC 373492182,373492182,98
TIC 373494637,373494637,98
TIC 373495193,373495193,98
TIC 373554572,373554572,98
TIC 373555207,373555207,98
TIC 373556353,373556353,98
TIC 375091818,375091818,98
TIC 375145688,375145688,98
TIC 375146302,375146302,98
TIC 376939847,376939847,98
TIC 376939999,376939999,98
TIC 376940649,376940649,98
TIC 376941902,376941902,98
TIC 376942297,376942297,98
TIC 381458541,381458541,98
TIC 381458632,381458632,98
TIC 381458976,381458976,98
TIC 381459087,381459087,98
TIC 381978514,381978514,98
TIC 382341347,382341347,98
TIC 388847391,388847391,98
TIC 388847682,388847682,98
TIC 388850028,388850028,98
TIC 388850358,388850358,98
TIC 388851083,388851083,98
TIC 388851563,388851563,98
TIC 388901191,388901191,98
TIC 388901462,388901462,98
TIC 388904328,388904328,98
TIC 388904493,388904493,98
TIC 388917852,388917852,98
TIC 388919684,388919684,98
TIC 388934707,388934707,98
TIC 388935529,388935529,98
TIC 388936368,388936368,98
TIC 388937279,388937279,98
TIC 389082703,389082703,98
TIC 389118436,389118436,98
TIC 389246713,389246713,98
TIC 389248318,389248318,98
TIC 389251784,389251784,98
TIC 389439794,389439794,98
TIC 389855767,389855767,98
TIC 389857660,389857660,98
TIC 389857670,389857670,98
TIC 389857695,389857695,98
TIC 389859476,389859476,98
TIC 389859477,389859477,98
TIC 389859530,389859530,98
TIC 389859896,389859896,98
TIC 389860049,389860049,98
TIC 389865900,389865900,98
TIC 389866447,389866447,98
TIC 389875078,389875078,98
TIC 389875079,389875079,98
TIC 389876025,389876025,98
TIC 389876329,389876329,98
TIC 391925033,391925033,98
TIC 393124528,393124528,98
TIC 393124910,393124910,98
TIC 393125665,393125665,98
TIC 393125843,393125843,98
TIC 393126088,393126088,98
TIC 393158945,393158945,98
TIC 393159359,393159359,98
TIC 393227672,393227672,98
TIC 393228453,393228453,98
TIC 393230503,393230503,98
TIC 393296136,393296136,98
TIC 393296309,393296309,98
TIC 393298446,393298446,98
TIC 393298903,393298903,98
TIC 393312942,393312942,98
TIC 393314748,393314748,98
TIC 393314942,393314942,98
TIC 393314943,393314943,98
TIC 393315886,393315886,98
TIC 393316629,393316629,98
TIC 393385149,393385149,98
TIC 393385816,393385816,98
TIC 393387977,393387977,98
TIC 393388476,393388476,98
TIC 393388737,393388737,98
TIC 393389739,393389739,98
TIC 393389791,393389791,98
TIC 393390670,393390670,98
TIC 393412445,393412445,98
TIC 393414358,393414358,98
TIC 393417068,393417068,98
TIC 393451028,393451028,98
TIC 393451093,393451093,98
TIC 393451238,393451238,98
TIC 393453691,393453691,98
TIC 393454618,393454618,98
TIC 393455906,393455906,98
TIC 393479086,393479086,98
TIC 393479304,393479304,98
TIC 393479454,393479454,98
TIC 393480220,393480220,98
TIC 393480589,393480589,98
TIC 393480959,393480959,98
TIC 393480974,393480974,98
TIC 393748329,393748329,98
TIC 393748361,393748361,98
TIC 393748574,393748574,98
TIC 393749015,393749015,98
TIC 393749316,393749316,98
TIC 393750091,393750091,98
TIC 393794445,393794445,98
TIC 393802958,393802958,98
TIC 396975379,396975379,98
TIC 396976302,396976302,98
TIC 396977579,396977579,98
TIC 397014219,397014219,98
TIC 397014561,397014561,98
TIC 397016427,397016427,98
TIC 397017201,397017201,98
TIC 397018143,397018143,98
TIC 397046970,397046970,98
TIC 397047600,397047600,98
TIC 397047972,397047972,98
TIC 397048488,397048488,98
TIC 397048504,397048504,98
TIC 397050215,397050215,98
TIC 397061744,397061744,98
TIC 397062386,397062386,98
TIC 397064146,397064146,98
TIC 397064286,397064286,98
TIC 397064888,397064888,98
TIC 397066753,397066753,98
TIC 397122234,397122234,98
TIC 397122272,397122272,98
TIC 397122981,397122981,98
TIC 397122983,397122983,98
TIC 397124704,397124704,98
TIC 398776992,398776992,98
TIC 398777600,398777600,98
TIC 398778114,398778114,98
TIC 398778117,398778117,98
TIC 398780062,398780062,98
TIC 398792541,398792541,98
TIC 398796167,398796167,98
TIC 398798136,398798136,98
TIC 398798943,398798943,98
TIC 398799225,398799225,98
TIC 398799735,398799735,98
TIC 398841686,398841686,98
TIC 398841751,398841751,98
TIC 398905343,398905343,98
TIC 398906730,398906730,98
TIC 399617462,399617462,98
TIC 399617812,399617812,98
TIC 399617868,399617868,98
TIC 399618247,399618247,98
TIC 399618982,399618982,98
TIC 399619535,399619535,98
TIC 399621925,399621925,98
TIC 399664959,399664959,98
TIC 399665349,399665349,98
TIC 399666661,399666661,98
TIC 399666662,399666662,98
TIC 399667602,399667602,98
TIC 399667953,399667953,98
TIC 399669624,399669624,98
TIC 399696399,399696399,98
TIC 399696818,399696818,98
TIC 399697011,399697011,98
TIC 399700965,399700965,98
TIC 399701213,399701213,98
TIC 399725868,399725868,98
TIC 399726097,399726097,98
TIC 399727698,399727698,98
TIC 399728393,399728393,98
TIC 399729481,399729481,98
TIC 399729537,399729537,98
TIC 399729803,399729803,98
TIC 399730385,399730385,98
TIC 399731013,399731013,98
TIC 399753595,399753595,98
TIC 399756307,399756307,98
TIC 399757200,399757200,98
TIC 399757537,399757537,98
TIC 399757770,399757770,98
TIC 399781021,399781021,98
TIC 399782575,399782575,98
TIC 399783814,399783814,98
TIC 399784123,399784123,98
TIC 399784838,399784838,98
TIC 399786054,399786054,98
TIC 399786521,399786521,98
TIC 399814051,399814051,98
TIC 399814835,399814835,98
TIC 399814913,399814913,98
TIC 399815068,399815068,98
TIC 399816822,399816822,98
TIC 399817846,399817846,98
TIC 399818354,399818354,98
TIC 399818817,399818817,98
TIC 399819276,399819276,98
TIC 399834159,399834159,98
TIC 399835281,399835281,98
TIC 399835286,399835286,98
TIC 399835468,399835468,98
TIC 399837589,399837589,98
TIC 399837776,399837776,98
TIC 399838286,399838286,98
TIC 399868187,399868187,98
TIC 399868594,399868594,98
TIC 399869744,399869744,98
TIC 399870368,399870368,98
TIC 399871011,399871011,98
TIC 399871879,399871879,98
TIC 402146391,402146391,98
TIC 406499347,406499347,98
TIC 406500231,406500231,98
TIC 406500993,406500993,98
TIC 406501142,406501142,98
TIC 408009818,408009818,98
TIC 408011175,408011175,98
TIC 408039213,408039213,98
TIC 408041595,408041595,98
TIC 408042385,408042385,98
TIC 408042459,408042459,98
TIC 408043239,408043239,98
TIC 408043240,408043240,98
TIC 408077437,408077437,98
TIC 408077771,408077771,98
TIC 408078326,408078326,98
TIC 408078327,408078327,98
TIC 408112201,408112201,98
TIC 408114363,408114363,98
TIC 408115423,408115423,98
TIC 408115698,408115698,98
TIC 408116831,408116831,98
TIC 408116833,408116833,98
TIC 408131865,408131865,98
TIC 408133132,408133132,98
TIC 408133751,408133751,98
TIC 408137826,408137826,98
TIC 408157227,408157227,98
TIC 408157922,408157922,98
TIC 408161338,408161338,98
TIC 408189087,408189087,98
TIC 408189678,408189678,98
TIC 408190069,408190069,98
TIC 408192208,408192208,98
TIC 408192581,408192581,98
TIC 408217710,408217710,98
TIC 408217716,408217716,98
TIC 408219471,408219471,98
TIC 408231638,408231638,98
TIC 408232375,408232375,98
TIC 408233690,408233690,98
TIC 408233707,408233707,98
TIC 408233754,408233754,98
TIC 408235652,408235652,98
TIC 408236966,408236966,98
TIC 408236968,408236968,98
TIC 408256539,408256539,98
TIC 408258601,408258601,98
TIC 410486982,410486982,98
TIC 411690519,411690519,98
TIC 411691547,411691547,98
TIC 411696863,411696863,98
TIC 411697517,411697517,98
TIC 411697905,411697905,98
TIC 411748829,411748829,98
TIC 411751356,411751356,98
TIC 411752883,411752883,98
TIC 411753195,411753195,98
TIC 411756973,411756973,98
TIC 411757909,411757909,98
TIC 411779449,411779449,98
TIC 411781649,411781649,98
TIC 411782991,411782991,98
TIC 411839167,411839167,98
TIC 411841918,411841918,98
TIC 411842894,411842894,98
TIC 411844820,411844820,98
TIC 411885966,411885966,98
TIC 411886725,411886725,98
TIC 411890575,411890575,98
TIC 411895605,411895605,98
TIC 411929049,411929049,98
TIC 411932148,411932148,98
TIC 411985076,411985076,98
TIC 411987236,411987236,98
TIC 412054152,412054152,98
TIC 412054560,412054560,98
TIC 412054563,412054563,98
TIC 412055246,412055246,98
TIC 412055851,412055851,98
TIC 412059642,412059642,98
TIC 412059865,412059865,98
TIC 412061338,412061338,98
TIC 412061976,412061976,98
TIC 412063018,412063018,98
TIC 412088642,412088642,98
TIC 412089093,412089093,98
TIC 412089835,412089835,98
TIC 412096255,412096255,98
TIC 412155045,412155045,98
TIC 412155829,412155829,98
TIC 412159040,412159040,98
TIC 412159713,412159713,98
TIC 412159752,412159752,98
TIC 412199976,412199976,98
TIC 412200234,412200234,98
TIC 412200498,412200498,98
TIC 412252434,412252434,98
TIC 415406110,415406110,98
TIC 415407000,415407000,98
TIC 415407420,415407420,98
TIC 415407600,415407600,98
TIC 415508270,415508270,98
TIC 415556221,415556221,98
TIC 415556293,415556293,98
TIC 420962989,420962989,98
TIC 420963118,420963118,98
TIC 420963448,420963448,98
TIC 420964096,420964096,98
TIC 420979960,420979960,98
TIC 420980626,420980626,98
TIC 420980965,420980965,98
TIC 423475430,423475430,98
TIC 423477323,423477323,98
TIC 423478252,423478252,98
TIC 423479454,423479454,98
TIC 423480264,423480264,98
TIC 423496367,423496367,98
TIC 423498238,423498238,98
TIC 423517451,423517451,98
TIC 423518609,423518609,98
TIC 423518887,423518887,98
TIC 423519046,423519046,98
TIC 423520078,423520078,98
TIC 423520098,423520098,98
TIC 423520852,423520852,98
TIC 423525928,423525928,98
TIC 423785115,423785115,98
TIC 423785607,423785607,98
TIC 423785734,423785734,98
TIC 423786781,423786781,98
TIC 423808930,423808930,98
TIC 423810582,423810582,98
TIC 423810968,423810968,98
TIC 423812022,423812022,98
TIC 423830804,423830804,98
TIC 424992796,424992796,98
TIC 424993541,424993541,98
TIC 424993542,424993542,98
TIC 424994021,424994021,98
TIC 425210272,425210272,98
TIC 425210580,425210580,98
TIC 425211189,425211189,98
TIC 425211217,425211217,98
TIC 425213211,425213211,98
TIC 426053693,426053693,98
TIC 426055085,426055085,98
TIC 427334007,427334007,98
TIC 427346731,427346731,98
TIC 427347488,427347488,98
TIC 427347825,427347825,98
TIC 427348229,427348229,98
TIC 427348685,427348685,98
TIC 427348724,427348724,98
TIC 427348779,427348779,98
TIC 427350355,427350355,98
TIC 427350376,427350376,98
TIC 427350675,427350675,98
TIC 427350782,427350782,98
TIC 427351570,427351570,98
TIC 427352078,427352078,98
TIC 427352205,427352205,98
TIC 427373476,427373476,98
TIC 427373484,427373484,98
TIC 427373683,427373683,98
TIC 427376669,427376669,98
TIC 427377135,427377135,98
TIC 427377510,427377510,98
TIC 427379747,427379747,98
TIC 427380822,427380822,98
TIC 427392949,427392949,98
TIC 427393001,427393001,98
TIC 427393058,427393058,98
TIC 427393354,427393354,98
TIC 427394748,427394748,98
TIC 427394756,427394756,98
TIC 427394772,427394772,98
TIC 427395049,427395049,98
TIC 427395774,427395774,98
TIC 427396133,427396133,98
TIC 427396944,427396944,98
TIC 427398135,427398135,98
TIC 427398179,427398179,98
TIC 427398881,427398881,98
TIC 427450323,427450323,98
TIC 427450757,427450757,98
TIC 427451176,427451176,98
TIC 427453051,427453051,98
TIC 427453282,427453282,98
TIC 427454440,427454440,98
TIC 427454571,427454571,98
TIC 427456635,427456635,98
TIC 427457812,427457812,98
TIC 427461255,427461255,98
TIC 427461695,427461695,98
TIC 431590953,431590953,98
TIC 431693152,431693152,98
TIC 431695665,431695665,98
TIC 431696084,431696084,98
TIC 432610098,432610098,98
TIC 432610314,432610314,98
TIC 432610714,432610714,98
TIC 432613799,432613799,98
TIC 432613826,432613826,98
TIC 432613905,432613905,98
TIC 432614346,432614346,98
TIC 432615450,432615450,98
TIC 432698382,432698382,98
TIC 434228822,434228822,98
TIC 434229425,434229425,98
TIC 434229836,434229836,98
TIC 434229871,434229871,98
TIC 434230059,434230059,98
TIC 434230572,434230572,98
TIC 434230605,434230605,98
TIC 434233205,434233205,98
TIC 434233518,434233518,98
TIC 434234612,434234612,98
TIC 434234748,434234748,98
TIC 434237731,434237731,98
TIC 434237820,434237820,98
TIC 434238064,434238064,98
TIC 434238471,434238471,98
TIC 434239028,434239028,98
TIC 434260570,434260570,98
TIC 434260714,434260714,98
TIC 435880145,435880145,98
TIC 435881495,435881495,98
TIC 435881860,435881860,98
TIC 435881929,435881929,98
TIC 435882484,435882484,98
TIC 435904389,435904389,98
TIC 435904390,435904390,98
TIC 435905262,435905262,98
TIC 435905591,435905591,98
TIC 435908932,435908932,98
TIC 435909708,435909708,98
TIC 435910116,435910116,98
TIC 435910297,435910297,98
TIC 435910664,435910664,98
TIC 435910961,435910961,98
TIC 435913494,435913494,98
TIC 435913607,435913607,98
TIC 435915470,435915470,98
TIC 435915513,435915513,98
TIC 435915922,435915922,98
TIC 435915926,435915926,98
TIC 435916016,435916016,98
TIC 435919018,435919018,98
TIC 435920541,435920541,98
TIC 435920675,435920675,98
TIC 435920867,435920867,98
TIC 435923243,435923243,98
TIC 435923331,435923331,98
TIC 435923755,435923755,98
TIC 435924035,435924035,98
TIC 435924190,435924190,98
TIC 435924353,435924353,98
TIC 435928339,435928339,98
TIC 435928911,435928911,98
TIC 435929135,435929135,98
TIC 435930498,435930498,98
TIC 435930763,435930763,98
TIC 435934161,435934161,98
TIC 435934556,435934556,98
TIC 435934762,435934762,98
TIC 435939517,435939517,98
TIC 435939599,435939599,98
TIC 435940098,435940098,98
TIC 435940603,435940603,98
TIC 435940639,435940639,98
TIC 436008066,436008066,98
TIC 436008487,436008487,98
TIC 436008570,436008570,98
TIC 436009921,436009921,98
TIC 436012971,436012971,98
TIC 436013994,436013994,98
TIC 436099160,436099160,98
TIC 436099483,436099483,98
TIC 436102217,436102217,98
TIC 436102447,436102447,98
TIC 436103030,436103030,98
TIC 436103278,436103278,98
TIC 436103335,436103335,98
TIC 436152918,436152918,98
TIC 436153668,436153668,98
TIC 436154365,436154365,98
TIC 436157834,436157834,98
TIC 436157851,436157851,98
TIC 436157908,436157908,98
TIC 436158047,436158047,98
TIC 436158243,436158243,98
TIC 436158550,436158550,98
TIC 436243682,436243682,98
TIC 436243773,436243773,98
TIC 436243957,436243957,98
TIC 436247738,436247738,98
TIC 436248287,436248287,98
TIC 436248361,436248361,98
TIC 436248798,436248798,98
TIC 436331535,436331535,98
TIC 436331793,436331793,98
TIC 436331977,436331977,98
TIC 436335319,436335319,98
TIC 436336039,436336039,98
TIC 436337287,436337287,98
TIC 436339649,436339649,98
TIC 436564830,436564830,98
TIC 436566234,436566234,98
TIC 436566510,436566510,98
TIC 436566702,436566702,98
TIC 436570953,436570953,98
TIC 436571286,436571286,98
TIC 436572159,436572159,98
TIC 436572709,436572709,98
TIC 436573134,436573134,98
TIC 436577143,436577143,98
TIC 436577867,436577867,98
TIC 436579904,436579904,98
TIC 436580100,436580100,98
TIC 436583779,436583779,98
TIC 436585838,436585838,98
TIC 436587536,436587536,98
TIC 436587989,436587989,98
TIC 436588012,436588012,98
TIC 436588201,436588201,98
TIC 436590739,436590739,98
TIC 436593407,436593407,98
TIC 436613180,436613180,98
TIC 436616404,436616404,98
TIC 436617898,436617898,98
TIC 436632331,436632331,98
TIC 436632332,436632332,98
TIC 436633094,436633094,98
TIC 436636292,436636292,98
TIC 436637382,436637382,98
TIC 436637677,436637677,98
TIC 436639456,436639456,98
TIC 436639479,436639479,98
TIC 436639878,436639878,98
TIC 436640067,436640067,98
TIC 436640580,436640580,98
TIC 436640815,436640815,98
TIC 436643589,436643589,98
TIC 436646983,436646983,98
TIC 436648121,436648121,98
TIC 436648370,436648370,98
TIC 436648441,436648441,98
TIC 436648713,436648713,98
TIC 436650857,436650857,98
TIC 436651598,436651598,98
TIC 436652523,436652523,98
TIC 436653686,436653686,98
TIC 436654845,436654845,98
TIC 436656073,436656073,98
TIC 436658445,436658445,98
TIC 436658862,436658862,98
TIC 436659050,436659050,98
TIC 436659099,436659099,98
TIC 436659547,436659547,98
TIC 436659586,436659586,98
TIC 436660494,436660494,98
TIC 436660813,436660813,98
TIC 436661956,436661956,98
TIC 436662246,436662246,98
TIC 436663419,436663419,98
TIC 436665985,436665985,98
TIC 436666227,436666227,98
TIC 436666432,436666432,98
TIC 436667049,436667049,98
TIC 436667726,436667726,98
TIC 436668171,436668171,98
TIC 436670062,436670062,98
TIC 436682443,436682443,98
TIC 436682542,436682542,98
TIC 436683453,436683453,98
TIC 436700755,436700755,98
TIC 436701392,436701392,98
TIC 436703128,436703128,98
TIC 436703177,436703177,98
TIC 436703313,436703313,98
TIC 436706097,436706097,98
TIC 436706307,436706307,98
TIC 436722124,436722124,98
TIC 436722903,436722903,98
TIC 436723855,436723855,98
TIC 436727369,436727369,98
TIC 436728983,436728983,98
TIC 436731152,436731152,98
TIC 436732056,436732056,98
TIC 436732510,436732510,98
TIC 442868242,442868242,98
TIC 442869194,442869194,98
TIC 442871031,442871031,98
TIC 442871206,442871206,98
TIC 442872551,442872551,98
TIC 442872676,442872676,98
TIC 442872975,442872975,98
TIC 442893534,442893534,98
TIC 442893561,442893561,98
TIC 442894573,442894573,98
TIC 442895117,442895117,98
TIC 442895807,442895807,98
TIC 442896496,442896496,98
TIC 442896844,442896844,98
TIC 442898286,442898286,98
TIC 442899071,442899071,98
TIC 442918617,442918617,98
TIC 442920239,442920239,98
TIC 442920619,442920619,98
TIC 442921814,442921814,98
TIC 442922090,442922090,98
TIC 442923821,442923821,98
TIC 442926107,442926107,98
TIC 442928068,442928068,98
TIC 442928162,442928162,98
TIC 442928674,442928674,98
TIC 442928964,442928964,98
TIC 442929586,442929586,98
TIC 442930113,442930113,98
TIC 442930652,442930652,98
TIC 442931466,442931466,98
TIC 442931507,442931507,98
TIC 442934608,442934608,98
TIC 442955527,442955527,98
TIC 442956224,442956224,98
TIC 442959208,442959208,98
TIC 442959419,442959419,98
TIC 442962268,442962268,98
TIC 442962289,442962289,98
TIC 442962368,442962368,98
TIC 442964907,442964907,98
TIC 442965496,442965496,98
TIC 442965841,442965841,98
TIC 442985395,442985395,98
TIC 442985721,442985721,98
TIC 443748661,443748661,98
TIC 443749174,443749174,98
TIC 443750032,443750032,98
TIC 443750092,443750092,98
TIC 443750157,443750157,98
TIC 443750251,443750251,98
TIC 443753054,443753054,98
TIC 443756962,443756962,98
TIC 443757385,443757385,98
TIC 443758608,443758608,98
TIC 443760619,443760619,98
TIC 443761523,443761523,98
TIC 443764882,443764882,98
TIC 443806464,443806464,98
TIC 443806926,443806926,98
TIC 443808615,443808615,98
TIC 445930000,445930000,98
TIC 445930888,445930888,98
TIC 445932883,445932883,98
TIC 448806884,448806884,98
TIC 448806992,448806992,98
TIC 448808985,448808985,98
TIC 448809197,448809197,98
TIC 448847433,448847433,98
TIC 448847484,448847484,98
TIC 448847557,448847557,98
TIC 448848328,448848328,98
TIC 448892841,448892841,98
TIC 448892933,448892933,98
TIC 448894790,448894790,98
TIC 448938815,448938815,98
TIC 448938827,448938827,98
TIC 448940689,448940689,98
TIC 448940774,448940774,98
TIC 448940775,448940775,98
TIC 449000252,449000252,98
TIC 449001461,449001461,98
TIC 449002298,449002298,98
TIC 449002323,449002323,98
TIC 449049870,449049870,98
TIC 449049962,449049962,98
TIC 449050248,449050248,98
TIC 449050445,449050445,98
TIC 449051816,449051816,98
TIC 449052173,449052173,98
TIC 449052770,449052770,98
TIC 449053656,449053656,98
TIC 449100511,449100511,98
TIC 449100608,449100608,98
TIC 449101457,449101457,98
TIC 449145039,449145039,98
TIC 449145143,449145143,98
TIC 449145193,449145193,98
TIC 449147102,449147102,98
TIC 449197831,449197831,98
TIC 449201042,449201042,98
TIC 449201578,449201578,98
TIC 449201787,449201787,98
TIC 449257028,449257028,98
TIC 449258423,449258423,98
TIC 449260230,449260230,98
TIC 449260853,449260853,98
TIC 449263031,449263031,98
TIC 449307261,449307261,98
TIC 449307761,449307761,98
TIC 449309547,449309547,98
TIC 449310316,449310316,98
TIC 449310490,449310490,98
TIC 449313581,449313581,98
TIC 449361967,449361967,98
TIC 449364553,449364553,98
TIC 449364848,449364848,98
TIC 449365065,449365065,98
TIC 449365201,449365201,98
TIC 449424476,449424476,98
TIC 449427040,449427040,98
TIC 450020925,450020925,98
TIC 450024389,450024389,98
TIC 450025295,450025295,98
TIC 450026694,450026694,98
TIC 450028364,450028364,98
TIC 450045402,450045402,98
TIC 450045829,450045829,98
TIC 450049157,450049157,98
TIC 450050119,450050119,98
TIC 450050496,450050496,98
TIC 450055382,450055382,98
TIC 450055478,450055478,98
TIC 450056173,450056173,98
TIC 450061615,450061615,98
TIC 450061901,450061901,98
TIC 450063523,450063523,98
TIC 450066029,450066029,98
TIC 450068416,450068416,98
TIC 450069478,450069478,98
TIC 450069546,450069546,98
TIC 450070610,450070610,98
TIC 450071562,450071562,98
TIC 450072125,450072125,98
TIC 450072850,450072850,98
TIC 450075306,450075306,98
TIC 450076521,450076521,98
TIC 450077414,450077414,98
TIC 450077505,450077505,98
TIC 450081356,450081356,98
TIC 450081358,450081358,98
TIC 450082328,450082328,98
TIC 450082389,450082389,98
TIC 450083505,450083505,98
TIC 450083506,450083506,98
TIC 450083882,450083882,98
TIC 450084323,450084323,98
TIC 450087679,450087679,98
TIC 450087817,450087817,98
TIC 450089564,450089564,98
TIC 450091453,450091453,98
TIC 450091677,450091677,98
TIC 450094003,450094003,98
TIC 450094525,450094525,98
TIC 450096007,450096007,98
TIC 450096863,450096863,98
TIC 450097671,450097671,98
TIC 450098574,450098574,98
TIC 450098715,450098715,98
TIC 450099849,450099849,98
TIC 450100336,450100336,98
TIC 450100409,450100409,98
TIC 450100760,450100760,98
TIC 450102310,450102310,98
TIC 450102358,450102358,98
TIC 450103814,450103814,98
TIC 450104579,450104579,98
TIC 450104680,450104680,98
TIC 450104815,450104815,98
TIC 450105300,450105300,98
TIC 450105508,450105508,98
TIC 450106120,450106120,98
TIC 450107382,450107382,98
TIC 450107383,450107383,98
TIC 450109331,450109331,98
TIC 450110206,450110206,98
TIC 452374336,452374336,98
TIC 452375339,452375339,98
TIC 452375478,452375478,98
TIC 452375586,452375586,98
TIC 452747249,452747249,98
TIC 452748590,452748590,98
TIC 452749004,452749004,98
TIC 452749155,452749155,98
TIC 452749710,452749710,98
TIC 452763353,452763353,98
TIC 452764027,452764027,98
TIC 452765080,452765080,98
TIC 452766868,452766868,98
TIC 452767166,452767166,98
TIC 452767321,452767321,98
TIC 452783008,452783008,98
TIC 452783043,452783043,98
TIC 452784010,452784010,98
TIC 452784255,452784255,98
TIC 452784941,452784941,98
TIC 452785575,452785575,98
TIC 452785957,452785957,98
TIC 452786024,452786024,98
TIC 452786148,452786148,98
TIC 452786434,452786434,98
TIC 452786634,452786634,98
TIC 452786637,452786637,98
TIC 452787467,452787467,98
TIC 452787823,452787823,98
TIC 452789135,452789135,98
TIC 452791218,452791218,98
TIC 452791241,452791241,98
TIC 452791600,452791600,98
TIC 452792649,452792649,98
TIC 452792671,452792671,98
TIC 452794239,452794239,98
TIC 452808471,452808471,98
TIC 452808576,452808576,98
TIC 452808876,452808876,98
TIC 452810326,452810326,98
TIC 452810783,452810783,98
TIC 452811510,452811510,98
TIC 452812604,452812604,98
TIC 452813124,452813124,98
TIC 452813467,452813467,98
TIC 452813828,452813828,98
TIC 452816762,452816762,98
TIC 452818012,452818012,98
TIC 452818188,452818188,98
TIC 453073535,453073535,98
TIC 453074924,453074924,98
TIC 453075118,453075118,98
TIC 453075847,453075847,98
TIC 453075884,453075884,98
TIC 453076751,453076751,98
TIC 453076887,453076887,98
TIC 453077723,453077723,98
TIC 453095348,453095348,98
TIC 453103896,453103896,98
TIC 453104193,453104193,98
TIC 453105377,453105377,98
TIC 453106107,453106107,98
TIC 453120539,453120539,98
TIC 453121186,453121186,98
TIC 453121720,453121720,98
TIC 453121738,453121738,98
TIC 453121849,453121849,98
TIC 453122622,453122622,98
TIC 453122672,453122672,98
TIC 453122688,453122688,98
TIC 453122861,453122861,98
TIC 453123083,453123083,98
TIC 453123341,453123341,98
TIC 453123921,453123921,98
TIC 453852768,453852768,98
TIC 453854183,453854183,98
TIC 453856042,453856042,98
TIC 454113342,454113342,98
TIC 454116808,454116808,98
TIC 454117275,454117275,98
TIC 454117369,454117369,98
TIC 454117434,454117434,98
TIC 454118309,454118309,98
TIC 454118363,454118363,98
TIC 454118634,454118634,98
TIC 454118895,454118895,98
TIC 454120432,454120432,98
TIC 454140642,454140642,98
TIC 454141006,454141006,98
TIC 454141286,454141286,98
TIC 454144058,454144058,98
TIC 454144573,454144573,98
TIC 454146165,454146165,98
TIC 454146189,454146189,98
TIC 454146739,454146739,98
TIC 454147381,454147381,98
TIC 454148319,454148319,98
TIC 454150083,454150083,98
TIC 454150332,454150332,98
TIC 454150587,454150587,98
TIC 454151877,454151877,98
TIC 454152849,454152849,98
TIC 454152976,454152976,98
TIC 454154073,454154073,98
TIC 454157131,454157131,98
TIC 454157350,454157350,98
TIC 454158186,454158186,98
TIC 454160176,454160176,98
TIC 454184485,454184485,98
TIC 454186813,454186813,98
TIC 454186824,454186824,98
TIC 454187448,454187448,98
TIC 454189687,454189687,98
TIC 454190342,454190342,98
TIC 454190927,454190927,98
TIC 454191600,454191600,98
TIC 454192139,454192139,98
TIC 454193217,454193217,98
TIC 454195519,454195519,98
TIC 454196756,454196756,98
TIC 454197075,454197075,98
TIC 454200079,454200079,98
TIC 454200140,454200140,98
TIC 454200187,454200187,98
TIC 454201703,454201703,98
TIC 454220921,454220921,98
TIC 454220975,454220975,98
TIC 454221437,454221437,98
TIC 454224176,454224176,98
TIC 454224694,454224694,98
TIC 455005400,455005400,98
TIC 455005598,455005598,98
TIC 455005605,455005605,98
TIC 455006044,455006044,98
TIC 455029544,455029544,98
TIC 455035702,455035702,98
TIC 455036315,455036315,98
TIC 455036659,455036659,98
TIC 455039331,455039331,98
TIC 455039377,455039377,98
TIC 455057098,455057098,98
TIC 455058572,455058572,98
TIC 455059853,455059853,98
TIC 455060383,455060383,98
TIC 455061344,455061344,98
TIC 455062235,455062235,98
TIC 455063943,455063943,98
TIC 455067277,455067277,98
TIC 455069902,455069902,98
TIC 455071365,455071365,98
TIC 455071387,455071387,98
TIC 455072135,455072135,98
TIC 455072907,455072907,98
TIC 455073007,455073007,98
TIC 455073685,455073685,98
TIC 455095112,455095112,98
TIC 456892690,456892690,98
TIC 456892712,456892712,98
TIC 456892725,456892725,98
TIC 456894306,456894306,98
TIC 457192971,457192971,98
TIC 457194150,457194150,98
TIC 457194404,457194404,98
TIC 457195301,457195301,98
TIC 457196370,457196370,98
TIC 457196715,457196715,98
TIC 457199028,457199028,98
TIC 457199051,457199051,98
TIC 457200118,457200118,98
TIC 457200150,457200150,98
TIC 457201012,457201012,98
TIC 457201880,457201880,98
TIC 457202479,457202479,98
TIC 457202517,457202517,98
TIC 457202693,457202693,98
TIC 457202957,457202957,98
TIC 457203235,457203235,98
TIC 457203866,457203866,98
TIC 457221461,457221461,98
TIC 457224153,457224153,98
TIC 457224155,457224155,98
TIC 457225725,457225725,98
TIC 457226546,457226546,98
TIC 457226653,457226653,98
TIC 457227989,457227989,98
TIC 457228569,457228569,98
TIC 457229913,457229913,98
TIC 457230402,457230402,98
TIC 457230957,457230957,98
TIC 457231037,457231037,98
TIC 457231138,457231138,98
TIC 457231158,457231158,98
TIC 457231471,457231471,98
TIC 457231533,457231533,98
TIC 457231602,457231602,98
TIC 457231720,457231720,98
TIC 457249293,457249293,98
TIC 457249382,457249382,98
TIC 457249495,457249495,98
TIC 457249701,457249701,98
TIC 457249894,457249894,98
TIC 457250209,457250209,98
TIC 457251004,457251004,98
TIC 459943135,459943135,98
TIC 459943223,459943223,98
TIC 459944057,459944057,98
TIC 459944322,459944322,98
TIC 459944531,459944531,98
TIC 459946416,459946416,98
TIC 459951868,459951868,98
TIC 459952217,459952217,98
TIC 459953750,459953750,98
TIC 459953873,459953873,98
TIC 459954659,459954659,98
TIC 459959323,459959323,98
TIC 459959916,459959916,98
TIC 459961278,459961278,98
TIC 459962268,459962268,98
TIC 459962673,459962673,98
TIC 459963707,459963707,98
TIC 459963802,459963802,98
TIC 459971156,459971156,98
TIC 459972196,459972196,98
TIC 459972199,459972199,98
TIC 459972882,459972882,98
TIC 459988098,459988098,98
TIC 459990152,459990152,98
TIC 459991109,459991109,98
TIC 459991491,459991491,98
TIC 459991770,459991770,98
TIC 459991800,459991800,98
TIC 459991832,459991832,98
TIC 464802846,464802846,98
TIC 464803059,464803059,98
TIC 464803588,464803588,98
TIC 464806126,464806126,98
TIC 464806209,464806209,98
TIC 464806557,464806557,98
TIC 464807201,464807201,98
TIC 464807228,464807228,98
TIC 464807252,464807252,98
TIC 464807253,464807253,98
TIC 464807402,464807402,98
TIC 464808065,464808065,98
TIC 464808977,464808977,98
TIC 464809195,464809195,98
TIC 464809420,464809420,98
TIC 464809866,464809866,98
TIC 464811481,464811481,98
TIC 464812674,464812674,98
TIC 464812806,464812806,98
TIC 464812811,464812811,98
TIC 464813093,464813093,98
TIC 464829006,464829006,98
TIC 464833383,464833383,98
TIC 464834360,464834360,98
TIC 464836362,464836362,98
TIC 464837530,464837530,98
TIC 464838129,464838129,98
TIC 464838258,464838258,98
TIC 464838700,464838700,98
TIC 464838962,464838962,98
TIC 464838971,464838971,98
TIC 464839095,464839095,98
TIC 464839202,464839202,98
TIC 464839269,464839269,98
TIC 464839310,464839310,98
TIC 464839326,464839326,98
TIC 464839367,464839367,98
TIC 464839441,464839441,98
TIC 464839617,464839617,98
TIC 464839773,464839773,98
TIC 464839885,464839885,98
TIC 464839918,464839918,98
TIC 464840442,464840442,98
TIC 467619023,467619023,98
TIC 467619276,467619276,98
TIC 467619651,467619651,98
TIC 471012346,471012346,98
TIC 471012347,471012347,98
TIC 471015203,471015203,98
TIC 471015280,471015280,98
TIC 471015295,471015295,98
TIC 471015330,471015330,98
TIC 471015359,471015359,98
TIC 471015360,471015360,98
TIC 471015389,471015389,98
TIC 471015798,471015798,98
TIC 524206891,524206891,98
TIC 650092530,650092530,98
TIC 650112282,650112282,98
TIC 650112426,650112426,98
TIC 650113893,650113893,98
TIC 650117526,650117526,98
TIC 650123405,650123405,98
TIC 650124969,650124969,98
TIC 650126582,650126582,98
TIC 650130559,650130559,98
TIC 650133096,650133096,98
TIC 650174979,650174979,98
TIC 650214066,650214066,98
TIC 650214433,650214433,98
TIC 650215621,650215621,98
TIC 650217774,650217774,98
TIC 671047084,671047084,98
TIC 671048124,671048124,98
TIC 671054422,671054422,98
TIC 671058832,671058832,98
TIC 671059528,671059528,98
TIC 671060353,671060353,98
TIC 671060359,671060359,98
TIC 671067704,671067704,98
TIC 671070985,671070985,98
TIC 671073875,671073875,98
TIC 671075197,671075197,98
TIC 671079282,671079282,98
TIC 671080832,671080832,98
TIC 671085063,671085063,98
TIC 671085940,671085940,98
TIC 671088673,671088673,98
TIC 671089017,671089017,98
TIC 671094726,671094726,98
TIC 671097051,671097051,98
TIC 671100185,671100185,98
TIC 671104116,671104116,98
TIC 671104504,671104504,98
TIC 671105839,671105839,98
TIC 671106728,671106728,98
TIC 671108935,671108935,98
TIC 671109884,671109884,98
TIC 671111315,671111315,98
TIC 671111917,671111917,98
TIC 671112201,671112201,98
TIC 671112678,671112678,98
TIC 671113289,671113289,98
TIC 671113738,671113738,98
TIC 671114621,671114621,98
TIC 671115050,671115050,98
TIC 671115803,671115803,98
TIC 671118746,671118746,98
TIC 671121561,671121561,98
TIC 671123927,671123927,98
TIC 671130962,671130962,98
TIC 671130971,671130971,98
TIC 671131722,671131722,98
TIC 671132171,671132171,98
TIC 671132886,671132886,98
TIC 671134690,671134690,98
TIC 671135100,671135100,98
TIC 671135147,671135147,98
TIC 671135549,671135549,98
TIC 671135569,671135569,98
TIC 671138016,671138016,98
TIC 671140282,671140282,98
TIC 671145355,671145355,98
TIC 671146932,671146932,98
TIC 671148132,671148132,98
TIC 671148488,671148488,98
TIC 671152126,671152126,98
TIC 671152379,671152379,98
TIC 671152632,671152632,98
TIC 671153666,671153666,98
TIC 671154087,671154087,98
TIC 671156394,671156394,98
TIC 671157246,671157246,98
TIC 671158071,671158071,98
TIC 671163101,671163101,98
TIC 671164237,671164237,98
TIC 671168558,671168558,98
TIC 671170157,671170157,98
TIC 671172647,671172647,98
TIC 671173332,671173332,98
TIC 671177482,671177482,98
TIC 671177810,671177810,98
TIC 671183222,671183222,98
TIC 671183331,671183331,98
TIC 671183998,671183998,98
TIC 671187097,671187097,98
TIC 671192564,671192564,98
TIC 671193743,671193743,98
TIC 671194820,671194820,98
TIC 671198574,671198574,98
TIC 671199517,671199517,98
TIC 671199603,671199603,98
TIC 671201581,671201581,98
TIC 671201690,671201690,98
TIC 671201750,671201750,98
TIC 671203412,671203412,98
TIC 671204323,671204323,98
TIC 671206684,671206684,98
TIC 671207062,671207062,98
TIC 671207222,671207222,98
TIC 671207998,671207998,98
TIC 671210756,671210756,98
TIC 671211982,671211982,98
TIC 671213733,671213733,98
TIC 671215495,671215495,98
TIC 671216831,671216831,98
TIC 671217091,671217091,98
TIC 671219266,671219266,98
TIC 671219414,671219414,98
TIC 671221816,671221816,98
TIC 671222131,671222131,98
TIC 671228267,671228267,98
TIC 671228463,671228463,98
TIC 671237053,671237053,98
TIC 671239231,671239231,98
TIC 671241662,671241662,98
TIC 671241879,671241879,98
TIC 671241906,671241906,98
TIC 671244692,671244692,98
TIC 671249123,671249123,98
TIC 671249476,671249476,98
TIC 671250630,671250630,98
TIC 671251494,671251494,98
TIC 671254534,671254534,98
TIC 671255207,671255207,98
TIC 671261365,671261365,98
TIC 671261758,671261758,98
TIC 671265605,671265605,98
TIC 671265857,671265857,98
TIC 671266428,671266428,98
TIC 671266878,671266878,98
TIC 671270928,671270928,98
TIC 671270942,671270942,98
TIC 671273347,671273347,98
TIC 671278332,671278332,98
TIC 671279238,671279238,98
TIC 671280068,671280068,98
TIC 671283578,671283578,98
TIC 671284352,671284352,98
TIC 671285411,671285411,98
TIC 671287859,671287859,98
TIC 671288348,671288348,98
TIC 671289814,671289814,98
TIC 671291024,671291024,98
TIC 671291987,671291987,98
TIC 671293657,671293657,98
TIC 671296031,671296031,98
TIC 671297017,671297017,98
TIC 671298056,671298056,98
TIC 671299303,671299303,98
TIC 671300398,671300398,98
TIC 671301120,671301120,98
TIC 671303336,671303336,98
TIC 671303981,671303981,98
TIC 671304874,671304874,98
TIC 671307724,671307724,98
TIC 671309460,671309460,98
TIC 671310236,671310236,98
TIC 671310954,671310954,98
TIC 671312696,671312696,98
TIC 671314491,671314491,98
TIC 671315186,671315186,98
TIC 671317761,671317761,98
TIC 671319166,671319166,98
TIC 671323125,671323125,98
TIC 671323470,671323470,98
TIC 671327477,671327477,98
TIC 671329397,671329397,98
TIC 671329811,671329811,98
TIC 671329982,671329982,98
TIC 671331934,671331934,98
TIC 671340679,671340679,98
TIC 671342339,671342339,98
TIC 671345399,671345399,98
TIC 671356030,671356030,98
TIC 671360588,671360588,98
TIC 671361433,671361433,98
TIC 671362996,671362996,98
TIC 671364037,671364037,98
TIC 671366030,671366030,98
TIC 671366129,671366129,98
TIC 671369081,671369081,98
TIC 671370060,671370060,98
TIC 671372590,671372590,98
TIC 671372896,671372896,98
TIC 671377515,671377515,98
TIC 671385119,671385119,98
TIC 671387112,671387112,98
TIC 671394788,671394788,98
TIC 671394794,671394794,98
TIC 671396736,671396736,98
TIC 671398768,671398768,98
TIC 671405005,671405005,98
TIC 671405067,671405067,98
TIC 671405828,671405828,98
TIC 671408784,671408784,98
TIC 671408880,671408880,98
TIC 671410944,671410944,98
TIC 671411072,671411072,98
TIC 671412710,671412710,98
TIC 671413637,671413637,98
TIC 671413685,671413685,98
TIC 671415914,671415914,98
TIC 671420233,671420233,98
TIC 671423959,671423959,98
TIC 671425014,671425014,98
TIC 671425683,671425683,98
TIC 671426325,671426325,98
TIC 671426959,671426959,98
TIC 671430147,671430147,98
TIC 671431439,671431439,98
TIC 671432624,671432624,98
TIC 671433360,671433360,98
TIC 671433785,671433785,98
TIC 671442861,671442861,98
TIC 671445338,671445338,98
TIC 671451813,671451813,98
TIC 671452197,671452197,98
TIC 671457959,671457959,98
TIC 671461671,671461671,98
TIC 671464053,671464053,98
TIC 671465016,671465016,98
TIC 671465269,671465269,98
TIC 671467945,671467945,98
TIC 671474487,671474487,98
TIC 671474800,671474800,98
TIC 671475454,671475454,98
TIC 671483434,671483434,98
TIC 671485508,671485508,98
TIC 671486664,671486664,98
TIC 671487462,671487462,98
TIC 671489293,671489293,98
TIC 671489809,671489809,98
TIC 671493150,671493150,98
TIC 671494560,671494560,98
TIC 671494990,671494990,98
TIC 671495059,671495059,98
TIC 671498729,671498729,98
TIC 671501631,671501631,98
TIC 671504319,671504319,98
TIC 671504357,671504357,98
TIC 671506613,671506613,98
TIC 671507380,671507380,98
TIC 671509822,671509822,98
TIC 671510451,671510451,98
TIC 671516887,671516887,98
TIC 671517367,671517367,98
TIC 671517642,671517642,98
TIC 671522635,671522635,98
TIC 671524675,671524675,98
TIC 671527884,671527884,98
TIC 671528180,671528180,98
TIC 671531720,671531720,98
TIC 671534627,671534627,98
TIC 671535196,671535196,98
TIC 671536620,671536620,98
TIC 671537026,671537026,98
TIC 671540035,671540035,98
TIC 671547816,671547816,98
TIC 671547843,671547843,98
TIC 671547859,671547859,98
TIC 671548112,671548112,98
TIC 671549661,671549661,98
TIC 671549802,671549802,98
TIC 671553627,671553627,98
TIC 671573339,671573339,98
TIC 671574829,671574829,98
TIC 671579564,671579564,98
TIC 671579583,671579583,98
TIC 671582625,671582625,98
TIC 671582895,671582895,98
TIC 671583771,671583771,98
TIC 671586484,671586484,98
TIC 671586527,671586527,98
TIC 671588577,671588577,98
TIC 671588724,671588724,98
TIC 671592552,671592552,98
TIC 671594035,671594035,98
TIC 671595799,671595799,98
TIC 671595806,671595806,98
TIC 671596213,671596213,98
TIC 671598652,671598652,98
TIC 671599070,671599070,98
TIC 671601553,671601553,98
TIC 671607786,671607786,98
TIC 671607955,671607955,98
TIC 671609225,671609225,98
TIC 671610327,671610327,98
TIC 671610595,671610595,98
TIC 671611054,671611054,98
TIC 671611807,671611807,98
TIC 671614749,671614749,98
TIC 671618824,671618824,98
TIC 671619021,671619021,98
TIC 671620313,671620313,98
TIC 671622928,671622928,98
TIC 671625509,671625509,98
TIC 671625968,671625968,98
TIC 671628308,671628308,98
TIC 671628559,671628559,98
TIC 671628920,671628920,98
TIC 671629550,671629550,98
TIC 671630743,671630743,98
TIC 671630948,671630948,98
TIC 671631789,671631789,98
TIC 671635155,671635155,98
TIC 671638014,671638014,98
TIC 671639422,671639422,98
TIC 671639512,671639512,98
TIC 671639579,671639579,98
TIC 671642178,671642178,98
TIC 671643058,671643058,98
TIC 671644136,671644136,98
TIC 671644698,671644698,98
TIC 671645415,671645415,98
TIC 671647530,671647530,98
TIC 671649617,671649617,98
TIC 671649797,671649797,98
TIC 671654582,671654582,98
TIC 671657507,671657507,98
TIC 671657597,671657597,98
TIC 671657996,671657996,98
TIC 671659176,671659176,98
TIC 671659947,671659947,98
TIC 671661042,671661042,98
TIC 671661508,671661508,98
TIC 671664080,671664080,98
TIC 671665994,671665994,98
TIC 671668210,671668210,98
TIC 671670090,671670090,98
TIC 671671183,671671183,98
TIC 671672363,671672363,98
TIC 671673091,671673091,98
TIC 671675801,671675801,98
TIC 671676583,671676583,98
TIC 671677072,671677072,98
TIC 671678288,671678288,98
TIC 671681743,671681743,98
TIC 671683143,671683143,98
TIC 671683442,671683442,98
TIC 671684084,671684084,98
TIC 671687375,671687375,98
TIC 671688227,671688227,98
TIC 671688953,671688953,98
TIC 671689759,671689759,98
TIC 671692538,671692538,98
TIC 671693196,671693196,98
TIC 671694054,671694054,98
TIC 671694084,671694084,98
TIC 671694620,671694620,98
TIC 671694706,671694706,98
TIC 671697202,671697202,98
TIC 671697453,671697453,98
TIC 671698334,671698334,98
TIC 671701253,671701253,98
TIC 671702599,671702599,98
TIC 671703766,671703766,98
TIC 671704422,671704422,98
TIC 671704778,671704778,98
TIC 671705014,671705014,98
TIC 671708112,671708112,98
TIC 671708696,671708696,98
TIC 671710134,671710134,98
TIC 671710462,671710462,98
TIC 671710803,671710803,98
TIC 671718215,671718215,98
TIC 671720690,671720690,98
TIC 671722153,671722153,98
TIC 671722488,671722488,98
TIC 671723941,671723941,98
TIC 671726624,671726624,98
TIC 671727496,671727496,98
TIC 671731164,671731164,98
TIC 671731371,671731371,98
TIC 671737108,671737108,98
TIC 671738490,671738490,98
TIC 671739735,671739735,98
TIC 671741504,671741504,98
TIC 671743075,671743075,98
TIC 671743451,671743451,98
TIC 671747641,671747641,98
TIC 671747980,671747980,98
TIC 671751217,671751217,98
TIC 671753199,671753199,98
TIC 671754346,671754346,98
TIC 671754643,671754643,98
TIC 671754682,671754682,98
TIC 671756175,671756175,98
TIC 671756393,671756393,98
TIC 671756400,671756400,98
TIC 671758690,671758690,98
TIC 671759837,671759837,98
TIC 671761176,671761176,98
TIC 671762477,671762477,98
TIC 671764340,671764340,98
TIC 671767685,671767685,98
TIC 671768192,671768192,98
TIC 671800602,671800602,98
TIC 671800985,671800985,98
TIC 671802323,671802323,98
TIC 671806131,671806131,98
TIC 671807068,671807068,98
TIC 671852407,671852407,98
TIC 671852584,671852584,98
TIC 671853400,671853400,98
TIC 671854309,671854309,98
TIC 671854415,671854415,98
TIC 671855016,671855016,98
TIC 671857228,671857228,98
TIC 671859155,671859155,98
TIC 671860068,671860068,98
TIC 671861199,671861199,98
TIC 671862529,671862529,98
TIC 671865862,671865862,98
TIC 671866481,671866481,98
TIC 671867097,671867097,98
TIC 671867439,671867439,98
TIC 671870571,671870571,98
TIC 671871082,671871082,98
TIC 671871699,671871699,98
TIC 671876363,671876363,98
TIC 671876555,671876555,98
TIC 671876894,671876894,98
TIC 671878937,671878937,98
TIC 671882727,671882727,98
TIC 671890587,671890587,98
TIC 671891158,671891158,98
TIC 671893022,671893022,98
TIC 671894377,671894377,98
TIC 671894733,671894733,98
TIC 671895476,671895476,98
TIC 671900000,671900000,98
TIC 671902801,671902801,98
TIC 671905177,671905177,98
TIC 671906596,671906596,98
TIC 671907663,671907663,98
TIC 671910796,671910796,98
TIC 671913714,671913714,98
TIC 671914861,671914861,98
TIC 671920379,671920379,98
TIC 671922729,671922729,98
TIC 671925155,671925155,98
TIC 671926850,671926850,98
TIC 671927065,671927065,98
TIC 671930117,671930117,98
TIC 671930407,671930407,98
TIC 671931129,671931129,98
TIC 671936502,671936502,98
TIC 671936529,671936529,98
TIC 671938210,671938210,98
TIC 671938569,671938569,98
TIC 671941544,671941544,98
TIC 671954875,671954875,98
TIC 671959670,671959670,98
TIC 671959788,671959788,98
TIC 671960065,671960065,98
TIC 671960529,671960529,98
TIC 671961282,671961282,98
TIC 671962340,671962340,98
TIC 671962937,671962937,98
TIC 671965046,671965046,98
TIC 671965450,671965450,98
TIC 671966011,671966011,98
TIC 671966291,671966291,98
TIC 671968913,671968913,98
TIC 671970168,671970168,98
TIC 671971021,671971021,98
TIC 671974772,671974772,98
TIC 671975808,671975808,98
TIC 671975909,671975909,98
TIC 671976152,671976152,98
TIC 671980825,671980825,98
TIC 671981312,671981312,98
TIC 671981821,671981821,98
TIC 671982744,671982744,98
TIC 671984769,671984769,98
TIC 671987799,671987799,98
TIC 671988373,671988373,98
TIC 671990986,671990986,98
TIC 671991527,671991527,98
TIC 671992255,671992255,98
TIC 671992272,671992272,98
TIC 671993050,671993050,98
TIC 671994382,671994382,98
TIC 671996875,671996875,98
TIC 672000346,672000346,98
TIC 672002022,672002022,98
TIC 672012466,672012466,98
TIC 672016285,672016285,98
TIC 672018548,672018548,98
TIC 672019231,672019231,98
TIC 672020587,672020587,98
TIC 672021929,672021929,98
TIC 672023668,672023668,98
TIC 672026217,672026217,98
TIC 672027748,672027748,98
TIC 672028035,672028035,98
TIC 672031720,672031720,98
TIC 672039148,672039148,98
TIC 672044472,672044472,98
TIC 672060071,672060071,98
TIC 672063052,672063052,98
TIC 672063452,672063452,98
TIC 672064531,672064531,98
TIC 672064775,672064775,98
TIC 672065399,672065399,98
TIC 672072190,672072190,98
TIC 672074833,672074833,98
TIC 672075091,672075091,98
TIC 672076552,672076552,98
TIC 672076784,672076784,98
TIC 672080983,672080983,98
TIC 672081499,672081499,98
TIC 672088287,672088287,98
TIC 672089796,672089796,98
TIC 672097645,672097645,98
TIC 672098372,672098372,98
TIC 672099654,672099654,98
TIC 672100068,672100068,98
TIC 672103737,672103737,98
TIC 672104325,672104325,98
TIC 672104337,672104337,98
TIC 672104760,672104760,98
TIC 672106986,672106986,98
TIC 672107032,672107032,98
TIC 672107868,672107868,98
TIC 672109455,672109455,98
TIC 672110830,672110830,98
TIC 672111659,672111659,98
TIC 672111930,672111930,98
TIC 672114250,672114250,98
TIC 672115676,672115676,98
TIC 672119221,672119221,98
TIC 672121725,672121725,98
TIC 672123918,672123918,98
TIC 672126150,672126150,98
TIC 672127987,672127987,98
TIC 672128184,672128184,98
TIC 672132968,672132968,98
TIC 672133696,672133696,98
TIC 672137821,672137821,98
TIC 672141036,672141036,98
TIC 672141105,672141105,98
TIC 672143407,672143407,98
TIC 672153273,672153273,98
TIC 672153977,672153977,98
TIC 672166222,672166222,98
TIC 672166323,672166323,98
TIC 672172106,672172106,98
TIC 672173734,672173734,98
TIC 672175408,672175408,98
TIC 672178603,672178603,98
TIC 672184388,672184388,98
TIC 672186607,672186607,98
TIC 672186833,672186833,98
TIC 672188654,672188654,98
TIC 672189266,672189266,98
TIC 672190859,672190859,98
TIC 672195416,672195416,98
TIC 672195547,672195547,98
TIC 672195733,672195733,98
TIC 672203638,672203638,98
TIC 672203641,672203641,98
TIC 672204368,672204368,98
TIC 672204726,672204726,98
TIC 672209008,672209008,98
TIC 672211182,672211182,98
TIC 672212110,672212110,98
TIC 672212956,672212956,98
TIC 672218231,672218231,98
TIC 672219977,672219977,98
TIC 672220532,672220532,98
TIC 672221236,672221236,98
TIC 672222892,672222892,98
TIC 672225350,672225350,98
TIC 672225669,672225669,98
TIC 672226705,672226705,98
TIC 672227798,672227798,98
TIC 672228959,672228959,98
TIC 672231061,672231061,98
TIC 672233644,672233644,98
TIC 672237676,672237676,98
TIC 672239251,672239251,98
TIC 672242733,672242733,98
TIC 672242878,672242878,98
TIC 672243590,672243590,98
TIC 672249816,672249816,98
TIC 672251230,672251230,98
TIC 672252142,672252142,98
TIC 672253368,672253368,98
TIC 672254680,672254680,98
TIC 672254708,672254708,98
TIC 672255093,672255093,98
TIC 672258150,672258150,98
TIC 672258749,672258749,98
TIC 672259195,672259195,98
TIC 672262132,672262132,98
TIC 672262421,672262421,98
TIC 672274728,672274728,98
TIC 672276098,672276098,98
TIC 672278548,672278548,98
TIC 672280987,672280987,98
TIC 672285035,672285035,98
TIC 672296419,672296419,98
TIC 672307224,672307224,98
TIC 672307593,672307593,98
TIC 672311459,672311459,98
TIC 672312339,672312339,98
TIC 672313400,672313400,98
TIC 672314194,672314194,98
TIC 672314246,672314246,98
TIC 672318723,672318723,98
TIC 672320699,672320699,98
TIC 672321809,672321809,98
TIC 672323268,672323268,98
TIC 672323624,672323624,98
TIC 672324170,672324170,98
TIC 672324301,672324301,98
TIC 672324710,672324710,98
TIC 672324885,672324885,98
TIC 672329708,672329708,98
TIC 672330340,672330340,98
TIC 672332655,672332655,98
TIC 672332662,672332662,98
TIC 672335817,672335817,98
TIC 672337913,672337913,98
TIC 672339901,672339901,98
TIC 672340819,672340819,98
TIC 672342326,672342326,98
TIC 672345277,672345277,98
TIC 672346149,672346149,98
TIC 672347040,672347040,98
TIC 672347960,672347960,98
TIC 672348795,672348795,98
TIC 672348974,672348974,98
TIC 672351639,672351639,98
TIC 672351862,672351862,98
TIC 672353433,672353433,98
TIC 672353604,672353604,98
TIC 672357979,672357979,98
TIC 672358286,672358286,98
TIC 672358820,672358820,98
TIC 672361564,672361564,98
TIC 672362282,672362282,98
TIC 672362711,672362711,98
TIC 672364716,672364716,98
TIC 672364752,672364752,98
TIC 672366419,672366419,98
TIC 672369155,672369155,98
TIC 672370391,672370391,98
TIC 672374625,672374625,98
TIC 672375504,672375504,98
TIC 672376626,672376626,98
TIC 672377895,672377895,98
TIC 672379857,672379857,98
TIC 672382396,672382396,98
TIC 672383331,672383331,98
TIC 672383947,672383947,98
TIC 672387551,672387551,98
TIC 672390470,672390470,98
TIC 672392002,672392002,98
TIC 672394319,672394319,98
TIC 672400342,672400342,98
TIC 672402368,672402368,98
TIC 672402594,672402594,98
TIC 672403065,672403065,98
TIC 672406406,672406406,98
TIC 672408240,672408240,98
TIC 672411659,672411659,98
TIC 672412617,672412617,98
TIC 672412703,672412703,98
TIC 672413814,672413814,98
TIC 672415301,672415301,98
TIC 672418224,672418224,98
TIC 672419209,672419209,98
TIC 672420936,672420936,98
TIC 672426563,672426563,98
TIC 672426806,672426806,98
TIC 672445475,672445475,98
TIC 672447422,672447422,98
TIC 672454027,672454027,98
TIC 672473820,672473820,98
TIC 672486573,672486573,98
TIC 672499268,672499268,98
TIC 672500131,672500131,98
TIC 672503148,672503148,98
TIC 672512003,672512003,98
TIC 672513445,672513445,98
TIC 672513655,672513655,98
TIC 672518335,672518335,98
TIC 672539082,672539082,98
TIC 672553070,672553070,98
TIC 672555980,672555980,98
TIC 672565775,672565775,98
TIC 672565897,672565897,98
TIC 672588268,672588268,98
TIC 672601191,672601191,98
TIC 672610825,672610825,98
TIC 672612329,672612329,98
TIC 672622990,672622990,98
TIC 672636524,672636524,98
TIC 672646640,672646640,98
TIC 672646768,672646768,98
TIC 672667991,672667991,98
TIC 672670663,672670663,98
TIC 672670953,672670953,98
TIC 672672721,672672721,98
TIC 672675703,672675703,98
TIC 672703009,672703009,98
TIC 672705011,672705011,98
TIC 672709922,672709922,98
TIC 672718947,672718947,98
TIC 672723460,672723460,98
TIC 672762530,672762530,98
TIC 672763452,672763452,98
TIC 672763716,672763716,98
TIC 672764435,672764435,98
TIC 672770018,672770018,98
TIC 672771984,672771984,98
TIC 672773565,672773565,98
TIC 672773622,672773622,98
TIC 672775038,672775038,98
TIC 672776051,672776051,98
TIC 672776377,672776377,98
TIC 672777430,672777430,98
TIC 672786892,672786892,98
TIC 672787107,672787107,98
TIC 672787307,672787307,98
TIC 672788065,672788065,98
TIC 672789628,672789628,98
TIC 672840296,672840296,98
TIC 672843138,672843138,98
TIC 672845693,672845693,98
TIC 672848311,672848311,98
TIC 672849603,672849603,98
TIC 672849996,672849996,98
TIC 672851514,672851514,98
TIC 672851831,672851831,98
TIC 672855740,672855740,98
TIC 672856154,672856154,98
TIC 672856307,672856307,98
TIC 672857665,672857665,98
TIC 672858592,672858592,98
TIC 672859238,672859238,98
TIC 672860776,672860776,98
TIC 672861639,672861639,98
TIC 672861640,672861640,98
TIC 672863306,672863306,98
TIC 672864631,672864631,98
TIC 672867080,672867080,98
TIC 672881781,672881781,98
TIC 672883036,672883036,98
TIC 672892247,672892247,98
TIC 672893110,672893110,98
TIC 672906413,672906413,98
TIC 672907676,672907676,98
TIC 672908543,672908543,98
TIC 672913383,672913383,98
TIC 672915025,672915025,98
TIC 672928301,672928301,98
TIC 672928642,672928642,98
TIC 672930175,672930175,98
TIC 672931870,672931870,98
TIC 672936492,672936492,98
TIC 672937577,672937577,98
TIC 672939267,672939267,98
TIC 672946382,672946382,98
TIC 672950397,672950397,98
TIC 672950637,672950637,98
TIC 672952296,672952296,98
TIC 672953749,672953749,98
TIC 672954484,672954484,98
TIC 672955247,672955247,98
TIC 672956217,672956217,98
TIC 672966082,672966082,98
TIC 672967303,672967303,98
TIC 672967304,672967304,98
TIC 672967326,672967326,98
TIC 672967821,672967821,98
TIC 672968322,672968322,98
TIC 672973122,672973122,98
TIC 672973172,672973172,98
TIC 672973414,672973414,98
TIC 672973683,672973683,98
TIC 672976247,672976247,98
TIC 672977675,672977675,98
TIC 672979049,672979049,98
TIC 672979342,672979342,98
TIC 672979752,672979752,98
TIC 672981264,672981264,98
TIC 672986230,672986230,98
TIC 672997045,672997045,98
TIC 673000874,673000874,98
TIC 673002034,673002034,98
TIC 673003302,673003302,98
TIC 673005234,673005234,98
TIC 673009184,673009184,98
TIC 673026193,673026193,98
TIC 673027589,673027589,98
TIC 673028436,673028436,98
TIC 673029966,673029966,98
TIC 673037159,673037159,98
TIC 673038929,673038929,98
TIC 673044617,673044617,98
TIC 673044700,673044700,98
TIC 673047707,673047707,98
TIC 673057144,673057144,98
TIC 673061335,673061335,98
TIC 673065377,673065377,98
TIC 673066851,673066851,98
TIC 673068838,673068838,98
TIC 673071684,673071684,98
TIC 673076206,673076206,98
TIC 673080797,673080797,98
TIC 673082075,673082075,98
TIC 673086212,673086212,98
TIC 673086493,673086493,98
TIC 673087345,673087345,98
TIC 673090961,673090961,98
TIC 673103621,673103621,98
TIC 673106988,673106988,98
TIC 673118752,673118752,98
TIC 673121498,673121498,98
TIC 673124452,673124452,98
TIC 673135222,673135222,98
TIC 673154105,673154105,98
TIC 673157121,673157121,98
TIC 673170700,673170700,98
TIC 673187912,673187912,98
TIC 673187930,673187930,98
TIC 673188240,673188240,98
TIC 673192502,673192502,98
TIC 673202265,673202265,98
TIC 673213610,673213610,98
TIC 673217757,673217757,98
TIC 673220047,673220047,98
TIC 673225996,673225996,98
TIC 673236420,673236420,98
TIC 673238451,673238451,98
TIC 673243324,673243324,98
TIC 673248541,673248541,98
TIC 673249668,673249668,98
TIC 673250708,673250708,98
TIC 673252895,673252895,98
TIC 673255322,673255322,98
TIC 673255566,673255566,98
TIC 673257351,673257351,98
TIC 673270639,673270639,98
TIC 673271911,673271911,98
TIC 673272882,673272882,98
TIC 673278805,673278805,98
TIC 673300962,673300962,98
TIC 673301751,673301751,98
TIC 673310552,673310552,98
TIC 673320876,673320876,98
TIC 673327428,673327428,98
TIC 673331871,673331871,98
TIC 673332580,673332580,98
TIC 673339980,673339980,98
TIC 673345538,673345538,98
TIC 673350253,673350253,98
TIC 673354767,673354767,98
TIC 673357826,673357826,98
TIC 673371307,673371307,98
TIC 673372699,673372699,98
TIC 673394542,673394542,98
TIC 673395377,673395377,98
TIC 673395583,673395583,98
TIC 673396503,673396503,98
TIC 673397419,673397419,98
TIC 673398312,673398312,98
TIC 673399728,673399728,98
TIC 673403841,673403841,98
TIC 673405243,673405243,98
TIC 673406868,673406868,98
TIC 673408468,673408468,98
TIC 673409413,673409413,98
TIC 673413617,673413617,98
TIC 673415055,673415055,98
TIC 673415352,673415352,98
TIC 673421017,673421017,98
TIC 673423035,673423035,98
TIC 673425123,673425123,98
TIC 673425126,673425126,98
TIC 673425277,673425277,98
TIC 673443313,673443313,98
TIC 673467235,673467235,98
TIC 673467956,673467956,98
TIC 673473246,673473246,98
TIC 673473426,673473426,98
TIC 673474066,673474066,98
TIC 673475890,673475890,98
TIC 673484120,673484120,98
TIC 673484179,673484179,98
TIC 673485845,673485845,98
TIC 673487264,673487264,98
TIC 673490487,673490487,98
TIC 673493713,673493713,98
TIC 673494103,673494103,98
TIC 673501798,673501798,98
TIC 673503395,673503395,98
TIC 673509478,673509478,98
TIC 673512542,673512542,98
TIC 673513686,673513686,98
TIC 673517222,673517222,98
TIC 673520159,673520159,98
TIC 673527128,673527128,98
TIC 673530325,673530325,98
TIC 673532083,673532083,98
TIC 673536225,673536225,98
TIC 673536531,673536531,98
TIC 673536783,673536783,98
TIC 673540101,673540101,98
TIC 673542542,673542542,98
TIC 673544294,673544294,98
TIC 673547358,673547358,98
TIC 673556088,673556088,98
TIC 673558032,673558032,98
TIC 673559628,673559628,98
TIC 673567211,673567211,98
TIC 673571426,673571426,98
TIC 673571437,673571437,98
TIC 673573084,673573084,98
TIC 673590286,673590286,98
TIC 673597866,673597866,98
TIC 673602074,673602074,98
TIC 673620272,673620272,98
TIC 673621677,673621677,98
TIC 673635867,673635867,98
TIC 673697715,673697715,98
TIC 673703991,673703991,98
TIC 673708975,673708975,98
TIC 673717337,673717337,98
TIC 673722841,673722841,98
TIC 673725804,673725804,98
TIC 673726027,673726027,98
TIC 673726835,673726835,98
TIC 673728659,673728659,98
TIC 673729233,673729233,98
TIC 673730233,673730233,98
TIC 673734487,673734487,98
TIC 673739045,673739045,98
TIC 673742698,673742698,98
TIC 673743560,673743560,98
TIC 673743849,673743849,98
TIC 673751693,673751693,98
TIC 673753782,673753782,98
TIC 673755405,673755405,98
TIC 673759470,673759470,98
TIC 673760991,673760991,98
TIC 673763337,673763337,98
TIC 673764464,673764464,98
TIC 673766120,673766120,98
TIC 673771003,673771003,98
TIC 673774824,673774824,98
TIC 673775219,673775219,98
TIC 673786057,673786057,98
TIC 673795417,673795417,98
TIC 673802477,673802477,98
TIC 673806811,673806811,98
TIC 673808698,673808698,98
TIC 673816487,673816487,98
TIC 673834014,673834014,98
TIC 673836400,673836400,98
TIC 673838331,673838331,98
TIC 673877434,673877434,98
TIC 673877808,673877808,98
TIC 673880501,673880501,98
TIC 673882258,673882258,98
TIC 673888744,673888744,98
TIC 673899927,673899927,98
TIC 673901941,673901941,98
TIC 673909189,673909189,98
TIC 673915620,673915620,98
TIC 673932215,673932215,98
TIC 673934942,673934942,98
TIC 673939284,673939284,98
TIC 673940036,673940036,98
TIC 673941712,673941712,98
TIC 673959179,673959179,98
TIC 673968479,673968479,98
TIC 673975258,673975258,98
TIC 674055551,674055551,98
TIC 674056532,674056532,98
TIC 674058980,674058980,98
TIC 674065354,674065354,98
TIC 675095862,675095862,98
TIC 675108726,675108726,98
TIC 675115304,675115304,98
TIC 675125497,675125497,98
TIC 675147129,675147129,98
TIC 675176294,675176294,98
TIC 675186222,675186222,98
TIC 675192785,675192785,98
TIC 675196041,675196041,98
TIC 675197447,675197447,98
TIC 675202879,675202879,98
TIC 675203636,675203636,98
TIC 675209108,675209108,98
TIC 675282587,675282587,98
TIC 675289061,675289061,98
TIC 675428093,675428093,98
TIC 681481558,681481558,98
TIC 684765387,684765387,98
TIC 684954758,684954758,98
TIC 684980690,684980690,98
TIC 684986451,684986451,98
TIC 685011667,685011667,98
TIC 685220573,685220573,98
TIC 685221228,685221228,98
TIC 685221425,685221425,98
TIC 685222185,685222185,98
TIC 685225570,685225570,98
TIC 685225665,685225665,98
TIC 685233525,685233525,98
TIC 685235931,685235931,98
TIC 685236325,685236325,98
TIC 685237606,685237606,98
TIC 685248528,685248528,98
TIC 685438333,685438333,98
TIC 685440081,685440081,98
TIC 685440154,685440154,98
TIC 685443717,685443717,98
TIC 685444836,685444836,98
TIC 685445123,685445123,98
TIC 685446747,685446747,98
TIC 685449632,685449632,98
TIC 685450951,685450951,98
TIC 685451634,685451634,98
TIC 685451929,685451929,98
TIC 685452825,685452825,98
TIC 685457722,685457722,98
TIC 685457944,685457944,98
TIC 685458294,685458294,98
TIC 685465476,685465476,98
TIC 685467351,685467351,98
TIC 685470155,685470155,98
TIC 685470693,685470693,98
TIC 685470717,685470717,98
TIC 685471279,685471279,98
TIC 685510255,685510255,98
TIC 685515810,685515810,98
TIC 685518847,685518847,98
TIC 685519431,685519431,98
TIC 685520891,685520891,98
TIC 685521007,685521007,98
TIC 685522614,685522614,98
TIC 685522827,685522827,98
TIC 685524323,685524323,98
TIC 685527643,685527643,98
TIC 685530432,685530432,98
TIC 685531271,685531271,98
TIC 685537075,685537075,98
TIC 685539002,685539002,98
TIC 685540720,685540720,98
TIC 685542225,685542225,98
TIC 685543863,685543863,98
TIC 685543895,685543895,98
TIC 685544633,685544633,98
TIC 685547861,685547861,98
TIC 685548131,685548131,98
TIC 685548708,685548708,98
TIC 685549881,685549881,98
TIC 685550036,685550036,98
TIC 685551631,685551631,98
TIC 685552894,685552894,98
TIC 685554487,685554487,98
TIC 685556616,685556616,98
TIC 685556818,685556818,98
TIC 685561256,685561256,98
TIC 685562354,685562354,98
TIC 685564011,685564011,98
TIC 685564057,685564057,98
TIC 685567733,685567733,98
TIC 685568151,685568151,98
TIC 685571864,685571864,98
TIC 685573795,685573795,98
TIC 685574882,685574882,98
TIC 685578978,685578978,98
TIC 685580544,685580544,98
TIC 685585374,685585374,98
TIC 685590607,685590607,98
TIC 685591156,685591156,98
TIC 685593069,685593069,98
TIC 685594185,685594185,98
TIC 685594252,685594252,98
TIC 685595829,685595829,98
TIC 685597123,685597123,98
TIC 685597155,685597155,98
TIC 685598172,685598172,98
TIC 685601209,685601209,98
TIC 685602268,685602268,98
TIC 685602666,685602666,98
TIC 685603101,685603101,98
TIC 685610512,685610512,98
TIC 685612927,685612927,98
TIC 685615024,685615024,98
TIC 685615118,685615118,98
TIC 685616153,685616153,98
TIC 685620571,685620571,98
TIC 685621870,685621870,98
TIC 685626571,685626571,98
TIC 685626867,685626867,98
TIC 685628059,685628059,98
TIC 685628141,685628141,98
TIC 685628191,685628191,98
TIC 685629068,685629068,98
TIC 685630368,685630368,98
TIC 685632021,685632021,98
TIC 685633852,685633852,98
TIC 685635161,685635161,98
TIC 685635199,685635199,98
TIC 685635744,685635744,98
TIC 685637670,685637670,98
TIC 685640506,685640506,98
TIC 685641069,685641069,98
TIC 685646193,685646193,98
TIC 685648484,685648484,98
TIC 685649844,685649844,98
TIC 685650618,685650618,98
TIC 685652271,685652271,98
TIC 685652788,685652788,98
TIC 685653101,685653101,98
TIC 685656295,685656295,98
TIC 685658897,685658897,98
TIC 685659164,685659164,98
TIC 685659260,685659260,98
TIC 685659521,685659521,98
TIC 685661944,685661944,98
TIC 685662418,685662418,98
TIC 685665639,685665639,98
TIC 685666533,685666533,98
TIC 685667040,685667040,98
TIC 685667455,685667455,98
TIC 685669815,685669815,98
TIC 685670848,685670848,98
TIC 685671110,685671110,98
TIC 685671314,685671314,98
TIC 685677249,685677249,98
TIC 685678297,685678297,98
TIC 685678586,685678586,98
TIC 685678872,685678872,98
TIC 685679265,685679265,98
TIC 685680012,685680012,98
TIC 685680841,685680841,98
TIC 685680864,685680864,98
TIC 685683644,685683644,98
TIC 685684554,685684554,98
TIC 685684935,685684935,98
TIC 685689266,685689266,98
TIC 685693482,685693482,98
TIC 685693642,685693642,98
TIC 685697486,685697486,98
TIC 685699074,685699074,98
TIC 685701846,685701846,98
TIC 685702857,685702857,98
TIC 685705235,685705235,98
TIC 685705981,685705981,98
TIC 685708256,685708256,98
TIC 685708295,685708295,98
TIC 685711837,685711837,98
TIC 685714859,685714859,98
TIC 685714995,685714995,98
TIC 685715825,685715825,98
TIC 685716116,685716116,98
TIC 685716892,685716892,98
TIC 685717629,685717629,98
TIC 685717706,685717706,98
TIC 685718446,685718446,98
TIC 685718705,685718705,98
TIC 685719520,685719520,98
TIC 685719583,685719583,98
TIC 685720179,685720179,98
TIC 685722203,685722203,98
TIC 685740220,685740220,98
TIC 685740891,685740891,98
TIC 685749866,685749866,98
TIC 685750078,685750078,98
TIC 685750975,685750975,98
TIC 685751101,685751101,98
TIC 685751452,685751452,98
TIC 685751527,685751527,98
TIC 685751981,685751981,98
TIC 685752694,685752694,98
TIC 685754309,685754309,98
TIC 685760352,685760352,98
TIC 685763358,685763358,98
TIC 685763761,685763761,98
TIC 685766452,685766452,98
TIC 685770628,685770628,98
TIC 685771249,685771249,98
TIC 685771987,685771987,98
TIC 685777448,685777448,98
TIC 685780405,685780405,98
TIC 685782039,685782039,98
TIC 685785030,685785030,98
TIC 685785227,685785227,98
TIC 685785799,685785799,98
TIC 685786172,685786172,98
TIC 685787396,685787396,98
TIC 685789411,685789411,98
TIC 685789515,685789515,98
TIC 685789584,685789584,98
TIC 685789859,685789859,98
TIC 685790602,685790602,98
TIC 685791747,685791747,98
TIC 685793843,685793843,98
TIC 685794296,685794296,98
TIC 685795183,685795183,98
TIC 685795402,685795402,98
TIC 685800962,685800962,98
TIC 685802945,685802945,98
TIC 685804510,685804510,98
TIC 685805568,685805568,98
TIC 685806337,685806337,98
TIC 685806640,685806640,98
TIC 685807984,685807984,98
TIC 685808958,685808958,98
TIC 685810640,685810640,98
TIC 685810750,685810750,98
TIC 685811711,685811711,98
TIC 685813738,685813738,98
TIC 685814448,685814448,98
TIC 685820700,685820700,98
TIC 685822360,685822360,98
TIC 685822362,685822362,98
TIC 685825136,685825136,98
TIC 685827474,685827474,98
TIC 685829238,685829238,98
TIC 685829255,685829255,98
TIC 685830045,685830045,98
TIC 685831154,685831154,98
TIC 685831873,685831873,98
TIC 685831982,685831982,98
TIC 685833430,685833430,98
TIC 685837003,685837003,98
TIC 685837179,685837179,98
TIC 685837488,685837488,98
TIC 685838137,685838137,98
TIC 685838299,685838299,98
TIC 685839636,685839636,98
TIC 685841989,685841989,98
TIC 685843548,685843548,98
TIC 685844432,685844432,98
TIC 685845292,685845292,98
TIC 685846011,685846011,98
TIC 685846579,685846579,98
TIC 685914084,685914084,98
TIC 685914316,685914316,98
TIC 685916237,685916237,98
TIC 685916297,685916297,98
TIC 685916449,685916449,98
TIC 685919135,685919135,98
TIC 685973142,685973142,98
TIC 685974046,685974046,98
TIC 685974215,685974215,98
TIC 685975277,685975277,98
TIC 685978759,685978759,98
TIC 685979161,685979161,98
TIC 685979503,685979503,98
TIC 685981142,685981142,98
TIC 685982297,685982297,98
TIC 685985103,685985103,98
TIC 685986366,685986366,98
TIC 685987828,685987828,98
TIC 685988791,685988791,98
TIC 685994564,685994564,98
TIC 685995712,685995712,98
TIC 686000164,686000164,98
TIC 686000251,686000251,98
TIC 686003129,686003129,98
TIC 686004237,686004237,98
TIC 686004867,686004867,98
TIC 686005810,686005810,98
TIC 686007278,686007278,98
TIC 686009194,686009194,98
TIC 686011429,686011429,98
TIC 686011866,686011866,98
TIC 686014643,686014643,98
TIC 686014967,686014967,98
TIC 686016577,686016577,98
TIC 686017122,686017122,98
TIC 686018227,686018227,98
TIC 686018956,686018956,98
TIC 686019952,686019952,98
TIC 686020076,686020076,98
TIC 686020250,686020250,98
TIC 686021647,686021647,98
TIC 686022622,686022622,98
TIC 686026025,686026025,98
TIC 686026764,686026764,98
TIC 686027135,686027135,98
TIC 686030315,686030315,98
TIC 686031108,686031108,98
TIC 686042690,686042690,98
TIC 686043360,686043360,98
TIC 686046498,686046498,98
TIC 686061046,686061046,98
TIC 686061612,686061612,98
TIC 686061990,686061990,98
TIC 686062198,686062198,98
TIC 686062590,686062590,98
TIC 686062826,686062826,98
TIC 686063120,686063120,98
TIC 686063140,686063140,98
TIC 686063466,686063466,98
TIC 686063717,686063717,98
TIC 686064932,686064932,98
TIC 686065108,686065108,98
TIC 686066934,686066934,98
TIC 686068050,686068050,98
TIC 686068058,686068058,98
TIC 686069029,686069029,98
TIC 686070346,686070346,98
TIC 686070700,686070700,98
TIC 686072682,686072682,98
TIC 686074830,686074830,98
TIC 686077746,686077746,98
TIC 686079063,686079063,98
TIC 686083836,686083836,98
TIC 686087674,686087674,98
TIC 686087902,686087902,98
TIC 686089596,686089596,98
TIC 686089678,686089678,98
TIC 686091793,686091793,98
TIC 686092435,686092435,98
TIC 686092698,686092698,98
TIC 686093407,686093407,98
TIC 686094840,686094840,98
TIC 686095842,686095842,98
TIC 686095935,686095935,98
TIC 686098898,686098898,98
TIC 686099158,686099158,98
TIC 686099933,686099933,98
TIC 686101772,686101772,98
TIC 686102046,686102046,98
TIC 686102996,686102996,98
TIC 686103588,686103588,98
TIC 686105679,686105679,98
TIC 686107719,686107719,98
TIC 686108682,686108682,98
TIC 686109750,686109750,98
TIC 686110488,686110488,98
TIC 686114024,686114024,98
TIC 686114220,686114220,98
TIC 686116157,686116157,98
TIC 686118671,686118671,98
TIC 686118943,686118943,98
TIC 686119340,686119340,98
TIC 686119656,686119656,98
TIC 686119862,686119862,98
TIC 686123894,686123894,98
TIC 686128966,686128966,98
TIC 686130973,686130973,98
TIC 686132942,686132942,98
TIC 686135150,686135150,98
TIC 686136134,686136134,98
TIC 686136730,686136730,98
TIC 686139969,686139969,98
TIC 686140866,686140866,98
TIC 686141378,686141378,98
TIC 686143758,686143758,98
TIC 686146520,686146520,98
TIC 686147556,686147556,98
TIC 686148480,686148480,98
TIC 686150070,686150070,98
TIC 686151477,686151477,98
TIC 686151971,686151971,98
TIC 686154085,686154085,98
TIC 686155234,686155234,98
TIC 686156692,686156692,98
TIC 686158829,686158829,98
TIC 686160823,686160823,98
TIC 686161520,686161520,98
TIC 686162496,686162496,98
TIC 686166234,686166234,98
TIC 686166412,686166412,98
TIC 686169089,686169089,98
TIC 686170683,686170683,98
TIC 686171147,686171147,98
TIC 686171559,686171559,98
TIC 686173664,686173664,98
TIC 686173800,686173800,98
TIC 686174621,686174621,98
TIC 686175827,686175827,98
TIC 686176004,686176004,98
TIC 686176857,686176857,98
TIC 686179796,686179796,98
TIC 686184772,686184772,98
TIC 686188880,686188880,98
TIC 686192313,686192313,98
TIC 686194325,686194325,98
TIC 686199666,686199666,98
TIC 686199893,686199893,98
TIC 686200133,686200133,98
TIC 686201661,686201661,98
TIC 686202117,686202117,98
TIC 686204794,686204794,98
TIC 686207599,686207599,98
TIC 686209360,686209360,98
TIC 686210245,686210245,98
TIC 686210344,686210344,98
TIC 686210436,686210436,98
TIC 686210655,686210655,98
TIC 686211104,686211104,98
TIC 686211511,686211511,98
TIC 686211996,686211996,98
TIC 686212288,686212288,98
TIC 686214133,686214133,98
TIC 686214393,686214393,98
TIC 686214889,686214889,98
TIC 686216161,686216161,98
TIC 686217039,686217039,98
TIC 686219354,686219354,98
TIC 686220999,686220999,98
TIC 686222523,686222523,98
TIC 686224694,686224694,98
TIC 686224945,686224945,98
TIC 686225971,686225971,98
TIC 686226833,686226833,98
TIC 686226999,686226999,98
TIC 686227053,686227053,98
TIC 686261902,686261902,98
TIC 686312080,686312080,98
TIC 686314763,686314763,98
TIC 686315204,686315204,98
TIC 686316286,686316286,98
TIC 686316471,686316471,98
TIC 686316957,686316957,98
TIC 686320378,686320378,98
TIC 686324751,686324751,98
TIC 686330077,686330077,98
TIC 686334145,686334145,98
TIC 686336705,686336705,98
TIC 686339517,686339517,98
TIC 686343116,686343116,98
TIC 686344590,686344590,98
TIC 686344626,686344626,98
TIC 686345278,686345278,98
TIC 686345585,686345585,98
TIC 686350352,686350352,98
TIC 686351007,686351007,98
TIC 686353003,686353003,98
TIC 686353088,686353088,98
TIC 686353482,686353482,98
TIC 686353713,686353713,98
TIC 686353743,686353743,98
TIC 686354529,686354529,98
TIC 686355757,686355757,98
TIC 686356307,686356307,98
TIC 686356371,686356371,98
TIC 686356860,686356860,98
TIC 686358325,686358325,98
TIC 686360365,686360365,98
TIC 686360537,686360537,98
TIC 686360866,686360866,98
TIC 686362857,686362857,98
TIC 686368773,686368773,98
TIC 686369768,686369768,98
TIC 686370675,686370675,98
TIC 686371537,686371537,98
TIC 686372172,686372172,98
TIC 686381923,686381923,98
TIC 686383057,686383057,98
TIC 686400671,686400671,98
TIC 686401581,686401581,98
TIC 686401653,686401653,98
TIC 686406773,686406773,98
TIC 686409057,686409057,98
TIC 686410572,686410572,98
TIC 686410857,686410857,98
TIC 686413184,686413184,98
TIC 686414668,686414668,98
TIC 686415642,686415642,98
TIC 686415711,686415711,98
TIC 686416813,686416813,98
TIC 686423530,686423530,98
TIC 686425082,686425082,98
TIC 686425248,686425248,98
TIC 686426803,686426803,98
TIC 686468347,686468347,98
TIC 686471654,686471654,98
TIC 686472414,686472414,98
TIC 686472547,686472547,98
TIC 705311053,705311053,98
TIC 705314285,705314285,98
TIC 705316774,705316774,98
TIC 705316782,705316782,98
TIC 705317351,705317351,98
TIC 705319273,705319273,98
TIC 705322319,705322319,98
TIC 705322505,705322505,98
TIC 705323777,705323777,98
TIC 705330690,705330690,98
TIC 705332142,705332142,98
TIC 705334365,705334365,98
TIC 705335057,705335057,98
TIC 705335330,705335330,98
TIC 705337347,705337347,98
TIC 705337658,705337658,98
TIC 705338529,705338529,98
TIC 705339851,705339851,98
TIC 705345754,705345754,98
TIC 705346669,705346669,98
TIC 705346991,705346991,98
TIC 705348332,705348332,98
TIC 705352007,705352007,98
TIC 705353836,705353836,98
TIC 705354958,705354958,98
TIC 705359571,705359571,98
TIC 705360978,705360978,98
TIC 705362785,705362785,98
TIC 705373420,705373420,98
TIC 705376307,705376307,98
TIC 705378540,705378540,98
TIC 705379842,705379842,98
TIC 705386172,705386172,98
TIC 705387284,705387284,98
TIC 705387794,705387794,98
TIC 705392112,705392112,98
TIC 705394311,705394311,98
TIC 705396133,705396133,98
TIC 705396503,705396503,98
TIC 705401741,705401741,98
TIC 705403032,705403032,98
TIC 705403498,705403498,98
TIC 705405529,705405529,98
TIC 705406558,705406558,98
TIC 705407571,705407571,98
TIC 705409139,705409139,98
TIC 705411128,705411128,98
TIC 705413015,705413015,98
TIC 705416185,705416185,98
TIC 705416692,705416692,98
TIC 705418118,705418118,98
TIC 705418312,705418312,98
TIC 705419496,705419496,98
TIC 705428282,705428282,98
TIC 705430854,705430854,98
TIC 705432160,705432160,98
TIC 705433381,705433381,98
TIC 705436286,705436286,98
TIC 705436492,705436492,98
TIC 705437860,705437860,98
TIC 705439524,705439524,98
TIC 705439750,705439750,98
TIC 705441336,705441336,98
TIC 705445545,705445545,98
TIC 705447891,705447891,98
TIC 705451907,705451907,98
TIC 705454630,705454630,98
TIC 705463499,705463499,98
TIC 705464417,705464417,98
TIC 705468517,705468517,98
TIC 705470319,705470319,98
TIC 705471378,705471378,98
TIC 705471628,705471628,98
TIC 705472377,705472377,98
TIC 705472727,705472727,98
TIC 705474833,705474833,98
TIC 705476851,705476851,98
TIC 705480189,705480189,98
TIC 705480679,705480679,98
TIC 705483698,705483698,98
TIC 705485993,705485993,98
TIC 705486718,705486718,98
TIC 705493982,705493982,98
TIC 705501818,705501818,98
TIC 705502000,705502000,98
TIC 705502855,705502855,98
TIC 705503014,705503014,98
TIC 705504061,705504061,98
TIC 705506207,705506207,98
TIC 705506325,705506325,98
TIC 705508257,705508257,98
TIC 705508568,705508568,98
TIC 705508671,705508671,98
TIC 705509461,705509461,98
TIC 705510788,705510788,98
TIC 705517178,705517178,98
TIC 705517724,705517724,98
TIC 705518540,705518540,98
TIC 705522328,705522328,98
TIC 705524251,705524251,98
TIC 705524695,705524695,98
TIC 705526688,705526688,98
TIC 705529659,705529659,98
TIC 705531960,705531960,98
TIC 705533192,705533192,98
TIC 705533334,705533334,98
TIC 705535310,705535310,98
TIC 705536306,705536306,98
TIC 705537669,705537669,98
TIC 705539708,705539708,98
TIC 705542441,705542441,98
TIC 705543563,705543563,98
TIC 705546432,705546432,98
TIC 705548385,705548385,98
TIC 705551345,705551345,98
TIC 705570224,705570224,98
TIC 705575200,705575200,98
TIC 705575439,705575439,98
TIC 705577034,705577034,98
TIC 705577356,705577356,98
TIC 705579289,705579289,98
TIC 705582766,705582766,98
TIC 705585444,705585444,98
TIC 705587633,705587633,98
TIC 705590451,705590451,98
TIC 705590710,705590710,98
TIC 705592512,705592512,98
TIC 705593096,705593096,98
TIC 705595000,705595000,98
TIC 705596316,705596316,98
TIC 705598095,705598095,98
TIC 705598507,705598507,98
TIC 705602514,705602514,98
TIC 705603917,705603917,98
TIC 705604881,705604881,98
TIC 705604882,705604882,98
TIC 705606094,705606094,98
TIC 705615053,705615053,98
TIC 705615257,705615257,98
TIC 705616443,705616443,98
TIC 705620001,705620001,98
TIC 705624636,705624636,98
TIC 705636109,705636109,98
TIC 705640893,705640893,98
TIC 705686836,705686836,98
TIC 705692316,705692316,98
TIC 705696618,705696618,98
TIC 705696839,705696839,98
TIC 705701963,705701963,98
TIC 705708633,705708633,98
TIC 705709368,705709368,98
TIC 705712010,705712010,98
TIC 705912032,705912032,98
TIC 705919125,705919125,98
TIC 705923062,705923062,98
TIC 705925651,705925651,98
TIC 705930240,705930240,98
TIC 705956029,705956029,98
TIC 705970805,705970805,98
TIC 705972490,705972490,98
TIC 705977611,705977611,98
TIC 705979872,705979872,98
TIC 705985176,705985176,98
TIC 705987181,705987181,98
TIC 705989370,705989370,98
TIC 705996940,705996940,98
TIC 706002407,706002407,98
TIC 706005183,706005183,98
TIC 706005773,706005773,98
TIC 706007176,706007176,98
TIC 706007289,706007289,98
TIC 706007424,706007424,98
TIC 706010674,706010674,98
TIC 706014885,706014885,98
TIC 706181501,706181501,98
TIC 706186521,706186521,98
TIC 706195200,706195200,98
TIC 706197206,706197206,98
TIC 706200990,706200990,98
TIC 706201085,706201085,98
TIC 706201207,706201207,98
TIC 706201210,706201210,98
TIC 706203444,706203444,98
TIC 706203607,706203607,98
TIC 706204138,706204138,98
TIC 706211611,706211611,98
TIC 706214418,706214418,98
TIC 706214541,706214541,98
TIC 706215607,706215607,98
TIC 706217551,706217551,98
TIC 706219830,706219830,98
TIC 706220419,706220419,98
TIC 706221225,706221225,98
TIC 706221290,706221290,98
TIC 706221990,706221990,98
TIC 706222539,706222539,98
TIC 706223271,706223271,98
TIC 706227375,706227375,98
TIC 706228167,706228167,98
TIC 706228663,706228663,98
TIC 706228785,706228785,98
TIC 706238442,706238442,98
TIC 706240912,706240912,98
TIC 706250289,706250289,98
TIC 706252506,706252506,98
TIC 706253516,706253516,98
TIC 706254334,706254334,98
TIC 706254968,706254968,98
TIC 706255920,706255920,98
TIC 706256440,706256440,98
TIC 706256554,706256554,98
TIC 706258223,706258223,98
TIC 706259273,706259273,98
TIC 706260840,706260840,98
TIC 706262809,706262809,98
TIC 706267986,706267986,98
TIC 706274092,706274092,98
TIC 706274299,706274299,98
TIC 706276811,706276811,98
TIC 706277065,706277065,98
TIC 706277917,706277917,98
TIC 706284285,706284285,98
TIC 706290613,706290613,98
TIC 706295854,706295854,98
TIC 706305142,706305142,98
TIC 706305281,706305281,98
TIC 706307025,706307025,98
TIC 706308434,706308434,98
TIC 706312060,706312060,98
TIC 706312306,706312306,98
TIC 706312507,706312507,98
TIC 706313268,706313268,98
TIC 706314254,706314254,98
TIC 706318219,706318219,98
TIC 706318904,706318904,98
TIC 706321730,706321730,98
TIC 706325311,706325311,98
TIC 706331608,706331608,98
TIC 706332882,706332882,98
TIC 706343701,706343701,98
TIC 706345501,706345501,98
TIC 706347324,706347324,98
TIC 706349272,706349272,98
TIC 706353021,706353021,98
TIC 706357539,706357539,98
TIC 706357814,706357814,98
TIC 706358229,706358229,98
TIC 706360271,706360271,98
TIC 706362261,706362261,98
TIC 706364252,706364252,98
TIC 706365693,706365693,98
TIC 706365726,706365726,98
TIC 706368232,706368232,98
TIC 706370068,706370068,98
TIC 706376203,706376203,98
TIC 706376253,706376253,98
TIC 706377116,706377116,98
TIC 706378526,706378526,98
TIC 706378528,706378528,98
TIC 706382901,706382901,98
TIC 706387351,706387351,98
TIC 706388369,706388369,98
TIC 706388425,706388425,98
TIC 706391224,706391224,98
TIC 706392808,706392808,98
TIC 706393834,706393834,98
TIC 706394928,706394928,98
TIC 706397345,706397345,98
TIC 706399744,706399744,98
TIC 706404704,706404704,98
TIC 706410615,706410615,98
TIC 706412041,706412041,98
TIC 706412992,706412992,98
TIC 706413102,706413102,98
TIC 706413686,706413686,98
TIC 706417764,706417764,98
TIC 706420127,706420127,98
TIC 706424793,706424793,98
TIC 706425401,706425401,98
TIC 706433462,706433462,98
TIC 706440539,706440539,98
TIC 706446323,706446323,98
TIC 706447554,706447554,98
TIC 706449325,706449325,98
TIC 706451106,706451106,98
TIC 706452539,706452539,98
TIC 706457525,706457525,98
TIC 706458387,706458387,98
TIC 706459157,706459157,98
TIC 706466281,706466281,98
TIC 706467854,706467854,98
TIC 706471794,706471794,98
TIC 706474370,706474370,98
TIC 706482173,706482173,98
TIC 706482378,706482378,98
TIC 706483028,706483028,98
TIC 706498172,706498172,98
TIC 706499106,706499106,98
TIC 706499443,706499443,98
TIC 706502195,706502195,98
TIC 706503164,706503164,98
TIC 706509879,706509879,98
TIC 706509991,706509991,98
TIC 706511572,706511572,98
TIC 706517474,706517474,98
TIC 706531563,706531563,98
TIC 706586005,706586005,98
TIC 706587279,706587279,98
TIC 706587629,706587629,98
TIC 706599877,706599877,98
TIC 706605784,706605784,98
TIC 706607689,706607689,98
TIC 706608014,706608014,98
TIC 706631173,706631173,98
TIC 706646083,706646083,98
TIC 706646349,706646349,98
TIC 706647149,706647149,98
TIC 706657703,706657703,98
TIC 706659041,706659041,98
TIC 706660883,706660883,98
TIC 706668580,706668580,98
TIC 706671877,706671877,98
TIC 706673669,706673669,98
TIC 706674566,706674566,98
TIC 706682340,706682340,98
TIC 706682703,706682703,98
TIC 706684345,706684345,98
TIC 706688289,706688289,98
TIC 706696637,706696637,98
TIC 706696872,706696872,98
TIC 706700566,706700566,98
TIC 706701880,706701880,98
TIC 706702501,706702501,98
TIC 706716704,706716704,98
TIC 706718218,706718218,98
TIC 706721866,706721866,98
TIC 706722347,706722347,98
TIC 706724038,706724038,98
TIC 706724847,706724847,98
TIC 706730125,706730125,98
TIC 706735170,706735170,98
TIC 706737507,706737507,98
TIC 706739164,706739164,98
TIC 706741294,706741294,98
TIC 706741470,706741470,98
TIC 706744409,706744409,98
TIC 706744430,706744430,98
TIC 706751856,706751856,98
TIC 706753644,706753644,98
TIC 706758977,706758977,98
TIC 706775140,706775140,98
TIC 706778059,706778059,98
TIC 706790976,706790976,98
TIC 706791581,706791581,98
TIC 706796488,706796488,98
TIC 706802242,706802242,98
TIC 706803378,706803378,98
TIC 706805938,706805938,98
TIC 706806831,706806831,98
TIC 706807239,706807239,98
TIC 706808218,706808218,98
TIC 706809942,706809942,98
TIC 706817011,706817011,98
TIC 706821434,706821434,98
TIC 706825372,706825372,98
TIC 706828791,706828791,98
TIC 706834017,706834017,98
TIC 706835728,706835728,98
TIC 707665607,707665607,98
TIC 707668994,707668994,98
TIC 707683004,707683004,98
TIC 707683005,707683005,98
TIC 707687259,707687259,98
TIC 708311699,708311699,98
TIC 708312132,708312132,98
TIC 708312223,708312223,98
TIC 708312812,708312812,98
TIC 708313132,708313132,98
TIC 708313225,708313225,98
TIC 708314247,708314247,98
TIC 708314450,708314450,98
TIC 708317397,708317397,98
TIC 708321224,708321224,98
TIC 708321425,708321425,98
TIC 708322306,708322306,98
TIC 708322318,708322318,98
TIC 708324275,708324275,98
TIC 708325062,708325062,98
TIC 708326115,708326115,98
TIC 708326323,708326323,98
TIC 708331883,708331883,98
TIC 708332304,708332304,98
TIC 708335512,708335512,98
TIC 708339309,708339309,98
TIC 708340086,708340086,98
TIC 708345088,708345088,98
TIC 708345277,708345277,98
TIC 708345662,708345662,98
TIC 708346768,708346768,98
TIC 708348197,708348197,98
TIC 708359698,708359698,98
TIC 708361863,708361863,98
TIC 708363840,708363840,98
TIC 708367865,708367865,98
TIC 708372204,708372204,98
TIC 708376218,708376218,98
TIC 708377306,708377306,98
TIC 708381967,708381967,98
TIC 708382879,708382879,98
TIC 708382880,708382880,98
TIC 708383254,708383254,98
TIC 708389040,708389040,98
TIC 708392509,708392509,98
TIC 708393299,708393299,98
TIC 708394158,708394158,98
TIC 708394895,708394895,98
TIC 708399455,708399455,98
TIC 708402979,708402979,98
TIC 708404238,708404238,98
TIC 708405095,708405095,98
TIC 708407725,708407725,98
TIC 708411544,708411544,98
TIC 708414476,708414476,98
TIC 708414697,708414697,98
TIC 708415351,708415351,98
TIC 708420511,708420511,98
TIC 708441337,708441337,98
TIC 708442234,708442234,98
TIC 708444291,708444291,98
TIC 708444942,708444942,98
TIC 708447582,708447582,98
TIC 708450348,708450348,98
TIC 708458189,708458189,98
TIC 708460966,708460966,98
TIC 708462307,708462307,98
TIC 708462439,708462439,98
TIC 708469986,708469986,98
TIC 708470625,708470625,98
TIC 708482935,708482935,98
TIC 708492002,708492002,98
TIC 708492844,708492844,98
TIC 708494605,708494605,98
TIC 708496213,708496213,98
TIC 708498646,708498646,98
TIC 708498660,708498660,98
TIC 708510884,708510884,98
TIC 708512865,708512865,98
TIC 708513923,708513923,98
TIC 708515379,708515379,98
TIC 708516365,708516365,98
TIC 708522611,708522611,98
TIC 708523381,708523381,98
TIC 708524072,708524072,98
TIC 708524294,708524294,98
TIC 708524306,708524306,98
TIC 708524810,708524810,98
TIC 708525186,708525186,98
TIC 708526059,708526059,98
TIC 708530362,708530362,98
TIC 708532067,708532067,98
TIC 708534944,708534944,98
TIC 708537563,708537563,98
TIC 708541930,708541930,98
TIC 708555420,708555420,98
TIC 708556395,708556395,98
TIC 708559447,708559447,98
TIC 708560763,708560763,98
TIC 708560876,708560876,98
TIC 708562643,708562643,98
TIC 708562769,708562769,98
TIC 708565332,708565332,98
TIC 708567080,708567080,98
TIC 708569581,708569581,98
TIC 708570647,708570647,98
TIC 708578316,708578316,98
TIC 708580851,708580851,98
TIC 708585345,708585345,98
TIC 708594283,708594283,98
TIC 708596217,708596217,98
TIC 708611231,708611231,98
TIC 708614708,708614708,98
TIC 708614736,708614736,98
TIC 708618135,708618135,98
TIC 708618664,708618664,98
TIC 708631110,708631110,98
TIC 708634034,708634034,98
TIC 708634076,708634076,98
TIC 708634619,708634619,98
TIC 708653515,708653515,98
TIC 708653516,708653516,98
TIC 708657626,708657626,98
TIC 708658149,708658149,98
TIC 708658507,708658507,98
TIC 708660669,708660669,98
TIC 708669156,708669156,98
TIC 708669730,708669730,98
TIC 708671267,708671267,98
TIC 708671894,708671894,98
TIC 708673082,708673082,98
TIC 708673800,708673800,98
TIC 708675316,708675316,98
TIC 708676550,708676550,98
TIC 708680440,708680440,98
TIC 708684247,708684247,98
TIC 708699156,708699156,98
TIC 708699913,708699913,98
TIC 708700058,708700058,98
TIC 708701388,708701388,98
TIC 708702343,708702343,98
TIC 708702478,708702478,98
TIC 708705742,708705742,98
TIC 708706516,708706516,98
TIC 708707968,708707968,98
TIC 708708243,708708243,98
TIC 708709495,708709495,98
TIC 708711046,708711046,98
TIC 708711345,708711345,98
TIC 708714372,708714372,98
TIC 708715918,708715918,98
TIC 708716611,708716611,98
TIC 708719244,708719244,98
TIC 708720585,708720585,98
TIC 708724185,708724185,98
TIC 708725171,708725171,98
TIC 708726514,708726514,98
TIC 708726777,708726777,98
TIC 708727939,708727939,98
TIC 708732808,708732808,98
TIC 708735237,708735237,98
TIC 708735865,708735865,98
TIC 708738599,708738599,98
TIC 708739427,708739427,98
TIC 708743350,708743350,98
TIC 708744560,708744560,98
TIC 708746574,708746574,98
TIC 708746788,708746788,98
TIC 708747322,708747322,98
TIC 708754345,708754345,98
TIC 708755232,708755232,98
TIC 708756899,708756899,98
TIC 708758851,708758851,98
TIC 708760673,708760673,98
TIC 708760843,708760843,98
TIC 708761141,708761141,98
TIC 708769784,708769784,98
TIC 708769807,708769807,98
TIC 708772719,708772719,98
TIC 708773419,708773419,98
TIC 708774786,708774786,98
TIC 708783203,708783203,98
TIC 708783247,708783247,98
TIC 708783790,708783790,98
TIC 708785647,708785647,98
TIC 708806433,708806433,98
TIC 708828195,708828195,98
TIC 708846927,708846927,98
TIC 708849003,708849003,98
TIC 708854401,708854401,98
TIC 708855863,708855863,98
TIC 708856831,708856831,98
TIC 708862596,708862596,98
TIC 708866654,708866654,98
TIC 708870250,708870250,98
TIC 708894738,708894738,98
TIC 709005667,709005667,98
TIC 709008525,709008525,98
TIC 709069038,709069038,98
TIC 709073521,709073521,98
TIC 709074172,709074172,98
TIC 709075328,709075328,98
TIC 709078048,709078048,98
TIC 709084800,709084800,98
TIC 709090199,709090199,98
TIC 709093683,709093683,98
TIC 709094869,709094869,98
TIC 709096873,709096873,98
TIC 709096918,709096918,98
TIC 709101362,709101362,98
TIC 709107734,709107734,98
TIC 709114819,709114819,98
TIC 709128543,709128543,98
TIC 709138148,709138148,98
TIC 709138938,709138938,98
TIC 709145161,709145161,98
TIC 709147902,709147902,98
TIC 709153817,709153817,98
TIC 709156474,709156474,98
TIC 709158747,709158747,98
TIC 709160338,709160338,98
TIC 709164513,709164513,98
TIC 709179590,709179590,98
TIC 709180846,709180846,98
TIC 709181499,709181499,98
TIC 709189021,709189021,98
TIC 709232753,709232753,98
TIC 709238319,709238319,98
TIC 709238545,709238545,98
TIC 709241695,709241695,98
TIC 709243002,709243002,98
TIC 709245070,709245070,98
TIC 709245524,709245524,98
TIC 709245963,709245963,98
TIC 709246043,709246043,98
TIC 709267847,709267847,98
TIC 709268234,709268234,98
TIC 709270899,709270899,98
TIC 709271012,709271012,98
TIC 709271451,709271451,98
TIC 709276393,709276393,98
TIC 710062949,710062949,98
TIC 710064373,710064373,98
TIC 710067093,710067093,98
TIC 710078842,710078842,98
TIC 710079961,710079961,98
TIC 710082990,710082990,98
TIC 710086029,710086029,98
TIC 710093535,710093535,98
TIC 710097438,710097438,98
TIC 710098238,710098238,98
TIC 710098776,710098776,98
TIC 710103149,710103149,98
TIC 710103155,710103155,98
TIC 710104243,710104243,98
TIC 710109001,710109001,98
TIC 710109423,710109423,98
TIC 710117395,710117395,98
TIC 710126404,710126404,98
TIC 710131845,710131845,98
TIC 710134351,710134351,98
TIC 710134364,710134364,98
TIC 710134760,710134760,98
TIC 710137879,710137879,98
TIC 710140097,710140097,98
TIC 710142939,710142939,98
TIC 710149355,710149355,98
TIC 710154077,710154077,98
TIC 710155285,710155285,98
TIC 710155861,710155861,98
TIC 710160733,710160733,98
TIC 710169665,710169665,98
TIC 710171527,710171527,98
TIC 710179743,710179743,98
TIC 710180604,710180604,98
TIC 710182926,710182926,98
TIC 710183423,710183423,98
TIC 710183707,710183707,98
TIC 710183959,710183959,98
TIC 710183968,710183968,98
TIC 710184615,710184615,98
TIC 710185655,710185655,98
TIC 710194226,710194226,98
TIC 710194551,710194551,98
TIC 710195300,710195300,98
TIC 710199632,710199632,98
TIC 710204970,710204970,98
TIC 710207871,710207871,98
TIC 710210215,710210215,98
TIC 710211150,710211150,98
TIC 710212320,710212320,98
TIC 710216211,710216211,98
TIC 710220256,710220256,98
TIC 710227229,710227229,98
TIC 710234940,710234940,98
TIC 710236001,710236001,98
TIC 710237239,710237239,98
TIC 710240566,710240566,98
TIC 710240694,710240694,98
TIC 710240927,710240927,98
TIC 710241120,710241120,98
TIC 710241673,710241673,98
TIC 710246243,710246243,98
TIC 710247942,710247942,98
TIC 710249101,710249101,98
TIC 710249613,710249613,98
TIC 710251037,710251037,98
TIC 710251678,710251678,98
TIC 710253996,710253996,98
TIC 710254691,710254691,98
TIC 710256269,710256269,98
TIC 710259352,710259352,98
TIC 710262205,710262205,98
TIC 710263472,710263472,98
TIC 710268340,710268340,98
TIC 710278183,710278183,98
TIC 710279686,710279686,98
TIC 710281692,710281692,98
TIC 710284502,710284502,98
TIC 710287460,710287460,98
TIC 710287499,710287499,98
TIC 710287753,710287753,98
TIC 710291107,710291107,98
TIC 710293696,710293696,98
TIC 710297947,710297947,98
TIC 710299936,710299936,98
TIC 710308763,710308763,98
TIC 710317509,710317509,98
TIC 710317712,710317712,98
TIC 710317796,710317796,98
TIC 710318399,710318399,98
TIC 710319555,710319555,98
TIC 710320574,710320574,98
TIC 710323435,710323435,98
TIC 710347289,710347289,98
TIC 710383949,710383949,98
TIC 710384773,710384773,98
TIC 710385684,710385684,98
TIC 710398128,710398128,98
TIC 710402224,710402224,98
TIC 710406174,710406174,98
TIC 710410451,710410451,98
TIC 710427843,710427843,98
TIC 710617602,710617602,98
TIC 710618608,710618608,98
TIC 710635369,710635369,98
TIC 710640516,710640516,98
TIC 710657103,710657103,98
TIC 710659220,710659220,98
TIC 710665836,710665836,98
TIC 710673333,710673333,98
TIC 710674775,710674775,98
TIC 710679129,710679129,98
TIC 710701681,710701681,98
TIC 710794036,710794036,98
TIC 710803131,710803131,98
TIC 712738199,712738199,98
TIC 712738225,712738225,98
TIC 712746345,712746345,98
TIC 712747842,712747842,98
TIC 712758629,712758629,98
TIC 712760042,712760042,98
TIC 712765786,712765786,98
TIC 712765844,712765844,98
TIC 712768930,712768930,98
TIC 712773476,712773476,98
TIC 712776723,712776723,98
TIC 712777713,712777713,98
TIC 712779639,712779639,98
TIC 712784379,712784379,98
TIC 712787437,712787437,98
TIC 712791279,712791279,98
TIC 712791821,712791821,98
TIC 712799725,712799725,98
TIC 712800578,712800578,98
TIC 712803050,712803050,98
TIC 712809523,712809523,98
TIC 712815733,712815733,98
TIC 712825763,712825763,98
TIC 712826855,712826855,98
TIC 712829503,712829503,98
TIC 712829557,712829557,98
TIC 712832990,712832990,98
TIC 712834899,712834899,98
TIC 712835734,712835734,98
TIC 712836461,712836461,98
TIC 712838117,712838117,98
TIC 712838665,712838665,98
TIC 712838673,712838673,98
TIC 712838938,712838938,98
TIC 712839413,712839413,98
TIC 712842209,712842209,98
TIC 712845320,712845320,98
TIC 712854699,712854699,98
TIC 712856752,712856752,98
TIC 712857323,712857323,98
TIC 712860416,712860416,98
TIC 712865595,712865595,98
TIC 712873796,712873796,98
TIC 712876662,712876662,98
TIC 712882688,712882688,98
TIC 712882718,712882718,98
TIC 712883200,712883200,98
TIC 712884272,712884272,98
TIC 712885861,712885861,98
TIC 712887302,712887302,98
TIC 712891945,712891945,98
TIC 712894532,712894532,98
TIC 712895235,712895235,98
TIC 712895320,712895320,98
TIC 712897049,712897049,98
TIC 712897364,712897364,98
TIC 712897468,712897468,98
TIC 712897556,712897556,98
TIC 712898382,712898382,98
TIC 712923645,712923645,98
TIC 712932595,712932595,98
TIC 712943411,712943411,98
TIC 712948774,712948774,98
TIC 712950389,712950389,98
TIC 712951302,712951302,98
TIC 712951671,712951671,98
TIC 712956858,712956858,98
TIC 712966603,712966603,98
TIC 712969830,712969830,98
TIC 712973166,712973166,98
TIC 712974001,712974001,98
TIC 712974864,712974864,98
TIC 712976734,712976734,98
TIC 712980139,712980139,98
TIC 713008848,713008848,98
TIC 713011939,713011939,98
TIC 713012066,713012066,98
TIC 713016992,713016992,98
TIC 713021230,713021230,98
TIC 713022476,713022476,98
TIC 713023118,713023118,98
TIC 713033130,713033130,98
TIC 713033528,713033528,98
TIC 713034003,713034003,98
TIC 713038511,713038511,98
TIC 713040632,713040632,98
TIC 713046385,713046385,98
TIC 713054027,713054027,98
TIC 713054565,713054565,98
TIC 713055704,713055704,98
TIC 713060075,713060075,98
TIC 713060102,713060102,98
TIC 713061046,713061046,98
TIC 713061413,713061413,98
TIC 713064587,713064587,98
TIC 713065912,713065912,98
TIC 713067272,713067272,98
TIC 713072084,713072084,98
TIC 713072093,713072093,98
TIC 713072143,713072143,98
TIC 713081852,713081852,98
TIC 713085428,713085428,98
TIC 713110761,713110761,98
TIC 713112099,713112099,98
TIC 713113144,713113144,98
TIC 713115712,713115712,98
TIC 713126498,713126498,98
TIC 713129812,713129812,98
TIC 713130209,713130209,98
TIC 713132937,713132937,98
TIC 713135735,713135735,98
TIC 713136997,713136997,98
TIC 713137802,713137802,98
TIC 713141527,713141527,98
TIC 713144139,713144139,98
TIC 713152166,713152166,98
TIC 713155047,713155047,98
TIC 713161741,713161741,98
TIC 713166214,713166214,98
TIC 713170221,713170221,98
TIC 713174137,713174137,98
TIC 713174489,713174489,98
TIC 713176620,713176620,98
TIC 713179699,713179699,98
TIC 713182160,713182160,98
TIC 713182181,713182181,98
TIC 713192904,713192904,98
TIC 713197052,713197052,98
TIC 713197989,713197989,98
TIC 713199092,713199092,98
TIC 713200750,713200750,98
TIC 713205184,713205184,98
TIC 713205569,713205569,98
TIC 713211203,713211203,98
TIC 713223134,713223134,98
TIC 713225870,713225870,98
TIC 713225928,713225928,98
TIC 713227660,713227660,98
TIC 713244977,713244977,98
TIC 713245858,713245858,98
TIC 713248676,713248676,98
TIC 713248779,713248779,98
TIC 713249111,713249111,98
TIC 713255247,713255247,98
TIC 713255456,713255456,98
TIC 713275801,713275801,98
TIC 713296746,713296746,98
TIC 713307703,713307703,98
TIC 713308932,713308932,98
TIC 713320383,713320383,98
TIC 713322136,713322136,98
TIC 713323201,713323201,98
TIC 713327618,713327618,98
TIC 713339839,713339839,98
TIC 713349708,713349708,98
TIC 713439679,713439679,98
TIC 713449532,713449532,98
TIC 713449799,713449799,98
TIC 713801230,713801230,98
TIC 713803708,713803708,98
TIC 713804725,713804725,98
TIC 713812500,713812500,98
TIC 713855011,713855011,98
TIC 713860759,713860759,98
TIC 713869262,713869262,98
TIC 713871944,713871944,98
TIC 713909881,713909881,98
TIC 713920579,713920579,98
TIC 715574261,715574261,98
TIC 715586599,715586599,98
TIC 715589043,715589043,98
TIC 715595863,715595863,98
TIC 715607430,715607430,98
TIC 715613408,715613408,98
TIC 715616924,715616924,98
TIC 715643894,715643894,98
TIC 715650206,715650206,98
TIC 715651520,715651520,98
TIC 715655043,715655043,98
TIC 715662222,715662222,98
TIC 715672824,715672824,98
TIC 715675002,715675002,98
TIC 715679011,715679011,98
TIC 715685349,715685349,98
TIC 715689584,715689584,98
TIC 715705028,715705028,98
TIC 715710591,715710591,98
TIC 715715507,715715507,98
TIC 715715894,715715894,98
TIC 715718394,715718394,98
TIC 715734678,715734678,98
TIC 715746431,715746431,98
TIC 715756301,715756301,98
TIC 715758544,715758544,98
TIC 715758924,715758924,98
TIC 715771686,715771686,98
TIC 715773816,715773816,98
TIC 715773865,715773865,98
TIC 715776896,715776896,98
TIC 715816447,715816447,98
TIC 715839710,715839710,98
TIC 715852040,715852040,98
TIC 715858300,715858300,98
TIC 715864427,715864427,98
TIC 715881838,715881838,98
TIC 715883509,715883509,98
TIC 715889482,715889482,98
TIC 715897889,715897889,98
TIC 715902105,715902105,98
TIC 715932846,715932846,98
TIC 715952836,715952836,98
TIC 715956125,715956125,98
TIC 715963499,715963499,98
TIC 715967320,715967320,98
TIC 715979532,715979532,98
TIC 715998838,715998838,98
TIC 716002055,716002055,98
TIC 716003658,716003658,98
TIC 716006988,716006988,98
TIC 716028355,716028355,98
TIC 716030980,716030980,98
TIC 716031949,716031949,98
TIC 716032280,716032280,98
TIC 716036101,716036101,98
TIC 716042618,716042618,98
TIC 716044096,716044096,98
TIC 716056487,716056487,98
TIC 716062538,716062538,98
TIC 716063014,716063014,98
TIC 716100582,716100582,98
TIC 716101168,716101168,98
TIC 716107236,716107236,98
TIC 716115954,716115954,98
TIC 716135724,716135724,98
TIC 716138103,716138103,98
TIC 716139626,716139626,98
TIC 716173648,716173648,98
TIC 716180171,716180171,98
TIC 716202764,716202764,98
TIC 716209816,716209816,98
TIC 716222955,716222955,98
TIC 716227948,716227948,98
TIC 716239142,716239142,98
TIC 716242724,716242724,98
TIC 716801209,716801209,98
TIC 716801766,716801766,98
TIC 716803138,716803138,98
TIC 716829669,716829669,98
TIC 716833047,716833047,98
TIC 716837428,716837428,98
TIC 716850256,716850256,98
TIC 716851248,716851248,98
TIC 716952367,716952367,98
TIC 716963451,716963451,98
TIC 716977831,716977831,98
TIC 717036603,717036603,98
TIC 717039395,717039395,98
TIC 717045263,717045263,98
TIC 718989018,718989018,98
TIC 718995617,718995617,98
TIC 718997207,718997207,98
TIC 718998237,718998237,98
TIC 719001646,719001646,98
TIC 719004150,719004150,98
TIC 719013056,719013056,98
TIC 719020893,719020893,98
TIC 719025382,719025382,98
TIC 719027443,719027443,98
TIC 719028348,719028348,98
TIC 719036005,719036005,98
TIC 719046581,719046581,98
TIC 719050525,719050525,98
TIC 719055130,719055130,98
TIC 719055217,719055217,98
TIC 719060858,719060858,98
TIC 719061298,719061298,98
TIC 719073485,719073485,98
TIC 719092348,719092348,98
TIC 719093627,719093627,98
TIC 719103688,719103688,98
TIC 719105575,719105575,98
TIC 719116184,719116184,98
TIC 719152187,719152187,98
TIC 719163011,719163011,98
TIC 719194023,719194023,98
TIC 719200024,719200024,98
TIC 719202412,719202412,98
TIC 719234470,719234470,98
TIC 719239635,719239635,98
TIC 719258124,719258124,98
TIC 719280523,719280523,98
TIC 719291361,719291361,98
TIC 719305383,719305383,98
TIC 724994252,724994252,98
TIC 725078887,725078887,98
TIC 727040002,727040002,98
TIC 728090519,728090519,98
TIC 731271545,731271545,98
TIC 733258416,733258416,98
TIC 734593079,734593079,98
TIC 734596543,734596543,98
TIC 734631268,734631268,98
TIC 734633640,734633640,98
TIC 734634214,734634214,98
TIC 734640935,734640935,98
TIC 734642054,734642054,98
TIC 734642248,734642248,98
TIC 734646207,734646207,98
TIC 734646876,734646876,98
TIC 734648192,734648192,98
TIC 734649851,734649851,98
TIC 734652418,734652418,98
TIC 734652823,734652823,98
TIC 734654542,734654542,98
TIC 734659427,734659427,98
TIC 734663448,734663448,98
TIC 734664802,734664802,98
TIC 734665151,734665151,98
TIC 734665297,734665297,98
TIC 734668847,734668847,98
TIC 734678716,734678716,98
TIC 734679356,734679356,98
TIC 734680309,734680309,98
TIC 734687984,734687984,98
TIC 734690761,734690761,98
TIC 734690841,734690841,98
TIC 734692526,734692526,98
TIC 734698973,734698973,98
TIC 734699134,734699134,98
TIC 734700052,734700052,98
TIC 734701398,734701398,98
TIC 734703145,734703145,98
TIC 734703608,734703608,98
TIC 734706030,734706030,98
TIC 734706628,734706628,98
TIC 734707559,734707559,98
TIC 734708244,734708244,98
TIC 734708504,734708504,98
TIC 734709471,734709471,98
TIC 734709613,734709613,98
TIC 734715279,734715279,98
TIC 734716231,734716231,98
TIC 734716433,734716433,98
TIC 734716777,734716777,98
TIC 734721650,734721650,98
TIC 734724514,734724514,98
TIC 734728961,734728961,98
TIC 734729226,734729226,98
TIC 734730225,734730225,98
TIC 734730291,734730291,98
TIC 734732543,734732543,98
TIC 734733056,734733056,98
TIC 734733622,734733622,98
TIC 734733808,734733808,98
TIC 734736772,734736772,98
TIC 734741661,734741661,98
TIC 734741748,734741748,98
TIC 734742405,734742405,98
TIC 734743750,734743750,98
TIC 734745911,734745911,98
TIC 734746325,734746325,98
TIC 734747136,734747136,98
TIC 734751223,734751223,98
TIC 734757450,734757450,98
TIC 734757488,734757488,98
TIC 734762897,734762897,98
TIC 734764450,734764450,98
TIC 734766164,734766164,98
TIC 734768558,734768558,98
TIC 734768870,734768870,98
TIC 734768919,734768919,98
TIC 734770495,734770495,98
TIC 734770651,734770651,98
TIC 734773744,734773744,98
TIC 734779790,734779790,98
TIC 734781165,734781165,98
TIC 734781569,734781569,98
TIC 734782106,734782106,98
TIC 734782718,734782718,98
TIC 734784101,734784101,98
TIC 734784923,734784923,98
TIC 734785079,734785079,98
TIC 734792963,734792963,98
TIC 734793609,734793609,98
TIC 734796133,734796133,98
TIC 734796785,734796785,98
TIC 734797343,734797343,98
TIC 734797650,734797650,98
TIC 734797730,734797730,98
TIC 734798435,734798435,98
TIC 734802871,734802871,98
TIC 734806102,734806102,98
TIC 734806280,734806280,98
TIC 734806668,734806668,98
TIC 734807705,734807705,98
TIC 734808200,734808200,98
TIC 734809874,734809874,98
TIC 734810978,734810978,98
TIC 734814791,734814791,98
TIC 734818187,734818187,98
TIC 734827560,734827560,98
TIC 734828239,734828239,98
TIC 734828950,734828950,98
TIC 734829187,734829187,98
TIC 734831448,734831448,98
TIC 734833467,734833467,98
TIC 734833573,734833573,98
TIC 734836164,734836164,98
TIC 734840641,734840641,98
TIC 734842679,734842679,98
TIC 734844171,734844171,98
TIC 734844667,734844667,98
TIC 734845421,734845421,98
TIC 734847152,734847152,98
TIC 734848899,734848899,98
TIC 734856285,734856285,98
TIC 734858016,734858016,98
TIC 734865542,734865542,98
TIC 734866503,734866503,98
TIC 734871675,734871675,98
TIC 734873442,734873442,98
TIC 734876230,734876230,98
TIC 734881233,734881233,98
TIC 734881941,734881941,98
TIC 734892967,734892967,98
TIC 734894981,734894981,98
TIC 734896554,734896554,98
TIC 734897175,734897175,98
TIC 734900288,734900288,98
TIC 734900548,734900548,98
TIC 734900943,734900943,98
TIC 734901855,734901855,98
TIC 734907771,734907771,98
TIC 734909786,734909786,98
TIC 734911131,734911131,98
TIC 734915284,734915284,98
TIC 734915451,734915451,98
TIC 734916350,734916350,98
TIC 734916453,734916453,98
TIC 734917643,734917643,98
TIC 734919347,734919347,98
TIC 734919348,734919348,98
TIC 734920387,734920387,98
TIC 734923482,734923482,98
TIC 734925871,734925871,98
TIC 734925888,734925888,98
TIC 734926778,734926778,98
TIC 734929125,734929125,98
TIC 734930098,734930098,98
TIC 734940922,734940922,98
TIC 734940931,734940931,98
TIC 734944100,734944100,98
TIC 734944369,734944369,98
TIC 734946164,734946164,98
TIC 734951763,734951763,98
TIC 734952746,734952746,98
TIC 734954736,734954736,98
TIC 734954913,734954913,98
TIC 734955768,734955768,98
TIC 734962165,734962165,98
TIC 734965080,734965080,98
TIC 734966404,734966404,98
TIC 734973246,734973246,98
TIC 734973495,734973495,98
TIC 734973508,734973508,98
TIC 734981693,734981693,98
TIC 734986154,734986154,98
TIC 734988084,734988084,98
TIC 734988282,734988282,98
TIC 734988431,734988431,98
TIC 734989459,734989459,98
TIC 734989915,734989915,98
TIC 734991381,734991381,98
TIC 734993762,734993762,98
TIC 734999530,734999530,98
TIC 735001361,735001361,98
TIC 735002539,735002539,98
TIC 735002747,735002747,98
TIC 735004001,735004001,98
TIC 735006522,735006522,98
TIC 735008370,735008370,98
TIC 735010716,735010716,98
TIC 735011506,735011506,98
TIC 735013911,735013911,98
TIC 735016140,735016140,98
TIC 735016236,735016236,98
TIC 735016256,735016256,98
TIC 735017421,735017421,98
TIC 735017712,735017712,98
TIC 735019652,735019652,98
TIC 735021081,735021081,98
TIC 735034404,735034404,98
TIC 735035085,735035085,98
TIC 735037300,735037300,98
TIC 735040772,735040772,98
TIC 735041560,735041560,98
TIC 735042451,735042451,98
TIC 735045439,735045439,98
TIC 735045584,735045584,98
TIC 735046745,735046745,98
TIC 735046990,735046990,98
TIC 735047295,735047295,98
TIC 735048592,735048592,98
TIC 735049454,735049454,98
TIC 735063673,735063673,98
TIC 735063928,735063928,98
TIC 735065508,735065508,98
TIC 735066260,735066260,98
TIC 735066660,735066660,98
TIC 735069214,735069214,98
TIC 735070429,735070429,98
TIC 735072246,735072246,98
TIC 735073065,735073065,98
TIC 736410535,736410535,98
TIC 736548118,736548118,98
TIC 736558248,736558248,98
TIC 736585334,736585334,98
TIC 736592653,736592653,98
TIC 737119639,737119639,98
TIC 737316879,737316879,98
TIC 737319717,737319717,98
TIC 737352223,737352223,98
TIC 737371006,737371006,98
TIC 737379225,737379225,98
TIC 737382217,737382217,98
TIC 737382614,737382614,98
TIC 737429634,737429634,98
TIC 737432480,737432480,98
TIC 737445625,737445625,98
TIC 737472445,737472445,98
TIC 737505861,737505861,98
TIC 737512224,737512224,98
TIC 737512565,737512565,98
TIC 737546693,737546693,98
TIC 737550257,737550257,98
TIC 737568000,737568000,98
TIC 737568297,737568297,98
TIC 737572270,737572270,98
TIC 737574617,737574617,98
TIC 737576324,737576324,98
TIC 737577885,737577885,98
TIC 737580270,737580270,98
TIC 737583548,737583548,98
TIC 737584039,737584039,98
TIC 737584362,737584362,98
TIC 737589189,737589189,98
TIC 737601139,737601139,98
TIC 737609839,737609839,98
TIC 737613223,737613223,98
TIC 737614837,737614837,98
TIC 737615988,737615988,98
TIC 737623610,737623610,98
TIC 737625010,737625010,98
TIC 737631437,737631437,98
TIC 737634345,737634345,98
TIC 737636796,737636796,98
TIC 737640199,737640199,98
TIC 737644715,737644715,98
TIC 737645444,737645444,98
TIC 737646307,737646307,98
TIC 737648137,737648137,98
TIC 737658854,737658854,98
TIC 737662712,737662712,98
TIC 737665280,737665280,98
TIC 737665321,737665321,98
TIC 737666884,737666884,98
TIC 737667102,737667102,98
TIC 737668608,737668608,98
TIC 737668666,737668666,98
TIC 737672420,737672420,98
TIC 737673041,737673041,98
TIC 737674438,737674438,98
TIC 737677968,737677968,98
TIC 737680242,737680242,98
TIC 737685387,737685387,98
TIC 737692384,737692384,98
TIC 737693953,737693953,98
TIC 737697870,737697870,98
TIC 737705362,737705362,98
TIC 737705489,737705489,98
TIC 737708206,737708206,98
TIC 737712876,737712876,98
TIC 737714642,737714642,98
TIC 737714919,737714919,98
TIC 737715243,737715243,98
TIC 737719938,737719938,98
TIC 737720040,737720040,98
TIC 737728640,737728640,98
TIC 737730216,737730216,98
TIC 737740536,737740536,98
TIC 737741388,737741388,98
TIC 737747155,737747155,98
TIC 737749147,737749147,98
TIC 737750591,737750591,98
TIC 737750903,737750903,98
TIC 737754874,737754874,98
TIC 737758489,737758489,98
TIC 737765677,737765677,98
TIC 737769564,737769564,98
TIC 737778249,737778249,98
TIC 737782342,737782342,98
TIC 737784667,737784667,98
TIC 737784698,737784698,98
TIC 737785692,737785692,98
TIC 737785863,737785863,98
TIC 737785925,737785925,98
TIC 737790834,737790834,98
TIC 737792997,737792997,98
TIC 737795224,737795224,98
TIC 737801100,737801100,98
TIC 737801355,737801355,98
TIC 737804295,737804295,98
TIC 737805571,737805571,98
TIC 737807191,737807191,98
TIC 737808211,737808211,98
TIC 737811260,737811260,98
TIC 737815229,737815229,98
TIC 737816090,737816090,98
TIC 737818602,737818602,98
TIC 737822976,737822976,98
TIC 737825879,737825879,98
TIC 737835441,737835441,98
TIC 737837213,737837213,98
TIC 737843504,737843504,98
TIC 737845337,737845337,98
TIC 737853393,737853393,98
TIC 737853650,737853650,98
TIC 737860107,737860107,98
TIC 737868311,737868311,98
TIC 737869851,737869851,98
TIC 737873680,737873680,98
TIC 737879303,737879303,98
TIC 737885797,737885797,98
TIC 737885869,737885869,98
TIC 737887768,737887768,98
TIC 737889050,737889050,98
TIC 737896255,737896255,98
TIC 737912799,737912799,98
TIC 737915783,737915783,98
TIC 737922101,737922101,98
TIC 737922328,737922328,98
TIC 737922429,737922429,98
TIC 737923247,737923247,98
TIC 737923297,737923297,98
TIC 737927409,737927409,98
TIC 737929933,737929933,98
TIC 737931193,737931193,98
TIC 737931709,737931709,98
TIC 737933465,737933465,98
TIC 737934541,737934541,98
TIC 737934664,737934664,98
TIC 737935786,737935786,98
TIC 737936915,737936915,98
TIC 737938390,737938390,98
TIC 737938759,737938759,98
TIC 737942589,737942589,98
TIC 737949586,737949586,98
TIC 737953029,737953029,98
TIC 737954504,737954504,98
TIC 737955644,737955644,98
TIC 737955692,737955692,98
TIC 737956271,737956271,98
TIC 737957768,737957768,98
TIC 737960946,737960946,98
TIC 737963295,737963295,98
TIC 737967084,737967084,98
TIC 737970287,737970287,98
TIC 737972710,737972710,98
TIC 737973719,737973719,98
TIC 737978129,737978129,98
TIC 737982327,737982327,98
TIC 737985027,737985027,98
TIC 737985500,737985500,98
TIC 737987125,737987125,98
TIC 737987984,737987984,98
TIC 737988246,737988246,98
TIC 737988817,737988817,98
TIC 737991823,737991823,98
TIC 738001566,738001566,98
TIC 738003116,738003116,98
TIC 738007733,738007733,98
TIC 738009769,738009769,98
TIC 738028498,738028498,98
TIC 738049333,738049333,98
TIC 738056486,738056486,98
TIC 738061075,738061075,98
TIC 738083520,738083520,98
TIC 738098517,738098517,98
TIC 738100749,738100749,98
TIC 738103130,738103130,98
TIC 738105679,738105679,98
TIC 738106842,738106842,98
TIC 738106860,738106860,98
TIC 738114272,738114272,98
TIC 738121343,738121343,98
TIC 738122952,738122952,98
TIC 738123927,738123927,98
TIC 738136126,738136126,98
TIC 738146115,738146115,98
TIC 738155359,738155359,98
TIC 738157531,738157531,98
TIC 738158884,738158884,98
TIC 738161144,738161144,98
TIC 738165185,738165185,98
TIC 738172611,738172611,98
TIC 738181672,738181672,98
TIC 738182252,738182252,98
TIC 738194255,738194255,98
TIC 738198213,738198213,98
TIC 738209127,738209127,98
TIC 738209950,738209950,98
TIC 738214234,738214234,98
TIC 738223598,738223598,98
TIC 738227919,738227919,98
TIC 738231075,738231075,98
TIC 738231112,738231112,98
TIC 738232472,738232472,98
TIC 738233729,738233729,98
TIC 738234795,738234795,98
TIC 738235490,738235490,98
TIC 738237814,738237814,98
TIC 738238598,738238598,98
TIC 738240265,738240265,98
TIC 738244230,738244230,98
TIC 738247550,738247550,98
TIC 738248698,738248698,98
TIC 738255027,738255027,98
TIC 738258407,738258407,98
TIC 738261407,738261407,98
TIC 738264369,738264369,98
TIC 738269738,738269738,98
TIC 738270416,738270416,98
TIC 765000326,765000326,98
TIC 765066209,765066209,98
TIC 765081915,765081915,98
TIC 765090559,765090559,98
TIC 765199440,765199440,98
TIC 765216364,765216364,98
TIC 766201148,766201148,98
TIC 766693505,766693505,98
TIC 767023938,767023938,98
TIC 767026393,767026393,98
TIC 767027568,767027568,98
TIC 767032075,767032075,98
TIC 767036805,767036805,98
TIC 767054579,767054579,98
TIC 767055860,767055860,98
TIC 767092616,767092616,98
TIC 767109594,767109594,98
TIC 767111336,767111336,98
TIC 767123165,767123165,98
TIC 767129256,767129256,98
TIC 767133377,767133377,98
TIC 767143207,767143207,98
TIC 767155502,767155502,98
TIC 767158947,767158947,98
TIC 770629259,770629259,98
TIC 770634099,770634099,98
TIC 770647849,770647849,98
TIC 770648967,770648967,98
TIC 770660891,770660891,98
TIC 770669908,770669908,98
TIC 770672982,770672982,98
TIC 805111573,805111573,98
TIC 805185760,805185760,98
TIC 805186869,805186869,98
TIC 805230329,805230329,98
TIC 805234245,805234245,98
TIC 805239349,805239349,98
TIC 805253224,805253224,98
TIC 805258140,805258140,98
TIC 805260952,805260952,98
TIC 805264050,805264050,98
TIC 805320344,805320344,98
TIC 805424563,805424563,98
TIC 805426474,805426474,98
TIC 805429648,805429648,98
TIC 805437603,805437603,98
TIC 805451475,805451475,98
TIC 805454544,805454544,98
TIC 805466778,805466778,98
TIC 805793225,805793225,98
TIC 805805533,805805533,98
TIC 805814263,805814263,98
TIC 805821090,805821090,98
TIC 805834488,805834488,98
TIC 805842124,805842124,98
TIC 805890234,805890234,98
TIC 805903778,805903778,98
TIC 806226365,806226365,98
TIC 806242661,806242661,98
TIC 806243039,806243039,98
TIC 806246766,806246766,98
