target,tic_id,sectors
TIC 6351409,6351409,104
TIC 6401932,6401932,104
TIC 6407395,6407395,104
TIC 6408199,6408199,104
TIC 6408204,6408204,104
TIC 6475135,6475135,104
TIC 6475141,6475141,104
TIC 6476713,6476713,104
TIC 6521913,6521913,104
TIC 6522185,6522185,104
TIC 6526912,6526912,104
TIC 6665299,6665299,104
TIC 6669491,6669491,104
TIC 6726903,6726903,104
TIC 6728246,6728246,104
TIC 6765125,6765125,104
TIC 6944733,6944733,104
TIC 6945896,6945896,104
TIC 6946549,6946549,104
TIC 6948702,6948702,104
TIC 7010715,7010715,104
TIC 7012343,7012343,104
TIC 7016501,7016501,104
TIC 7083633,7083633,104
TIC 7187146,7187146,104
TIC 7187543,7187543,104
TIC 15644631,15644631,104
TIC 15869328,15869328,104
TIC 16010965,16010965,104
TIC 16025709,16025709,104
TIC 16139170,16139170,104
TIC 16229246,16229246,104
TIC 16230982,16230982,104
TIC 16245795,16245795,104
TIC 16439077,16439077,104
TIC 16580177,16580177,104
TIC 16899399,16899399,104
TIC 16901876,16901876,104
TIC 16909043,16909043,104
TIC 17009943,17009943,104
TIC 17153995,17153995,104
TIC 17154445,17154445,104
TIC 17163182,17163182,104
TIC 17167707,17167707,104
TIC 17265411,17265411,104
TIC 17266747,17266747,104
TIC 17267566,17267566,104
TIC 17268407,17268407,104
TIC 17389404,17389404,104
TIC 17395858,17395858,104
TIC 17399504,17399504,104
TIC 17499007,17499007,104
TIC 17508379,17508379,104
TIC 17509396,17509396,104
TIC 17632938,17632938,104
TIC 17639611,17639611,104
TIC 21248794,21248794,104
TIC 21254589,21254589,104
TIC 21364201,21364201,104
TIC 21365473,21365473,104
TIC 21466050,21466050,104
TIC 21466698,21466698,104
TIC 21467590,21467590,104
TIC 21467597,21467597,104
TIC 21468359,21468359,104
TIC 21470557,21470557,104
TIC 21604809,21604809,104
TIC 21608784,21608784,104
TIC 21668153,21668153,104
TIC 21681319,21681319,104
TIC 21699140,21699140,104
TIC 21702220,21702220,104
TIC 21779389,21779389,104
TIC 21781185,21781185,104
TIC 21881940,21881940,104
TIC 21883648,21883648,104
TIC 21999706,21999706,104
TIC 22094128,22094128,104
TIC 22094130,22094130,104
TIC 22293200,22293200,104
TIC 22295632,22295632,104
TIC 22302186,22302186,104
TIC 22306518,22306518,104
TIC 22411379,22411379,104
TIC 22486217,22486217,104
TIC 22486227,22486227,104
TIC 22489734,22489734,104
TIC 22493393,22493393,104
TIC 22573863,22573863,104
TIC 22692630,22692630,104
TIC 22693357,22693357,104
TIC 22701598,22701598,104
TIC 22997200,22997200,104
TIC 23108331,23108331,104
TIC 23205270,23205270,104
TIC 23205275,23205275,104
TIC 23205280,23205280,104
TIC 23211639,23211639,104
TIC 23318705,23318705,104
TIC 23318790,23318790,104
TIC 23321884,23321884,104
TIC 23322116,23322116,104
TIC 23406439,23406439,104
TIC 23408630,23408630,104
TIC 23482015,23482015,104
TIC 23496010,23496010,104
TIC 23588322,23588322,104
TIC 23591901,23591901,104
TIC 23592170,23592170,104
TIC 23595159,23595159,104
TIC 23596779,23596779,104
TIC 23817498,23817498,104
TIC 23817895,23817895,104
TIC 23828604,23828604,104
TIC 23924218,23924218,104
TIC 24014740,24014740,104
TIC 24019331,24019331,104
TIC 24221393,24221393,104
TIC 24316617,24316617,104
TIC 24410370,24410370,104
TIC 24486352,24486352,104
TIC 24486370,24486370,104
TIC 25590004,25590004,104
TIC 26090948,26090948,104
TIC 26783255,26783255,104
TIC 27357357,27357357,104
TIC 27357430,27357430,104
TIC 27947413,27947413,104
TIC 28613372,28613372,104
TIC 30012490,30012490,104
TIC 30086694,30086694,104
TIC 30090477,30090477,104
TIC 30214880,30214880,104
TIC 30226697,30226697,104
TIC 30450412,30450412,104
TIC 30549737,30549737,104
TIC 30550230,30550230,104
TIC 30669855,30669855,104
TIC 30670601,30670601,104
TIC 30775341,30775341,104
TIC 31004742,31004742,104
TIC 31013316,31013316,104
TIC 31015718,31015718,104
TIC 31023591,31023591,104
TIC 31122542,31122542,104
TIC 31123761,31123761,104
TIC 31199501,31199501,104
TIC 31201015,31201015,104
TIC 31202047,31202047,104
TIC 31206075,31206075,104
TIC 31207306,31207306,104
TIC 31209947,31209947,104
TIC 31210706,31210706,104
TIC 31211600,31211600,104
TIC 31211609,31211609,104
TIC 31213193,31213193,104
TIC 31324818,31324818,104
TIC 31417574,31417574,104
TIC 31419174,31419174,104
TIC 31566952,31566952,104
TIC 31571991,31571991,104
TIC 31573451,31573451,104
TIC 31660898,31660898,104
TIC 31662191,31662191,104
TIC 31663387,31663387,104
TIC 31670632,31670632,104
TIC 31749587,31749587,104
TIC 31749599,31749599,104
TIC 31751364,31751364,104
TIC 31752971,31752971,104
TIC 31753640,31753640,104
TIC 31757325,31757325,104
TIC 31757508,31757508,104
TIC 31757969,31757969,104
TIC 31879447,31879447,104
TIC 32017256,32017256,104
TIC 32020663,32020663,104
TIC 32139092,32139092,104
TIC 32211248,32211248,104
TIC 32211383,32211383,104
TIC 32214841,32214841,104
TIC 32215148,32215148,104
TIC 32218553,32218553,104
TIC 32221603,32221603,104
TIC 32223793,32223793,104
TIC 32224608,32224608,104
TIC 32307067,32307067,104
TIC 32318893,32318893,104
TIC 32319273,32319273,104
TIC 32320754,32320754,104
TIC 32322122,32322122,104
TIC 32324283,32324283,104
TIC 32325612,32325612,104
TIC 32326446,32326446,104
TIC 32327454,32327454,104
TIC 32396858,32396858,104
TIC 32417615,32417615,104
TIC 32421492,32421492,104
TIC 32459102,32459102,104
TIC 32460142,32460142,104
TIC 32461070,32461070,104
TIC 32560561,32560561,104
TIC 32573592,32573592,104
TIC 32575677,32575677,104
TIC 32798406,32798406,104
TIC 32800636,32800636,104
TIC 32803046,32803046,104
TIC 32806786,32806786,104
TIC 32895936,32895936,104
TIC 32897802,32897802,104
TIC 32901686,32901686,104
TIC 32904199,32904199,104
TIC 32907180,32907180,104
TIC 33116714,33116714,104
TIC 33235691,33235691,104
TIC 33241488,33241488,104
TIC 33241809,33241809,104
TIC 33350443,33350443,104
TIC 33355186,33355186,104
TIC 33431141,33431141,104
TIC 33431247,33431247,104
TIC 33467402,33467402,104
TIC 33542409,33542409,104
TIC 33542596,33542596,104
TIC 33678125,33678125,104
TIC 33785966,33785966,104
TIC 33897422,33897422,104
TIC 33902034,33902034,104
TIC 33902663,33902663,104
TIC 33906065,33906065,104
TIC 33908504,33908504,104
TIC 33909112,33909112,104
TIC 34003157,34003157,104
TIC 34010240,34010240,104
TIC 34423351,34423351,104
TIC 34425251,34425251,104
TIC 38735754,38735754,104
TIC 38936883,38936883,104
TIC 39069809,39069809,104
TIC 39645058,39645058,104
TIC 41831549,41831549,104
TIC 41833798,41833798,104
TIC 41841748,41841748,104
TIC 41858063,41858063,104
TIC 41858368,41858368,104
TIC 41859896,41859896,104
TIC 41861079,41861079,104
TIC 41863903,41863903,104
TIC 41898588,41898588,104
TIC 41956559,41956559,104
TIC 41956780,41956780,104
TIC 41975233,41975233,104
TIC 41993753,41993753,104
TIC 44838140,44838140,104
TIC 47417206,47417206,104
TIC 47417325,47417325,104
TIC 47839005,47839005,104
TIC 48291957,48291957,104
TIC 48977571,48977571,104
TIC 48977791,48977791,104
TIC 49055862,49055862,104
TIC 49056241,49056241,104
TIC 49059270,49059270,104
TIC 49059772,49059772,104
TIC 49140871,49140871,104
TIC 49145640,49145640,104
TIC 49217799,49217799,104
TIC 49218801,49218801,104
TIC 49295152,49295152,104
TIC 49296867,49296867,104
TIC 49298309,49298309,104
TIC 49442245,49442245,104
TIC 49534600,49534600,104
TIC 49536221,49536221,104
TIC 49541462,49541462,104
TIC 49618099,49618099,104
TIC 50010970,50010970,104
TIC 50011264,50011264,104
TIC 50015998,50015998,104
TIC 52142192,52142192,104
TIC 52572837,52572837,104
TIC 53036806,53036806,104
TIC 53436623,53436623,104
TIC 53446269,53446269,104
TIC 55164341,55164341,104
TIC 55164463,55164463,104
TIC 55579826,55579826,104
TIC 55709016,55709016,104
TIC 55715218,55715218,104
TIC 55825239,55825239,104
TIC 55830501,55830501,104
TIC 55831559,55831559,104
TIC 55833822,55833822,104
TIC 55839455,55839455,104
TIC 55841137,55841137,104
TIC 55913501,55913501,104
TIC 55915880,55915880,104
TIC 56045052,56045052,104
TIC 56050076,56050076,104
TIC 56056420,56056420,104
TIC 56060033,56060033,104
TIC 56169925,56169925,104
TIC 56171885,56171885,104
TIC 56268583,56268583,104
TIC 56270656,56270656,104
TIC 56274780,56274780,104
TIC 56277806,56277806,104
TIC 56278574,56278574,104
TIC 56369780,56369780,104
TIC 56370021,56370021,104
TIC 56486481,56486481,104
TIC 56486490,56486490,104
TIC 56487054,56487054,104
TIC 56503702,56503702,104
TIC 56505002,56505002,104
TIC 56584594,56584594,104
TIC 56587129,56587129,104
TIC 56602594,56602594,104
TIC 56603109,56603109,104
TIC 56613524,56613524,104
TIC 56690109,56690109,104
TIC 56695001,56695001,104
TIC 56697390,56697390,104
TIC 56698723,56698723,104
TIC 56703782,56703782,104
TIC 56729707,56729707,104
TIC 56770797,56770797,104
TIC 56771243,56771243,104
TIC 56776866,56776866,104
TIC 56777538,56777538,104
TIC 56927901,56927901,104
TIC 56929835,56929835,104
TIC 57011946,57011946,104
TIC 57022735,57022735,104
TIC 57105148,57105148,104
TIC 57112059,57112059,104
TIC 57122096,57122096,104
TIC 57122974,57122974,104
TIC 57219252,57219252,104
TIC 57227268,57227268,104
TIC 57234397,57234397,104
TIC 57237703,57237703,104
TIC 57238036,57238036,104
TIC 57250741,57250741,104
TIC 57251798,57251798,104
TIC 57252620,57252620,104
TIC 57275176,57275176,104
TIC 57279835,57279835,104
TIC 57368296,57368296,104
TIC 57377169,57377169,104
TIC 57379015,57379015,104
TIC 57384424,57384424,104
TIC 57409304,57409304,104
TIC 57409956,57409956,104
TIC 57413530,57413530,104
TIC 57471694,57471694,104
TIC 57483650,57483650,104
TIC 57538907,57538907,104
TIC 57694993,57694993,104
TIC 57705272,57705272,104
TIC 57736381,57736381,104
TIC 57840359,57840359,104
TIC 57849978,57849978,104
TIC 57849979,57849979,104
TIC 57851218,57851218,104
TIC 57962267,57962267,104
TIC 57997895,57997895,104
TIC 57999266,57999266,104
TIC 58006320,58006320,104
TIC 58011734,58011734,104
TIC 58046167,58046167,104
TIC 58061469,58061469,104
TIC 58062888,58062888,104
TIC 58065870,58065870,104
TIC 58066079,58066079,104
TIC 58070555,58070555,104
TIC 58115167,58115167,104
TIC 58115865,58115865,104
TIC 58117046,58117046,104
TIC 58125069,58125069,104
TIC 58126058,58126058,104
TIC 58151344,58151344,104
TIC 58156142,58156142,104
TIC 58157028,58157028,104
TIC 58665003,58665003,104
TIC 58665261,58665261,104
TIC 58675010,58675010,104
TIC 58767799,58767799,104
TIC 58777596,58777596,104
TIC 58778019,58778019,104
TIC 58780547,58780547,104
TIC 58785623,58785623,104
TIC 58890292,58890292,104
TIC 59311556,59311556,104
TIC 59431486,59431486,104
TIC 59439716,59439716,104
TIC 59442576,59442576,104
TIC 59553392,59553392,104
TIC 59556299,59556299,104
TIC 59560474,59560474,104
TIC 59569258,59569258,104
TIC 59666370,59666370,104
TIC 59675389,59675389,104
TIC 59675401,59675401,104
TIC 59691723,59691723,104
TIC 59693901,59693901,104
TIC 59780261,59780261,104
TIC 59781994,59781994,104
TIC 59784707,59784707,104
TIC 59795317,59795317,104
TIC 59904339,59904339,104
TIC 59908361,59908361,104
TIC 59910811,59910811,104
TIC 59984226,59984226,104
TIC 59986941,59986941,104
TIC 59989687,59989687,104
TIC 60067606,60067606,104
TIC 60068392,60068392,104
TIC 60069295,60069295,104
TIC 60085878,60085878,104
TIC 60087196,60087196,104
TIC 60087710,60087710,104
TIC 60163857,60163857,104
TIC 60166059,60166059,104
TIC 60168475,60168475,104
TIC 60204061,60204061,104
TIC 60263379,60263379,104
TIC 60299558,60299558,104
TIC 60315000,60315000,104
TIC 60316892,60316892,104
TIC 60317549,60317549,104
TIC 60354816,60354816,104
TIC 60357546,60357546,104
TIC 60362599,60362599,104
TIC 60365430,60365430,104
TIC 60366453,60366453,104
TIC 60433558,60433558,104
TIC 60436937,60436937,104
TIC 60454397,60454397,104
TIC 60463604,60463604,104
TIC 60464650,60464650,104
TIC 60466115,60466115,104
TIC 60529579,60529579,104
TIC 60529927,60529927,104
TIC 60538171,60538171,104
TIC 60538468,60538468,104
TIC 60539149,60539149,104
TIC 60629935,60629935,104
TIC 60743206,60743206,104
TIC 60747672,60747672,104
TIC 60753386,60753386,104
TIC 60808254,60808254,104
TIC 60808749,60808749,104
TIC 60808955,60808955,104
TIC 60813046,60813046,104
TIC 60825382,60825382,104
TIC 60827864,60827864,104
TIC 60832714,60832714,104
TIC 60890639,60890639,104
TIC 60890714,60890714,104
TIC 60925817,60925817,104
TIC 60927340,60927340,104
TIC 60928208,60928208,104
TIC 60929543,60929543,104
TIC 60933313,60933313,104
TIC 60962524,60962524,104
TIC 60967881,60967881,104
TIC 60970135,60970135,104
TIC 61020335,61020335,104
TIC 61020343,61020343,104
TIC 61024636,61024636,104
TIC 61052083,61052083,104
TIC 61052607,61052607,104
TIC 61052727,61052727,104
TIC 61097172,61097172,104
TIC 61133353,61133353,104
TIC 61186487,61186487,104
TIC 61208174,61208174,104
TIC 61209384,61209384,104
TIC 61209749,61209749,104
TIC 61211640,61211640,104
TIC 61212279,61212279,104
TIC 61275837,61275837,104
TIC 61276556,61276556,104
TIC 61276578,61276578,104
TIC 61280011,61280011,104
TIC 61281143,61281143,104
TIC 61281146,61281146,104
TIC 61374795,61374795,104
TIC 61375754,61375754,104
TIC 61377099,61377099,104
TIC 61510984,61510984,104
TIC 61550593,61550593,104
TIC 61557953,61557953,104
TIC 61568006,61568006,104
TIC 61646049,61646049,104
TIC 61648669,61648669,104
TIC 61727261,61727261,104
TIC 61728030,61728030,104
TIC 61783872,61783872,104
TIC 61786230,61786230,104
TIC 61788453,61788453,104
TIC 61805566,61805566,104
TIC 61851778,61851778,104
TIC 61894353,61894353,104
TIC 61964151,61964151,104
TIC 61965938,61965938,104
TIC 62024272,62024272,104
TIC 62027099,62027099,104
TIC 62182085,62182085,104
TIC 62188821,62188821,104
TIC 62273954,62273954,104
TIC 62280889,62280889,104
TIC 62291928,62291928,104
TIC 62292551,62292551,104
TIC 62347617,62347617,104
TIC 62413306,62413306,104
TIC 62413432,62413432,104
TIC 62417053,62417053,104
TIC 62493074,62493074,104
TIC 62497215,62497215,104
TIC 62542368,62542368,104
TIC 62612026,62612026,104
TIC 62618060,62618060,104
TIC 62618413,62618413,104
TIC 62619917,62619917,104
TIC 62725787,62725787,104
TIC 62726252,62726252,104
TIC 62726302,62726302,104
TIC 62810012,62810012,104
TIC 62810050,62810050,104
TIC 62986909,62986909,104
TIC 62997243,62997243,104
TIC 63019070,63019070,104
TIC 63022404,63022404,104
TIC 63028054,63028054,104
TIC 63028103,63028103,104
TIC 63242136,63242136,104
TIC 63244203,63244203,104
TIC 63246834,63246834,104
TIC 63250302,63250302,104
TIC 63343064,63343064,104
TIC 63406921,63406921,104
TIC 63417378,63417378,104
TIC 63519231,63519231,104
TIC 63523812,63523812,104
TIC 63595919,63595919,104
TIC 63599955,63599955,104
TIC 63604066,63604066,104
TIC 63609779,63609779,104
TIC 63614728,63614728,104
TIC 63617455,63617455,104
TIC 63618257,63618257,104
TIC 63618389,63618389,104
TIC 63619196,63619196,104
TIC 63619993,63619993,104
TIC 63620102,63620102,104
TIC 63620230,63620230,104
TIC 63679737,63679737,104
TIC 63687402,63687402,104
TIC 63752158,63752158,104
TIC 63752207,63752207,104
TIC 63755738,63755738,104
TIC 63765095,63765095,104
TIC 63863822,63863822,104
TIC 63866514,63866514,104
TIC 64342880,64342880,104
TIC 64347166,64347166,104
TIC 64350150,64350150,104
TIC 64492843,64492843,104
TIC 64500397,64500397,104
TIC 64500458,64500458,104
TIC 65011095,65011095,104
TIC 65011686,65011686,104
TIC 65085937,65085937,104
TIC 65092236,65092236,104
TIC 65093294,65093294,104
TIC 65095484,65095484,104
TIC 65096749,65096749,104
TIC 65097093,65097093,104
TIC 65097949,65097949,104
TIC 65766137,65766137,104
TIC 65770571,65770571,104
TIC 65857875,65857875,104
TIC 65858570,65858570,104
TIC 65861367,65861367,104
TIC 66389641,66389641,104
TIC 66410144,66410144,104
TIC 66410455,66410455,104
TIC 66412342,66412342,104
TIC 66417042,66417042,104
TIC 66434241,66434241,104
TIC 66434243,66434243,104
TIC 66434263,66434263,104
TIC 66435575,66435575,104
TIC 66440522,66440522,104
TIC 66471094,66471094,104
TIC 66493797,66493797,104
TIC 67544782,67544782,104
TIC 67558415,67558415,104
TIC 67558886,67558886,104
TIC 67565777,67565777,104
TIC 67567739,67567739,104
TIC 67582878,67582878,104
TIC 67583991,67583991,104
TIC 67584818,67584818,104
TIC 67584835,67584835,104
TIC 67590521,67590521,104
TIC 67598107,67598107,104
TIC 67598173,67598173,104
TIC 67598798,67598798,104
TIC 67628993,67628993,104
TIC 67629576,67629576,104
TIC 67630845,67630845,104
TIC 67643229,67643229,104
TIC 67643537,67643537,104
TIC 67643907,67643907,104
TIC 67645039,67645039,104
TIC 67649637,67649637,104
TIC 67654959,67654959,104
TIC 67670260,67670260,104
TIC 73695776,73695776,104
TIC 73697670,73697670,104
TIC 73757315,73757315,104
TIC 73838315,73838315,104
TIC 73841364,73841364,104
TIC 73949477,73949477,104
TIC 73950795,73950795,104
TIC 74052889,74052889,104
TIC 74054879,74054879,104
TIC 74056224,74056224,104
TIC 74183393,74183393,104
TIC 74185347,74185347,104
TIC 74189867,74189867,104
TIC 74432275,74432275,104
TIC 74434786,74434786,104
TIC 74606494,74606494,104
TIC 74648453,74648453,104
TIC 74648456,74648456,104
TIC 74651134,74651134,104
TIC 74987860,74987860,104
TIC 74989872,74989872,104
TIC 74993348,74993348,104
TIC 75067378,75067378,104
TIC 75084057,75084057,104
TIC 75086881,75086881,104
TIC 75155754,75155754,104
TIC 75159458,75159458,104
TIC 75160069,75160069,104
TIC 75215275,75215275,104
TIC 75219304,75219304,104
TIC 75295418,75295418,104
TIC 75295682,75295682,104
TIC 75381884,75381884,104
TIC 75386159,75386159,104
TIC 75389128,75389128,104
TIC 75461622,75461622,104
TIC 75470298,75470298,104
TIC 75533671,75533671,104
TIC 75607322,75607322,104
TIC 75669409,75669409,104
TIC 75754937,75754937,104
TIC 75764159,75764159,104
TIC 75922483,75922483,104
TIC 76001512,76001512,104
TIC 76004034,76004034,104
TIC 76068281,76068281,104
TIC 76068777,76068777,104
TIC 76165085,76165085,104
TIC 76168662,76168662,104
TIC 76170096,76170096,104
TIC 76226285,76226285,104
TIC 76229213,76229213,104
TIC 76389306,76389306,104
TIC 76394786,76394786,104
TIC 76442884,76442884,104
TIC 76444175,76444175,104
TIC 76526572,76526572,104
TIC 76526781,76526781,104
TIC 76527960,76527960,104
TIC 76530275,76530275,104
TIC 76612620,76612620,104
TIC 76673558,76673558,104
TIC 76673560,76673560,104
TIC 76756672,76756672,104
TIC 76765660,76765660,104
TIC 76766015,76766015,104
TIC 76811520,76811520,104
TIC 76891917,76891917,104
TIC 76891935,76891935,104
TIC 76921262,76921262,104
TIC 76922334,76922334,104
TIC 76922605,76922605,104
TIC 79055422,79055422,104
TIC 79103551,79103551,104
TIC 79248434,79248434,104
TIC 79395265,79395265,104
TIC 79490627,79490627,104
TIC 79492963,79492963,104
TIC 79750052,79750052,104
TIC 79884804,79884804,104
TIC 80062745,80062745,104
TIC 80262105,80262105,104
TIC 80339428,80339428,104
TIC 80418315,80418315,104
TIC 80418390,80418390,104
TIC 80427313,80427313,104
TIC 85580401,85580401,104
TIC 85583323,85583323,104
TIC 85637344,85637344,104
TIC 85642199,85642199,104
TIC 85645958,85645958,104
TIC 85649613,85649613,104
TIC 85651189,85651189,104
TIC 85763378,85763378,104
TIC 85773508,85773508,104
TIC 85861617,85861617,104
TIC 85865204,85865204,104
TIC 85919898,85919898,104
TIC 85921363,85921363,104
TIC 85922115,85922115,104
TIC 85922944,85922944,104
TIC 85926509,85926509,104
TIC 86020729,86020729,104
TIC 86021841,86021841,104
TIC 86024408,86024408,104
TIC 86026857,86026857,104
TIC 86028064,86028064,104
TIC 86033978,86033978,104
TIC 86137893,86137893,104
TIC 86140963,86140963,104
TIC 86141703,86141703,104
TIC 86324860,86324860,104
TIC 86328285,86328285,104
TIC 86419190,86419190,104
TIC 86425036,86425036,104
TIC 86519789,86519789,104
TIC 86519791,86519791,104
TIC 86522176,86522176,104
TIC 86693985,86693985,104
TIC 86787654,86787654,104
TIC 86794070,86794070,104
TIC 86798023,86798023,104
TIC 86798787,86798787,104
TIC 86880664,86880664,104
TIC 86882201,86882201,104
TIC 86962692,86962692,104
TIC 86965344,86965344,104
TIC 86966402,86966402,104
TIC 86967862,86967862,104
TIC 86968174,86968174,104
TIC 86970099,86970099,104
TIC 86973093,86973093,104
TIC 87065249,87065249,104
TIC 87067629,87067629,104
TIC 87068131,87068131,104
TIC 87068976,87068976,104
TIC 87166020,87166020,104
TIC 87166050,87166050,104
TIC 87168117,87168117,104
TIC 87172306,87172306,104
TIC 87257658,87257658,104
TIC 87260292,87260292,104
TIC 87260967,87260967,104
TIC 87266104,87266104,104
TIC 87269467,87269467,104
TIC 87329149,87329149,104
TIC 87416410,87416410,104
TIC 87418452,87418452,104
TIC 87422039,87422039,104
TIC 87422071,87422071,104
TIC 87534972,87534972,104
TIC 87538742,87538742,104
TIC 87546630,87546630,104
TIC 87610100,87610100,104
TIC 87610185,87610185,104
TIC 87710013,87710013,104
TIC 87775884,87775884,104
TIC 87778118,87778118,104
TIC 87778121,87778121,104
TIC 87783083,87783083,104
TIC 87895156,87895156,104
TIC 87985603,87985603,104
TIC 88070266,88070266,104
TIC 88072735,88072735,104
TIC 88075984,88075984,104
TIC 88139561,88139561,104
TIC 88140945,88140945,104
TIC 88141648,88141648,104
TIC 88143396,88143396,104
TIC 88145642,88145642,104
TIC 88149898,88149898,104
TIC 88234519,88234519,104
TIC 88354026,88354026,104
TIC 88354387,88354387,104
TIC 88354828,88354828,104
TIC 88439232,88439232,104
TIC 88440946,88440946,104
TIC 88448275,88448275,104
TIC 88450591,88450591,104
TIC 88515401,88515401,104
TIC 88611390,88611390,104
TIC 88612348,88612348,104
TIC 88710264,88710264,104
TIC 88716959,88716959,104
TIC 88802102,88802102,104
TIC 88805600,88805600,104
TIC 88806084,88806084,104
TIC 88809761,88809761,104
TIC 88879650,88879650,104
TIC 88884336,88884336,104
TIC 88979247,88979247,104
TIC 88984406,88984406,104
TIC 89047726,89047726,104
TIC 89058830,89058830,104
TIC 89142278,89142278,104
TIC 89142635,89142635,104
TIC 89146361,89146361,104
TIC 89252898,89252898,104
TIC 89310287,89310287,104
TIC 89411135,89411135,104
TIC 89412572,89412572,104
TIC 89417257,89417257,104
TIC 89491442,89491442,104
TIC 89569662,89569662,104
TIC 89574339,89574339,104
TIC 89574346,89574346,104
TIC 89659632,89659632,104
TIC 89809679,89809679,104
TIC 89815891,89815891,104
TIC 89906206,89906206,104
TIC 89914581,89914581,104
TIC 89968940,89968940,104
TIC 89969875,89969875,104
TIC 89974273,89974273,104
TIC 89975465,89975465,104
TIC 90083037,90083037,104
TIC 90083120,90083120,104
TIC 90087028,90087028,104
TIC 90156362,90156362,104
TIC 90158339,90158339,104
TIC 90158634,90158634,104
TIC 90158991,90158991,104
TIC 90159483,90159483,104
TIC 90160438,90160438,104
TIC 90161366,90161366,104
TIC 90164034,90164034,104
TIC 90322352,90322352,104
TIC 90325783,90325783,104
TIC 90329267,90329267,104
TIC 90330473,90330473,104
TIC 90419409,90419409,104
TIC 90482097,90482097,104
TIC 90482273,90482273,104
TIC 90485629,90485629,104
TIC 90486450,90486450,104
TIC 90490440,90490440,104
TIC 90491652,90491652,104
TIC 90556514,90556514,104
TIC 90560603,90560603,104
TIC 90652577,90652577,104
TIC 90657156,90657156,104
TIC 90716944,90716944,104
TIC 90720183,90720183,104
TIC 90720551,90720551,104
TIC 90723908,90723908,104
TIC 90734564,90734564,104
TIC 90812613,90812613,104
TIC 90814211,90814211,104
TIC 90910771,90910771,104
TIC 90912328,90912328,104
TIC 90913281,90913281,104
TIC 90920430,90920430,104
TIC 91000096,91000096,104
TIC 91001974,91001974,104
TIC 91001993,91001993,104
TIC 91069725,91069725,104
TIC 91074100,91074100,104
TIC 91076576,91076576,104
TIC 91240021,91240021,104
TIC 91243050,91243050,104
TIC 91247509,91247509,104
TIC 91247983,91247983,104
TIC 91315049,91315049,104
TIC 91315446,91315446,104
TIC 91316983,91316983,104
TIC 91319905,91319905,104
TIC 91320365,91320365,104
TIC 91324328,91324328,104
TIC 91407849,91407849,104
TIC 91446309,91446309,104
TIC 91595611,91595611,104
TIC 91612780,91612780,104
TIC 91612783,91612783,104
TIC 91612837,91612837,104
TIC 91635430,91635430,104
TIC 91636714,91636714,104
TIC 91636725,91636725,104
TIC 91636820,91636820,104
TIC 91636841,91636841,104
TIC 91636864,91636864,104
TIC 91636900,91636900,104
TIC 91637338,91637338,104
TIC 91637375,91637375,104
TIC 91637387,91637387,104
TIC 91637421,91637421,104
TIC 91637471,91637471,104
TIC 91638504,91638504,104
TIC 91638536,91638536,104
TIC 91638559,91638559,104
TIC 91638629,91638629,104
TIC 91638703,91638703,104
TIC 91638961,91638961,104
TIC 91639029,91639029,104
TIC 91639030,91639030,104
TIC 91639045,91639045,104
TIC 91639155,91639155,104
TIC 91639161,91639161,104
TIC 91639284,91639284,104
TIC 91639398,91639398,104
TIC 91640125,91640125,104
TIC 91640274,91640274,104
TIC 91640316,91640316,104
TIC 91640329,91640329,104
TIC 91640430,91640430,104
TIC 91640504,91640504,104
TIC 91640505,91640505,104
TIC 91640567,91640567,104
TIC 91640647,91640647,104
TIC 91640770,91640770,104
TIC 91640806,91640806,104
TIC 91640964,91640964,104
TIC 91640979,91640979,104
TIC 91641102,91641102,104
TIC 91641297,91641297,104
TIC 91641921,91641921,104
TIC 91641988,91641988,104
TIC 91641989,91641989,104
TIC 91642055,91642055,104
TIC 91642090,91642090,104
TIC 91642170,91642170,104
TIC 91642198,91642198,104
TIC 91642294,91642294,104
TIC 91642316,91642316,104
TIC 91642366,91642366,104
TIC 91642377,91642377,104
TIC 91642395,91642395,104
TIC 91642577,91642577,104
TIC 91642714,91642714,104
TIC 91642796,91642796,104
TIC 91642851,91642851,104
TIC 91642889,91642889,104
TIC 91643018,91643018,104
TIC 91643027,91643027,104
TIC 91643034,91643034,104
TIC 91643043,91643043,104
TIC 95814516,95814516,104
TIC 95856072,95856072,104
TIC 95982740,95982740,104
TIC 96092987,96092987,104
TIC 96188751,96188751,104
TIC 96191645,96191645,104
TIC 96373166,96373166,104
TIC 96373171,96373171,104
TIC 96469687,96469687,104
TIC 96476379,96476379,104
TIC 96637632,96637632,104
TIC 96749610,96749610,104
TIC 96751119,96751119,104
TIC 96755208,96755208,104
TIC 96837736,96837736,104
TIC 96914973,96914973,104
TIC 97015103,97015103,104
TIC 97218877,97218877,104
TIC 97219414,97219414,104
TIC 97223450,97223450,104
TIC 97381267,97381267,104
TIC 97381329,97381329,104
TIC 100015551,100015551,104
TIC 100097566,100097566,104
TIC 100098123,100098123,104
TIC 100098741,100098741,104
TIC 100106607,100106607,104
TIC 100106860,100106860,104
TIC 100327644,100327644,104
TIC 100469915,100469915,104
TIC 100506230,100506230,104
TIC 100617302,100617302,104
TIC 100666770,100666770,104
TIC 100667275,100667275,104
TIC 100707645,100707645,104
TIC 100850486,100850486,104
TIC 101176808,101176808,104
TIC 101178722,101178722,104
TIC 101230768,101230768,104
TIC 101272159,101272159,104
TIC 101309270,101309270,104
TIC 101356642,101356642,104
TIC 101357601,101357601,104
TIC 101359331,101359331,104
TIC 101359698,101359698,104
TIC 101398435,101398435,104
TIC 101400647,101400647,104
TIC 101433555,101433555,104
TIC 101455948,101455948,104
TIC 101508225,101508225,104
TIC 101510856,101510856,104
TIC 101544692,101544692,104
TIC 101544693,101544693,104
TIC 101617327,101617327,104
TIC 101693902,101693902,104
TIC 101778771,101778771,104
TIC 101817673,101817673,104
TIC 101818753,101818753,104
TIC 101818758,101818758,104
TIC 101845679,101845679,104
TIC 101914715,101914715,104
TIC 101932215,101932215,104
TIC 101933811,101933811,104
TIC 101934171,101934171,104
TIC 102062573,102062573,104
TIC 102064049,102064049,104
TIC 102089208,102089208,104
TIC 111365705,111365705,104
TIC 111368201,111368201,104
TIC 111368754,111368754,104
TIC 111453355,111453355,104
TIC 111453396,111453396,104
TIC 111457688,111457688,104
TIC 111461257,111461257,104
TIC 111728891,111728891,104
TIC 111733066,111733066,104
TIC 111854941,111854941,104
TIC 111855634,111855634,104
TIC 111968264,111968264,104
TIC 111977318,111977318,104
TIC 111978546,111978546,104
TIC 112080455,112080455,104
TIC 112083234,112083234,104
TIC 112084749,112084749,104
TIC 112086123,112086123,104
TIC 112093439,112093439,104
TIC 112215584,112215584,104
TIC 112222179,112222179,104
TIC 112356040,112356040,104
TIC 112581333,112581333,104
TIC 112584039,112584039,104
TIC 112588341,112588341,104
TIC 112674077,112674077,104
TIC 112680448,112680448,104
TIC 112786659,112786659,104
TIC 112788107,112788107,104
TIC 112903825,112903825,104
TIC 112907750,112907750,104
TIC 112909031,112909031,104
TIC 112917492,112917492,104
TIC 113149087,113149087,104
TIC 113152490,113152490,104
TIC 113152968,113152968,104
TIC 113154946,113154946,104
TIC 113156331,113156331,104
TIC 113159923,113159923,104
TIC 113232923,113232923,104
TIC 113233463,113233463,104
TIC 113233464,113233464,104
TIC 115276382,115276382,104
TIC 115350264,115350264,104
TIC 115692740,115692740,104
TIC 117156423,117156423,104
TIC 117934132,117934132,104
TIC 118057576,118057576,104
TIC 118138480,118138480,104
TIC 118146140,118146140,104
TIC 118271813,118271813,104
TIC 118274386,118274386,104
TIC 118317167,118317167,104
TIC 118320994,118320994,104
TIC 118322105,118322105,104
TIC 118327024,118327024,104
TIC 118393879,118393879,104
TIC 118399539,118399539,104
TIC 118408352,118408352,104
TIC 118433984,118433984,104
TIC 118435648,118435648,104
TIC 118527710,118527710,104
TIC 118529448,118529448,104
TIC 118534225,118534225,104
TIC 118535166,118535166,104
TIC 118578999,118578999,104
TIC 118579547,118579547,104
TIC 118583386,118583386,104
TIC 118585716,118585716,104
TIC 118663002,118663002,104
TIC 118666185,118666185,104
TIC 118724982,118724982,104
TIC 118730077,118730077,104
TIC 118732476,118732476,104
TIC 118840978,118840978,104
TIC 118846131,118846131,104
TIC 118922666,118922666,104
TIC 118925045,118925045,104
TIC 118978052,118978052,104
TIC 119090894,119090894,104
TIC 119092252,119092252,104
TIC 119222776,119222776,104
TIC 119340793,119340793,104
TIC 119500696,119500696,104
TIC 119563166,119563166,104
TIC 119564385,119564385,104
TIC 119569982,119569982,104
TIC 119625675,119625675,104
TIC 119670304,119670304,104
TIC 119672947,119672947,104
TIC 119676968,119676968,104
TIC 119677937,119677937,104
TIC 119730069,119730069,104
TIC 119732016,119732016,104
TIC 119821378,119821378,104
TIC 119882865,119882865,104
TIC 119950057,119950057,104
TIC 119950180,119950180,104
TIC 119953579,119953579,104
TIC 119975456,119975456,104
TIC 120040152,120040152,104
TIC 120040579,120040579,104
TIC 120061368,120061368,104
TIC 120121887,120121887,104
TIC 120122222,120122222,104
TIC 120242676,120242676,104
TIC 120246136,120246136,104
TIC 120278665,120278665,104
TIC 120334854,120334854,104
TIC 120339422,120339422,104
TIC 120413191,120413191,104
TIC 120581146,120581146,104
TIC 121254980,121254980,104
TIC 121258426,121258426,104
TIC 121259816,121259816,104
TIC 121263364,121263364,104
TIC 121472201,121472201,104
TIC 121580038,121580038,104
TIC 122111206,122111206,104
TIC 122125901,122125901,104
TIC 122611186,122611186,104
TIC 122611188,122611188,104
TIC 122614851,122614851,104
TIC 122616563,122616563,104
TIC 122616619,122616619,104
TIC 122616692,122616692,104
TIC 122616693,122616693,104
TIC 122669437,122669437,104
TIC 122669446,122669446,104
TIC 122671213,122671213,104
TIC 122671221,122671221,104
TIC 122671276,122671276,104
TIC 122756151,122756151,104
TIC 122844250,122844250,104
TIC 122845171,122845171,104
TIC 122848243,122848243,104
TIC 122853179,122853179,104
TIC 122853621,122853621,104
TIC 122966285,122966285,104
TIC 123050567,123050567,104
TIC 123175016,123175016,104
TIC 123255991,123255991,104
TIC 123318675,123318675,104
TIC 123320709,123320709,104
TIC 123404338,123404338,104
TIC 123608210,123608210,104
TIC 123802827,123802827,104
TIC 123807369,123807369,104
TIC 123814799,123814799,104
TIC 124261621,124261621,104
TIC 124363924,124363924,104
TIC 124488170,124488170,104
TIC 124577313,124577313,104
TIC 124586630,124586630,104
TIC 124675992,124675992,104
TIC 124993588,124993588,104
TIC 125008721,125008721,104
TIC 125110963,125110963,104
TIC 125114169,125114169,104
TIC 125319409,125319409,104
TIC 125330244,125330244,104
TIC 125450206,125450206,104
TIC 125764573,125764573,104
TIC 125776809,125776809,104
TIC 125958765,125958765,104
TIC 126174390,126174390,104
TIC 126303934,126303934,104
TIC 126396829,126396829,104
TIC 128972153,128972153,104
TIC 129038089,129038089,104
TIC 129138128,129138128,104
TIC 129139339,129139339,104
TIC 129279015,129279015,104
TIC 129479126,129479126,104
TIC 139025781,139025781,104
TIC 139128537,139128537,104
TIC 139355896,139355896,104
TIC 139698002,139698002,104
TIC 139721064,139721064,104
TIC 139731252,139731252,104
TIC 139842538,139842538,104
TIC 139842550,139842550,104
TIC 139843044,139843044,104
TIC 139845326,139845326,104
TIC 139880291,139880291,104
TIC 139898206,139898206,104
TIC 139992259,139992259,104
TIC 140431393,140431393,104
TIC 140431833,140431833,104
TIC 140476937,140476937,104
TIC 142150819,142150819,104
TIC 142218954,142218954,104
TIC 142315970,142315970,104
TIC 143506584,143506584,104
TIC 143507479,143507479,104
TIC 143511002,143511002,104
TIC 143514022,143514022,104
TIC 143514301,143514301,104
TIC 143514367,143514367,104
TIC 143548586,143548586,104
TIC 143556025,143556025,104
TIC 143608221,143608221,104
TIC 143650773,143650773,104
TIC 143662157,143662157,104
TIC 143698510,143698510,104
TIC 143699381,143699381,104
TIC 143700932,143700932,104
TIC 143797704,143797704,104
TIC 143798261,143798261,104
TIC 143798554,143798554,104
TIC 143821840,143821840,104
TIC 143857145,143857145,104
TIC 143857356,143857356,104
TIC 144000552,144000552,104
TIC 144285638,144285638,104
TIC 144365403,144365403,104
TIC 146280608,146280608,104
TIC 146282571,146282571,104
TIC 147426184,147426184,104
TIC 147455043,147455043,104
TIC 147455050,147455050,104
TIC 147455090,147455090,104
TIC 147455207,147455207,104
TIC 147455640,147455640,104
TIC 147455857,147455857,104
TIC 147456150,147456150,104
TIC 147457186,147457186,104
TIC 147457274,147457274,104
TIC 147457334,147457334,104
TIC 147457533,147457533,104
TIC 147457584,147457584,104
TIC 147457902,147457902,104
TIC 147458291,147458291,104
TIC 147458295,147458295,104
TIC 147458461,147458461,104
TIC 147458506,147458506,104
TIC 147458598,147458598,104
TIC 147469370,147469370,104
TIC 147469960,147469960,104
TIC 147470014,147470014,104
TIC 147470449,147470449,104
TIC 147470453,147470453,104
TIC 147470487,147470487,104
TIC 147470630,147470630,104
TIC 147471398,147471398,104
TIC 147471642,147471642,104
TIC 147471657,147471657,104
TIC 147471680,147471680,104
TIC 147471687,147471687,104
TIC 147500897,147500897,104
TIC 147858511,147858511,104
TIC 147863388,147863388,104
TIC 147864074,147864074,104
TIC 147868516,147868516,104
TIC 147868882,147868882,104
TIC 148191164,148191164,104
TIC 148193428,148193428,104
TIC 148197440,148197440,104
TIC 148198641,148198641,104
TIC 148199331,148199331,104
TIC 148523192,148523192,104
TIC 148523193,148523193,104
TIC 148538298,148538298,104
TIC 148538970,148538970,104
TIC 148862763,148862763,104
TIC 149544289,149544289,104
TIC 149863849,149863849,104
TIC 149865837,149865837,104
TIC 149879070,149879070,104
TIC 150204569,150204569,104
TIC 150531994,150531994,104
TIC 150542225,150542225,104
TIC 150542444,150542444,104
TIC 150547637,150547637,104
TIC 150863454,150863454,104
TIC 151867242,151867242,104
TIC 151879983,151879983,104
TIC 152252448,152252448,104
TIC 152252450,152252450,104
TIC 152255314,152255314,104
TIC 152261458,152261458,104
TIC 152263387,152263387,104
TIC 152264464,152264464,104
TIC 152265254,152265254,104
TIC 152287308,152287308,104
TIC 152356754,152356754,104
TIC 152356758,152356758,104
TIC 152356883,152356883,104
TIC 152358965,152358965,104
TIC 152358997,152358997,104
TIC 152359002,152359002,104
TIC 152359134,152359134,104
TIC 152360195,152360195,104
TIC 152360223,152360223,104
TIC 152636708,152636708,104
TIC 152639392,152639392,104
TIC 153761314,153761314,104
TIC 153770205,153770205,104
TIC 153770627,153770627,104
TIC 155895344,155895344,104
TIC 155966803,155966803,104
TIC 155968491,155968491,104
TIC 156077438,156077438,104
TIC 158059093,158059093,104
TIC 158060053,158060053,104
TIC 158060596,158060596,104
TIC 158063303,158063303,104
TIC 158063305,158063305,104
TIC 158063848,158063848,104
TIC 158097763,158097763,104
TIC 158160888,158160888,104
TIC 158207063,158207063,104
TIC 158232148,158232148,104
TIC 158234369,158234369,104
TIC 158442598,158442598,104
TIC 158443731,158443731,104
TIC 158512709,158512709,104
TIC 158623009,158623009,104
TIC 160033300,160033300,104
TIC 160188533,160188533,104
TIC 160619500,160619500,104
TIC 160620114,160620114,104
TIC 160658714,160658714,104
TIC 160658722,160658722,104
TIC 160662807,160662807,104
TIC 160714507,160714507,104
TIC 160720760,160720760,104
TIC 160726370,160726370,104
TIC 160789600,160789600,104
TIC 160791398,160791398,104
TIC 160791863,160791863,104
TIC 160791902,160791902,104
TIC 160797304,160797304,104
TIC 160798439,160798439,104
TIC 160800330,160800330,104
TIC 160800339,160800339,104
TIC 160846570,160846570,104
TIC 160930264,160930264,104
TIC 160933832,160933832,104
TIC 160989874,160989874,104
TIC 160991022,160991022,104
TIC 160991902,160991902,104
TIC 160995635,160995635,104
TIC 161030002,161030002,104
TIC 161031241,161031241,104
TIC 161032402,161032402,104
TIC 161032968,161032968,104
TIC 161034287,161034287,104
TIC 161039891,161039891,104
TIC 161039892,161039892,104
TIC 161075532,161075532,104
TIC 161076254,161076254,104
TIC 161136212,161136212,104
TIC 161168701,161168701,104
TIC 161171249,161171249,104
TIC 161221747,161221747,104
TIC 161222976,161222976,104
TIC 161223769,161223769,104
TIC 161267354,161267354,104
TIC 161268891,161268891,104
TIC 161315221,161315221,104
TIC 161404389,161404389,104
TIC 165124046,165124046,104
TIC 165144594,165144594,104
TIC 165881566,165881566,104
TIC 165886263,165886263,104
TIC 165886475,165886475,104
TIC 166220685,166220685,104
TIC 166283802,166283802,104
TIC 166344990,166344990,104
TIC 166425461,166425461,104
TIC 166548685,166548685,104
TIC 166657827,166657827,104
TIC 166711354,166711354,104
TIC 166766868,166766868,104
TIC 166787509,166787509,104
TIC 172394709,172394709,104
TIC 172398707,172398707,104
TIC 172720868,172720868,104
TIC 173318360,173318360,104
TIC 173503534,173503534,104
TIC 173546847,173546847,104
TIC 173805493,173805493,104
TIC 174074977,174074977,104
TIC 174129659,174129659,104
TIC 174297272,174297272,104
TIC 175491179,175491179,104
TIC 175516485,175516485,104
TIC 175517702,175517702,104
TIC 175532059,175532059,104
TIC 175534147,175534147,104
TIC 179824379,179824379,104
TIC 180145087,180145087,104
TIC 180444482,180444482,104
TIC 180723732,180723732,104
TIC 180724338,180724338,104
TIC 180999156,180999156,104
TIC 181164331,181164331,104
TIC 181344951,181344951,104
TIC 181794086,181794086,104
TIC 181798835,181798835,104
TIC 182013609,182013609,104
TIC 182014064,182014064,104
TIC 182229791,182229791,104
TIC 182229792,182229792,104
TIC 182230190,182230190,104
TIC 182230339,182230339,104
TIC 182236171,182236171,104
TIC 182449982,182449982,104
TIC 182451243,182451243,104
TIC 182451522,182451522,104
TIC 182455692,182455692,104
TIC 182456927,182456927,104
TIC 182645572,182645572,104
TIC 182899052,182899052,104
TIC 182900326,182900326,104
TIC 182903001,182903001,104
TIC 183072749,183072749,104
TIC 183563027,183563027,104
TIC 183594234,183594234,104
TIC 183595451,183595451,104
TIC 183596451,183596451,104
TIC 183597477,183597477,104
TIC 190768520,190768520,104
TIC 192626519,192626519,104
TIC 192635573,192635573,104
TIC 192642951,192642951,104
TIC 193782529,193782529,104
TIC 193789067,193789067,104
TIC 193791695,193791695,104
TIC 193793031,193793031,104
TIC 193831684,193831684,104
TIC 194177942,194177942,104
TIC 194263389,194263389,104
TIC 194337855,194337855,104
TIC 194339842,194339842,104
TIC 194653638,194653638,104
TIC 194717303,194717303,104
TIC 194724413,194724413,104
TIC 194795551,194795551,104
TIC 195163513,195163513,104
TIC 195170680,195170680,104
TIC 195173280,195173280,104
TIC 195175225,195175225,104
TIC 196372628,196372628,104
TIC 196853268,196853268,104
TIC 196855061,196855061,104
TIC 197054642,197054642,104
TIC 197055401,197055401,104
TIC 197056673,197056673,104
TIC 197667960,197667960,104
TIC 197848365,197848365,104
TIC 197857091,197857091,104
TIC 197961755,197961755,104
TIC 197981084,197981084,104
TIC 199328220,199328220,104
TIC 199734909,199734909,104
TIC 199736830,199736830,104
TIC 200137194,200137194,104
TIC 200175564,200175564,104
TIC 200176410,200176410,104
TIC 200179200,200179200,104
TIC 200179607,200179607,104
TIC 200205730,200205730,104
TIC 200208658,200208658,104
TIC 200209039,200209039,104
TIC 200209193,200209193,104
TIC 200212840,200212840,104
TIC 200226408,200226408,104
TIC 201235367,201235367,104
TIC 201251108,201251108,104
TIC 201291646,201291646,104
TIC 201292358,201292358,104
TIC 201306296,201306296,104
TIC 201307948,201307948,104
TIC 201532491,201532491,104
TIC 201562008,201562008,104
TIC 201598451,201598451,104
TIC 201604172,201604172,104
TIC 201641317,201641317,104
TIC 201658043,201658043,104
TIC 201659266,201659266,104
TIC 201660132,201660132,104
TIC 201747686,201747686,104
TIC 201940917,201940917,104
TIC 202205818,202205818,104
TIC 206309953,206309953,104
TIC 206352088,206352088,104
TIC 206356369,206356369,104
TIC 206362230,206362230,104
TIC 206503295,206503295,104
TIC 206540906,206540906,104
TIC 206564073,206564073,104
TIC 206593041,206593041,104
TIC 206598072,206598072,104
TIC 206598073,206598073,104
TIC 206606947,206606947,104
TIC 206610657,206610657,104
TIC 206652634,206652634,104
TIC 211699974,211699974,104
TIC 211938703,211938703,104
TIC 212017682,212017682,104
TIC 212130235,212130235,104
TIC 212170127,212170127,104
TIC 212210026,212210026,104
TIC 212223698,212223698,104
TIC 212284045,212284045,104
TIC 212309075,212309075,104
TIC 212374024,212374024,104
TIC 212456724,212456724,104
TIC 212456750,212456750,104
TIC 212461524,212461524,104
TIC 212461975,212461975,104
TIC 212524806,212524806,104
TIC 212642258,212642258,104
TIC 212648734,212648734,104
TIC 212649145,212649145,104
TIC 212656036,212656036,104
TIC 212697670,212697670,104
TIC 212702171,212702171,104
TIC 212801572,212801572,104
TIC 212804895,212804895,104
TIC 212883876,212883876,104
TIC 213022253,213022253,104
TIC 213159268,213159268,104
TIC 213159274,213159274,104
TIC 213159584,213159584,104
TIC 213159592,213159592,104
TIC 213205807,213205807,104
TIC 213207249,213207249,104
TIC 213447440,213447440,104
TIC 213467217,213467217,104
TIC 213471387,213471387,104
TIC 213475170,213475170,104
TIC 213476914,213476914,104
TIC 213479321,213479321,104
TIC 213588793,213588793,104
TIC 213661838,213661838,104
TIC 213689176,213689176,104
TIC 213695862,213695862,104
TIC 213700136,213700136,104
TIC 213718250,213718250,104
TIC 213763871,213763871,104
TIC 213771464,213771464,104
TIC 213824217,213824217,104
TIC 213922986,213922986,104
TIC 213932220,213932220,104
TIC 214013048,214013048,104
TIC 214021562,214021562,104
TIC 214053385,214053385,104
TIC 214069544,214069544,104
TIC 214130349,214130349,104
TIC 214130353,214130353,104
TIC 214141852,214141852,104
TIC 214214986,214214986,104
TIC 214222359,214222359,104
TIC 214243935,214243935,104
TIC 214287288,214287288,104
TIC 214297945,214297945,104
TIC 214313906,214313906,104
TIC 214359067,214359067,104
TIC 214373675,214373675,104
TIC 214418959,214418959,104
TIC 214433454,214433454,104
TIC 214437500,214437500,104
TIC 214523423,214523423,104
TIC 214530737,214530737,104
TIC 215256886,215256886,104
TIC 215256911,215256911,104
TIC 215256915,215256915,104
TIC 215256926,215256926,104
TIC 215256938,215256938,104
TIC 215256975,215256975,104
TIC 215257938,215257938,104
TIC 215257947,215257947,104
TIC 215257971,215257971,104
TIC 215257981,215257981,104
TIC 215257984,215257984,104
TIC 215257994,215257994,104
TIC 215258002,215258002,104
TIC 215258041,215258041,104
TIC 215335092,215335092,104
TIC 215335097,215335097,104
TIC 215335174,215335174,104
TIC 215335193,215335193,104
TIC 215335201,215335201,104
TIC 215335210,215335210,104
TIC 215336211,215336211,104
TIC 215402688,215402688,104
TIC 215402710,215402710,104
TIC 215402720,215402720,104
TIC 215403742,215403742,104
TIC 215403788,215403788,104
TIC 215403819,215403819,104
TIC 215403823,215403823,104
TIC 215403829,215403829,104
TIC 216143570,216143570,104
TIC 216147935,216147935,104
TIC 216216319,216216319,104
TIC 216257126,216257126,104
TIC 216260127,216260127,104
TIC 216280985,216280985,104
TIC 216288777,216288777,104
TIC 216298415,216298415,104
TIC 216303966,216303966,104
TIC 216379781,216379781,104
TIC 216403152,216403152,104
TIC 216411514,216411514,104
TIC 216475235,216475235,104
TIC 216479558,216479558,104
TIC 216505064,216505064,104
TIC 216508492,216508492,104
TIC 216517235,216517235,104
TIC 216518804,216518804,104
TIC 216653768,216653768,104
TIC 216655307,216655307,104
TIC 216662610,216662610,104
TIC 216703100,216703100,104
TIC 216875138,216875138,104
TIC 216904777,216904777,104
TIC 216920098,216920098,104
TIC 216961037,216961037,104
TIC 216961826,216961826,104
TIC 216966775,216966775,104
TIC 216967625,216967625,104
TIC 216969137,216969137,104
TIC 216969561,216969561,104
TIC 217028370,217028370,104
TIC 217030393,217030393,104
TIC 217056352,217056352,104
TIC 217059262,217059262,104
TIC 217059901,217059901,104
TIC 217064573,217064573,104
TIC 217107421,217107421,104
TIC 217134952,217134952,104
TIC 217139649,217139649,104
TIC 217148867,217148867,104
TIC 217148938,217148938,104
TIC 217148939,217148939,104
TIC 217163879,217163879,104
TIC 217180395,217180395,104
TIC 217182293,217182293,104
TIC 217209368,217209368,104
TIC 217256996,217256996,104
TIC 217265464,217265464,104
TIC 217284738,217284738,104
TIC 217294226,217294226,104
TIC 217298578,217298578,104
TIC 217299376,217299376,104
TIC 217304267,217304267,104
TIC 217304295,217304295,104
TIC 217347247,217347247,104
TIC 217387089,217387089,104
TIC 217388741,217388741,104
TIC 217396496,217396496,104
TIC 217402107,217402107,104
TIC 217409794,217409794,104
TIC 217418381,217418381,104
TIC 217465933,217465933,104
TIC 217548381,217548381,104
TIC 217548477,217548477,104
TIC 217549035,217549035,104
TIC 217556650,217556650,104
TIC 217573000,217573000,104
TIC 217574795,217574795,104
TIC 217581961,217581961,104
TIC 217597046,217597046,104
TIC 217601563,217601563,104
TIC 217602397,217602397,104
TIC 217645461,217645461,104
TIC 217686602,217686602,104
TIC 217708000,217708000,104
TIC 217746915,217746915,104
TIC 217747017,217747017,104
TIC 217754401,217754401,104
TIC 217774047,217774047,104
TIC 217774492,217774492,104
TIC 217779593,217779593,104
TIC 217796485,217796485,104
TIC 217806259,217806259,104
TIC 217838971,217838971,104
TIC 217840181,217840181,104
TIC 217844299,217844299,104
TIC 217864703,217864703,104
TIC 217878118,217878118,104
TIC 217889520,217889520,104
TIC 217896506,217896506,104
TIC 217924270,217924270,104
TIC 217933560,217933560,104
TIC 217957687,217957687,104
TIC 217960652,217960652,104
TIC 217960854,217960854,104
TIC 217964681,217964681,104
TIC 217986519,217986519,104
TIC 217991605,217991605,104
TIC 217997638,217997638,104
TIC 217997850,217997850,104
TIC 218025744,218025744,104
TIC 218039014,218039014,104
TIC 218053233,218053233,104
TIC 218053272,218053272,104
TIC 218094872,218094872,104
TIC 218138141,218138141,104
TIC 218149949,218149949,104
TIC 218175505,218175505,104
TIC 218184187,218184187,104
TIC 218184829,218184829,104
TIC 218235600,218235600,104
TIC 218237682,218237682,104
TIC 218250116,218250116,104
TIC 218255967,218255967,104
TIC 218256129,218256129,104
TIC 218269686,218269686,104
TIC 218269694,218269694,104
TIC 218275564,218275564,104
TIC 218340970,218340970,104
TIC 218350529,218350529,104
TIC 218352152,218352152,104
TIC 218373634,218373634,104
TIC 218462469,218462469,104
TIC 218483943,218483943,104
TIC 218556624,218556624,104
TIC 218564869,218564869,104
TIC 218577487,218577487,104
TIC 218578517,218578517,104
TIC 218584809,218584809,104
TIC 218585950,218585950,104
TIC 218586391,218586391,104
TIC 218588358,218588358,104
TIC 218590333,218590333,104
TIC 218628437,218628437,104
TIC 218632061,218632061,104
TIC 218640452,218640452,104
TIC 218643719,218643719,104
TIC 218644003,218644003,104
TIC 218652453,218652453,104
TIC 218658640,218658640,104
TIC 218687058,218687058,104
TIC 218699480,218699480,104
TIC 218700582,218700582,104
TIC 218739454,218739454,104
TIC 218744264,218744264,104
TIC 218753212,218753212,104
TIC 218759667,218759667,104
TIC 218759674,218759674,104
TIC 218761372,218761372,104
TIC 218766019,218766019,104
TIC 218769204,218769204,104
TIC 218772214,218772214,104
TIC 218777249,218777249,104
TIC 218780737,218780737,104
TIC 218787918,218787918,104
TIC 218787924,218787924,104
TIC 218809601,218809601,104
TIC 218820355,218820355,104
TIC 218847461,218847461,104
TIC 218858579,218858579,104
TIC 219137956,219137956,104
TIC 219139605,219139605,104
TIC 219141480,219141480,104
TIC 219284403,219284403,104
TIC 219328635,219328635,104
TIC 219338464,219338464,104
TIC 219338616,219338616,104
TIC 219922969,219922969,104
TIC 219930291,219930291,104
TIC 219933032,219933032,104
TIC 219935463,219935463,104
TIC 219938265,219938265,104
TIC 219938267,219938267,104
TIC 219946985,219946985,104
TIC 219962911,219962911,104
TIC 219964714,219964714,104
TIC 219986286,219986286,104
TIC 220378532,220378532,104
TIC 220488137,220488137,104
TIC 220489704,220489704,104
TIC 220501831,220501831,104
TIC 229096307,229096307,104
TIC 229105380,229105380,104
TIC 230950888,230950888,104
TIC 230954760,230954760,104
TIC 230955191,230955191,104
TIC 230956771,230956771,104
TIC 230961614,230961614,104
TIC 230971103,230971103,104
TIC 230974983,230974983,104
TIC 230974986,230974986,104
TIC 230982906,230982906,104
TIC 231006294,231006294,104
TIC 231013219,231013219,104
TIC 231013287,231013287,104
TIC 231017535,231017535,104
TIC 231021171,231021171,104
TIC 231038788,231038788,104
TIC 231043642,231043642,104
TIC 231043644,231043644,104
TIC 231269678,231269678,104
TIC 231627804,231627804,104
TIC 231635268,231635268,104
TIC 231826261,231826261,104
TIC 231831913,231831913,104
TIC 231831914,231831914,104
TIC 231867117,231867117,104
TIC 231888176,231888176,104
TIC 231892800,231892800,104
TIC 231902212,231902212,104
TIC 231978028,231978028,104
TIC 232064183,232064183,104
TIC 232760565,232760565,104
TIC 232860091,232860091,104
TIC 232864710,232864710,104
TIC 233662329,233662329,104
TIC 233768090,233768090,104
TIC 234282350,234282350,104
TIC 234285843,234285843,104
TIC 234292783,234292783,104
TIC 234422343,234422343,104
TIC 234427178,234427178,104
TIC 234509975,234509975,104
TIC 234523773,234523773,104
TIC 234523931,234523931,104
TIC 234529160,234529160,104
TIC 234634402,234634402,104
TIC 234988991,234988991,104
TIC 234998454,234998454,104
TIC 235005571,235005571,104
TIC 235012429,235012429,104
TIC 235041061,235041061,104
TIC 236177379,236177379,104
TIC 236291188,236291188,104
TIC 236301017,236301017,104
TIC 236403832,236403832,104
TIC 236414100,236414100,104
TIC 236505994,236505994,104
TIC 237049957,237049957,104
TIC 237172742,237172742,104
TIC 237328292,237328292,104
TIC 237339739,237339739,104
TIC 237883372,237883372,104
TIC 238813187,238813187,104
TIC 238813912,238813912,104
TIC 238817606,238817606,104
TIC 238817935,238817935,104
TIC 238829605,238829605,104
TIC 238830131,238830131,104
TIC 238853963,238853963,104
TIC 245522728,245522728,104
TIC 245562542,245562542,104
TIC 245779952,245779952,104
TIC 245849815,245849815,104
TIC 246017151,246017151,104
TIC 246019713,246019713,104
TIC 246025351,246025351,104
TIC 246058802,246058802,104
TIC 246097860,246097860,104
TIC 246109497,246109497,104
TIC 246127974,246127974,104
TIC 246146851,246146851,104
TIC 246189807,246189807,104
TIC 246205643,246205643,104
TIC 246207021,246207021,104
TIC 246212215,246212215,104
TIC 246219940,246219940,104
TIC 246220347,246220347,104
TIC 246250271,246250271,104
TIC 246250966,246250966,104
TIC 246254097,246254097,104
TIC 246256787,246256787,104
TIC 246263219,246263219,104
TIC 246289106,246289106,104
TIC 246322977,246322977,104
TIC 246326006,246326006,104
TIC 246329173,246329173,104
TIC 246367307,246367307,104
TIC 246403601,246403601,104
TIC 246406537,246406537,104
TIC 246406902,246406902,104
TIC 246417791,246417791,104
TIC 246429919,246429919,104
TIC 246444228,246444228,104
TIC 246445115,246445115,104
TIC 246448870,246448870,104
TIC 246460056,246460056,104
TIC 246478186,246478186,104
TIC 246482631,246482631,104
TIC 246483409,246483409,104
TIC 246484236,246484236,104
TIC 246494942,246494942,104
TIC 246525127,246525127,104
TIC 246530595,246530595,104
TIC 246532820,246532820,104
TIC 246538221,246538221,104
TIC 246571292,246571292,104
TIC 246601547,246601547,104
TIC 246608950,246608950,104
TIC 246610015,246610015,104
TIC 246615676,246615676,104
TIC 246647528,246647528,104
TIC 246648130,246648130,104
TIC 246650666,246650666,104
TIC 246657189,246657189,104
TIC 246679337,246679337,104
TIC 246681645,246681645,104
TIC 246692619,246692619,104
TIC 246692621,246692621,104
TIC 246726141,246726141,104
TIC 246726188,246726188,104
TIC 246726190,246726190,104
TIC 246729511,246729511,104
TIC 246731120,246731120,104
TIC 246742598,246742598,104
TIC 246745292,246745292,104
TIC 246748766,246748766,104
TIC 246751045,246751045,104
TIC 246753441,246753441,104
TIC 246777498,246777498,104
TIC 246793042,246793042,104
TIC 246799164,246799164,104
TIC 246799507,246799507,104
TIC 246799701,246799701,104
TIC 246801091,246801091,104
TIC 246802048,246802048,104
TIC 246802049,246802049,104
TIC 246812036,246812036,104
TIC 246812766,246812766,104
TIC 246812769,246812769,104
TIC 246819270,246819270,104
TIC 247349511,247349511,104
TIC 247379034,247379034,104
TIC 247487967,247487967,104
TIC 247776811,247776811,104
TIC 247779666,247779666,104
TIC 248005791,248005791,104
TIC 248007322,248007322,104
TIC 248010657,248010657,104
TIC 248250955,248250955,104
TIC 248255151,248255151,104
TIC 248275346,248275346,104
TIC 248285521,248285521,104
TIC 248323689,248323689,104
TIC 253554030,253554030,104
TIC 253561362,253561362,104
TIC 253576722,253576722,104
TIC 253577328,253577328,104
TIC 253584213,253584213,104
TIC 253588489,253588489,104
TIC 253590051,253590051,104
TIC 253598792,253598792,104
TIC 253617029,253617029,104
TIC 253618580,253618580,104
TIC 253618686,253618686,104
TIC 253629885,253629885,104
TIC 253630444,253630444,104
TIC 253630577,253630577,104
TIC 253630597,253630597,104
TIC 253631843,253631843,104
TIC 253637358,253637358,104
TIC 253641758,253641758,104
TIC 253642802,253642802,104
TIC 253643130,253643130,104
TIC 253647694,253647694,104
TIC 253649496,253649496,104
TIC 253650056,253650056,104
TIC 253656953,253656953,104
TIC 253657262,253657262,104
TIC 253657697,253657697,104
TIC 253657883,253657883,104
TIC 253663515,253663515,104
TIC 253663906,253663906,104
TIC 253669393,253669393,104
TIC 253676019,253676019,104
TIC 253690076,253690076,104
TIC 253697087,253697087,104
TIC 253708079,253708079,104
TIC 253715137,253715137,104
TIC 253721744,253721744,104
TIC 253737681,253737681,104
TIC 253741367,253741367,104
TIC 253741984,253741984,104
TIC 253743135,253743135,104
TIC 253747919,253747919,104
TIC 253762492,253762492,104
TIC 253762601,253762601,104
TIC 253762662,253762662,104
TIC 253763028,253763028,104
TIC 253771709,253771709,104
TIC 253773734,253773734,104
TIC 253773959,253773959,104
TIC 253776485,253776485,104
TIC 253787517,253787517,104
TIC 253787820,253787820,104
TIC 253788096,253788096,104
TIC 253794194,253794194,104
TIC 253794282,253794282,104
TIC 253794531,253794531,104
TIC 253800695,253800695,104
TIC 253806042,253806042,104
TIC 253806672,253806672,104
TIC 253806858,253806858,104
TIC 253807046,253807046,104
TIC 253807090,253807090,104
TIC 253826904,253826904,104
TIC 253844234,253844234,104
TIC 253844310,253844310,104
TIC 253850489,253850489,104
TIC 253857443,253857443,104
TIC 253860710,253860710,104
TIC 253876957,253876957,104
TIC 253906680,253906680,104
TIC 253906975,253906975,104
TIC 253965605,253965605,104
TIC 254015508,254015508,104
TIC 254019519,254019519,104
TIC 254055923,254055923,104
TIC 254087454,254087454,104
TIC 254096045,254096045,104
TIC 254110926,254110926,104
TIC 254113112,254113112,104
TIC 254113637,254113637,104
TIC 254119000,254119000,104
TIC 254119103,254119103,104
TIC 254119296,254119296,104
TIC 254137532,254137532,104
TIC 254141676,254141676,104
TIC 254160634,254160634,104
TIC 254174834,254174834,104
TIC 254191045,254191045,104
TIC 254191317,254191317,104
TIC 254193950,254193950,104
TIC 254272823,254272823,104
TIC 255716800,255716800,104
TIC 255717594,255717594,104
TIC 255762488,255762488,104
TIC 255767214,255767214,104
TIC 255767366,255767366,104
TIC 257415989,257415989,104
TIC 259720128,259720128,104
TIC 259787140,259787140,104
TIC 259938968,259938968,104
TIC 260464118,260464118,104
TIC 260749816,260749816,104
TIC 260796051,260796051,104
TIC 260806207,260806207,104
TIC 260806343,260806343,104
TIC 260809272,260809272,104
TIC 260817968,260817968,104
TIC 260819364,260819364,104
TIC 260908898,260908898,104
TIC 261039759,261039759,104
TIC 261042843,261042843,104
TIC 261050369,261050369,104
TIC 261051849,261051849,104
TIC 261056133,261056133,104
TIC 261182613,261182613,104
TIC 261183592,261183592,104
TIC 261241287,261241287,104
TIC 261279756,261279756,104
TIC 261368382,261368382,104
TIC 261447382,261447382,104
TIC 261523668,261523668,104
TIC 261549125,261549125,104
TIC 261549583,261549583,104
TIC 262067458,262067458,104
TIC 262071875,262071875,104
TIC 262071894,262071894,104
TIC 262072647,262072647,104
TIC 262217090,262217090,104
TIC 262335479,262335479,104
TIC 262335683,262335683,104
TIC 262336492,262336492,104
TIC 262339603,262339603,104
TIC 262817120,262817120,104
TIC 263264755,263264755,104
TIC 263285252,263285252,104
TIC 263431099,263431099,104
TIC 263978430,263978430,104
TIC 264123917,264123917,104
TIC 264278863,264278863,104
TIC 264285565,264285565,104
TIC 264291622,264291622,104
TIC 264487771,264487771,104
TIC 264501113,264501113,104
TIC 265213372,265213372,104
TIC 265213428,265213428,104
TIC 265283959,265283959,104
TIC 265372128,265372128,104
TIC 265424097,265424097,104
TIC 265523214,265523214,104
TIC 265589908,265589908,104
TIC 266529119,266529119,104
TIC 267023400,267023400,104
TIC 267023429,267023429,104
TIC 267082507,267082507,104
TIC 267317701,267317701,104
TIC 267317770,267317770,104
TIC 269224522,269224522,104
TIC 271491794,271491794,104
TIC 272771082,272771082,104
TIC 277684343,277684343,104
TIC 277690600,277690600,104
TIC 277836365,277836365,104
TIC 277873174,277873174,104
TIC 278658834,278658834,104
TIC 278661386,278661386,104
TIC 280794244,280794244,104
TIC 281597280,281597280,104
TIC 281703615,281703615,104
TIC 291319775,291319775,104
TIC 291323158,291323158,104
TIC 291329297,291329297,104
TIC 291824205,291824205,104
TIC 291826046,291826046,104
TIC 291826240,291826240,104
TIC 291826658,291826658,104
TIC 291829351,291829351,104
TIC 291892631,291892631,104
TIC 291895853,291895853,104
TIC 291897342,291897342,104
TIC 292121082,292121082,104
TIC 292124942,292124942,104
TIC 292214881,292214881,104
TIC 292414863,292414863,104
TIC 293482088,293482088,104
TIC 293482385,293482385,104
TIC 293482838,293482838,104
TIC 301020424,301020424,104
TIC 303012562,303012562,104
TIC 303145762,303145762,104
TIC 303259852,303259852,104
TIC 303262875,303262875,104
TIC 303265409,303265409,104
TIC 303375939,303375939,104
TIC 303375968,303375968,104
TIC 303376278,303376278,104
TIC 303465173,303465173,104
TIC 303616017,303616017,104
TIC 303616951,303616951,104
TIC 303618931,303618931,104
TIC 303696309,303696309,104
TIC 303841214,303841214,104
TIC 303842820,303842820,104
TIC 303844381,303844381,104
TIC 303918935,303918935,104
TIC 303921057,303921057,104
TIC 304061823,304061823,104
TIC 304068024,304068024,104
TIC 304123656,304123656,104
TIC 304196197,304196197,104
TIC 304369934,304369934,104
TIC 304370037,304370037,104
TIC 304453050,304453050,104
TIC 304541443,304541443,104
TIC 304541971,304541971,104
TIC 304542163,304542163,104
TIC 304616688,304616688,104
TIC 304700448,304700448,104
TIC 304701576,304701576,104
TIC 304703753,304703753,104
TIC 304708035,304708035,104
TIC 304709603,304709603,104
TIC 304770382,304770382,104
TIC 304855138,304855138,104
TIC 304932098,304932098,104
TIC 304932101,304932101,104
TIC 304937184,304937184,104
TIC 304989645,304989645,104
TIC 305063804,305063804,104
TIC 305068061,305068061,104
TIC 305068062,305068062,104
TIC 305069904,305069904,104
TIC 305139211,305139211,104
TIC 305937755,305937755,104
TIC 306100098,306100098,104
TIC 306100488,306100488,104
TIC 306101698,306101698,104
TIC 306453112,306453112,104
TIC 306453946,306453946,104
TIC 306454551,306454551,104
TIC 306526565,306526565,104
TIC 306527710,306527710,104
TIC 306638787,306638787,104
TIC 306731506,306731506,104
TIC 306784997,306784997,104
TIC 306888010,306888010,104
TIC 306891694,306891694,104
TIC 307233672,307233672,104
TIC 307324166,307324166,104
TIC 307328311,307328311,104
TIC 308225642,308225642,104
TIC 308225697,308225697,104
TIC 308225736,308225736,104
TIC 308226155,308226155,104
TIC 308226213,308226213,104
TIC 308226293,308226293,104
TIC 308226568,308226568,104
TIC 308226790,308226790,104
TIC 308226822,308226822,104
TIC 308226905,308226905,104
TIC 308227678,308227678,104
TIC 308227701,308227701,104
TIC 308227733,308227733,104
TIC 308240938,308240938,104
TIC 308240966,308240966,104
TIC 308241278,308241278,104
TIC 308241647,308241647,104
TIC 308241680,308241680,104
TIC 308241762,308241762,104
TIC 308241775,308241775,104
TIC 308241801,308241801,104
TIC 308241835,308241835,104
TIC 312265741,312265741,104
TIC 312267935,312267935,104
TIC 312268273,312268273,104
TIC 312268349,312268349,104
TIC 312269776,312269776,104
TIC 312274666,312274666,104
TIC 312383190,312383190,104
TIC 312386811,312386811,104
TIC 312389813,312389813,104
TIC 312533179,312533179,104
TIC 312537446,312537446,104
TIC 312641688,312641688,104
TIC 312768802,312768802,104
TIC 312774555,312774555,104
TIC 312992439,312992439,104
TIC 312992806,312992806,104
TIC 312997619,312997619,104
TIC 312998047,312998047,104
TIC 312998050,312998050,104
TIC 313002372,313002372,104
TIC 313002869,313002869,104
TIC 313125844,313125844,104
TIC 313249030,313249030,104
TIC 313259171,313259171,104
TIC 313343773,313343773,104
TIC 313347413,313347413,104
TIC 313349148,313349148,104
TIC 313350414,313350414,104
TIC 313353825,313353825,104
TIC 313470893,313470893,104
TIC 313477209,313477209,104
TIC 313480070,313480070,104
TIC 313480585,313480585,104
TIC 313481832,313481832,104
TIC 313595057,313595057,104
TIC 313597293,313597293,104
TIC 313600979,313600979,104
TIC 313714471,313714471,104
TIC 313723578,313723578,104
TIC 313840900,313840900,104
TIC 313842819,313842819,104
TIC 313844823,313844823,104
TIC 313844827,313844827,104
TIC 313845878,313845878,104
TIC 313847487,313847487,104
TIC 313940604,313940604,104
TIC 313942295,313942295,104
TIC 313942325,313942325,104
TIC 313942342,313942342,104
TIC 313947471,313947471,104
TIC 313953414,313953414,104
TIC 314072496,314072496,104
TIC 314073539,314073539,104
TIC 314073957,314073957,104
TIC 314193010,314193010,104
TIC 314194494,314194494,104
TIC 314195993,314195993,104
TIC 314198938,314198938,104
TIC 314323567,314323567,104
TIC 314324611,314324611,104
TIC 314325690,314325690,104
TIC 314429339,314429339,104
TIC 314438928,314438928,104
TIC 314440245,314440245,104
TIC 314440582,314440582,104
TIC 314557634,314557634,104
TIC 314559421,314559421,104
TIC 314566687,314566687,104
TIC 314663190,314663190,104
TIC 314670962,314670962,104
TIC 314671211,314671211,104
TIC 314676469,314676469,104
TIC 314680073,314680073,104
TIC 314808562,314808562,104
TIC 314812631,314812631,104
TIC 314812869,314812869,104
TIC 314813732,314813732,104
TIC 314937398,314937398,104
TIC 314939298,314939298,104
TIC 314940056,314940056,104
TIC 314940638,314940638,104
TIC 314941318,314941318,104
TIC 314943552,314943552,104
TIC 314944955,314944955,104
TIC 314951374,314951374,104
TIC 315078943,315078943,104
TIC 315085718,315085718,104
TIC 315086827,315086827,104
TIC 315089746,315089746,104
TIC 315091622,315091622,104
TIC 315199601,315199601,104
TIC 315277835,315277835,104
TIC 315280117,315280117,104
TIC 315392592,315392592,104
TIC 315398848,315398848,104
TIC 315398983,315398983,104
TIC 315400212,315400212,104
TIC 315539782,315539782,104
TIC 315539817,315539817,104
TIC 315545081,315545081,104
TIC 315638875,315638875,104
TIC 315652389,315652389,104
TIC 315761589,315761589,104
TIC 315767210,315767210,104
TIC 315767401,315767401,104
TIC 315771927,315771927,104
TIC 315875710,315875710,104
TIC 315875852,315875852,104
TIC 315877914,315877914,104
TIC 315967582,315967582,104
TIC 315970383,315970383,104
TIC 315974151,315974151,104
TIC 316087242,316087242,104
TIC 316090418,316090418,104
TIC 316093107,316093107,104
TIC 316216275,316216275,104
TIC 316219636,316219636,104
TIC 316340963,316340963,104
TIC 316457256,316457256,104
TIC 316467276,316467276,104
TIC 316467306,316467306,104
TIC 316475124,316475124,104
TIC 316476350,316476350,104
TIC 316788439,316788439,104
TIC 316833458,316833458,104
TIC 316969019,316969019,104
TIC 318515412,318515412,104
TIC 319570269,319570269,104
TIC 319602964,319602964,104
TIC 319602965,319602965,104
TIC 319740222,319740222,104
TIC 319763153,319763153,104
TIC 319767687,319767687,104
TIC 319871468,319871468,104
TIC 319904128,319904128,104
TIC 320053389,320053389,104
TIC 320058258,320058258,104
TIC 320089912,320089912,104
TIC 320177937,320177937,104
TIC 320263492,320263492,104
TIC 320330804,320330804,104
TIC 320354548,320354548,104
TIC 320425390,320425390,104
TIC 320427126,320427126,104
TIC 320427373,320427373,104
TIC 320427375,320427375,104
TIC 320486590,320486590,104
TIC 320661361,320661361,104
TIC 320783715,320783715,104
TIC 321043808,321043808,104
TIC 321044929,321044929,104
TIC 321053126,321053126,104
TIC 321053777,321053777,104
TIC 321055264,321055264,104
TIC 321068771,321068771,104
TIC 321068820,321068820,104
TIC 321908537,321908537,104
TIC 321980831,321980831,104
TIC 322064077,322064077,104
TIC 323646974,323646974,104
TIC 323761729,323761729,104
TIC 323763802,323763802,104
TIC 323770998,323770998,104
TIC 323800038,323800038,104
TIC 323810503,323810503,104
TIC 323859617,323859617,104
TIC 323871920,323871920,104
TIC 323875142,323875142,104
TIC 323885602,323885602,104
TIC 323984673,323984673,104
TIC 323990574,323990574,104
TIC 323995675,323995675,104
TIC 323999777,323999777,104
TIC 324009633,324009633,104
TIC 324129509,324129509,104
TIC 324134227,324134227,104
TIC 324137272,324137272,104
TIC 324140620,324140620,104
TIC 324141976,324141976,104
TIC 324143163,324143163,104
TIC 324148690,324148690,104
TIC 324150276,324150276,104
TIC 324150445,324150445,104
TIC 324150685,324150685,104
TIC 324208384,324208384,104
TIC 324209101,324209101,104
TIC 324315815,324315815,104
TIC 324437808,324437808,104
TIC 324442342,324442342,104
TIC 324496463,324496463,104
TIC 324497887,324497887,104
TIC 324499036,324499036,104
TIC 324620656,324620656,104
TIC 324749159,324749159,104
TIC 324749479,324749479,104
TIC 324749494,324749494,104
TIC 324817184,324817184,104
TIC 324822966,324822966,104
TIC 324897445,324897445,104
TIC 324933189,324933189,104
TIC 325070771,325070771,104
TIC 325097354,325097354,104
TIC 325201374,325201374,104
TIC 325205605,325205605,104
TIC 325626163,325626163,104
TIC 325628599,325628599,104
TIC 325855272,325855272,104
TIC 325864254,325864254,104
TIC 325875058,325875058,104
TIC 325875956,325875956,104
TIC 325883749,325883749,104
TIC 326015512,326015512,104
TIC 326019623,326019623,104
TIC 326124206,326124206,104
TIC 326272765,326272765,104
TIC 326272774,326272774,104
TIC 326274593,326274593,104
TIC 326277909,326277909,104
TIC 326386495,326386495,104
TIC 326386874,326386874,104
TIC 326389395,326389395,104
TIC 326414365,326414365,104
TIC 326419771,326419771,104
TIC 326521131,326521131,104
TIC 326559609,326559609,104
TIC 326560249,326560249,104
TIC 326563001,326563001,104
TIC 326566769,326566769,104
TIC 326587015,326587015,104
TIC 326593925,326593925,104
TIC 326594555,326594555,104
TIC 326595244,326595244,104
TIC 326595516,326595516,104
TIC 326599544,326599544,104
TIC 326601082,326601082,104
TIC 326685085,326685085,104
TIC 326688682,326688682,104
TIC 326770100,326770100,104
TIC 326771364,326771364,104
TIC 326826240,326826240,104
TIC 327056599,327056599,104
TIC 327070741,327070741,104
TIC 327220732,327220732,104
TIC 327221844,327221844,104
TIC 327373483,327373483,104
TIC 327382767,327382767,104
TIC 327385708,327385708,104
TIC 327386590,327386590,104
TIC 327526209,327526209,104
TIC 327530783,327530783,104
TIC 327535003,327535003,104
TIC 327597006,327597006,104
TIC 327676230,327676230,104
TIC 327681724,327681724,104
TIC 327688745,327688745,104
TIC 327724630,327724630,104
TIC 327834683,327834683,104
TIC 327850379,327850379,104
TIC 327958174,327958174,104
TIC 327965558,327965558,104
TIC 327972571,327972571,104
TIC 328139558,328139558,104
TIC 328145702,328145702,104
TIC 328150784,328150784,104
TIC 328153490,328153490,104
TIC 328157102,328157102,104
TIC 328312013,328312013,104
TIC 328312772,328312772,104
TIC 328314357,328314357,104
TIC 328459696,328459696,104
TIC 328623457,328623457,104
TIC 328778970,328778970,104
TIC 328786673,328786673,104
TIC 328796264,328796264,104
TIC 328796287,328796287,104
TIC 328797874,328797874,104
TIC 328941451,328941451,104
TIC 328943456,328943456,104
TIC 328955896,328955896,104
TIC 329099756,329099756,104
TIC 329100885,329100885,104
TIC 329106939,329106939,104
TIC 329109997,329109997,104
TIC 329113465,329113465,104
TIC 329251221,329251221,104
TIC 329253157,329253157,104
TIC 329262690,329262690,104
TIC 329267338,329267338,104
TIC 329395422,329395422,104
TIC 329401216,329401216,104
TIC 329403580,329403580,104
TIC 329572179,329572179,104
TIC 329574145,329574145,104
TIC 329583478,329583478,104
TIC 329718160,329718160,104
TIC 329718329,329718329,104
TIC 329719885,329719885,104
TIC 329728920,329728920,104
TIC 329854098,329854098,104
TIC 329855480,329855480,104
TIC 329861713,329861713,104
TIC 330018518,330018518,104
TIC 330029358,330029358,104
TIC 330163199,330163199,104
TIC 330163492,330163492,104
TIC 330163503,330163503,104
TIC 330163931,330163931,104
TIC 330337584,330337584,104
TIC 330361507,330361507,104
TIC 330511227,330511227,104
TIC 330513414,330513414,104
TIC 330516452,330516452,104
TIC 330524966,330524966,104
TIC 330525458,330525458,104
TIC 330641761,330641761,104
TIC 330645968,330645968,104
TIC 330650099,330650099,104
TIC 330652791,330652791,104
TIC 330807461,330807461,104
TIC 330808879,330808879,104
TIC 330953185,330953185,104
TIC 330957772,330957772,104
TIC 330969603,330969603,104
TIC 331128685,331128685,104
TIC 331131235,331131235,104
TIC 331131905,331131905,104
TIC 331254994,331254994,104
TIC 331257543,331257543,104
TIC 331435869,331435869,104
TIC 331442020,331442020,104
TIC 331444033,331444033,104
TIC 331584652,331584652,104
TIC 331592691,331592691,104
TIC 331597820,331597820,104
TIC 331598534,331598534,104
TIC 331677958,331677958,104
TIC 331754630,331754630,104
TIC 331756263,331756263,104
TIC 331757660,331757660,104
TIC 331760101,331760101,104
TIC 331762287,331762287,104
TIC 331889674,331889674,104
TIC 331893210,331893210,104
TIC 332027529,332027529,104
TIC 332037657,332037657,104
TIC 332043887,332043887,104
TIC 332178035,332178035,104
TIC 332190782,332190782,104
TIC 332314607,332314607,104
TIC 332316375,332316375,104
TIC 332327376,332327376,104
TIC 332445247,332445247,104
TIC 332446920,332446920,104
TIC 337108351,337108351,104
TIC 337188716,337188716,104
TIC 337199175,337199175,104
TIC 337200363,337200363,104
TIC 337276808,337276808,104
TIC 337277574,337277574,104
TIC 337281827,337281827,104
TIC 337554613,337554613,104
TIC 337554634,337554634,104
TIC 337558600,337558600,104
TIC 337559985,337559985,104
TIC 337559994,337559994,104
TIC 337563331,337563331,104
TIC 337659418,337659418,104
TIC 337661228,337661228,104
TIC 337663163,337663163,104
TIC 337669312,337669312,104
TIC 337757085,337757085,104
TIC 337757672,337757672,104
TIC 337770576,337770576,104
TIC 337872715,337872715,104
TIC 337874681,337874681,104
TIC 337879911,337879911,104
TIC 337884646,337884646,104
TIC 338006893,338006893,104
TIC 339260662,339260662,104
TIC 339398037,339398037,104
TIC 339607219,339607219,104
TIC 339659940,339659940,104
TIC 339662190,339662190,104
TIC 339663559,339663559,104
TIC 339666028,339666028,104
TIC 339667116,339667116,104
TIC 339763737,339763737,104
TIC 339764005,339764005,104
TIC 339765069,339765069,104
TIC 339825979,339825979,104
TIC 339828209,339828209,104
TIC 339832054,339832054,104
TIC 339907982,339907982,104
TIC 339917996,339917996,104
TIC 340106784,340106784,104
TIC 340106897,340106897,104
TIC 340200367,340200367,104
TIC 340202755,340202755,104
TIC 340705588,340705588,104
TIC 340705975,340705975,104
TIC 340707302,340707302,104
TIC 340707703,340707703,104
TIC 340968101,340968101,104
TIC 341004156,341004156,104
TIC 341062260,341062260,104
TIC 341076768,341076768,104
TIC 341179900,341179900,104
TIC 341181685,341181685,104
TIC 341197165,341197165,104
TIC 341230464,341230464,104
TIC 341460574,341460574,104
TIC 341461092,341461092,104
TIC 341495662,341495662,104
TIC 343896683,343896683,104
TIC 343961704,343961704,104
TIC 344585726,344585726,104
TIC 345057678,345057678,104
TIC 345083093,345083093,104
TIC 345084985,345084985,104
TIC 346518327,346518327,104
TIC 346518392,346518392,104
TIC 346531091,346531091,104
TIC 346831157,346831157,104
TIC 346950190,346950190,104
TIC 347225571,347225571,104
TIC 347385146,347385146,104
TIC 347528090,347528090,104
TIC 347775136,347775136,104
TIC 347898650,347898650,104
TIC 348695903,348695903,104
TIC 348699956,348699956,104
TIC 348860647,348860647,104
TIC 348860674,348860674,104
TIC 348980980,348980980,104
TIC 349628419,349628419,104
TIC 349635088,349635088,104
TIC 349750148,349750148,104
TIC 349751474,349751474,104
TIC 349801616,349801616,104
TIC 349801741,349801741,104
TIC 349801744,349801744,104
TIC 349803040,349803040,104
TIC 349803519,349803519,104
TIC 349804329,349804329,104
TIC 350221531,350221531,104
TIC 351231325,351231325,104
TIC 351233950,351233950,104
TIC 351248022,351248022,104
TIC 351248029,351248029,104
TIC 351248100,351248100,104
TIC 351347102,351347102,104
TIC 351471282,351471282,104
TIC 351602521,351602521,104
TIC 352400977,352400977,104
TIC 352437482,352437482,104
TIC 352480602,352480602,104
TIC 352480662,352480662,104
TIC 355271450,355271450,104
TIC 355363821,355363821,104
TIC 355446014,355446014,104
TIC 355547287,355547287,104
TIC 355688872,355688872,104
TIC 355705451,355705451,104
TIC 360226261,360226261,104
TIC 360231383,360231383,104
TIC 360329368,360329368,104
TIC 360391394,360391394,104
TIC 360392477,360392477,104
TIC 360402401,360402401,104
TIC 360608153,360608153,104
TIC 360608421,360608421,104
TIC 360610374,360610374,104
TIC 360742956,360742956,104
TIC 360805300,360805300,104
TIC 360820499,360820499,104
TIC 360916373,360916373,104
TIC 362662796,362662796,104
TIC 362664974,362664974,104
TIC 362851193,362851193,104
TIC 362851339,362851339,104
TIC 362851865,362851865,104
TIC 362852137,362852137,104
TIC 362943314,362943314,104
TIC 362945712,362945712,104
TIC 363122666,363122666,104
TIC 363231583,363231583,104
TIC 363233310,363233310,104
TIC 363404040,363404040,104
TIC 363409116,363409116,104
TIC 363794780,363794780,104
TIC 363900224,363900224,104
TIC 363985698,363985698,104
TIC 364637536,364637536,104
TIC 364637541,364637541,104
TIC 364641792,364641792,104
TIC 364644769,364644769,104
TIC 364786999,364786999,104
TIC 364788480,364788480,104
TIC 364788827,364788827,104
TIC 364789840,364789840,104
TIC 364795076,364795076,104
TIC 364797604,364797604,104
TIC 364873540,364873540,104
TIC 364880006,364880006,104
TIC 365010173,365010173,104
TIC 365082656,365082656,104
TIC 365163899,365163899,104
TIC 365164220,365164220,104
TIC 365323841,365323841,104
TIC 365363299,365363299,104
TIC 365556812,365556812,104
TIC 365560649,365560649,104
TIC 365600433,365600433,104
TIC 365606056,365606056,104
TIC 365653130,365653130,104
TIC 365656105,365656105,104
TIC 365842865,365842865,104
TIC 365898913,365898913,104
TIC 365952185,365952185,104
TIC 365960207,365960207,104
TIC 366055401,366055401,104
TIC 366953794,366953794,104
TIC 367067199,367067199,104
TIC 367067205,367067205,104
TIC 367582296,367582296,104
TIC 367985433,367985433,104
TIC 368351340,368351340,104
TIC 368462205,368462205,104
TIC 368466891,368466891,104
TIC 368467275,368467275,104
TIC 368474784,368474784,104
TIC 368474901,368474901,104
TIC 368561968,368561968,104
TIC 368646904,368646904,104
TIC 368656752,368656752,104
TIC 368741548,368741548,104
TIC 368749230,368749230,104
TIC 368763874,368763874,104
TIC 368764305,368764305,104
TIC 368854975,368854975,104
TIC 368859587,368859587,104
TIC 368866492,368866492,104
TIC 368879492,368879492,104
TIC 369002583,369002583,104
TIC 369004583,369004583,104
TIC 369004607,369004607,104
TIC 369020373,369020373,104
TIC 369020454,369020454,104
TIC 369102387,369102387,104
TIC 369110298,369110298,104
TIC 369121590,369121590,104
TIC 369176330,369176330,104
TIC 369984911,369984911,104
TIC 369984913,369984913,104
TIC 370134544,370134544,104
TIC 370231486,370231486,104
TIC 370233321,370233321,104
TIC 371877098,371877098,104
TIC 371994539,371994539,104
TIC 372040814,372040814,104
TIC 372042000,372042000,104
TIC 372067897,372067897,104
TIC 372124871,372124871,104
TIC 372172495,372172495,104
TIC 372218492,372218492,104
TIC 372218550,372218550,104
TIC 372317873,372317873,104
TIC 372442457,372442457,104
TIC 372664279,372664279,104
TIC 372980435,372980435,104
TIC 375299159,375299159,104
TIC 376072501,376072501,104
TIC 376075229,376075229,104
TIC 376076913,376076913,104
TIC 376165659,376165659,104
TIC 376630272,376630272,104
TIC 376712927,376712927,104
TIC 379291489,379291489,104
TIC 379351907,379351907,104
TIC 379464060,379464060,104
TIC 379510820,379510820,104
TIC 379575482,379575482,104
TIC 380249370,380249370,104
TIC 380326705,380326705,104
TIC 380460164,380460164,104
TIC 380540527,380540527,104
TIC 380777512,380777512,104
TIC 380779158,380779158,104
TIC 380830112,380830112,104
TIC 380866955,380866955,104
TIC 380877154,380877154,104
TIC 380914531,380914531,104
TIC 380919558,380919558,104
TIC 380986800,380986800,104
TIC 381042546,381042546,104
TIC 381042803,381042803,104
TIC 381043700,381043700,104
TIC 381052322,381052322,104
TIC 381218751,381218751,104
TIC 381331169,381331169,104
TIC 381363878,381363878,104
TIC 381462916,381462916,104
TIC 381465486,381465486,104
TIC 381529583,381529583,104
TIC 381531607,381531607,104
TIC 381531682,381531682,104
TIC 381605268,381605268,104
TIC 381662021,381662021,104
TIC 381770139,381770139,104
TIC 381796765,381796765,104
TIC 381897917,381897917,104
TIC 381903164,381903164,104
TIC 381903208,381903208,104
TIC 381920478,381920478,104
TIC 382040771,382040771,104
TIC 382235442,382235442,104
TIC 382270505,382270505,104
TIC 382312243,382312243,104
TIC 382342876,382342876,104
TIC 382365965,382365965,104
TIC 382416630,382416630,104
TIC 382426418,382426418,104
TIC 382430350,382430350,104
TIC 382433458,382433458,104
TIC 382486122,382486122,104
TIC 382487441,382487441,104
TIC 382520453,382520453,104
TIC 382520961,382520961,104
TIC 382595127,382595127,104
TIC 382600404,382600404,104
TIC 382600415,382600415,104
TIC 382600457,382600457,104
TIC 382827107,382827107,104
TIC 382914770,382914770,104
TIC 383033107,383033107,104
TIC 383036056,383036056,104
TIC 383152647,383152647,104
TIC 383154080,383154080,104
TIC 383156254,383156254,104
TIC 387109731,387109731,104
TIC 387135434,387135434,104
TIC 387222795,387222795,104
TIC 387292827,387292827,104
TIC 389021051,389021051,104
TIC 389126156,389126156,104
TIC 389176613,389176613,104
TIC 389176778,389176778,104
TIC 389176983,389176983,104
TIC 389281962,389281962,104
TIC 389514352,389514352,104
TIC 389515943,389515943,104
TIC 389518041,389518041,104
TIC 389518592,389518592,104
TIC 389574747,389574747,104
TIC 389577303,389577303,104
TIC 389645747,389645747,104
TIC 389651326,389651326,104
TIC 389652130,389652130,104
TIC 389652552,389652552,104
TIC 389677872,389677872,104
TIC 389681448,389681448,104
TIC 389681876,389681876,104
TIC 389730007,389730007,104
TIC 389730842,389730842,104
TIC 389732182,389732182,104
TIC 389733162,389733162,104
TIC 389734886,389734886,104
TIC 390081839,390081839,104
TIC 390083427,390083427,104
TIC 390147922,390147922,104
TIC 390215992,390215992,104
TIC 390217784,390217784,104
TIC 390218029,390218029,104
TIC 390218248,390218248,104
TIC 390305196,390305196,104
TIC 390305461,390305461,104
TIC 390371663,390371663,104
TIC 390371740,390371740,104
TIC 390374432,390374432,104
TIC 390378847,390378847,104
TIC 390379567,390379567,104
TIC 390382159,390382159,104
TIC 390430456,390430456,104
TIC 390432717,390432717,104
TIC 390433797,390433797,104
TIC 390438901,390438901,104
TIC 390484755,390484755,104
TIC 390487592,390487592,104
TIC 390563476,390563476,104
TIC 390648074,390648074,104
TIC 390716663,390716663,104
TIC 390716892,390716892,104
TIC 390721390,390721390,104
TIC 390776553,390776553,104
TIC 390782476,390782476,104
TIC 390817874,390817874,104
TIC 394164990,394164990,104
TIC 394166956,394166956,104
TIC 394416609,394416609,104
TIC 394520285,394520285,104
TIC 394598491,394598491,104
TIC 394632265,394632265,104
TIC 394632474,394632474,104
TIC 394632679,394632679,104
TIC 396088793,396088793,104
TIC 396122937,396122937,104
TIC 396167337,396167337,104
TIC 396172087,396172087,104
TIC 396907792,396907792,104
TIC 396908270,396908270,104
TIC 396909141,396909141,104
TIC 396910296,396910296,104
TIC 396963417,396963417,104
TIC 396967536,396967536,104
TIC 396969225,396969225,104
TIC 396969423,396969423,104
TIC 397028897,397028897,104
TIC 397040959,397040959,104
TIC 397109532,397109532,104
TIC 397165004,397165004,104
TIC 397169057,397169057,104
TIC 397245443,397245443,104
TIC 397253942,397253942,104
TIC 397318031,397318031,104
TIC 397318187,397318187,104
TIC 401839297,401839297,104
TIC 403121294,403121294,104
TIC 403124110,403124110,104
TIC 403150895,403150895,104
TIC 404005498,404005498,104
TIC 404029110,404029110,104
TIC 404034859,404034859,104
TIC 404120879,404120879,104
TIC 404217574,404217574,104
TIC 404265512,404265512,104
TIC 404560667,404560667,104
TIC 404660038,404660038,104
TIC 404660046,404660046,104
TIC 404663340,404663340,104
TIC 404664390,404664390,104
TIC 404771098,404771098,104
TIC 404771236,404771236,104
TIC 404777313,404777313,104
TIC 404778189,404778189,104
TIC 404829287,404829287,104
TIC 404830315,404830315,104
TIC 404830441,404830441,104
TIC 404834278,404834278,104
TIC 405862477,405862477,104
TIC 405867784,405867784,104
TIC 405867785,405867785,104
TIC 405923996,405923996,104
TIC 405925085,405925085,104
TIC 405926748,405926748,104
TIC 405951239,405951239,104
TIC 405951240,405951240,104
TIC 405962430,405962430,104
TIC 406017181,406017181,104
TIC 406017246,406017246,104
TIC 406019990,406019990,104
TIC 406022646,406022646,104
TIC 406094301,406094301,104
TIC 406098592,406098592,104
TIC 406115330,406115330,104
TIC 406115587,406115587,104
TIC 406166138,406166138,104
TIC 406170739,406170739,104
TIC 406236494,406236494,104
TIC 406276086,406276086,104
TIC 408784428,408784428,104
TIC 408786100,408786100,104
TIC 408793658,408793658,104
TIC 408870288,408870288,104
TIC 409246312,409246312,104
TIC 409252956,409252956,104
TIC 409327744,409327744,104
TIC 409335573,409335573,104
TIC 409336000,409336000,104
TIC 409342920,409342920,104
TIC 409421447,409421447,104
TIC 409427539,409427539,104
TIC 409643286,409643286,104
TIC 409643640,409643640,104
TIC 409797867,409797867,104
TIC 409950747,409950747,104
TIC 410034006,410034006,104
TIC 410037099,410037099,104
TIC 410058152,410058152,104
TIC 410058419,410058419,104
TIC 410072581,410072581,104
TIC 410149885,410149885,104
TIC 410153177,410153177,104
TIC 410186401,410186401,104
TIC 410211632,410211632,104
TIC 410212966,410212966,104
TIC 410278477,410278477,104
TIC 410414694,410414694,104
TIC 410414746,410414746,104
TIC 411859839,411859839,104
TIC 411865474,411865474,104
TIC 411953186,411953186,104
TIC 411980223,411980223,104
TIC 411982716,411982716,104
TIC 412051682,412051682,104
TIC 412066576,412066576,104
TIC 412410617,412410617,104
TIC 412461976,412461976,104
TIC 412462123,412462123,104
TIC 412469211,412469211,104
TIC 412565479,412565479,104
TIC 412569483,412569483,104
TIC 412666676,412666676,104
TIC 412725926,412725926,104
TIC 412769035,412769035,104
TIC 412822847,412822847,104
TIC 412823483,412823483,104
TIC 412823807,412823807,104
TIC 419542322,419542322,104
TIC 419608598,419608598,104
TIC 419635073,419635073,104
TIC 421166984,421166984,104
TIC 421289137,421289137,104
TIC 421357411,421357411,104
TIC 421358246,421358246,104
TIC 421437722,421437722,104
TIC 421944883,421944883,104
TIC 421985503,421985503,104
TIC 421986683,421986683,104
TIC 421988679,421988679,104
TIC 422004014,422004014,104
TIC 422043386,422043386,104
TIC 423178997,423178997,104
TIC 424752322,424752322,104
TIC 424792692,424792692,104
TIC 424837968,424837968,104
TIC 424850628,424850628,104
TIC 424851267,424851267,104
TIC 424851269,424851269,104
TIC 424854383,424854383,104
TIC 424876536,424876536,104
TIC 424941570,424941570,104
TIC 424943607,424943607,104
TIC 424944668,424944668,104
TIC 424944753,424944753,104
TIC 425664475,425664475,104
TIC 425665093,425665093,104
TIC 425718825,425718825,104
TIC 425759713,425759713,104
TIC 425822940,425822940,104
TIC 425938795,425938795,104
TIC 425974404,425974404,104
TIC 446522438,446522438,104
TIC 456515726,456515726,104
TIC 456517620,456517620,104
TIC 456558583,456558583,104
TIC 456563901,456563901,104
TIC 456572388,456572388,104
TIC 456572766,456572766,104
TIC 456594497,456594497,104
TIC 456595504,456595504,104
TIC 456609935,456609935,104
TIC 463534828,463534828,104
TIC 463781038,463781038,104
TIC 464126648,464126648,104
TIC 464127609,464127609,104
TIC 464131578,464131578,104
TIC 464134873,464134873,104
TIC 464139856,464139856,104
TIC 464287111,464287111,104
TIC 464317477,464317477,104
TIC 464318338,464318338,104
TIC 464342159,464342159,104
TIC 464418941,464418941,104
TIC 464420052,464420052,104
TIC 464422418,464422418,104
TIC 464450758,464450758,104
TIC 464489724,464489724,104
TIC 464515859,464515859,104
TIC 464521243,464521243,104
TIC 464526691,464526691,104
TIC 464556288,464556288,104
TIC 464560338,464560338,104
TIC 464583059,464583059,104
TIC 464594113,464594113,104
TIC 464596012,464596012,104
TIC 464622430,464622430,104
TIC 464645360,464645360,104
TIC 464984649,464984649,104
TIC 465198843,465198843,104
TIC 465487700,465487700,104
TIC 465723338,465723338,104
TIC 465754300,465754300,104
TIC 466125590,466125590,104
TIC 466131889,466131889,104
TIC 466158716,466158716,104
TIC 466169924,466169924,104
TIC 466171132,466171132,104
TIC 466177968,466177968,104
TIC 466201110,466201110,104
TIC 466222081,466222081,104
TIC 466230182,466230182,104
TIC 466231479,466231479,104
TIC 466238582,466238582,104
TIC 466271134,466271134,104
TIC 466310972,466310972,104
TIC 466660288,466660288,104
TIC 467958632,467958632,104
TIC 467970681,467970681,104
TIC 469075098,469075098,104
TIC 469075240,469075240,104
TIC 469101660,469101660,104
TIC 469102557,469102557,104
TIC 469105367,469105367,104
TIC 469111368,469111368,104
TIC 469154135,469154135,104
TIC 469235870,469235870,104
TIC 469266139,469266139,104
TIC 469315580,469315580,104
TIC 469319621,469319621,104
TIC 469319692,469319692,104
TIC 469323279,469323279,104
TIC 469323834,469323834,104
TIC 469324850,469324850,104
TIC 469355762,469355762,104
TIC 469360264,469360264,104
TIC 469366674,469366674,104
TIC 469440463,469440463,104
TIC 469447969,469447969,104
TIC 469482452,469482452,104
TIC 469482550,469482550,104
TIC 469486096,469486096,104
TIC 469505700,469505700,104
TIC 469515599,469515599,104
TIC 469518765,469518765,104
TIC 469518929,469518929,104
TIC 469557049,469557049,104
TIC 469635016,469635016,104
TIC 469638222,469638222,104
TIC 469656268,469656268,104
TIC 469656706,469656706,104
TIC 469666846,469666846,104
TIC 469669627,469669627,104
TIC 469879280,469879280,104
TIC 469881316,469881316,104
TIC 469914888,469914888,104
TIC 469946787,469946787,104
TIC 469974292,469974292,104
TIC 469979576,469979576,104
TIC 469999028,469999028,104
TIC 469999874,469999874,104
TIC 470010885,470010885,104
TIC 470028654,470028654,104
TIC 470029190,470029190,104
TIC 470029678,470029678,104
TIC 470035562,470035562,104
TIC 470146722,470146722,104
TIC 470174560,470174560,104
TIC 470182877,470182877,104
TIC 470183824,470183824,104
TIC 470190289,470190289,104
TIC 470217247,470217247,104
TIC 470221359,470221359,104
TIC 470265577,470265577,104
TIC 470289403,470289403,104
TIC 470289424,470289424,104
TIC 470329570,470329570,104
TIC 470331935,470331935,104
TIC 471012589,471012589,104
TIC 615745302,615745302,104
TIC 615761467,615761467,104
TIC 615771265,615771265,104
TIC 615808601,615808601,104
TIC 615913043,615913043,104
TIC 615922510,615922510,104
TIC 615988519,615988519,104
TIC 616002782,616002782,104
TIC 616009563,616009563,104
TIC 616014061,616014061,104
TIC 616060323,616060323,104
TIC 616074617,616074617,104
TIC 616115877,616115877,104
TIC 616126509,616126509,104
TIC 616140544,616140544,104
TIC 616199494,616199494,104
TIC 616214259,616214259,104
TIC 616220494,616220494,104
TIC 616221439,616221439,104
TIC 616221502,616221502,104
TIC 616222176,616222176,104
TIC 616224365,616224365,104
TIC 616225846,616225846,104
TIC 616226040,616226040,104
TIC 616248994,616248994,104
TIC 616258644,616258644,104
TIC 616259003,616259003,104
TIC 616263708,616263708,104
TIC 616271529,616271529,104
TIC 616288827,616288827,104
TIC 616309334,616309334,104
TIC 616309660,616309660,104
TIC 616310175,616310175,104
TIC 616310983,616310983,104
TIC 616357787,616357787,104
TIC 616358447,616358447,104
TIC 616359561,616359561,104
TIC 616360561,616360561,104
TIC 616360966,616360966,104
TIC 616362093,616362093,104
TIC 616362127,616362127,104
TIC 616362739,616362739,104
TIC 616363176,616363176,104
TIC 616363807,616363807,104
TIC 616365762,616365762,104
TIC 616370913,616370913,104
TIC 616377126,616377126,104
TIC 616387582,616387582,104
TIC 616388633,616388633,104
TIC 616388993,616388993,104
TIC 616389480,616389480,104
TIC 616390183,616390183,104
TIC 616390575,616390575,104
TIC 616390643,616390643,104
TIC 616391052,616391052,104
TIC 616393187,616393187,104
TIC 616395191,616395191,104
TIC 616397280,616397280,104
TIC 616397372,616397372,104
TIC 616398483,616398483,104
TIC 616399235,616399235,104
TIC 616399787,616399787,104
TIC 616400506,616400506,104
TIC 616402989,616402989,104
TIC 616404617,616404617,104
TIC 616405203,616405203,104
TIC 616405477,616405477,104
TIC 616408053,616408053,104
TIC 616408582,616408582,104
TIC 616410734,616410734,104
TIC 616517820,616517820,104
TIC 616519732,616519732,104
TIC 616520446,616520446,104
TIC 616521216,616521216,104
TIC 616522068,616522068,104
TIC 616524536,616524536,104
TIC 616528135,616528135,104
TIC 616528454,616528454,104
TIC 616528720,616528720,104
TIC 616530372,616530372,104
TIC 616530544,616530544,104
TIC 616531762,616531762,104
TIC 616534046,616534046,104
TIC 616534728,616534728,104
TIC 616539236,616539236,104
TIC 616539364,616539364,104
TIC 616539451,616539451,104
TIC 616539777,616539777,104
TIC 616541418,616541418,104
TIC 616542272,616542272,104
TIC 616543889,616543889,104
TIC 616544815,616544815,104
TIC 616545203,616545203,104
TIC 616545962,616545962,104
TIC 616546113,616546113,104
TIC 616547821,616547821,104
TIC 616548468,616548468,104
TIC 616551013,616551013,104
TIC 616551068,616551068,104
TIC 616551237,616551237,104
TIC 616551446,616551446,104
TIC 616551788,616551788,104
TIC 616551870,616551870,104
TIC 616555772,616555772,104
TIC 616556936,616556936,104
TIC 616603369,616603369,104
TIC 616603406,616603406,104
TIC 616604712,616604712,104
TIC 616605987,616605987,104
TIC 616607346,616607346,104
TIC 616609391,616609391,104
TIC 616609870,616609870,104
TIC 616609871,616609871,104
TIC 616609874,616609874,104
TIC 616612698,616612698,104
TIC 616614293,616614293,104
TIC 616614486,616614486,104
TIC 616617233,616617233,104
TIC 616617414,616617414,104
TIC 616617517,616617517,104
TIC 616617624,616617624,104
TIC 616618157,616618157,104
TIC 616618668,616618668,104
TIC 616626531,616626531,104
TIC 616627048,616627048,104
TIC 616627496,616627496,104
TIC 616630392,616630392,104
TIC 616630592,616630592,104
TIC 616630946,616630946,104
TIC 616631380,616631380,104
TIC 616632288,616632288,104
TIC 616636222,616636222,104
TIC 616637491,616637491,104
TIC 616639055,616639055,104
TIC 616640327,616640327,104
TIC 616640435,616640435,104
TIC 631453833,631453833,104
TIC 631454492,631454492,104
TIC 631462008,631462008,104
TIC 631462895,631462895,104
TIC 631466169,631466169,104
TIC 631468185,631468185,104
TIC 631473080,631473080,104
TIC 631474073,631474073,104
TIC 631474271,631474271,104
TIC 631475322,631475322,104
TIC 631477871,631477871,104
TIC 631486134,631486134,104
TIC 631496092,631496092,104
TIC 631497343,631497343,104
TIC 631498673,631498673,104
TIC 631501194,631501194,104
TIC 631505476,631505476,104
TIC 631506952,631506952,104
TIC 631507231,631507231,104
TIC 631508516,631508516,104
TIC 631508624,631508624,104
TIC 631509014,631509014,104
TIC 631616471,631616471,104
TIC 631616711,631616711,104
TIC 631619713,631619713,104
TIC 631622049,631622049,104
TIC 631636172,631636172,104
TIC 631636833,631636833,104
TIC 631637669,631637669,104
TIC 631638642,631638642,104
TIC 631639126,631639126,104
TIC 631641688,631641688,104
TIC 631641800,631641800,104
TIC 631642128,631642128,104
TIC 631650100,631650100,104
TIC 631653173,631653173,104
TIC 631656953,631656953,104
TIC 631715948,631715948,104
TIC 631730496,631730496,104
TIC 631730733,631730733,104
TIC 631731154,631731154,104
TIC 631732794,631732794,104
TIC 631733174,631733174,104
TIC 631733822,631733822,104
TIC 631747199,631747199,104
TIC 631750610,631750610,104
TIC 631751121,631751121,104
TIC 631751318,631751318,104
TIC 631784610,631784610,104
TIC 631788021,631788021,104
TIC 631805563,631805563,104
TIC 631807935,631807935,104
TIC 631817761,631817761,104
TIC 631821270,631821270,104
TIC 631877493,631877493,104
TIC 631881187,631881187,104
TIC 631884752,631884752,104
TIC 631886607,631886607,104
TIC 631944771,631944771,104
TIC 632003097,632003097,104
TIC 632003240,632003240,104
TIC 632004883,632004883,104
TIC 632005140,632005140,104
TIC 632005177,632005177,104
TIC 632005480,632005480,104
TIC 632017384,632017384,104
TIC 632045167,632045167,104
TIC 632045953,632045953,104
TIC 632047953,632047953,104
TIC 632054933,632054933,104
TIC 632055616,632055616,104
TIC 632055918,632055918,104
TIC 632056337,632056337,104
TIC 632060406,632060406,104
TIC 632061221,632061221,104
TIC 632062583,632062583,104
TIC 632064665,632064665,104
TIC 632064751,632064751,104
TIC 632065839,632065839,104
TIC 632069246,632069246,104
TIC 632069408,632069408,104
TIC 632070072,632070072,104
TIC 632070472,632070472,104
TIC 632076386,632076386,104
TIC 632077644,632077644,104
TIC 632095526,632095526,104
TIC 632098838,632098838,104
TIC 632099501,632099501,104
TIC 632100996,632100996,104
TIC 632101666,632101666,104
TIC 632102637,632102637,104
TIC 632104902,632104902,104
TIC 632107294,632107294,104
TIC 632109218,632109218,104
TIC 632109954,632109954,104
TIC 632113059,632113059,104
TIC 632134881,632134881,104
TIC 632135438,632135438,104
TIC 632136157,632136157,104
TIC 632137988,632137988,104
TIC 650885227,650885227,104
TIC 651206892,651206892,104
TIC 651207491,651207491,104
TIC 651218780,651218780,104
TIC 651220421,651220421,104
TIC 651221042,651221042,104
TIC 651224869,651224869,104
TIC 651235858,651235858,104
TIC 1318220466,1318220466,104
TIC 1318439847,1318439847,104
TIC 1324628915,1324628915,104
TIC 1324704702,1324704702,104
TIC 1329038173,1329038173,104
TIC 1332016031,1332016031,104
TIC 1334862655,1334862655,104
TIC 1335415358,1335415358,104
TIC 1335498934,1335498934,104
TIC 1335522317,1335522317,104
TIC 1335609919,1335609919,104
TIC 1338095878,1338095878,104
TIC 1401222494,1401222494,104
TIC 1402690482,1402690482,104
TIC 1402983750,1402983750,104
TIC 1405331410,1405331410,104
TIC 1407950608,1407950608,104
TIC 1407950743,1407950743,104
TIC 1409260601,1409260601,104
TIC 1409260613,1409260613,104
TIC 1415221270,1415221270,104
TIC 1510976357,1510976357,104
TIC 1511059337,1511059337,104
TIC 1511198421,1511198421,104
TIC 1511382749,1511382749,104
TIC 1512156189,1512156189,104
TIC 1513276511,1513276511,104
TIC 1513604832,1513604832,104
TIC 1514386966,1514386966,104
TIC 1515999099,1515999099,104
TIC 1516798161,1516798161,104
TIC 1516989602,1516989602,104
TIC 1518373369,1518373369,104
TIC 1518421754,1518421754,104
TIC 1518445909,1518445909,104
TIC 1518552741,1518552741,104
TIC 1518598813,1518598813,104
TIC 1518770767,1518770767,104
TIC 1518817676,1518817676,104
TIC 1518979716,1518979716,104
TIC 1519676334,1519676334,104
TIC 1519952063,1519952063,104
TIC 1520099888,1520099888,104
TIC 1520398673,1520398673,104
TIC 1520540795,1520540795,104
TIC 1520974492,1520974492,104
TIC 1522679863,1522679863,104
TIC 1523125507,1523125507,104
TIC 1523161172,1523161172,104
TIC 1523215283,1523215283,104
TIC 1523490773,1523490773,104
TIC 1523651765,1523651765,104
TIC 1523699516,1523699516,104
TIC 1524688767,1524688767,104
TIC 1525029054,1525029054,104
TIC 1526484252,1526484252,104
TIC 1526556314,1526556314,104
TIC 1526720459,1526720459,104
TIC 1526774887,1526774887,104
TIC 1526867475,1526867475,104
TIC 1526883780,1526883780,104
TIC 1526997885,1526997885,104
TIC 1527359428,1527359428,104
TIC 1527467938,1527467938,104
TIC 1527717417,1527717417,104
TIC 1527865798,1527865798,104
TIC 1528247712,1528247712,104
TIC 1528639253,1528639253,104
TIC 1528888766,1528888766,104
TIC 1529990339,1529990339,104
TIC 1530042281,1530042281,104
TIC 1530119586,1530119586,104
TIC 1530325664,1530325664,104
TIC 1530931844,1530931844,104
TIC 1531161605,1531161605,104
TIC 1531194999,1531194999,104
TIC 1531195004,1531195004,104
TIC 1532221181,1532221181,104
TIC 1533122281,1533122281,104
TIC 1535433000,1535433000,104
TIC 1535477969,1535477969,104
TIC 1537019013,1537019013,104
TIC 1537048765,1537048765,104
TIC 1541002859,1541002859,104
TIC 1542355507,1542355507,104
TIC 1543341549,1543341549,104
TIC 1552527863,1552527863,104
TIC 1552936478,1552936478,104
TIC 1553024877,1553024877,104
TIC 1553288321,1553288321,104
TIC 1553308995,1553308995,104
TIC 1554935592,1554935592,104
TIC 1555540448,1555540448,104
TIC 1555630589,1555630589,104
TIC 1555630658,1555630658,104
TIC 1555754351,1555754351,104
TIC 1556274922,1556274922,104
TIC 1556301352,1556301352,104
TIC 1556472020,1556472020,104
TIC 1556550069,1556550069,104
TIC 1556692004,1556692004,104
TIC 1556692045,1556692045,104
TIC 1556692071,1556692071,104
TIC 1556894808,1556894808,104
TIC 1556899437,1556899437,104
TIC 1557201923,1557201923,104
TIC 1558395361,1558395361,104
TIC 1560005849,1560005849,104
TIC 1560362719,1560362719,104
TIC 1560507356,1560507356,104
TIC 1561346107,1561346107,104
TIC 1561557445,1561557445,104
TIC 1561574438,1561574438,104
TIC 1562516141,1562516141,104
TIC 1563058489,1563058489,104
TIC 1563578477,1563578477,104
TIC 1564099244,1564099244,104
TIC 1564136190,1564136190,104
TIC 1564370684,1564370684,104
TIC 1564370779,1564370779,104
TIC 1564372072,1564372072,104
TIC 1564408824,1564408824,104
TIC 1569885285,1569885285,104
TIC 1688932329,1688932329,104
TIC 1689939415,1689939415,104
TIC 1690145706,1690145706,104
TIC 1690232720,1690232720,104
TIC 1690236727,1690236727,104
TIC 1690258339,1690258339,104
TIC 1690259267,1690259267,104
TIC 1690675418,1690675418,104
TIC 1690678317,1690678317,104
TIC 1690708893,1690708893,104
TIC 1690763233,1690763233,104
TIC 1691141893,1691141893,104
TIC 1691456433,1691456433,104
TIC 1691457660,1691457660,104
TIC 1691647756,1691647756,104
TIC 1691659085,1691659085,104
TIC 1691704754,1691704754,104
TIC 1691718789,1691718789,104
TIC 1691718853,1691718853,104
TIC 1691732524,1691732524,104
TIC 1692028862,1692028862,104
TIC 1692087519,1692087519,104
TIC 1692088271,1692088271,104
TIC 1692433334,1692433334,104
TIC 1692559434,1692559434,104
TIC 1692564560,1692564560,104
TIC 1692645862,1692645862,104
TIC 1692723680,1692723680,104
TIC 1692757738,1692757738,104
TIC 1692777749,1692777749,104
TIC 1692783740,1692783740,104
TIC 1692795003,1692795003,104
TIC 1692800494,1692800494,104
TIC 1692811808,1692811808,104
TIC 1692819363,1692819363,104
TIC 1692850821,1692850821,104
TIC 1692856515,1692856515,104
TIC 1692865903,1692865903,104
TIC 1692866479,1692866479,104
TIC 1692904217,1692904217,104
TIC 1692946331,1692946331,104
TIC 1693062643,1693062643,104
TIC 1693070533,1693070533,104
TIC 1693300130,1693300130,104
TIC 1693328616,1693328616,104
TIC 1693482117,1693482117,104
TIC 1693533113,1693533113,104
TIC 1693589167,1693589167,104
TIC 1693694803,1693694803,104
TIC 1693772251,1693772251,104
TIC 1693917789,1693917789,104
TIC 1694035182,1694035182,104
TIC 1694126017,1694126017,104
TIC 1694168491,1694168491,104
TIC 1694192975,1694192975,104
TIC 1694224816,1694224816,104
TIC 1694363985,1694363985,104
TIC 1694438880,1694438880,104
TIC 1694441763,1694441763,104
TIC 1694466202,1694466202,104
TIC 1694551633,1694551633,104
TIC 1694596228,1694596228,104
TIC 1694606772,1694606772,104
TIC 1694610253,1694610253,104
TIC 1694616018,1694616018,104
TIC 1694651333,1694651333,104
TIC 1694790670,1694790670,104
TIC 1694808383,1694808383,104
TIC 1694997547,1694997547,104
TIC 1695008293,1695008293,104
TIC 1695064906,1695064906,104
TIC 1695178141,1695178141,104
TIC 1695182671,1695182671,104
TIC 1695466339,1695466339,104
TIC 1695467892,1695467892,104
TIC 1695492684,1695492684,104
TIC 1695504959,1695504959,104
TIC 1695557547,1695557547,104
TIC 1695564033,1695564033,104
TIC 1695613242,1695613242,104
TIC 1695663987,1695663987,104
TIC 1695672903,1695672903,104
TIC 1695704821,1695704821,104
TIC 1695992483,1695992483,104
TIC 1695999069,1695999069,104
TIC 1696152629,1696152629,104
TIC 1696304412,1696304412,104
TIC 1696680439,1696680439,104
TIC 1696781286,1696781286,104
TIC 1696849233,1696849233,104
TIC 1696935440,1696935440,104
TIC 1696972003,1696972003,104
TIC 1696976004,1696976004,104
TIC 1697046411,1697046411,104
TIC 1697076326,1697076326,104
TIC 1697348546,1697348546,104
TIC 1697408586,1697408586,104
TIC 1697552153,1697552153,104
TIC 1697556441,1697556441,104
TIC 1697707527,1697707527,104
TIC 1697813218,1697813218,104
TIC 1697844595,1697844595,104
TIC 1697844737,1697844737,104
TIC 1697928290,1697928290,104
TIC 1698071051,1698071051,104
TIC 1698128509,1698128509,104
TIC 1698400486,1698400486,104
TIC 1698462156,1698462156,104
TIC 1698738016,1698738016,104
TIC 1698962885,1698962885,104
TIC 1698974067,1698974067,104
TIC 1699173003,1699173003,104
TIC 1699305544,1699305544,104
TIC 1699305567,1699305567,104
TIC 1700519072,1700519072,104
TIC 1700718309,1700718309,104
TIC 1700790220,1700790220,104
TIC 1701006226,1701006226,104
TIC 1701232737,1701232737,104
TIC 1701348858,1701348858,104
TIC 1701478611,1701478611,104
TIC 1701512310,1701512310,104
TIC 1701929795,1701929795,104
TIC 1702132113,1702132113,104
TIC 1702139651,1702139651,104
TIC 1702177383,1702177383,104
TIC 1702212737,1702212737,104
TIC 1702312762,1702312762,104
TIC 1702638001,1702638001,104
TIC 1702997294,1702997294,104
TIC 1703346200,1703346200,104
TIC 1703920761,1703920761,104
TIC 1703980117,1703980117,104
TIC 1704224359,1704224359,104
TIC 1705099043,1705099043,104
TIC 1705321821,1705321821,104
TIC 1705812038,1705812038,104
TIC 1706129673,1706129673,104
TIC 1706209220,1706209220,104
TIC 1815874404,1815874404,104
TIC 1816038092,1816038092,104
TIC 1816139153,1816139153,104
TIC 1816179886,1816179886,104
TIC 1816503116,1816503116,104
TIC 1816509823,1816509823,104
TIC 1816849947,1816849947,104
TIC 1817104341,1817104341,104
TIC 1817127345,1817127345,104
TIC 1817308476,1817308476,104
TIC 1817314942,1817314942,104
TIC 1817325429,1817325429,104
TIC 1817325850,1817325850,104
TIC 1817331490,1817331490,104
TIC 1817335312,1817335312,104
TIC 1817342194,1817342194,104
TIC 1817356248,1817356248,104
TIC 1817370203,1817370203,104
TIC 1817389651,1817389651,104
TIC 1817528115,1817528115,104
TIC 1817611546,1817611546,104
TIC 1817643690,1817643690,104
TIC 1817657887,1817657887,104
TIC 1817700148,1817700148,104
TIC 1817703922,1817703922,104
TIC 1817772214,1817772214,104
TIC 1817809458,1817809458,104
TIC 1817870337,1817870337,104
TIC 1817896724,1817896724,104
TIC 1817903073,1817903073,104
TIC 1817920055,1817920055,104
TIC 1817946403,1817946403,104
TIC 1817955330,1817955330,104
TIC 1817978723,1817978723,104
TIC 1817985216,1817985216,104
TIC 1817993639,1817993639,104
TIC 1818016755,1818016755,104
TIC 1818020636,1818020636,104
TIC 1818035342,1818035342,104
TIC 1818073644,1818073644,104
TIC 1818081357,1818081357,104
TIC 1818088310,1818088310,104
TIC 1818114914,1818114914,104
TIC 1818127743,1818127743,104
TIC 1818137014,1818137014,104
TIC 1818148589,1818148589,104
TIC 1818156579,1818156579,104
TIC 1818157709,1818157709,104
TIC 1818184411,1818184411,104
TIC 1818188995,1818188995,104
TIC 1818199194,1818199194,104
TIC 1818203108,1818203108,104
TIC 1818208969,1818208969,104
TIC 1818229923,1818229923,104
TIC 1818257462,1818257462,104
TIC 1818259180,1818259180,104
TIC 1818264260,1818264260,104
TIC 1818300070,1818300070,104
TIC 1818307736,1818307736,104
TIC 1818324483,1818324483,104
TIC 1818324741,1818324741,104
TIC 1818329951,1818329951,104
TIC 1818352118,1818352118,104
TIC 1818358337,1818358337,104
TIC 1818376523,1818376523,104
TIC 1818393769,1818393769,104
TIC 1818420952,1818420952,104
TIC 1818426705,1818426705,104
TIC 1818430271,1818430271,104
TIC 1818435482,1818435482,104
TIC 1818437545,1818437545,104
TIC 1818437678,1818437678,104
TIC 1818441297,1818441297,104
TIC 1818452716,1818452716,104
TIC 1818461399,1818461399,104
TIC 1818492378,1818492378,104
TIC 1818494370,1818494370,104
TIC 1818495013,1818495013,104
TIC 1818520266,1818520266,104
TIC 1818526728,1818526728,104
TIC 1818561490,1818561490,104
TIC 1818564681,1818564681,104
TIC 1818580359,1818580359,104
TIC 1818583415,1818583415,104
TIC 1818586807,1818586807,104
TIC 1818598926,1818598926,104
TIC 1818607291,1818607291,104
TIC 1818669093,1818669093,104
TIC 1818684593,1818684593,104
TIC 1818701079,1818701079,104
TIC 1818721562,1818721562,104
TIC 1818749679,1818749679,104
TIC 1818758201,1818758201,104
TIC 1818759366,1818759366,104
TIC 1818762829,1818762829,104
TIC 1818763226,1818763226,104
TIC 1818764219,1818764219,104
TIC 1818793426,1818793426,104
TIC 1818859791,1818859791,104
TIC 1818968298,1818968298,104
TIC 1818975101,1818975101,104
TIC 1818983849,1818983849,104
TIC 1819041086,1819041086,104
TIC 1819056524,1819056524,104
TIC 1819064526,1819064526,104
TIC 1819077603,1819077603,104
TIC 1819144388,1819144388,104
TIC 1819156955,1819156955,104
TIC 1819179288,1819179288,104
TIC 1819307189,1819307189,104
TIC 1819318797,1819318797,104
TIC 1819345576,1819345576,104
TIC 1819347082,1819347082,104
TIC 1819353316,1819353316,104
TIC 1819356787,1819356787,104
TIC 1819382041,1819382041,104
TIC 1819382515,1819382515,104
TIC 1819385100,1819385100,104
TIC 1819422460,1819422460,104
TIC 1819432587,1819432587,104
TIC 1819465325,1819465325,104
TIC 1819484655,1819484655,104
TIC 1819526572,1819526572,104
TIC 1819574356,1819574356,104
TIC 1819596474,1819596474,104
TIC 1819608222,1819608222,104
TIC 1819613997,1819613997,104
TIC 1819617461,1819617461,104
TIC 1819623332,1819623332,104
TIC 1819626856,1819626856,104
TIC 1819655564,1819655564,104
TIC 1819703892,1819703892,104
TIC 1819710821,1819710821,104
TIC 1819734678,1819734678,104
TIC 1819747739,1819747739,104
TIC 1819813870,1819813870,104
TIC 1819829279,1819829279,104
TIC 1819841615,1819841615,104
TIC 1819864202,1819864202,104
TIC 1819883866,1819883866,104
TIC 1819916822,1819916822,104
TIC 1819932411,1819932411,104
TIC 1819938083,1819938083,104
TIC 1819948869,1819948869,104
TIC 1820146934,1820146934,104
TIC 1820155614,1820155614,104
TIC 1820162568,1820162568,104
TIC 1820166110,1820166110,104
TIC 1820228544,1820228544,104
TIC 1820251961,1820251961,104
TIC 1820267429,1820267429,104
TIC 1820281978,1820281978,104
TIC 1820310909,1820310909,104
TIC 1820396384,1820396384,104
TIC 1820445246,1820445246,104
TIC 1820456812,1820456812,104
TIC 1820458439,1820458439,104
TIC 1820850192,1820850192,104
TIC 1821420734,1821420734,104
TIC 1821615416,1821615416,104
TIC 1821948000,1821948000,104
TIC 1922437225,1922437225,104
TIC 1922701930,1922701930,104
TIC 1923057389,1923057389,104
TIC 1923059370,1923059370,104
TIC 1923069051,1923069051,104
TIC 1923174473,1923174473,104
TIC 1923177253,1923177253,104
TIC 1923177861,1923177861,104
TIC 1923178813,1923178813,104
TIC 1923218178,1923218178,104
TIC 1923233402,1923233402,104
TIC 1923233407,1923233407,104
TIC 1923241270,1923241270,104
TIC 1923248147,1923248147,104
TIC 1923252028,1923252028,104
TIC 1923254328,1923254328,104
TIC 1923269329,1923269329,104
TIC 1923278638,1923278638,104
TIC 1923287186,1923287186,104
TIC 1923296757,1923296757,104
TIC 1923305196,1923305196,104
TIC 1923306167,1923306167,104
TIC 1923317828,1923317828,104
TIC 1923322914,1923322914,104
TIC 1923327491,1923327491,104
TIC 1923327492,1923327492,104
TIC 1923339269,1923339269,104
TIC 1923344179,1923344179,104
TIC 1923352168,1923352168,104
TIC 1923353049,1923353049,104
TIC 1923375776,1923375776,104
TIC 1923400499,1923400499,104
TIC 1923409577,1923409577,104
TIC 1923444854,1923444854,104
TIC 1923448876,1923448876,104
TIC 1923451371,1923451371,104
TIC 1923451666,1923451666,104
TIC 1923464819,1923464819,104
TIC 1923464843,1923464843,104
TIC 1923475691,1923475691,104
TIC 1923485529,1923485529,104
TIC 1923490971,1923490971,104
TIC 1923504329,1923504329,104
TIC 1923510110,1923510110,104
TIC 1923511271,1923511271,104
TIC 1923525042,1923525042,104
TIC 1923525121,1923525121,104
TIC 1923528056,1923528056,104
TIC 1923530115,1923530115,104
TIC 1923533903,1923533903,104
TIC 1923538159,1923538159,104
TIC 1923541010,1923541010,104
TIC 1923560551,1923560551,104
TIC 1923564535,1923564535,104
TIC 1923570628,1923570628,104
TIC 1923574216,1923574216,104
TIC 1923574480,1923574480,104
TIC 1923592740,1923592740,104
TIC 1923600046,1923600046,104
TIC 1923601567,1923601567,104
TIC 1923602841,1923602841,104
TIC 1923610562,1923610562,104
TIC 1923611197,1923611197,104
TIC 1923646074,1923646074,104
TIC 1923654441,1923654441,104
TIC 1923655516,1923655516,104
TIC 1923661759,1923661759,104
TIC 1923663333,1923663333,104
TIC 1923675476,1923675476,104
TIC 1923675901,1923675901,104
TIC 1923707682,1923707682,104
TIC 1923709389,1923709389,104
TIC 1923714386,1923714386,104
TIC 1923717788,1923717788,104
TIC 1923718820,1923718820,104
TIC 1923728252,1923728252,104
TIC 1923737001,1923737001,104
TIC 1923757675,1923757675,104
TIC 1923776281,1923776281,104
TIC 1923785078,1923785078,104
TIC 1923786635,1923786635,104
TIC 1923794273,1923794273,104
TIC 1923795907,1923795907,104
TIC 1923802635,1923802635,104
TIC 1923817970,1923817970,104
TIC 1923828397,1923828397,104
TIC 1923834795,1923834795,104
TIC 1923852228,1923852228,104
TIC 1923852742,1923852742,104
TIC 1923861306,1923861306,104
TIC 1923862203,1923862203,104
TIC 1923863291,1923863291,104
TIC 1923867822,1923867822,104
TIC 1923869639,1923869639,104
TIC 1923885881,1923885881,104
TIC 1923888089,1923888089,104
TIC 1923898029,1923898029,104
TIC 1923903989,1923903989,104
TIC 1923905731,1923905731,104
TIC 1923911731,1923911731,104
TIC 1923918618,1923918618,104
TIC 1923928581,1923928581,104
TIC 1923929968,1923929968,104
TIC 1923940853,1923940853,104
TIC 1923942893,1923942893,104
TIC 1923948219,1923948219,104
TIC 1923948642,1923948642,104
TIC 1923999425,1923999425,104
TIC 1924005985,1924005985,104
TIC 1924008000,1924008000,104
TIC 1924009614,1924009614,104
TIC 1924011784,1924011784,104
TIC 1924028772,1924028772,104
TIC 1924047777,1924047777,104
TIC 1924048706,1924048706,104
TIC 1924086045,1924086045,104
TIC 1924086368,1924086368,104
TIC 1924088211,1924088211,104
TIC 1924089866,1924089866,104
TIC 1924091926,1924091926,104
TIC 1924097920,1924097920,104
TIC 1924102811,1924102811,104
TIC 1924110217,1924110217,104
TIC 1924112543,1924112543,104
TIC 1924115039,1924115039,104
TIC 1924124390,1924124390,104
TIC 1924127463,1924127463,104
TIC 1924128455,1924128455,104
TIC 1924133849,1924133849,104
TIC 1924133971,1924133971,104
TIC 1924135306,1924135306,104
TIC 1924136790,1924136790,104
TIC 1924137738,1924137738,104
TIC 1924138810,1924138810,104
TIC 1924148643,1924148643,104
TIC 1924157720,1924157720,104
TIC 1924158238,1924158238,104
TIC 1924158502,1924158502,104
TIC 1924161836,1924161836,104
TIC 1924165622,1924165622,104
TIC 1924171040,1924171040,104
TIC 1924185136,1924185136,104
TIC 1924193873,1924193873,104
TIC 1924214324,1924214324,104
TIC 1924240687,1924240687,104
TIC 1924250778,1924250778,104
TIC 1924255248,1924255248,104
TIC 1924260424,1924260424,104
TIC 1924261005,1924261005,104
TIC 1924286114,1924286114,104
TIC 1924290983,1924290983,104
TIC 1924355880,1924355880,104
TIC 1924373833,1924373833,104
TIC 1924381856,1924381856,104
TIC 1924386012,1924386012,104
TIC 1988170183,1988170183,104
TIC 1988243562,1988243562,104
TIC 1988365600,1988365600,104
TIC 1988608917,1988608917,104
TIC 1988782198,1988782198,104
TIC 1988805892,1988805892,104
TIC 1988836990,1988836990,104
TIC 1988884711,1988884711,104
TIC 1988989487,1988989487,104
TIC 1988989489,1988989489,104
TIC 1989051663,1989051663,104
TIC 1989070678,1989070678,104
TIC 1989106665,1989106665,104
TIC 1989108137,1989108137,104
TIC 1989133613,1989133613,104
TIC 1989135068,1989135068,104
TIC 1989136158,1989136158,104
TIC 1989136222,1989136222,104
TIC 1989138523,1989138523,104
TIC 1989142214,1989142214,104
TIC 1989150155,1989150155,104
TIC 1989154647,1989154647,104
TIC 1989155025,1989155025,104
TIC 1989156685,1989156685,104
TIC 1989156856,1989156856,104
TIC 1989158447,1989158447,104
TIC 1989161231,1989161231,104
TIC 1989169801,1989169801,104
TIC 1989171005,1989171005,104
TIC 1989171480,1989171480,104
TIC 1989176676,1989176676,104
TIC 1989178964,1989178964,104
TIC 1989180626,1989180626,104
TIC 1989229128,1989229128,104
TIC 1989246862,1989246862,104
TIC 1989370327,1989370327,104
TIC 1989376202,1989376202,104
TIC 1989377344,1989377344,104
TIC 1989378197,1989378197,104
TIC 1989386665,1989386665,104
TIC 1989388270,1989388270,104
TIC 1989471435,1989471435,104
TIC 1989475620,1989475620,104
TIC 1989482461,1989482461,104
TIC 1989489297,1989489297,104
TIC 1989490060,1989490060,104
TIC 1989493526,1989493526,104
TIC 1989494111,1989494111,104
TIC 1989496213,1989496213,104
TIC 1989499811,1989499811,104
TIC 1989500232,1989500232,104
TIC 1989504852,1989504852,104
TIC 1989506483,1989506483,104
TIC 1989507617,1989507617,104
TIC 1989511711,1989511711,104
TIC 1989513339,1989513339,104
TIC 1989515691,1989515691,104
TIC 1989538165,1989538165,104
TIC 1989538307,1989538307,104
TIC 1989538615,1989538615,104
TIC 1989540432,1989540432,104
TIC 1989549686,1989549686,104
TIC 1989550838,1989550838,104
TIC 1989561973,1989561973,104
TIC 1989564032,1989564032,104
TIC 1989564225,1989564225,104
TIC 1989571641,1989571641,104
TIC 1989575253,1989575253,104
TIC 1989578847,1989578847,104
TIC 1989580999,1989580999,104
TIC 1989585728,1989585728,104
TIC 1989590421,1989590421,104
TIC 1989592112,1989592112,104
TIC 1989598625,1989598625,104
TIC 1989599411,1989599411,104
TIC 1989602123,1989602123,104
TIC 1989611235,1989611235,104
TIC 1989612001,1989612001,104
TIC 1989618208,1989618208,104
TIC 1989623389,1989623389,104
TIC 1989627729,1989627729,104
TIC 1989631895,1989631895,104
TIC 1989632267,1989632267,104
TIC 1989634058,1989634058,104
TIC 1989640800,1989640800,104
TIC 1989642639,1989642639,104
TIC 1989646929,1989646929,104
TIC 1989648433,1989648433,104
TIC 1989650299,1989650299,104
TIC 1989659195,1989659195,104
TIC 1989659833,1989659833,104
TIC 1989662010,1989662010,104
TIC 1989663328,1989663328,104
TIC 1989664629,1989664629,104
TIC 1989666104,1989666104,104
TIC 1989676345,1989676345,104
TIC 1989682326,1989682326,104
TIC 1989690086,1989690086,104
TIC 1989690158,1989690158,104
TIC 1989691900,1989691900,104
TIC 1989695911,1989695911,104
TIC 1989697371,1989697371,104
TIC 1989712263,1989712263,104
TIC 1989716326,1989716326,104
TIC 1989716752,1989716752,104
TIC 1989718309,1989718309,104
TIC 1989719142,1989719142,104
TIC 1989725292,1989725292,104
TIC 1989780306,1989780306,104
TIC 1989789267,1989789267,104
TIC 1989791018,1989791018,104
TIC 1989798434,1989798434,104
TIC 1989798958,1989798958,104
TIC 1989800949,1989800949,104
TIC 1989803410,1989803410,104
TIC 1989805973,1989805973,104
TIC 1989813951,1989813951,104
TIC 1989813964,1989813964,104
TIC 1989813965,1989813965,104
TIC 1989832476,1989832476,104
TIC 1989839152,1989839152,104
TIC 1989839661,1989839661,104
TIC 1990065523,1990065523,104
TIC 1990066560,1990066560,104
TIC 1990068534,1990068534,104
TIC 1990069251,1990069251,104
TIC 1990070413,1990070413,104
TIC 1990071854,1990071854,104
TIC 1990075001,1990075001,104
TIC 1990079183,1990079183,104
TIC 1990092398,1990092398,104
TIC 1990100591,1990100591,104
TIC 1990101589,1990101589,104
TIC 1990102298,1990102298,104
TIC 1990107063,1990107063,104
TIC 1990108657,1990108657,104
TIC 1990113700,1990113700,104
TIC 1990114751,1990114751,104
TIC 1990118173,1990118173,104
TIC 1990118790,1990118790,104
TIC 1990125047,1990125047,104
TIC 1990132569,1990132569,104
TIC 1990133160,1990133160,104
TIC 1990133353,1990133353,104
TIC 1990141969,1990141969,104
TIC 1990142538,1990142538,104
TIC 1990151882,1990151882,104
TIC 1990157679,1990157679,104
TIC 1990159935,1990159935,104
TIC 1990160334,1990160334,104
TIC 1990169550,1990169550,104
TIC 1990179315,1990179315,104
TIC 1990182075,1990182075,104
TIC 1990184888,1990184888,104
TIC 1990185007,1990185007,104
TIC 1990187024,1990187024,104
TIC 1990207921,1990207921,104
TIC 1990219850,1990219850,104
TIC 1990221638,1990221638,104
TIC 1990222254,1990222254,104
TIC 1990223583,1990223583,104
TIC 1990226242,1990226242,104
TIC 1990226727,1990226727,104
TIC 1990237643,1990237643,104
TIC 1990237878,1990237878,104
TIC 1990241805,1990241805,104
TIC 1990243540,1990243540,104
TIC 1990244056,1990244056,104
TIC 1990245477,1990245477,104
TIC 1990258531,1990258531,104
TIC 1990271543,1990271543,104
TIC 1990300868,1990300868,104
TIC 1990318505,1990318505,104
TIC 1990327269,1990327269,104
TIC 1990330148,1990330148,104
TIC 1990331128,1990331128,104
TIC 1990342235,1990342235,104
TIC 1990344001,1990344001,104
TIC 1990344106,1990344106,104
TIC 1990353279,1990353279,104
TIC 2026155708,2026155708,104
TIC 2026520761,2026520761,104
TIC 2026612436,2026612436,104
TIC 2026736406,2026736406,104
TIC 2026752706,2026752706,104
TIC 2026793537,2026793537,104
TIC 2026859309,2026859309,104
TIC 2026863908,2026863908,104
TIC 2026866014,2026866014,104
TIC 2026877529,2026877529,104
TIC 2026889624,2026889624,104
TIC 2026897828,2026897828,104
TIC 2026902957,2026902957,104
TIC 2026905842,2026905842,104
TIC 2026909350,2026909350,104
TIC 2026909367,2026909367,104
TIC 2026910216,2026910216,104
TIC 2026919871,2026919871,104
TIC 2026919934,2026919934,104
TIC 2026925480,2026925480,104
TIC 2026929275,2026929275,104
TIC 2026929529,2026929529,104
TIC 2026930594,2026930594,104
TIC 2026934124,2026934124,104
TIC 2026935725,2026935725,104
TIC 2026936502,2026936502,104
TIC 2026937301,2026937301,104
TIC 2026939582,2026939582,104
TIC 2027177799,2027177799,104
TIC 2027227616,2027227616,104
TIC 2027241911,2027241911,104
TIC 2027285398,2027285398,104
TIC 2027285417,2027285417,104
TIC 2027287008,2027287008,104
TIC 2027291150,2027291150,104
TIC 2027293051,2027293051,104
TIC 2054801188,2054801188,104
TIC 2054867098,2054867098,104
TIC 2054941210,2054941210,104
TIC 2054995076,2054995076,104
TIC 2054995161,2054995161,104
TIC 2055092257,2055092257,104
TIC 2055155644,2055155644,104
TIC 2055253622,2055253622,104
TIC 2055361591,2055361591,104
TIC 2055419000,2055419000,104
TIC 2055422496,2055422496,104
TIC 2055480621,2055480621,104
TIC 2055515509,2055515509,104
TIC 2055534737,2055534737,104
TIC 2055551999,2055551999,104
TIC 2055554515,2055554515,104
TIC 2055593564,2055593564,104
TIC 2055639419,2055639419,104
TIC 2055639556,2055639556,104
TIC 10001211894,10001211894,104
