target,tic_id,sectors
TIC 24695556,24695556,95
TIC 24695715,24695715,95
TIC 24695725,24695725,95
TIC 24704814,24704814,95
TIC 24704862,24704862,95
TIC 24704868,24704868,95
TIC 24705240,24705240,95
TIC 24705556,24705556,95
TIC 24705587,24705587,95
TIC 24749881,24749881,95
TIC 24750464,24750464,95
TIC 25065357,25065357,95
TIC 25136499,25136499,95
TIC 25136560,25136560,95
TIC 25136895,25136895,95
TIC 25137423,25137423,95
TIC 25200252,25200252,95
TIC 25202805,25202805,95
TIC 25203094,25203094,95
TIC 25225977,25225977,95
TIC 25229301,25229301,95
TIC 25229462,25229462,95
TIC 25229956,25229956,95
TIC 25230196,25230196,95
TIC 25230545,25230545,95
TIC 25242860,25242860,95
TIC 25245547,25245547,95
TIC 25245570,25245570,95
TIC 25245922,25245922,95
TIC 25246676,25246676,95
TIC 25282940,25282940,95
TIC 25300088,25300088,95
TIC 25300673,25300673,95
TIC 25350244,25350244,95
TIC 25351345,25351345,95
TIC 25351750,25351750,95
TIC 25355566,25355566,95
TIC 25358020,25358020,95
TIC 25375553,25375553,95
TIC 25375770,25375770,95
TIC 25375915,25375915,95
TIC 29189037,29189037,95
TIC 29253938,29253938,95
TIC 29260474,29260474,95
TIC 29281992,29281992,95
TIC 29344151,29344151,95
TIC 29344935,29344935,95
TIC 29388651,29388651,95
TIC 29430403,29430403,95
TIC 29430954,29430954,95
TIC 29432055,29432055,95
TIC 29433169,29433169,95
TIC 29475080,29475080,95
TIC 29475293,29475293,95
TIC 29478974,29478974,95
TIC 29492932,29492932,95
TIC 29493647,29493647,95
TIC 29495621,29495621,95
TIC 29499461,29499461,95
TIC 29543573,29543573,95
TIC 29545619,29545619,95
TIC 29583588,29583588,95
TIC 29634122,29634122,95
TIC 29635223,29635223,95
TIC 29638934,29638934,95
TIC 29639766,29639766,95
TIC 29640163,29640163,95
TIC 29668059,29668059,95
TIC 29670036,29670036,95
TIC 29671013,29671013,95
TIC 29716213,29716213,95
TIC 29720182,29720182,95
TIC 29722063,29722063,95
TIC 29753609,29753609,95
TIC 29758639,29758639,95
TIC 29778632,29778632,95
TIC 29821374,29821374,95
TIC 29821613,29821613,95
TIC 29821723,29821723,95
TIC 29822192,29822192,95
TIC 29825720,29825720,95
TIC 29840077,29840077,95
TIC 29857954,29857954,95
TIC 29859905,29859905,95
TIC 29861079,29861079,95
TIC 30716707,30716707,95
TIC 30721709,30721709,95
TIC 31190175,31190175,95
TIC 31408736,31408736,95
TIC 31656385,31656385,95
TIC 31673724,31673724,95
TIC 31781476,31781476,95
TIC 31814318,31814318,95
TIC 31815976,31815976,95
TIC 31853868,31853868,95
TIC 31926908,31926908,95
TIC 31929243,31929243,95
TIC 32050841,32050841,95
TIC 32068905,32068905,95
TIC 32070293,32070293,95
TIC 32091843,32091843,95
TIC 32091861,32091861,95
TIC 32093133,32093133,95
TIC 32152148,32152148,95
TIC 32154421,32154421,95
TIC 32154680,32154680,95
TIC 32155510,32155510,95
TIC 32176064,32176064,95
TIC 32177534,32177534,95
TIC 32177749,32177749,95
TIC 32179255,32179255,95
TIC 32197094,32197094,95
TIC 32197508,32197508,95
TIC 32199819,32199819,95
TIC 32199952,32199952,95
TIC 32200787,32200787,95
TIC 32207638,32207638,95
TIC 32207822,32207822,95
TIC 33717073,33717073,95
TIC 33734517,33734517,95
TIC 33768087,33768087,95
TIC 33834757,33834757,95
TIC 33837062,33837062,95
TIC 33837347,33837347,95
TIC 33837441,33837441,95
TIC 33862296,33862296,95
TIC 33876746,33876746,95
TIC 33876815,33876815,95
TIC 33877176,33877176,95
TIC 33877338,33877338,95
TIC 33877401,33877401,95
TIC 33877402,33877402,95
TIC 33878472,33878472,95
TIC 33878549,33878549,95
TIC 33881250,33881250,95
TIC 38396389,38396389,95
TIC 38396606,38396606,95
TIC 38396965,38396965,95
TIC 38424405,38424405,95
TIC 38425450,38425450,95
TIC 38460465,38460465,95
TIC 38466803,38466803,95
TIC 38467100,38467100,95
TIC 38506944,38506944,95
TIC 38507576,38507576,95
TIC 38510577,38510577,95
TIC 38518773,38518773,95
TIC 38573584,38573584,95
TIC 38573641,38573641,95
TIC 38584430,38584430,95
TIC 38585926,38585926,95
TIC 38633112,38633112,95
TIC 38806360,38806360,95
TIC 38820496,38820496,95
TIC 38823638,38823638,95
TIC 38823926,38823926,95
TIC 38833347,38833347,95
TIC 38833722,38833722,95
TIC 38836460,38836460,95
TIC 38836966,38836966,95
TIC 38849177,38849177,95
TIC 38849211,38849211,95
TIC 38877685,38877685,95
TIC 38898414,38898414,95
TIC 38899346,38899346,95
TIC 38936862,38936862,95
TIC 38937366,38937366,95
TIC 38951568,38951568,95
TIC 38952079,38952079,95
TIC 38964719,38964719,95
TIC 38965396,38965396,95
TIC 38965512,38965512,95
TIC 38965606,38965606,95
TIC 38965733,38965733,95
TIC 39018408,39018408,95
TIC 39018421,39018421,95
TIC 39018923,39018923,95
TIC 39069406,39069406,95
TIC 39070579,39070579,95
TIC 39080548,39080548,95
TIC 39080654,39080654,95
TIC 39080923,39080923,95
TIC 39081002,39081002,95
TIC 39081816,39081816,95
TIC 41459777,41459777,95
TIC 44565276,44565276,95
TIC 44577692,44577692,95
TIC 44578210,44578210,95
TIC 44625967,44625967,95
TIC 44626245,44626245,95
TIC 44628526,44628526,95
TIC 50272813,50272813,95
TIC 50386229,50386229,95
TIC 50440750,50440750,95
TIC 50443307,50443307,95
TIC 51912829,51912829,95
TIC 51912972,51912972,95
TIC 51935249,51935249,95
TIC 51938533,51938533,95
TIC 51991640,51991640,95
TIC 51992761,51992761,95
TIC 52059209,52059209,95
TIC 52059631,52059631,95
TIC 52059926,52059926,95
TIC 52076262,52076262,95
TIC 52078744,52078744,95
TIC 52079311,52079311,95
TIC 52079970,52079970,95
TIC 52120817,52120817,95
TIC 52121469,52121469,95
TIC 52121796,52121796,95
TIC 52121848,52121848,95
TIC 52122434,52122434,95
TIC 52153067,52153067,95
TIC 52153236,52153236,95
TIC 52155554,52155554,95
TIC 52194638,52194638,95
TIC 52194976,52194976,95
TIC 52194985,52194985,95
TIC 52195270,52195270,95
TIC 52195587,52195587,95
TIC 52195649,52195649,95
TIC 52195664,52195664,95
TIC 52195943,52195943,95
TIC 52204645,52204645,95
TIC 52205160,52205160,95
TIC 52242834,52242834,95
TIC 52243332,52243332,95
TIC 52243950,52243950,95
TIC 52244325,52244325,95
TIC 52245547,52245547,95
TIC 52256502,52256502,95
TIC 52257050,52257050,95
TIC 52257419,52257419,95
TIC 52285526,52285526,95
TIC 52286077,52286077,95
TIC 52307802,52307802,95
TIC 52308707,52308707,95
TIC 52311914,52311914,95
TIC 52315037,52315037,95
TIC 52315301,52315301,95
TIC 52365176,52365176,95
TIC 52367475,52367475,95
TIC 52367502,52367502,95
TIC 52368076,52368076,95
TIC 52381685,52381685,95
TIC 52383186,52383186,95
TIC 52383387,52383387,95
TIC 52383559,52383559,95
TIC 52383730,52383730,95
TIC 53724617,53724617,95
TIC 53725424,53725424,95
TIC 53725529,53725529,95
TIC 53726408,53726408,95
TIC 53750498,53750498,95
TIC 53752781,53752781,95
TIC 53753906,53753906,95
TIC 53780976,53780976,95
TIC 53781033,53781033,95
TIC 53782107,53782107,95
TIC 53782702,53782702,95
TIC 53783180,53783180,95
TIC 53784680,53784680,95
TIC 53811099,53811099,95
TIC 53811555,53811555,95
TIC 53812109,53812109,95
TIC 53840258,53840258,95
TIC 53841729,53841729,95
TIC 53842087,53842087,95
TIC 53842668,53842668,95
TIC 53843023,53843023,95
TIC 53849347,53849347,95
TIC 53850195,53850195,95
TIC 53850928,53850928,95
TIC 53851007,53851007,95
TIC 53894450,53894450,95
TIC 53894830,53894830,95
TIC 53895115,53895115,95
TIC 53897002,53897002,95
TIC 53938218,53938218,95
TIC 53939120,53939120,95
TIC 53939726,53939726,95
TIC 53939891,53939891,95
TIC 53940519,53940519,95
TIC 53950266,53950266,95
TIC 53952985,53952985,95
TIC 53976522,53976522,95
TIC 53977647,53977647,95
TIC 53978222,53978222,95
TIC 53991812,53991812,95
TIC 53992511,53992511,95
TIC 53992729,53992729,95
TIC 53992917,53992917,95
TIC 53993782,53993782,95
TIC 53994275,53994275,95
TIC 55270688,55270688,95
TIC 55270702,55270702,95
TIC 55271890,55271890,95
TIC 55271891,55271891,95
TIC 55272070,55272070,95
TIC 55272118,55272118,95
TIC 55295028,55295028,95
TIC 55295030,55295030,95
TIC 55297416,55297416,95
TIC 55367907,55367907,95
TIC 55369410,55369410,95
TIC 55369456,55369456,95
TIC 55402208,55402208,95
TIC 55402324,55402324,95
TIC 55450286,55450286,95
TIC 55476774,55476774,95
TIC 55497082,55497082,95
TIC 55497209,55497209,95
TIC 55497265,55497265,95
TIC 55497266,55497266,95
TIC 55497281,55497281,95
TIC 55501614,55501614,95
TIC 55501960,55501960,95
TIC 55525518,55525518,95
TIC 55525557,55525557,95
TIC 55525572,55525572,95
TIC 55557707,55557707,95
TIC 55557836,55557836,95
TIC 55557848,55557848,95
TIC 55557925,55557925,95
TIC 55603918,55603918,95
TIC 55604793,55604793,95
TIC 55651278,55651278,95
TIC 55651325,55651325,95
TIC 55651898,55651898,95
TIC 55652035,55652035,95
TIC 55652063,55652063,95
TIC 55663264,55663264,95
TIC 55664116,55664116,95
TIC 55664207,55664207,95
TIC 55664255,55664255,95
TIC 55745962,55745962,95
TIC 55745991,55745991,95
TIC 55746096,55746096,95
TIC 55746206,55746206,95
TIC 55746237,55746237,95
TIC 55754844,55754844,95
TIC 55760886,55760886,95
TIC 55761028,55761028,95
TIC 55849032,55849032,95
TIC 55849142,55849142,95
TIC 55850403,55850403,95
TIC 55850410,55850410,95
TIC 60110936,60110936,95
TIC 60110976,60110976,95
TIC 60111044,60111044,95
TIC 60112584,60112584,95
TIC 60369729,60369729,95
TIC 60369861,60369861,95
TIC 60369998,60369998,95
TIC 60645999,60645999,95
TIC 60646102,60646102,95
TIC 60646109,60646109,95
TIC 60646268,60646268,95
TIC 60912947,60912947,95
TIC 61178249,61178249,95
TIC 61179940,61179940,95
TIC 61454673,61454673,95
TIC 61454702,61454702,95
TIC 61454861,61454861,95
TIC 61708139,61708139,95
TIC 61709833,61709833,95
TIC 61709887,61709887,95
TIC 61710094,61710094,95
TIC 61710451,61710451,95
TIC 61980130,61980130,95
TIC 61980174,61980174,95
TIC 62220259,62220259,95
TIC 62221758,62221758,95
TIC 62481633,62481633,95
TIC 62481916,62481916,95
TIC 62483415,62483415,95
TIC 62762261,62762261,95
TIC 62763555,62763555,95
TIC 63036320,63036320,95
TIC 63280289,63280289,95
TIC 63281363,63281363,95
TIC 63281483,63281483,95
TIC 63281499,63281499,95
TIC 70440470,70440470,95
TIC 70440709,70440709,95
TIC 70442570,70442570,95
TIC 70449336,70449336,95
TIC 70451188,70451188,95
TIC 70459329,70459329,95
TIC 71266282,71266282,95
TIC 71274998,71274998,95
TIC 79020922,79020922,95
TIC 79052554,79052554,95
TIC 79056868,79056868,95
TIC 79102863,79102863,95
TIC 79170696,79170696,95
TIC 79246532,79246532,95
TIC 79246796,79246796,95
TIC 79270892,79270892,95
TIC 79281046,79281046,95
TIC 79326682,79326682,95
TIC 79326888,79326888,95
TIC 79327444,79327444,95
TIC 79327772,79327772,95
TIC 79355570,79355570,95
TIC 79395729,79395729,95
TIC 79396290,79396290,95
TIC 79405480,79405480,95
TIC 79425183,79425183,95
TIC 79448248,79448248,95
TIC 79450652,79450652,95
TIC 79492435,79492435,95
TIC 79492961,79492961,95
TIC 79493362,79493362,95
TIC 79493536,79493536,95
TIC 79513950,79513950,95
TIC 80056663,80056663,95
TIC 80080066,80080066,95
TIC 80080413,80080413,95
TIC 80080623,80080623,95
TIC 80081010,80081010,95
TIC 80085234,80085234,95
TIC 80085363,80085363,95
TIC 80086330,80086330,95
TIC 88243874,88243874,95
TIC 88244980,88244980,95
TIC 88271757,88271757,95
TIC 89004172,89004172,95
TIC 89004350,89004350,95
TIC 89039719,89039719,95
TIC 89257246,89257246,95
TIC 89257610,89257610,95
TIC 89258104,89258104,95
TIC 89261161,89261161,95
TIC 89301725,89301725,95
TIC 89305963,89305963,95
TIC 89330719,89330719,95
TIC 89332094,89332094,95
TIC 89334484,89334484,95
TIC 89358345,89358345,95
TIC 89360535,89360535,95
TIC 89396228,89396228,95
TIC 89398867,89398867,95
TIC 89425264,89425264,95
TIC 89425708,89425708,95
TIC 89428500,89428500,95
TIC 89429668,89429668,95
TIC 89431342,89431342,95
TIC 89465864,89465864,95
TIC 89466207,89466207,95
TIC 89466504,89466504,95
TIC 91434528,91434528,95
TIC 92141259,92141259,95
TIC 92219221,92219221,95
TIC 92232466,92232466,95
TIC 92253544,92253544,95
TIC 92255132,92255132,95
TIC 92256770,92256770,95
TIC 92257542,92257542,95
TIC 92258081,92258081,95
TIC 92258265,92258265,95
TIC 92313158,92313158,95
TIC 92313821,92313821,95
TIC 92321110,92321110,95
TIC 92321155,92321155,95
TIC 92321276,92321276,95
TIC 92321399,92321399,95
TIC 92321472,92321472,95
TIC 92324595,92324595,95
TIC 92325639,92325639,95
TIC 92349924,92349924,95
TIC 92351641,92351641,95
TIC 92351832,92351832,95
TIC 92366403,92366403,95
TIC 92366519,92366519,95
TIC 92366608,92366608,95
TIC 92440509,92440509,95
TIC 92442460,92442460,95
TIC 92443533,92443533,95
TIC 92447866,92447866,95
TIC 92449173,92449173,95
TIC 92451349,92451349,95
TIC 92498515,92498515,95
TIC 92499064,92499064,95
TIC 92499792,92499792,95
TIC 92501924,92501924,95
TIC 92561835,92561835,95
TIC 92562474,92562474,95
TIC 92566327,92566327,95
TIC 92566472,92566472,95
TIC 92592941,92592941,95
TIC 92594505,92594505,95
TIC 92628038,92628038,95
TIC 92628706,92628706,95
TIC 92629854,92629854,95
TIC 92630472,92630472,95
TIC 92630762,92630762,95
TIC 92651055,92651055,95
TIC 92651530,92651530,95
TIC 92655416,92655416,95
TIC 92706627,92706627,95
TIC 92707735,92707735,95
TIC 92708166,92708166,95
TIC 92709374,92709374,95
TIC 92709449,92709449,95
TIC 92709778,92709778,95
TIC 92710108,92710108,95
TIC 92729808,92729808,95
TIC 92730897,92730897,95
TIC 92733195,92733195,95
TIC 92749466,92749466,95
TIC 92749735,92749735,95
TIC 92750879,92750879,95
TIC 92861431,92861431,95
TIC 92862057,92862057,95
TIC 92862464,92862464,95
TIC 92875733,92875733,95
TIC 92876924,92876924,95
TIC 92911696,92911696,95
TIC 92915289,92915289,95
TIC 92916684,92916684,95
TIC 92980022,92980022,95
TIC 97402066,97402066,95
TIC 97402436,97402436,95
TIC 97402794,97402794,95
TIC 97407616,97407616,95
TIC 97409519,97409519,95
TIC 97432268,97432268,95
TIC 97432653,97432653,95
TIC 99565851,99565851,95
TIC 99647472,99647472,95
TIC 99647776,99647776,95
TIC 99738616,99738616,95
TIC 99739128,99739128,95
TIC 99822583,99822583,95
TIC 114916975,114916975,95
TIC 114919247,114919247,95
TIC 114920034,114920034,95
TIC 114950426,114950426,95
TIC 114952911,114952911,95
TIC 114953032,114953032,95
TIC 114953179,114953179,95
TIC 114988852,114988852,95
TIC 115011683,115011683,95
TIC 115013365,115013365,95
TIC 115014847,115014847,95
TIC 115015109,115015109,95
TIC 115042458,115042458,95
TIC 115074549,115074549,95
TIC 115108198,115108198,95
TIC 115108199,115108199,95
TIC 115108925,115108925,95
TIC 115115380,115115380,95
TIC 115115870,115115870,95
TIC 115149033,115149033,95
TIC 115175339,115175339,95
TIC 115175941,115175941,95
TIC 115176307,115176307,95
TIC 115177591,115177591,95
TIC 117510141,117510141,95
TIC 117510145,117510145,95
TIC 117517295,117517295,95
TIC 117544643,117544643,95
TIC 117544982,117544982,95
TIC 121421711,121421711,95
TIC 121424406,121424406,95
TIC 121474901,121474901,95
TIC 121475272,121475272,95
TIC 121487860,121487860,95
TIC 121488128,121488128,95
TIC 121489136,121489136,95
TIC 121490076,121490076,95
TIC 121490734,121490734,95
TIC 126637970,126637970,95
TIC 126658353,126658353,95
TIC 126659216,126659216,95
TIC 126702890,126702890,95
TIC 126702952,126702952,95
TIC 126763848,126763848,95
TIC 126765925,126765925,95
TIC 126818771,126818771,95
TIC 126819791,126819791,95
TIC 126874570,126874570,95
TIC 126893752,126893752,95
TIC 126910743,126910743,95
TIC 126914484,126914484,95
TIC 126916326,126916326,95
TIC 126947071,126947071,95
TIC 129636548,129636548,95
TIC 129636999,129636999,95
TIC 129646078,129646078,95
TIC 129646354,129646354,95
TIC 129647563,129647563,95
TIC 129647948,129647948,95
TIC 129648890,129648890,95
TIC 129649472,129649472,95
TIC 129650010,129650010,95
TIC 129680641,129680641,95
TIC 129682444,129682444,95
TIC 129683429,129683429,95
TIC 129711366,129711366,95
TIC 129711508,129711508,95
TIC 129711632,129711632,95
TIC 139066691,139066691,95
TIC 139088261,139088261,95
TIC 139089443,139089443,95
TIC 139090211,139090211,95
TIC 139090355,139090355,95
TIC 139091614,139091614,95
TIC 139112038,139112038,95
TIC 139112948,139112948,95
TIC 139114943,139114943,95
TIC 139120218,139120218,95
TIC 139120863,139120863,95
TIC 139120987,139120987,95
TIC 139121299,139121299,95
TIC 139121623,139121623,95
TIC 139122664,139122664,95
TIC 139123569,139123569,95
TIC 139130598,139130598,95
TIC 139130804,139130804,95
TIC 139131482,139131482,95
TIC 139131746,139131746,95
TIC 139131968,139131968,95
TIC 139132190,139132190,95
TIC 139132646,139132646,95
TIC 139149551,139149551,95
TIC 139188966,139188966,95
TIC 139189841,139189841,95
TIC 139191140,139191140,95
TIC 139197566,139197566,95
TIC 139200056,139200056,95
TIC 139206636,139206636,95
TIC 139208432,139208432,95
TIC 139224512,139224512,95
TIC 139232635,139232635,95
TIC 139232645,139232645,95
TIC 139232924,139232924,95
TIC 139233751,139233751,95
TIC 139258210,139258210,95
TIC 139266474,139266474,95
TIC 139267123,139267123,95
TIC 139282432,139282432,95
TIC 139299950,139299950,95
TIC 139301814,139301814,95
TIC 139301836,139301836,95
TIC 139349673,139349673,95
TIC 139453917,139453917,95
TIC 139455231,139455231,95
TIC 139456051,139456051,95
TIC 139466728,139466728,95
TIC 139467213,139467213,95
TIC 139467921,139467921,95
TIC 139468902,139468902,95
TIC 139697052,139697052,95
TIC 139698421,139698421,95
TIC 139699247,139699247,95
TIC 139719811,139719811,95
TIC 139721076,139721076,95
TIC 139722259,139722259,95
TIC 139723188,139723188,95
TIC 139730235,139730235,95
TIC 139754135,139754135,95
TIC 139754153,139754153,95
TIC 139754623,139754623,95
TIC 139756492,139756492,95
TIC 139757119,139757119,95
TIC 139762780,139762780,95
TIC 139764797,139764797,95
TIC 139770629,139770629,95
TIC 139770793,139770793,95
TIC 139772034,139772034,95
TIC 139804925,139804925,95
TIC 139825840,139825840,95
TIC 139826151,139826151,95
TIC 139827115,139827115,95
TIC 139830331,139830331,95
TIC 139831005,139831005,95
TIC 139831197,139831197,95
TIC 139831293,139831293,95
TIC 139839225,139839225,95
TIC 139877111,139877111,95
TIC 139878193,139878193,95
TIC 139878414,139878414,95
TIC 139878735,139878735,95
TIC 139881011,139881011,95
TIC 139898417,139898417,95
TIC 139899309,139899309,95
TIC 139899397,139899397,95
TIC 139915094,139915094,95
TIC 139916247,139916247,95
TIC 139917227,139917227,95
TIC 139935194,139935194,95
TIC 139988455,139988455,95
TIC 139990632,139990632,95
TIC 139991592,139991592,95
TIC 139993199,139993199,95
TIC 139993838,139993838,95
TIC 139994847,139994847,95
TIC 140041127,140041127,95
TIC 140045537,140045537,95
TIC 140045614,140045614,95
TIC 140048336,140048336,95
TIC 140051677,140051677,95
TIC 140067408,140067408,95
TIC 140069652,140069652,95
TIC 140510862,140510862,95
TIC 140511057,140511057,95
TIC 140512024,140512024,95
TIC 140579430,140579430,95
TIC 140579490,140579490,95
TIC 140579537,140579537,95
TIC 140579608,140579608,95
TIC 140598179,140598179,95
TIC 140598225,140598225,95
TIC 140599056,140599056,95
TIC 140599284,140599284,95
TIC 140608539,140608539,95
TIC 140608905,140608905,95
TIC 140635111,140635111,95
TIC 140663885,140663885,95
TIC 140664260,140664260,95
TIC 140687801,140687801,95
TIC 140687826,140687826,95
TIC 140692280,140692280,95
TIC 140754797,140754797,95
TIC 140760006,140760006,95
TIC 140760164,140760164,95
TIC 140760434,140760434,95
TIC 140760614,140760614,95
TIC 140761659,140761659,95
TIC 140797786,140797786,95
TIC 140803912,140803912,95
TIC 140826924,140826924,95
TIC 140828663,140828663,95
TIC 140828719,140828719,95
TIC 140828939,140828939,95
TIC 140859822,140859822,95
TIC 140893722,140893722,95
TIC 140894053,140894053,95
TIC 140894185,140894185,95
TIC 140894354,140894354,95
TIC 140938802,140938802,95
TIC 140938804,140938804,95
TIC 140938888,140938888,95
TIC 140938975,140938975,95
TIC 140943025,140943025,95
TIC 140943040,140943040,95
TIC 140943185,140943185,95
TIC 140943323,140943323,95
TIC 140970613,140970613,95
TIC 140971842,140971842,95
TIC 140971945,140971945,95
TIC 140995815,140995815,95
TIC 141001456,141001456,95
TIC 141001699,141001699,95
TIC 141024724,141024724,95
TIC 141025090,141025090,95
TIC 141026267,141026267,95
TIC 141090270,141090270,95
TIC 141092369,141092369,95
TIC 141093693,141093693,95
TIC 141126397,141126397,95
TIC 141126559,141126559,95
TIC 141127435,141127435,95
TIC 141127541,141127541,95
TIC 141810059,141810059,95
TIC 141944484,141944484,95
TIC 143821943,143821943,95
TIC 143851985,143851985,95
TIC 143853116,143853116,95
TIC 143854600,143854600,95
TIC 143854657,143854657,95
TIC 143855075,143855075,95
TIC 143856626,143856626,95
TIC 143923307,143923307,95
TIC 143924173,143924173,95
TIC 143980346,143980346,95
TIC 143980902,143980902,95
TIC 143981856,143981856,95
TIC 143982570,143982570,95
TIC 143996634,143996634,95
TIC 144002497,144002497,95
TIC 144002706,144002706,95
TIC 144046368,144046368,95
TIC 144046929,144046929,95
TIC 144048277,144048277,95
TIC 144068704,144068704,95
TIC 144069061,144069061,95
TIC 144069244,144069244,95
TIC 144070566,144070566,95
TIC 144251458,144251458,95
TIC 147112802,147112802,95
TIC 147112823,147112823,95
TIC 147113185,147113185,95
TIC 147113919,147113919,95
TIC 147113992,147113992,95
TIC 147113993,147113993,95
TIC 147114002,147114002,95
TIC 147114436,147114436,95
TIC 147115277,147115277,95
TIC 147130997,147130997,95
TIC 147146907,147146907,95
TIC 147199754,147199754,95
TIC 147204909,147204909,95
TIC 147206199,147206199,95
TIC 147206869,147206869,95
TIC 147207061,147207061,95
TIC 147249160,147249160,95
TIC 147249287,147249287,95
TIC 147249403,147249403,95
TIC 147265837,147265837,95
TIC 147269502,147269502,95
TIC 147269716,147269716,95
TIC 147285445,147285445,95
TIC 147285628,147285628,95
TIC 147285823,147285823,95
TIC 147286084,147286084,95
TIC 147303059,147303059,95
TIC 147329587,147329587,95
TIC 147331727,147331727,95
TIC 147333437,147333437,95
TIC 147333819,147333819,95
TIC 147334862,147334862,95
TIC 147335048,147335048,95
TIC 147335089,147335089,95
TIC 147337026,147337026,95
TIC 147337107,147337107,95
TIC 147337502,147337502,95
TIC 147339266,147339266,95
TIC 147349694,147349694,95
TIC 147405901,147405901,95
TIC 147407292,147407292,95
TIC 147407408,147407408,95
TIC 147419376,147419376,95
TIC 147422354,147422354,95
TIC 147423571,147423571,95
TIC 147425848,147425848,95
TIC 149037641,149037641,95
TIC 149060586,149060586,95
TIC 149105764,149105764,95
TIC 149126329,149126329,95
TIC 149126400,149126400,95
TIC 149156748,149156748,95
TIC 149174494,149174494,95
TIC 149174576,149174576,95
TIC 149216532,149216532,95
TIC 149268691,149268691,95
TIC 149268934,149268934,95
TIC 149273522,149273522,95
TIC 149303766,149303766,95
TIC 149308175,149308175,95
TIC 149349867,149349867,95
TIC 149389419,149389419,95
TIC 149474739,149474739,95
TIC 149497236,149497236,95
TIC 149598862,149598862,95
TIC 149628100,149628100,95
TIC 149913598,149913598,95
TIC 149914338,149914338,95
TIC 149914390,149914390,95
TIC 149914697,149914697,95
TIC 149976187,149976187,95
TIC 149976535,149976535,95
TIC 149989864,149989864,95
TIC 149989937,149989937,95
TIC 149990098,149990098,95
TIC 149990367,149990367,95
TIC 149993445,149993445,95
TIC 150028806,150028806,95
TIC 150030950,150030950,95
TIC 150031040,150031040,95
TIC 150031443,150031443,95
TIC 150031766,150031766,95
TIC 150033637,150033637,95
TIC 150062222,150062222,95
TIC 150062447,150062447,95
TIC 150062502,150062502,95
TIC 150062527,150062527,95
TIC 150062649,150062649,95
TIC 150064238,150064238,95
TIC 150064391,150064391,95
TIC 150064525,150064525,95
TIC 150065109,150065109,95
TIC 150065151,150065151,95
TIC 150098542,150098542,95
TIC 150098575,150098575,95
TIC 150098777,150098777,95
TIC 150098860,150098860,95
TIC 150099218,150099218,95
TIC 150100106,150100106,95
TIC 150100421,150100421,95
TIC 150100627,150100627,95
TIC 150106486,150106486,95
TIC 150107221,150107221,95
TIC 150107289,150107289,95
TIC 150107539,150107539,95
TIC 150107703,150107703,95
TIC 150143137,150143137,95
TIC 150144415,150144415,95
TIC 150144933,150144933,95
TIC 150150095,150150095,95
TIC 150165657,150165657,95
TIC 150165735,150165735,95
TIC 150165740,150165740,95
TIC 150166091,150166091,95
TIC 150168739,150168739,95
TIC 150186826,150186826,95
TIC 150188411,150188411,95
TIC 150191881,150191881,95
TIC 150245430,150245430,95
TIC 150245438,150245438,95
TIC 150270708,150270708,95
TIC 150275595,150275595,95
TIC 150297383,150297383,95
TIC 150319693,150319693,95
TIC 150356135,150356135,95
TIC 150361208,150361208,95
TIC 150389603,150389603,95
TIC 150389853,150389853,95
TIC 150427790,150427790,95
TIC 150428031,150428031,95
TIC 150428135,150428135,95
TIC 150437821,150437821,95
TIC 150437899,150437899,95
TIC 152221976,152221976,95
TIC 152225810,152225810,95
TIC 152250936,152250936,95
TIC 152250937,152250937,95
TIC 152251299,152251299,95
TIC 152271855,152271855,95
TIC 152272693,152272693,95
TIC 152282858,152282858,95
TIC 152283270,152283270,95
TIC 152283580,152283580,95
TIC 152286180,152286180,95
TIC 152286602,152286602,95
TIC 152808505,152808505,95
TIC 152819773,152819773,95
TIC 152825519,152825519,95
TIC 152867947,152867947,95
TIC 152875656,152875656,95
TIC 152876365,152876365,95
TIC 152878017,152878017,95
TIC 152888752,152888752,95
TIC 152889176,152889176,95
TIC 152926212,152926212,95
TIC 152926340,152926340,95
TIC 152926769,152926769,95
TIC 152927388,152927388,95
TIC 152962835,152962835,95
TIC 152962952,152962952,95
TIC 159638892,159638892,95
TIC 159640970,159640970,95
TIC 159670453,159670453,95
TIC 159671247,159671247,95
TIC 159672173,159672173,95
TIC 159693278,159693278,95
TIC 159693368,159693368,95
TIC 159732098,159732098,95
TIC 159734503,159734503,95
TIC 159746875,159746875,95
TIC 159746942,159746942,95
TIC 159747622,159747622,95
TIC 159747831,159747831,95
TIC 159779976,159779976,95
TIC 159780236,159780236,95
TIC 159805154,159805154,95
TIC 159806234,159806234,95
TIC 159833896,159833896,95
TIC 159834975,159834975,95
TIC 159843438,159843438,95
TIC 159844055,159844055,95
TIC 159858571,159858571,95
TIC 160033692,160033692,95
TIC 160036597,160036597,95
TIC 160037874,160037874,95
TIC 160070294,160070294,95
TIC 160074095,160074095,95
TIC 161135421,161135421,95
TIC 161153072,161153072,95
TIC 161154061,161154061,95
TIC 161155047,161155047,95
TIC 161167878,161167878,95
TIC 161171529,161171529,95
TIC 161172103,161172103,95
TIC 161173191,161173191,95
TIC 161175160,161175160,95
TIC 161176007,161176007,95
TIC 161176097,161176097,95
TIC 161208596,161208596,95
TIC 161223358,161223358,95
TIC 161263070,161263070,95
TIC 161263740,161263740,95
TIC 161265414,161265414,95
TIC 161265576,161265576,95
TIC 161266151,161266151,95
TIC 161267453,161267453,95
TIC 161268898,161268898,95
TIC 161269197,161269197,95
TIC 161269983,161269983,95
TIC 161270578,161270578,95
TIC 161272847,161272847,95
TIC 161272957,161272957,95
TIC 161272986,161272986,95
TIC 161291020,161291020,95
TIC 161291820,161291820,95
TIC 161291833,161291833,95
TIC 161291844,161291844,95
TIC 161291872,161291872,95
TIC 161291878,161291878,95
TIC 161291886,161291886,95
TIC 161291889,161291889,95
TIC 161291914,161291914,95
TIC 161291990,161291990,95
TIC 161292042,161292042,95
TIC 161292104,161292104,95
TIC 161306886,161306886,95
TIC 161306919,161306919,95
TIC 161306940,161306940,95
TIC 161307172,161307172,95
TIC 161313103,161313103,95
TIC 161313169,161313169,95
TIC 161313228,161313228,95
TIC 161314759,161314759,95
TIC 161315615,161315615,95
TIC 161334416,161334416,95
TIC 161334513,161334513,95
TIC 161335014,161335014,95
TIC 161356637,161356637,95
TIC 161358931,161358931,95
TIC 161382432,161382432,95
TIC 161383245,161383245,95
TIC 161383683,161383683,95
TIC 161401705,161401705,95
TIC 161403043,161403043,95
TIC 161439204,161439204,95
TIC 161439851,161439851,95
TIC 165062040,165062040,95
TIC 165064153,165064153,95
TIC 165064829,165064829,95
TIC 165065639,165065639,95
TIC 165076764,165076764,95
TIC 165076924,165076924,95
TIC 165096889,165096889,95
TIC 165109591,165109591,95
TIC 165110581,165110581,95
TIC 166652618,166652618,95
TIC 167123437,167123437,95
TIC 167169260,167169260,95
TIC 167245467,167245467,95
TIC 167305688,167305688,95
TIC 167305689,167305689,95
TIC 167309785,167309785,95
TIC 167420065,167420065,95
TIC 167571875,167571875,95
TIC 167654575,167654575,95
TIC 167892211,167892211,95
TIC 176934407,176934407,95
TIC 176957187,176957187,95
TIC 176957781,176957781,95
TIC 176983552,176983552,95
TIC 176983629,176983629,95
TIC 176984144,176984144,95
TIC 177037750,177037750,95
TIC 177080030,177080030,95
TIC 177080157,177080157,95
TIC 177080751,177080751,95
TIC 177117483,177117483,95
TIC 177118177,177118177,95
TIC 177118376,177118376,95
TIC 177181147,177181147,95
TIC 177181322,177181322,95
TIC 177181688,177181688,95
TIC 177181728,177181728,95
TIC 177236218,177236218,95
TIC 177236338,177236338,95
TIC 179124163,179124163,95
TIC 179317684,179317684,95
TIC 179369863,179369863,95
TIC 179369970,179369970,95
TIC 179574131,179574131,95
TIC 179574710,179574710,95
TIC 179575202,179575202,95
TIC 179576115,179576115,95
TIC 179638714,179638714,95
TIC 181656011,181656011,95
TIC 182074490,182074490,95
TIC 182734559,182734559,95
TIC 182734591,182734591,95
TIC 182912039,182912039,95
TIC 183117027,183117027,95
TIC 183120439,183120439,95
TIC 183120458,183120458,95
TIC 183120880,183120880,95
TIC 183306127,183306127,95
TIC 183307030,183307030,95
TIC 183495016,183495016,95
TIC 183645021,183645021,95
TIC 183802737,183802737,95
TIC 197569799,197569799,95
TIC 197572123,197572123,95
TIC 197573462,197573462,95
TIC 197589098,197589098,95
TIC 197593829,197593829,95
TIC 197594519,197594519,95
TIC 197596346,197596346,95
TIC 197600208,197600208,95
TIC 197601262,197601262,95
TIC 197612542,197612542,95
TIC 197613880,197613880,95
TIC 197614201,197614201,95
TIC 197614266,197614266,95
TIC 197617173,197617173,95
TIC 197617428,197617428,95
TIC 197640008,197640008,95
TIC 197640463,197640463,95
TIC 197641601,197641601,95
TIC 197644690,197644690,95
TIC 197646670,197646670,95
TIC 197682658,197682658,95
TIC 197682684,197682684,95
TIC 197683308,197683308,95
TIC 197684103,197684103,95
TIC 197685109,197685109,95
TIC 197686459,197686459,95
TIC 197686479,197686479,95
TIC 197686484,197686484,95
TIC 197687846,197687846,95
TIC 197689563,197689563,95
TIC 197691162,197691162,95
TIC 197692262,197692262,95
TIC 197692450,197692450,95
TIC 197693940,197693940,95
TIC 197695780,197695780,95
TIC 197710927,197710927,95
TIC 197712658,197712658,95
TIC 197732687,197732687,95
TIC 197736350,197736350,95
TIC 197736960,197736960,95
TIC 197740634,197740634,95
TIC 197759714,197759714,95
TIC 197762633,197762633,95
TIC 197764099,197764099,95
TIC 197765587,197765587,95
TIC 197783522,197783522,95
TIC 197908581,197908581,95
TIC 197949241,197949241,95
TIC 197950219,197950219,95
TIC 197951574,197951574,95
TIC 197951576,197951576,95
TIC 197951752,197951752,95
TIC 197951792,197951792,95
TIC 197958223,197958223,95
TIC 197960386,197960386,95
TIC 197962717,197962717,95
TIC 197963166,197963166,95
TIC 197979974,197979974,95
TIC 197980131,197980131,95
TIC 197980430,197980430,95
TIC 197986466,197986466,95
TIC 198051324,198051324,95
TIC 198076334,198076334,95
TIC 198076363,198076363,95
TIC 198076565,198076565,95
TIC 198076752,198076752,95
TIC 198079199,198079199,95
TIC 198079204,198079204,95
TIC 198081977,198081977,95
TIC 200643351,200643351,95
TIC 200644837,200644837,95
TIC 200647567,200647567,95
TIC 201175570,201175570,95
TIC 201226377,201226377,95
TIC 201228053,201228053,95
TIC 201234434,201234434,95
TIC 201234655,201234655,95
TIC 201234783,201234783,95
TIC 201235046,201235046,95
TIC 201247617,201247617,95
TIC 201249229,201249229,95
TIC 201255004,201255004,95
TIC 201255062,201255062,95
TIC 201256293,201256293,95
TIC 201285948,201285948,95
TIC 201286585,201286585,95
TIC 201288178,201288178,95
TIC 201288496,201288496,95
TIC 201289521,201289521,95
TIC 201290574,201290574,95
TIC 201290835,201290835,95
TIC 201291279,201291279,95
TIC 201293014,201293014,95
TIC 201293055,201293055,95
TIC 201293321,201293321,95
TIC 201293664,201293664,95
TIC 201293913,201293913,95
TIC 201295243,201295243,95
TIC 201305061,201305061,95
TIC 201306238,201306238,95
TIC 201306559,201306559,95
TIC 201308007,201308007,95
TIC 201309830,201309830,95
TIC 201312043,201312043,95
TIC 201333212,201333212,95
TIC 201352990,201352990,95
TIC 201364578,201364578,95
TIC 204396660,204396660,95
TIC 204439665,204439665,95
TIC 204440456,204440456,95
TIC 204440619,204440619,95
TIC 204441021,204441021,95
TIC 204445438,204445438,95
TIC 204451004,204451004,95
TIC 204451102,204451102,95
TIC 204452012,204452012,95
TIC 204453397,204453397,95
TIC 204495427,204495427,95
TIC 204495698,204495698,95
TIC 204496071,204496071,95
TIC 204496251,204496251,95
TIC 204500565,204500565,95
TIC 204527734,204527734,95
TIC 204543724,204543724,95
TIC 204543760,204543760,95
TIC 204544515,204544515,95
TIC 204547050,204547050,95
TIC 204570408,204570408,95
TIC 204570421,204570421,95
TIC 204570422,204570422,95
TIC 204570430,204570430,95
TIC 204570490,204570490,95
TIC 204571494,204571494,95
TIC 204571888,204571888,95
TIC 204571974,204571974,95
TIC 204571977,204571977,95
TIC 204572114,204572114,95
TIC 204572735,204572735,95
TIC 204583614,204583614,95
TIC 204583631,204583631,95
TIC 204583642,204583642,95
TIC 204583670,204583670,95
TIC 204583709,204583709,95
TIC 204583770,204583770,95
TIC 204583838,204583838,95
TIC 204585145,204585145,95
TIC 204585209,204585209,95
TIC 204585293,204585293,95
TIC 204585311,204585311,95
TIC 204586890,204586890,95
TIC 204587720,204587720,95
TIC 204589246,204589246,95
TIC 204589253,204589253,95
TIC 204589274,204589274,95
TIC 204589308,204589308,95
TIC 204589324,204589324,95
TIC 206285112,206285112,95
TIC 206285533,206285533,95
TIC 206347723,206347723,95
TIC 206353876,206353876,95
TIC 206362352,206362352,95
TIC 206365038,206365038,95
TIC 206365894,206365894,95
TIC 206383542,206383542,95
TIC 206400216,206400216,95
TIC 206409213,206409213,95
TIC 206437251,206437251,95
TIC 206460831,206460831,95
TIC 206462125,206462125,95
TIC 206462567,206462567,95
TIC 206464136,206464136,95
TIC 206472442,206472442,95
TIC 206472881,206472881,95
TIC 206473418,206473418,95
TIC 206473439,206473439,95
TIC 206480502,206480502,95
TIC 206482194,206482194,95
TIC 206488309,206488309,95
TIC 206497582,206497582,95
TIC 206500312,206500312,95
TIC 206507288,206507288,95
TIC 206532856,206532856,95
TIC 206533085,206533085,95
TIC 206534627,206534627,95
TIC 206536202,206536202,95
TIC 206536824,206536824,95
TIC 206552591,206552591,95
TIC 206560868,206560868,95
TIC 206591726,206591726,95
TIC 206591925,206591925,95
TIC 206607256,206607256,95
TIC 206609630,206609630,95
TIC 206615548,206615548,95
TIC 206615662,206615662,95
TIC 206615693,206615693,95
TIC 206652542,206652542,95
TIC 207072109,207072109,95
TIC 207072901,207072901,95
TIC 207073518,207073518,95
TIC 207073700,207073700,95
TIC 207074616,207074616,95
TIC 207077159,207077159,95
TIC 207078007,207078007,95
TIC 207079776,207079776,95
TIC 209303067,209303067,95
TIC 209303204,209303204,95
TIC 209373131,209373131,95
TIC 209374489,209374489,95
TIC 209375295,209375295,95
TIC 209376399,209376399,95
TIC 209393544,209393544,95
TIC 209394625,209394625,95
TIC 209394833,209394833,95
TIC 209395091,209395091,95
TIC 209395139,209395139,95
TIC 209395921,209395921,95
TIC 209396075,209396075,95
TIC 209396388,209396388,95
TIC 209397773,209397773,95
TIC 209398747,209398747,95
TIC 209401086,209401086,95
TIC 209402808,209402808,95
TIC 209403007,209403007,95
TIC 209404113,209404113,95
TIC 211334618,211334618,95
TIC 211335296,211335296,95
TIC 211336288,211336288,95
TIC 211352962,211352962,95
TIC 211353887,211353887,95
TIC 211376134,211376134,95
TIC 211379912,211379912,95
TIC 211380515,211380515,95
TIC 211383327,211383327,95
TIC 211401599,211401599,95
TIC 211402632,211402632,95
TIC 211402666,211402666,95
TIC 211402790,211402790,95
TIC 211402869,211402869,95
TIC 211404370,211404370,95
TIC 211407077,211407077,95
TIC 211408145,211408145,95
TIC 211408232,211408232,95
TIC 211408441,211408441,95
TIC 211409161,211409161,95
TIC 211410792,211410792,95
TIC 211411633,211411633,95
TIC 211412056,211412056,95
TIC 211413642,211413642,95
TIC 211431120,211431120,95
TIC 211431214,211431214,95
TIC 211432414,211432414,95
TIC 211434613,211434613,95
TIC 212251604,212251604,95
TIC 212253103,212253103,95
TIC 212253390,212253390,95
TIC 212254842,212254842,95
TIC 212259262,212259262,95
TIC 212261751,212261751,95
TIC 212262393,212262393,95
TIC 212294598,212294598,95
TIC 212294682,212294682,95
TIC 212319204,212319204,95
TIC 212324934,212324934,95
TIC 212344869,212344869,95
TIC 212345278,212345278,95
TIC 212347311,212347311,95
TIC 212347401,212347401,95
TIC 212347841,212347841,95
TIC 212348609,212348609,95
TIC 212352349,212352349,95
TIC 212354996,212354996,95
TIC 212356512,212356512,95
TIC 212357654,212357654,95
TIC 214203655,214203655,95
TIC 214300766,214300766,95
TIC 214301313,214301313,95
TIC 214368082,214368082,95
TIC 214515989,214515989,95
TIC 214517314,214517314,95
TIC 214517366,214517366,95
TIC 214517415,214517415,95
TIC 214517426,214517426,95
TIC 214567611,214567611,95
TIC 214568827,214568827,95
TIC 214568914,214568914,95
TIC 214659001,214659001,95
TIC 214659089,214659089,95
TIC 214660387,214660387,95
TIC 214709500,214709500,95
TIC 214710574,214710574,95
TIC 214710750,214710750,95
TIC 214874883,214874883,95
TIC 214912445,214912445,95
TIC 214912513,214912513,95
TIC 214912529,214912529,95
TIC 214913675,214913675,95
TIC 214913775,214913775,95
TIC 214990792,214990792,95
TIC 214990837,214990837,95
TIC 214992249,214992249,95
TIC 215054758,215054758,95
TIC 215113338,215113338,95
TIC 215114682,215114682,95
TIC 219120679,219120679,95
TIC 219138584,219138584,95
TIC 219140493,219140493,95
TIC 219143616,219143616,95
TIC 219148354,219148354,95
TIC 219151514,219151514,95
TIC 219153632,219153632,95
TIC 219155952,219155952,95
TIC 219156946,219156946,95
TIC 219161221,219161221,95
TIC 219163489,219163489,95
TIC 219164117,219164117,95
TIC 219164846,219164846,95
TIC 219166909,219166909,95
TIC 219172413,219172413,95
TIC 219173261,219173261,95
TIC 219173413,219173413,95
TIC 219175154,219175154,95
TIC 219175812,219175812,95
TIC 219175972,219175972,95
TIC 219181193,219181193,95
TIC 219181903,219181903,95
TIC 219193286,219193286,95
TIC 219193548,219193548,95
TIC 219194201,219194201,95
TIC 219196118,219196118,95
TIC 219196871,219196871,95
TIC 219197061,219197061,95
TIC 219200061,219200061,95
TIC 219202708,219202708,95
TIC 219205475,219205475,95
TIC 219213592,219213592,95
TIC 219214642,219214642,95
TIC 219318372,219318372,95
TIC 219321090,219321090,95
TIC 219326989,219326989,95
TIC 219327907,219327907,95
TIC 219328566,219328566,95
TIC 219331395,219331395,95
TIC 219338027,219338027,95
TIC 219339884,219339884,95
TIC 219341196,219341196,95
TIC 220389494,220389494,95
TIC 220391964,220391964,95
TIC 220395550,220395550,95
TIC 220398169,220398169,95
TIC 220398261,220398261,95
TIC 220398321,220398321,95
TIC 220398365,220398365,95
TIC 220398548,220398548,95
TIC 220398575,220398575,95
TIC 220401647,220401647,95
TIC 220404695,220404695,95
TIC 220404759,220404759,95
TIC 220408010,220408010,95
TIC 220408233,220408233,95
TIC 220411388,220411388,95
TIC 220411474,220411474,95
TIC 220411489,220411489,95
TIC 220411510,220411510,95
TIC 220414222,220414222,95
TIC 220414802,220414802,95
TIC 220414907,220414907,95
TIC 220414917,220414917,95
TIC 220454845,220454845,95
TIC 220481536,220481536,95
TIC 220484175,220484175,95
TIC 220488806,220488806,95
TIC 220490418,220490418,95
TIC 220497812,220497812,95
TIC 220506705,220506705,95
TIC 220513363,220513363,95
TIC 220515953,220515953,95
TIC 220517490,220517490,95
TIC 220518018,220518018,95
TIC 220518620,220518620,95
TIC 220518896,220518896,95
TIC 220519449,220519449,95
TIC 220521560,220521560,95
TIC 220522527,220522527,95
TIC 220522615,220522615,95
TIC 220523140,220523140,95
TIC 220523369,220523369,95
TIC 220523550,220523550,95
TIC 220523818,220523818,95
TIC 220524097,220524097,95
TIC 220524965,220524965,95
TIC 220525353,220525353,95
TIC 220526731,220526731,95
TIC 220526765,220526765,95
TIC 220526882,220526882,95
TIC 220536421,220536421,95
TIC 220538050,220538050,95
TIC 220538210,220538210,95
TIC 220538394,220538394,95
TIC 220538497,220538497,95
TIC 220538788,220538788,95
TIC 220539036,220539036,95
TIC 220554203,220554203,95
TIC 220555048,220555048,95
TIC 220555122,220555122,95
TIC 220555225,220555225,95
TIC 220556072,220556072,95
TIC 220557792,220557792,95
TIC 220558700,220558700,95
TIC 220558792,220558792,95
TIC 220559249,220559249,95
TIC 220559530,220559530,95
TIC 220560148,220560148,95
TIC 220563149,220563149,95
TIC 220565276,220565276,95
TIC 220565588,220565588,95
TIC 220565780,220565780,95
TIC 220566935,220566935,95
TIC 220567625,220567625,95
TIC 220567752,220567752,95
TIC 220568520,220568520,95
TIC 220569410,220569410,95
TIC 220570408,220570408,95
TIC 220570421,220570421,95
TIC 220571386,220571386,95
TIC 220571639,220571639,95
TIC 220571696,220571696,95
TIC 220573709,220573709,95
TIC 220576880,220576880,95
TIC 220577776,220577776,95
TIC 220577959,220577959,95
TIC 220578510,220578510,95
TIC 229013861,229013861,95
TIC 229013887,229013887,95
TIC 229013898,229013898,95
TIC 229039308,229039308,95
TIC 229040965,229040965,95
TIC 229042207,229042207,95
TIC 229044117,229044117,95
TIC 229050493,229050493,95
TIC 229051528,229051528,95
TIC 229051540,229051540,95
TIC 229053991,229053991,95
TIC 229054294,229054294,95
TIC 229054644,229054644,95
TIC 229055790,229055790,95
TIC 229056956,229056956,95
TIC 229057031,229057031,95
TIC 229057867,229057867,95
TIC 229058225,229058225,95
TIC 229058393,229058393,95
TIC 229059574,229059574,95
TIC 229059741,229059741,95
TIC 229061843,229061843,95
TIC 229062027,229062027,95
TIC 229802825,229802825,95
TIC 229808847,229808847,95
TIC 231006567,231006567,95
TIC 231013310,231013310,95
TIC 231075453,231075453,95
TIC 231082469,231082469,95
TIC 231089582,231089582,95
TIC 231262665,231262665,95
TIC 231265333,231265333,95
TIC 231266199,231266199,95
TIC 231267777,231267777,95
TIC 231697087,231697087,95
TIC 231698181,231698181,95
TIC 231700251,231700251,95
TIC 231702121,231702121,95
TIC 231704229,231704229,95
TIC 231708265,231708265,95
TIC 231709307,231709307,95
TIC 231711783,231711783,95
TIC 231712332,231712332,95
TIC 231712871,231712871,95
TIC 231716612,231716612,95
TIC 231740109,231740109,95
TIC 231740204,231740204,95
TIC 231740238,231740238,95
TIC 231804759,231804759,95
TIC 231825328,231825328,95
TIC 231826813,231826813,95
TIC 231827609,231827609,95
TIC 231828139,231828139,95
TIC 231828182,231828182,95
TIC 231828422,231828422,95
TIC 231828950,231828950,95
TIC 231830002,231830002,95
TIC 231830227,231830227,95
TIC 231832823,231832823,95
TIC 231833061,231833061,95
TIC 231833236,231833236,95
TIC 231833973,231833973,95
TIC 231834793,231834793,95
TIC 231835378,231835378,95
TIC 231835379,231835379,95
TIC 231835666,231835666,95
TIC 231835991,231835991,95
TIC 231836962,231836962,95
TIC 231836967,231836967,95
TIC 231839456,231839456,95
TIC 231840947,231840947,95
TIC 231842161,231842161,95
TIC 231843574,231843574,95
TIC 231844429,231844429,95
TIC 231845006,231845006,95
TIC 231845752,231845752,95
TIC 231845963,231845963,95
TIC 231846470,231846470,95
TIC 231848236,231848236,95
TIC 231850364,231850364,95
TIC 231852444,231852444,95
TIC 231853979,231853979,95
TIC 231854152,231854152,95
TIC 231854272,231854272,95
TIC 231856135,231856135,95
TIC 231857991,231857991,95
TIC 231861257,231861257,95
TIC 231861399,231861399,95
TIC 231861525,231861525,95
TIC 231861543,231861543,95
TIC 231861553,231861553,95
TIC 231865835,231865835,95
TIC 231906514,231906514,95
TIC 231907114,231907114,95
TIC 231907750,231907750,95
TIC 231912779,231912779,95
TIC 231912935,231912935,95
TIC 231914436,231914436,95
TIC 232064459,232064459,95
TIC 232068489,232068489,95
TIC 232069384,232069384,95
TIC 232080070,232080070,95
TIC 232080452,232080452,95
TIC 232083010,232083010,95
TIC 232083054,232083054,95
TIC 232085969,232085969,95
TIC 232086709,232086709,95
TIC 232087645,232087645,95
TIC 233961805,233961805,95
TIC 233962052,233962052,95
TIC 233962972,233962972,95
TIC 233963382,233963382,95
TIC 233964122,233964122,95
TIC 233964642,233964642,95
TIC 233964924,233964924,95
TIC 233966602,233966602,95
TIC 233966810,233966810,95
TIC 233966955,233966955,95
TIC 233966981,233966981,95
TIC 233967143,233967143,95
TIC 233967252,233967252,95
TIC 233967362,233967362,95
TIC 234290432,234290432,95
TIC 234293501,234293501,95
TIC 234293880,234293880,95
TIC 234295068,234295068,95
TIC 234295610,234295610,95
TIC 234297691,234297691,95
TIC 234298029,234298029,95
TIC 234298182,234298182,95
TIC 234299361,234299361,95
TIC 234299676,234299676,95
TIC 234301836,234301836,95
TIC 234305624,234305624,95
TIC 234306168,234306168,95
TIC 234306483,234306483,95
TIC 234334620,234334620,95
TIC 234334772,234334772,95
TIC 234340362,234340362,95
TIC 234343902,234343902,95
TIC 234343957,234343957,95
TIC 234489900,234489900,95
TIC 234489976,234489976,95
TIC 234490974,234490974,95
TIC 234491752,234491752,95
TIC 234493714,234493714,95
TIC 234494401,234494401,95
TIC 234495456,234495456,95
TIC 234496405,234496405,95
TIC 234497281,234497281,95
TIC 234497780,234497780,95
TIC 234498427,234498427,95
TIC 234498449,234498449,95
TIC 234498473,234498473,95
TIC 234499749,234499749,95
TIC 234500531,234500531,95
TIC 234500678,234500678,95
TIC 234500881,234500881,95
TIC 234501204,234501204,95
TIC 234502357,234502357,95
TIC 234505321,234505321,95
TIC 234505799,234505799,95
TIC 234506344,234506344,95
TIC 234506462,234506462,95
TIC 234506637,234506637,95
TIC 234506911,234506911,95
TIC 234506922,234506922,95
TIC 234507163,234507163,95
TIC 234507537,234507537,95
TIC 234508705,234508705,95
TIC 234509974,234509974,95
TIC 234510781,234510781,95
TIC 234510893,234510893,95
TIC 234511278,234511278,95
TIC 234511396,234511396,95
TIC 234511748,234511748,95
TIC 234512399,234512399,95
TIC 234513029,234513029,95
TIC 234514202,234514202,95
TIC 234514305,234514305,95
TIC 234515059,234515059,95
TIC 234516451,234516451,95
TIC 234517168,234517168,95
TIC 234517722,234517722,95
TIC 234517947,234517947,95
TIC 234517977,234517977,95
TIC 234518259,234518259,95
TIC 234519192,234519192,95
TIC 234520515,234520515,95
TIC 234520626,234520626,95
TIC 234520943,234520943,95
TIC 234521067,234521067,95
TIC 234521667,234521667,95
TIC 234522714,234522714,95
TIC 234522993,234522993,95
TIC 234523308,234523308,95
TIC 234523599,234523599,95
TIC 234523820,234523820,95
TIC 234524385,234524385,95
TIC 234524844,234524844,95
TIC 234525772,234525772,95
TIC 234525773,234525773,95
TIC 234526939,234526939,95
TIC 234526947,234526947,95
TIC 234527228,234527228,95
TIC 234527619,234527619,95
TIC 234528187,234528187,95
TIC 234528436,234528436,95
TIC 234528463,234528463,95
TIC 234528656,234528656,95
TIC 234528991,234528991,95
TIC 234547938,234547938,95
TIC 234548227,234548227,95
TIC 234968549,234968549,95
TIC 234988643,234988643,95
TIC 234989679,234989679,95
TIC 234990425,234990425,95
TIC 234991587,234991587,95
TIC 234994963,234994963,95
TIC 234997609,234997609,95
TIC 235001845,235001845,95
TIC 235004082,235004082,95
TIC 235004484,235004484,95
TIC 235006936,235006936,95
TIC 235006943,235006943,95
TIC 235007556,235007556,95
TIC 235011371,235011371,95
TIC 235011974,235011974,95
TIC 235016317,235016317,95
TIC 235038072,235038072,95
TIC 235038511,235038511,95
TIC 235043302,235043302,95
TIC 235048057,235048057,95
TIC 237312152,237312152,95
TIC 237312965,237312965,95
TIC 237319145,237319145,95
TIC 237319282,237319282,95
TIC 237321214,237321214,95
TIC 237324472,237324472,95
TIC 237325365,237325365,95
TIC 237326769,237326769,95
TIC 237327128,237327128,95
TIC 237331910,237331910,95
TIC 237333515,237333515,95
TIC 237333678,237333678,95
TIC 237333869,237333869,95
TIC 237334931,237334931,95
TIC 237336734,237336734,95
TIC 237337257,237337257,95
TIC 237338062,237338062,95
TIC 237338096,237338096,95
TIC 237339872,237339872,95
TIC 237339895,237339895,95
TIC 237866154,237866154,95
TIC 237877969,237877969,95
TIC 237878242,237878242,95
TIC 237878311,237878311,95
TIC 237878575,237878575,95
TIC 237879291,237879291,95
TIC 237879861,237879861,95
TIC 237879957,237879957,95
TIC 237880240,237880240,95
TIC 237880472,237880472,95
TIC 237880826,237880826,95
TIC 237880881,237880881,95
TIC 237881358,237881358,95
TIC 237881567,237881567,95
TIC 237881761,237881761,95
TIC 237883499,237883499,95
TIC 237883633,237883633,95
TIC 237883772,237883772,95
TIC 237883974,237883974,95
TIC 237885040,237885040,95
TIC 237885807,237885807,95
TIC 237886201,237886201,95
TIC 237886523,237886523,95
TIC 237886615,237886615,95
TIC 237886661,237886661,95
TIC 237906898,237906898,95
TIC 237906951,237906951,95
TIC 237907292,237907292,95
TIC 237907918,237907918,95
TIC 237907939,237907939,95
TIC 237907998,237907998,95
TIC 237909146,237909146,95
TIC 237909385,237909385,95
TIC 237909527,237909527,95
TIC 237910255,237910255,95
TIC 237910557,237910557,95
TIC 237912089,237912089,95
TIC 237912247,237912247,95
TIC 237913194,237913194,95
TIC 237913294,237913294,95
TIC 237914704,237914704,95
TIC 237915132,237915132,95
TIC 237915249,237915249,95
TIC 237916808,237916808,95
TIC 237919436,237919436,95
TIC 237920046,237920046,95
TIC 237921175,237921175,95
TIC 237921538,237921538,95
TIC 237922091,237922091,95
TIC 237922333,237922333,95
TIC 237922465,237922465,95
TIC 237924047,237924047,95
TIC 237924601,237924601,95
TIC 237925364,237925364,95
TIC 237928609,237928609,95
TIC 237928695,237928695,95
TIC 237929468,237929468,95
TIC 237932348,237932348,95
TIC 237932905,237932905,95
TIC 237935160,237935160,95
TIC 237935915,237935915,95
TIC 237936194,237936194,95
TIC 237936983,237936983,95
TIC 237939392,237939392,95
TIC 238169256,238169256,95
TIC 238171605,238171605,95
TIC 238197573,238197573,95
TIC 238811664,238811664,95
TIC 238853145,238853145,95
TIC 238872913,238872913,95
TIC 238895336,238895336,95
TIC 238895699,238895699,95
TIC 238896417,238896417,95
TIC 238896431,238896431,95
TIC 238914510,238914510,95
TIC 238914789,238914789,95
TIC 238915239,238915239,95
TIC 238915288,238915288,95
TIC 238919539,238919539,95
TIC 238920875,238920875,95
TIC 238921498,238921498,95
TIC 238921760,238921760,95
TIC 238921850,238921850,95
TIC 238925893,238925893,95
TIC 238947589,238947589,95
TIC 238948001,238948001,95
TIC 238951413,238951413,95
TIC 253922282,253922282,95
TIC 253923464,253923464,95
TIC 253923475,253923475,95
TIC 253923495,253923495,95
TIC 253923637,253923637,95
TIC 253923638,253923638,95
TIC 253928127,253928127,95
TIC 253928234,253928234,95
TIC 253928368,253928368,95
TIC 253929725,253929725,95
TIC 253929873,253929873,95
TIC 253931639,253931639,95
TIC 253932935,253932935,95
TIC 255548311,255548311,95
TIC 255554033,255554033,95
TIC 255554828,255554828,95
TIC 255558869,255558869,95
TIC 255559203,255559203,95
TIC 255559790,255559790,95
TIC 255560298,255560298,95
TIC 255560319,255560319,95
TIC 255560473,255560473,95
TIC 255560639,255560639,95
TIC 255560692,255560692,95
TIC 255560740,255560740,95
TIC 255565516,255565516,95
TIC 255565991,255565991,95
TIC 255567712,255567712,95
TIC 255567780,255567780,95
TIC 255585808,255585808,95
TIC 255586491,255586491,95
TIC 255586954,255586954,95
TIC 255586960,255586960,95
TIC 255587619,255587619,95
TIC 255588086,255588086,95
TIC 255594396,255594396,95
TIC 255631110,255631110,95
TIC 255632493,255632493,95
TIC 255638398,255638398,95
TIC 255640029,255640029,95
TIC 255640115,255640115,95
TIC 255685030,255685030,95
TIC 255686390,255686390,95
TIC 255701070,255701070,95
TIC 255759158,255759158,95
TIC 255759298,255759298,95
TIC 255759613,255759613,95
TIC 255784888,255784888,95
TIC 257720699,257720699,95
TIC 257725008,257725008,95
TIC 257735470,257735470,95
TIC 259762599,259762599,95
TIC 259783373,259783373,95
TIC 259862015,259862015,95
TIC 259862052,259862052,95
TIC 259885180,259885180,95
TIC 259886730,259886730,95
TIC 259902074,259902074,95
TIC 259902437,259902437,95
TIC 259902846,259902846,95
TIC 259930475,259930475,95
TIC 259961340,259961340,95
TIC 260160453,260160453,95
TIC 260160482,260160482,95
TIC 260188534,260188534,95
TIC 260188633,260188633,95
TIC 260189000,260189000,95
TIC 260239177,260239177,95
TIC 260239338,260239338,95
TIC 260239455,260239455,95
TIC 260239481,260239481,95
TIC 260240161,260240161,95
TIC 260244435,260244435,95
TIC 260244471,260244471,95
TIC 260265631,260265631,95
TIC 260266066,260266066,95
TIC 260266336,260266336,95
TIC 260266449,260266449,95
TIC 260266502,260266502,95
TIC 260266504,260266504,95
TIC 260266558,260266558,95
TIC 260266656,260266656,95
TIC 260267074,260267074,95
TIC 260267208,260267208,95
TIC 260271203,260271203,95
TIC 260271317,260271317,95
TIC 260296875,260296875,95
TIC 260297096,260297096,95
TIC 260297253,260297253,95
TIC 260297461,260297461,95
TIC 260297640,260297640,95
TIC 260297724,260297724,95
TIC 260298315,260298315,95
TIC 260298533,260298533,95
TIC 260303738,260303738,95
TIC 260303793,260303793,95
TIC 260304277,260304277,95
TIC 260304296,260304296,95
TIC 260304800,260304800,95
TIC 260305086,260305086,95
TIC 260305166,260305166,95
TIC 260351540,260351540,95
TIC 260351752,260351752,95
TIC 260351914,260351914,95
TIC 260351985,260351985,95
TIC 260352096,260352096,95
TIC 260352192,260352192,95
TIC 260352227,260352227,95
TIC 260352274,260352274,95
TIC 260354344,260354344,95
TIC 260355054,260355054,95
TIC 260355159,260355159,95
TIC 260355200,260355200,95
TIC 260355230,260355230,95
TIC 260355291,260355291,95
TIC 260355298,260355298,95
TIC 260368982,260368982,95
TIC 260369118,260369118,95
TIC 260369147,260369147,95
TIC 260369411,260369411,95
TIC 260369469,260369469,95
TIC 260369825,260369825,95
TIC 260369855,260369855,95
TIC 260370026,260370026,95
TIC 260370233,260370233,95
TIC 260370234,260370234,95
TIC 260371228,260371228,95
TIC 260371854,260371854,95
TIC 260372062,260372062,95
TIC 260372065,260372065,95
TIC 260416162,260416162,95
TIC 260416268,260416268,95
TIC 260416560,260416560,95
TIC 260416748,260416748,95
TIC 260417220,260417220,95
TIC 260417932,260417932,95
TIC 260418055,260418055,95
TIC 260418241,260418241,95
TIC 260418789,260418789,95
TIC 260473060,260473060,95
TIC 260473548,260473548,95
TIC 260473612,260473612,95
TIC 260474194,260474194,95
TIC 260474322,260474322,95
TIC 260474697,260474697,95
TIC 260504446,260504446,95
TIC 260504770,260504770,95
TIC 260505190,260505190,95
TIC 260506729,260506729,95
TIC 260507484,260507484,95
TIC 260711656,260711656,95
TIC 260750622,260750622,95
TIC 260756703,260756703,95
TIC 260795902,260795902,95
TIC 260821300,260821300,95
TIC 260995123,260995123,95
TIC 261091911,261091911,95
TIC 261204111,261204111,95
TIC 261259244,261259244,95
TIC 261379265,261379265,95
TIC 261498704,261498704,95
TIC 261592213,261592213,95
TIC 261593636,261593636,95
TIC 261644594,261644594,95
TIC 261724714,261724714,95
TIC 262470965,262470965,95
TIC 262471369,262471369,95
TIC 262471410,262471410,95
TIC 262471424,262471424,95
TIC 262471695,262471695,95
TIC 262471752,262471752,95
TIC 262529098,262529098,95
TIC 262816401,262816401,95
TIC 262818224,262818224,95
TIC 262818577,262818577,95
TIC 262823594,262823594,95
TIC 262825533,262825533,95
TIC 262828433,262828433,95
TIC 262828453,262828453,95
TIC 262841041,262841041,95
TIC 262842766,262842766,95
TIC 262843259,262843259,95
TIC 262843754,262843754,95
TIC 262843771,262843771,95
TIC 262843834,262843834,95
TIC 262843950,262843950,95
TIC 262874982,262874982,95
TIC 262876172,262876172,95
TIC 262882637,262882637,95
TIC 262883045,262883045,95
TIC 262883439,262883439,95
TIC 262885069,262885069,95
TIC 262921847,262921847,95
TIC 262924431,262924431,95
TIC 262925465,262925465,95
TIC 263013977,263013977,95
TIC 263014094,263014094,95
TIC 263072320,263072320,95
TIC 263074592,263074592,95
TIC 263076561,263076561,95
TIC 263077260,263077260,95
TIC 263078117,263078117,95
TIC 263078716,263078716,95
TIC 263078990,263078990,95
TIC 263080316,263080316,95
TIC 263176522,263176522,95
TIC 264765942,264765942,95
TIC 264871967,264871967,95
TIC 265436701,265436701,95
TIC 265436721,265436721,95
TIC 265487870,265487870,95
TIC 265526341,265526341,95
TIC 265529741,265529741,95
TIC 265530194,265530194,95
TIC 265591717,265591717,95
TIC 265592111,265592111,95
TIC 265592925,265592925,95
TIC 265609490,265609490,95
TIC 265612457,265612457,95
TIC 265613590,265613590,95
TIC 266541078,266541078,95
TIC 266582707,266582707,95
TIC 266583037,266583037,95
TIC 266584410,266584410,95
TIC 266585703,266585703,95
TIC 266586207,266586207,95
TIC 266586474,266586474,95
TIC 266634832,266634832,95
TIC 266637354,266637354,95
TIC 266641464,266641464,95
TIC 266641914,266641914,95
TIC 266642304,266642304,95
TIC 266678055,266678055,95
TIC 266678309,266678309,95
TIC 266878092,266878092,95
TIC 266881007,266881007,95
TIC 266906059,266906059,95
TIC 266995561,266995561,95
TIC 266995588,266995588,95
TIC 266995916,266995916,95
TIC 266997817,266997817,95
TIC 266999368,266999368,95
TIC 267062522,267062522,95
TIC 267081681,267081681,95
TIC 267092279,267092279,95
TIC 269729972,269729972,95
TIC 269761471,269761471,95
TIC 269762577,269762577,95
TIC 269764905,269764905,95
TIC 269771440,269771440,95
TIC 269793513,269793513,95
TIC 269832851,269832851,95
TIC 269858347,269858347,95
TIC 269884915,269884915,95
TIC 269885278,269885278,95
TIC 269992160,269992160,95
TIC 269996961,269996961,95
TIC 269997442,269997442,95
TIC 270034306,270034306,95
TIC 270034740,270034740,95
TIC 270038123,270038123,95
TIC 270038761,270038761,95
TIC 270039313,270039313,95
TIC 270070443,270070443,95
TIC 270070973,270070973,95
TIC 270071350,270071350,95
TIC 270098064,270098064,95
TIC 270166263,270166263,95
TIC 270200832,270200832,95
TIC 270201185,270201185,95
TIC 270204401,270204401,95
TIC 270219048,270219048,95
TIC 270219259,270219259,95
TIC 270221651,270221651,95
TIC 270247756,270247756,95
TIC 270249497,270249497,95
TIC 270250297,270250297,95
TIC 270251499,270251499,95
TIC 270269890,270269890,95
TIC 270306188,270306188,95
TIC 270338128,270338128,95
TIC 270341214,270341214,95
TIC 270368637,270368637,95
TIC 270394275,270394275,95
TIC 270429868,270429868,95
TIC 270475673,270475673,95
TIC 270500463,270500463,95
TIC 270501383,270501383,95
TIC 270534712,270534712,95
TIC 270535673,270535673,95
TIC 270536913,270536913,95
TIC 270538617,270538617,95
TIC 270565265,270565265,95
TIC 270566958,270566958,95
TIC 270574544,270574544,95
TIC 270577175,270577175,95
TIC 271502950,271502950,95
TIC 271503364,271503364,95
TIC 271503437,271503437,95
TIC 271503441,271503441,95
TIC 273369480,273369480,95
TIC 273397002,273397002,95
TIC 273420262,273420262,95
TIC 273514885,273514885,95
TIC 273651574,273651574,95
TIC 273651895,273651895,95
TIC 273651959,273651959,95
TIC 273695332,273695332,95
TIC 273695675,273695675,95
TIC 273695973,273695973,95
TIC 273696381,273696381,95
TIC 273699298,273699298,95
TIC 273699300,273699300,95
TIC 273825154,273825154,95
TIC 273825367,273825367,95
TIC 273826660,273826660,95
TIC 273827258,273827258,95
TIC 273849194,273849194,95
TIC 273850402,273850402,95
TIC 273850708,273850708,95
TIC 273854939,273854939,95
TIC 273861354,273861354,95
TIC 273864083,273864083,95
TIC 273988707,273988707,95
TIC 276869906,276869906,95
TIC 276934414,276934414,95
TIC 276934673,276934673,95
TIC 276935568,276935568,95
TIC 276935987,276935987,95
TIC 276935996,276935996,95
TIC 276936239,276936239,95
TIC 276936320,276936320,95
TIC 276936458,276936458,95
TIC 277021698,277021698,95
TIC 277021897,277021897,95
TIC 277022505,277022505,95
TIC 277022637,277022637,95
TIC 277022714,277022714,95
TIC 277022838,277022838,95
TIC 277022967,277022967,95
TIC 277023834,277023834,95
TIC 277023992,277023992,95
TIC 277024372,277024372,95
TIC 277025859,277025859,95
TIC 277026183,277026183,95
TIC 277104246,277104246,95
TIC 277108449,277108449,95
TIC 277172433,277172433,95
TIC 277172980,277172980,95
TIC 277173427,277173427,95
TIC 277173650,277173650,95
TIC 277173662,277173662,95
TIC 277176342,277176342,95
TIC 277295979,277295979,95
TIC 277298434,277298434,95
TIC 277298771,277298771,95
TIC 277298891,277298891,95
TIC 277300045,277300045,95
TIC 277300215,277300215,95
TIC 277300234,277300234,95
TIC 277300384,277300384,95
TIC 277301232,277301232,95
TIC 277301936,277301936,95
TIC 277715902,277715902,95
TIC 277751710,277751710,95
TIC 277774250,277774250,95
TIC 277873123,277873123,95
TIC 277939188,277939188,95
TIC 278023291,278023291,95
TIC 278055081,278055081,95
TIC 278515089,278515089,95
TIC 278515786,278515786,95
TIC 278516355,278516355,95
TIC 278523703,278523703,95
TIC 278525028,278525028,95
TIC 278525792,278525792,95
TIC 278536554,278536554,95
TIC 278536652,278536652,95
TIC 278564051,278564051,95
TIC 278564557,278564557,95
TIC 278613604,278613604,95
TIC 278614418,278614418,95
TIC 278615066,278615066,95
TIC 278615882,278615882,95
TIC 278634692,278634692,95
TIC 278661182,278661182,95
TIC 278664109,278664109,95
TIC 278664146,278664146,95
TIC 278665478,278665478,95
TIC 278665972,278665972,95
TIC 278666476,278666476,95
TIC 278704274,278704274,95
TIC 278705842,278705842,95
TIC 278706054,278706054,95
TIC 278770222,278770222,95
TIC 278772261,278772261,95
TIC 278772999,278772999,95
TIC 278784031,278784031,95
TIC 278803981,278803981,95
TIC 278805095,278805095,95
TIC 278831202,278831202,95
TIC 278901586,278901586,95
TIC 279050066,279050066,95
TIC 279054419,279054419,95
TIC 279314081,279314081,95
TIC 279314173,279314173,95
TIC 279359864,279359864,95
TIC 279616114,279616114,95
TIC 279617110,279617110,95
TIC 279636884,279636884,95
TIC 279639108,279639108,95
TIC 279639400,279639400,95
TIC 279647684,279647684,95
TIC 279649049,279649049,95
TIC 279649057,279649057,95
TIC 279649845,279649845,95
TIC 279674929,279674929,95
TIC 279675528,279675528,95
TIC 279727001,279727001,95
TIC 279727206,279727206,95
TIC 279727421,279727421,95
TIC 279727635,279727635,95
TIC 279737108,279737108,95
TIC 279737695,279737695,95
TIC 279740280,279740280,95
TIC 279741177,279741177,95
TIC 279741291,279741291,95
TIC 279741379,279741379,95
TIC 279741610,279741610,95
TIC 279741651,279741651,95
TIC 279741867,279741867,95
TIC 279741942,279741942,95
TIC 279834531,279834531,95
TIC 279834734,279834734,95
TIC 279854445,279854445,95
TIC 279854999,279854999,95
TIC 279855241,279855241,95
TIC 279855962,279855962,95
TIC 279856297,279856297,95
TIC 280051011,280051011,95
TIC 280683734,280683734,95
TIC 280699120,280699120,95
TIC 280792518,280792518,95
TIC 280793137,280793137,95
TIC 280793604,280793604,95
TIC 280793949,280793949,95
TIC 280793961,280793961,95
TIC 280794086,280794086,95
TIC 280794278,280794278,95
TIC 280794284,280794284,95
TIC 280801342,280801342,95
TIC 280801638,280801638,95
TIC 280802461,280802461,95
TIC 280802518,280802518,95
TIC 280803800,280803800,95
TIC 280803917,280803917,95
TIC 280865159,280865159,95
TIC 281540715,281540715,95
TIC 281540786,281540786,95
TIC 281540835,281540835,95
TIC 281541729,281541729,95
TIC 281563792,281563792,95
TIC 281564452,281564452,95
TIC 281574088,281574088,95
TIC 281595262,281595262,95
TIC 281595644,281595644,95
TIC 281595681,281595681,95
TIC 281596326,281596326,95
TIC 281596890,281596890,95
TIC 281597694,281597694,95
TIC 281598190,281598190,95
TIC 281598439,281598439,95
TIC 281599124,281599124,95
TIC 281599144,281599144,95
TIC 281656710,281656710,95
TIC 281667171,281667171,95
TIC 281667263,281667263,95
TIC 281703145,281703145,95
TIC 281703173,281703173,95
TIC 281703294,281703294,95
TIC 281703963,281703963,95
TIC 281708715,281708715,95
TIC 281727592,281727592,95
TIC 281740247,281740247,95
TIC 281763691,281763691,95
TIC 281779224,281779224,95
TIC 281789008,281789008,95
TIC 284073688,284073688,95
TIC 284073790,284073790,95
TIC 284074133,284074133,95
TIC 287435694,287435694,95
TIC 289793076,289793076,95
TIC 289795477,289795477,95
TIC 289824588,289824588,95
TIC 289826199,289826199,95
TIC 289828412,289828412,95
TIC 289828778,289828778,95
TIC 289839756,289839756,95
TIC 289840544,289840544,95
TIC 289840926,289840926,95
TIC 289840928,289840928,95
TIC 289842172,289842172,95
TIC 289934013,289934013,95
TIC 289936278,289936278,95
TIC 289937466,289937466,95
TIC 289938068,289938068,95
TIC 289950895,289950895,95
TIC 289951419,289951419,95
TIC 289952026,289952026,95
TIC 289955627,289955627,95
TIC 290025694,290025694,95
TIC 290027838,290027838,95
TIC 290045925,290045925,95
TIC 290076869,290076869,95
TIC 290077310,290077310,95
TIC 290081384,290081384,95
TIC 290129797,290129797,95
TIC 290131091,290131091,95
TIC 290131778,290131778,95
TIC 290132638,290132638,95
TIC 290132834,290132834,95
TIC 290134233,290134233,95
TIC 290165539,290165539,95
TIC 290350581,290350581,95
TIC 290463663,290463663,95
TIC 290464416,290464416,95
TIC 290483101,290483101,95
TIC 290496618,290496618,95
TIC 290647199,290647199,95
TIC 290715298,290715298,95
TIC 291112891,291112891,95
TIC 291243869,291243869,95
TIC 293162317,293162317,95
TIC 293162397,293162397,95
TIC 293164833,293164833,95
TIC 293218474,293218474,95
TIC 293273119,293273119,95
TIC 293466528,293466528,95
TIC 293506236,293506236,95
TIC 293526756,293526756,95
TIC 293974315,293974315,95
TIC 294094253,294094253,95
TIC 294398549,294398549,95
TIC 294668310,294668310,95
TIC 294927639,294927639,95
TIC 299754951,299754951,95
TIC 299777490,299777490,95
TIC 299798795,299798795,95
TIC 299887679,299887679,95
TIC 299897380,299897380,95
TIC 299898024,299898024,95
TIC 299898153,299898153,95
TIC 299899403,299899403,95
TIC 299941361,299941361,95
TIC 299941489,299941489,95
TIC 299942210,299942210,95
TIC 300011941,300011941,95
TIC 300012030,300012030,95
TIC 300036391,300036391,95
TIC 300037209,300037209,95
TIC 300089496,300089496,95
TIC 300089512,300089512,95
TIC 300141017,300141017,95
TIC 300141025,300141025,95
TIC 300141992,300141992,95
TIC 300163917,300163917,95
TIC 300164495,300164495,95
TIC 300164609,300164609,95
TIC 300266407,300266407,95
TIC 300271822,300271822,95
TIC 300324587,300324587,95
TIC 300324638,300324638,95
TIC 300325379,300325379,95
TIC 300381526,300381526,95
TIC 300446210,300446210,95
TIC 300446243,300446243,95
TIC 300446756,300446756,95
TIC 300447218,300447218,95
TIC 300512993,300512993,95
TIC 300561381,300561381,95
TIC 300561454,300561454,95
TIC 300577534,300577534,95
TIC 300579472,300579472,95
TIC 300579919,300579919,95
TIC 300603910,300603910,95
TIC 300651835,300651835,95
TIC 300651846,300651846,95
TIC 300705632,300705632,95
TIC 300741820,300741820,95
TIC 300742290,300742290,95
TIC 300807817,300807817,95
TIC 300808145,300808145,95
TIC 300864937,300864937,95
TIC 300865934,300865934,95
TIC 300866398,300866398,95
TIC 300903424,300903424,95
TIC 300903537,300903537,95
TIC 300903566,300903566,95
TIC 300935162,300935162,95
TIC 300935176,300935176,95
TIC 300968003,300968003,95
TIC 301194293,301194293,95
TIC 301196610,301196610,95
TIC 301510340,301510340,95
TIC 301510446,301510446,95
TIC 301795095,301795095,95
TIC 301795382,301795382,95
TIC 301892354,301892354,95
TIC 301937753,301937753,95
TIC 301940341,301940341,95
TIC 301940486,301940486,95
TIC 301980959,301980959,95
TIC 302029006,302029006,95
TIC 302029301,302029301,95
TIC 302260448,302260448,95
TIC 302260942,302260942,95
TIC 302295733,302295733,95
TIC 302297226,302297226,95
TIC 302299256,302299256,95
TIC 302300490,302300490,95
TIC 302300684,302300684,95
TIC 302301248,302301248,95
TIC 302333151,302333151,95
TIC 302336267,302336267,95
TIC 302336329,302336329,95
TIC 302453291,302453291,95
TIC 302453312,302453312,95
TIC 302455483,302455483,95
TIC 302751745,302751745,95
TIC 302751788,302751788,95
TIC 302751922,302751922,95
TIC 302753540,302753540,95
TIC 302753973,302753973,95
TIC 302923993,302923993,95
TIC 302924206,302924206,95
TIC 304133090,304133090,95
TIC 306509308,306509308,95
TIC 306509944,306509944,95
TIC 306510653,306510653,95
TIC 306511307,306511307,95
TIC 306511381,306511381,95
TIC 306511559,306511559,95
TIC 306576033,306576033,95
TIC 306576384,306576384,95
TIC 306576660,306576660,95
TIC 306576958,306576958,95
TIC 306577335,306577335,95
TIC 306577373,306577373,95
TIC 306577678,306577678,95
TIC 306577886,306577886,95
TIC 306578069,306578069,95
TIC 306578246,306578246,95
TIC 306578324,306578324,95
TIC 306579787,306579787,95
TIC 306580127,306580127,95
TIC 306580215,306580215,95
TIC 306631299,306631299,95
TIC 306631660,306631660,95
TIC 306631838,306631838,95
TIC 306631844,306631844,95
TIC 306634981,306634981,95
TIC 306635088,306635088,95
TIC 306635432,306635432,95
TIC 306635821,306635821,95
TIC 306636311,306636311,95
TIC 306637197,306637197,95
TIC 306637282,306637282,95
TIC 306637962,306637962,95
TIC 306664945,306664945,95
TIC 306665596,306665596,95
TIC 306666601,306666601,95
TIC 306666732,306666732,95
TIC 306671851,306671851,95
TIC 306672035,306672035,95
TIC 306672432,306672432,95
TIC 306734815,306734815,95
TIC 306735141,306735141,95
TIC 306735638,306735638,95
TIC 306735869,306735869,95
TIC 306736346,306736346,95
TIC 306736492,306736492,95
TIC 306736615,306736615,95
TIC 306736789,306736789,95
TIC 306736831,306736831,95
TIC 306737440,306737440,95
TIC 306737452,306737452,95
TIC 306738356,306738356,95
TIC 306738847,306738847,95
TIC 306738971,306738971,95
TIC 306772594,306772594,95
TIC 306773020,306773020,95
TIC 306773428,306773428,95
TIC 306773798,306773798,95
TIC 306774530,306774530,95
TIC 306774665,306774665,95
TIC 306774815,306774815,95
TIC 306775886,306775886,95
TIC 306825086,306825086,95
TIC 306826065,306826065,95
TIC 306826966,306826966,95
TIC 306828113,306828113,95
TIC 306828965,306828965,95
TIC 306900042,306900042,95
TIC 306900161,306900161,95
TIC 306900946,306900946,95
TIC 308306575,308306575,95
TIC 308310355,308310355,95
TIC 308395911,308395911,95
TIC 308396022,308396022,95
TIC 308396215,308396215,95
TIC 308396509,308396509,95
TIC 308396847,308396847,95
TIC 308396947,308396947,95
TIC 308397121,308397121,95
TIC 308398795,308398795,95
TIC 308399199,308399199,95
TIC 308400796,308400796,95
TIC 308403559,308403559,95
TIC 308403604,308403604,95
TIC 308450331,308450331,95
TIC 308451261,308451261,95
TIC 308451526,308451526,95
TIC 308451529,308451529,95
TIC 308452910,308452910,95
TIC 308453624,308453624,95
TIC 308453663,308453663,95
TIC 308454245,308454245,95
TIC 308454810,308454810,95
TIC 308455131,308455131,95
TIC 308456810,308456810,95
TIC 308457039,308457039,95
TIC 308537791,308537791,95
TIC 308539673,308539673,95
TIC 308541002,308541002,95
TIC 308542258,308542258,95
TIC 308542383,308542383,95
TIC 308542808,308542808,95
TIC 308543034,308543034,95
TIC 308543286,308543286,95
TIC 308543986,308543986,95
TIC 308599430,308599430,95
TIC 308603589,308603589,95
TIC 308612785,308612785,95
TIC 308616873,308616873,95
TIC 308662088,308662088,95
TIC 308663687,308663687,95
TIC 308664596,308664596,95
TIC 308666886,308666886,95
TIC 308745216,308745216,95
TIC 308745715,308745715,95
TIC 308748912,308748912,95
TIC 308749755,308749755,95
TIC 308749877,308749877,95
TIC 308844962,308844962,95
TIC 308845717,308845717,95
TIC 308918539,308918539,95
TIC 308919449,308919449,95
TIC 308920920,308920920,95
TIC 308924539,308924539,95
TIC 308926825,308926825,95
TIC 308986588,308986588,95
TIC 308987429,308987429,95
TIC 308987718,308987718,95
TIC 308991387,308991387,95
TIC 308991822,308991822,95
TIC 308992061,308992061,95
TIC 308993193,308993193,95
TIC 308994098,308994098,95
TIC 308994213,308994213,95
TIC 308995207,308995207,95
TIC 309064718,309064718,95
TIC 309066741,309066741,95
TIC 309066745,309066745,95
TIC 309067801,309067801,95
TIC 309068746,309068746,95
TIC 309070272,309070272,95
TIC 309070278,309070278,95
TIC 309146507,309146507,95
TIC 309146836,309146836,95
TIC 309150857,309150857,95
TIC 309151373,309151373,95
TIC 309252516,309252516,95
TIC 309257814,309257814,95
TIC 309290531,309290531,95
TIC 309292175,309292175,95
TIC 309292963,309292963,95
TIC 309293646,309293646,95
TIC 309297367,309297367,95
TIC 309556213,309556213,95
TIC 309617509,309617509,95
TIC 309617715,309617715,95
TIC 309657610,309657610,95
TIC 309698515,309698515,95
TIC 309698892,309698892,95
TIC 309704722,309704722,95
TIC 309790467,309790467,95
TIC 309791156,309791156,95
TIC 311924546,311924546,95
TIC 311925584,311925584,95
TIC 314865174,314865174,95
TIC 314888218,314888218,95
TIC 316830331,316830331,95
TIC 316854569,316854569,95
TIC 316881344,316881344,95
TIC 316881546,316881546,95
TIC 316881748,316881748,95
TIC 316934780,316934780,95
TIC 316968340,316968340,95
TIC 316976049,316976049,95
TIC 316976070,316976070,95
TIC 316976177,316976177,95
TIC 316991812,316991812,95
TIC 317089497,317089497,95
TIC 317089588,317089588,95
TIC 317097104,317097104,95
TIC 317128664,317128664,95
TIC 318567991,318567991,95
TIC 319244608,319244608,95
TIC 319258493,319258493,95
TIC 319258523,319258523,95
TIC 319469216,319469216,95
TIC 319469248,319469248,95
TIC 319558877,319558877,95
TIC 320916751,320916751,95
TIC 320936968,320936968,95
TIC 320939631,320939631,95
TIC 320951753,320951753,95
TIC 320952706,320952706,95
TIC 320964222,320964222,95
TIC 320965223,320965223,95
TIC 321009122,321009122,95
TIC 321009406,321009406,95
TIC 321010171,321010171,95
TIC 321908233,321908233,95
TIC 321928569,321928569,95
TIC 325080705,325080705,95
TIC 325373801,325373801,95
TIC 325393324,325393324,95
TIC 325393424,325393424,95
TIC 325467217,325467217,95
TIC 325469311,325469311,95
TIC 326288258,326288258,95
TIC 326327260,326327260,95
TIC 326327761,326327761,95
TIC 326328277,326328277,95
TIC 326356701,326356701,95
TIC 326357797,326357797,95
TIC 326393768,326393768,95
TIC 326395505,326395505,95
TIC 326396699,326396699,95
TIC 326444778,326444778,95
TIC 327917972,327917972,95
TIC 327918216,327918216,95
TIC 327938692,327938692,95
TIC 336733806,336733806,95
TIC 339577932,339577932,95
TIC 339578058,339578058,95
TIC 340065512,340065512,95
TIC 340314088,340314088,95
TIC 341040849,341040849,95
TIC 341112260,341112260,95
TIC 341193285,341193285,95
TIC 341193607,341193607,95
TIC 341487531,341487531,95
TIC 341497225,341497225,95
TIC 341729008,341729008,95
TIC 342003207,342003207,95
TIC 342164883,342164883,95
TIC 344586658,344586658,95
TIC 348763160,348763160,95
TIC 348771456,348771456,95
TIC 348962932,348962932,95
TIC 348963603,348963603,95
TIC 349272531,349272531,95
TIC 349370739,349370739,95
TIC 350183722,350183722,95
TIC 350214559,350214559,95
TIC 350221443,350221443,95
TIC 350222083,350222083,95
TIC 350222730,350222730,95
TIC 350273273,350273273,95
TIC 350274059,350274059,95
TIC 350708054,350708054,95
TIC 350821761,350821761,95
TIC 350858583,350858583,95
TIC 355365289,355365289,95
TIC 355368801,355368801,95
TIC 355368845,355368845,95
TIC 355369707,355369707,95
TIC 355424548,355424548,95
TIC 355425084,355425084,95
TIC 355426096,355426096,95
TIC 355476572,355476572,95
TIC 355477670,355477670,95
TIC 355478483,355478483,95
TIC 355480244,355480244,95
TIC 355494317,355494317,95
TIC 355509914,355509914,95
TIC 355581313,355581313,95
TIC 355599878,355599878,95
TIC 355601499,355601499,95
TIC 355601844,355601844,95
TIC 355634897,355634897,95
TIC 355636379,355636379,95
TIC 355637646,355637646,95
TIC 355638102,355638102,95
TIC 355653322,355653322,95
TIC 355653467,355653467,95
TIC 355686486,355686486,95
TIC 355689155,355689155,95
TIC 355689206,355689206,95
TIC 355689348,355689348,95
TIC 355705959,355705959,95
TIC 355706675,355706675,95
TIC 355707000,355707000,95
TIC 355736045,355736045,95
TIC 355737141,355737141,95
TIC 355737224,355737224,95
TIC 355738164,355738164,95
TIC 355738548,355738548,95
TIC 355738969,355738969,95
TIC 355765312,355765312,95
TIC 355766445,355766445,95
TIC 355767066,355767066,95
TIC 355767174,355767174,95
TIC 355767215,355767215,95
TIC 355788030,355788030,95
TIC 355789476,355789476,95
TIC 358049328,358049328,95
TIC 358049455,358049455,95
TIC 358049493,358049493,95
TIC 358049685,358049685,95
TIC 358050165,358050165,95
TIC 358068593,358068593,95
TIC 358068763,358068763,95
TIC 358069236,358069236,95
TIC 358112861,358112861,95
TIC 358112951,358112951,95
TIC 358154514,358154514,95
TIC 358174423,358174423,95
TIC 358182732,358182732,95
TIC 358253471,358253471,95
TIC 358290150,358290150,95
TIC 358455998,358455998,95
TIC 358457606,358457606,95
TIC 358459933,358459933,95
TIC 358460246,358460246,95
TIC 358460382,358460382,95
TIC 358460464,358460464,95
TIC 358463026,358463026,95
TIC 358463513,358463513,95
TIC 358464403,358464403,95
TIC 358464716,358464716,95
TIC 358466601,358466601,95
TIC 358466708,358466708,95
TIC 358467049,358467049,95
TIC 358467087,358467087,95
TIC 358467471,358467471,95
TIC 358467700,358467700,95
TIC 358500970,358500970,95
TIC 358508351,358508351,95
TIC 358508589,358508589,95
TIC 358509793,358509793,95
TIC 358510251,358510251,95
TIC 358510446,358510446,95
TIC 358511676,358511676,95
TIC 358511856,358511856,95
TIC 358512155,358512155,95
TIC 358512171,358512171,95
TIC 358512228,358512228,95
TIC 358512232,358512232,95
TIC 358513065,358513065,95
TIC 358543238,358543238,95
TIC 358576515,358576515,95
TIC 358577149,358577149,95
TIC 358577306,358577306,95
TIC 358579652,358579652,95
TIC 358659512,358659512,95
TIC 358659566,358659566,95
TIC 358806516,358806516,95
TIC 358806522,358806522,95
TIC 358806653,358806653,95
TIC 363913691,363913691,95
TIC 363914665,363914665,95
TIC 364266095,364266095,95
TIC 364266724,364266724,95
TIC 364398190,364398190,95
TIC 364398342,364398342,95
TIC 364399376,364399376,95
TIC 364421326,364421326,95
TIC 364422960,364422960,95
TIC 364423010,364423010,95
TIC 364423372,364423372,95
TIC 364423422,364423422,95
TIC 364424104,364424104,95
TIC 364424201,364424201,95
TIC 364424220,364424220,95
TIC 369182010,369182010,95
TIC 369219055,369219055,95
TIC 369219069,369219069,95
TIC 369250051,369250051,95
TIC 369251636,369251636,95
TIC 369458706,369458706,95
TIC 369682539,369682539,95
TIC 369682595,369682595,95
TIC 369684633,369684633,95
TIC 369705637,369705637,95
TIC 369705840,369705840,95
TIC 369706069,369706069,95
TIC 369707376,369707376,95
TIC 369714007,369714007,95
TIC 369714032,369714032,95
TIC 369714260,369714260,95
TIC 369714459,369714459,95
TIC 369715619,369715619,95
TIC 369715812,369715812,95
TIC 369771102,369771102,95
TIC 369771333,369771333,95
TIC 369965957,369965957,95
TIC 369966028,369966028,95
TIC 369991092,369991092,95
TIC 369992702,369992702,95
TIC 369993181,369993181,95
TIC 370005656,370005656,95
TIC 370007451,370007451,95
TIC 370008372,370008372,95
TIC 370010800,370010800,95
TIC 370010846,370010846,95
TIC 370038090,370038090,95
TIC 370220727,370220727,95
TIC 370240107,370240107,95
TIC 370240932,370240932,95
TIC 370242180,370242180,95
TIC 370242752,370242752,95
TIC 370247585,370247585,95
TIC 370248051,370248051,95
TIC 370250136,370250136,95
TIC 370281600,370281600,95
TIC 370282569,370282569,95
TIC 370325449,370325449,95
TIC 372816588,372816588,95
TIC 372848077,372848077,95
TIC 372908412,372908412,95
TIC 372908431,372908431,95
TIC 372908550,372908550,95
TIC 372909708,372909708,95
TIC 372909935,372909935,95
TIC 372910665,372910665,95
TIC 372911143,372911143,95
TIC 372911993,372911993,95
TIC 372913233,372913233,95
TIC 372913344,372913344,95
TIC 372913375,372913375,95
TIC 372913582,372913582,95
TIC 372913684,372913684,95
TIC 372914091,372914091,95
TIC 373431205,373431205,95
TIC 373431424,373431424,95
TIC 373531816,373531816,95
TIC 373765872,373765872,95
TIC 373768576,373768576,95
TIC 373982378,373982378,95
TIC 373985178,373985178,95
TIC 373985424,373985424,95
TIC 373985596,373985596,95
TIC 374829419,374829419,95
TIC 374861869,374861869,95
TIC 374862339,374862339,95
TIC 374862395,374862395,95
TIC 374907509,374907509,95
TIC 375056210,375056210,95
TIC 375062809,375062809,95
TIC 375091583,375091583,95
TIC 375091650,375091650,95
TIC 375092128,375092128,95
TIC 375145648,375145648,95
TIC 376935746,376935746,95
TIC 376986902,376986902,95
TIC 381205020,381205020,95
TIC 381206990,381206990,95
TIC 381207211,381207211,95
TIC 381857858,381857858,95
TIC 381915829,381915829,95
TIC 381916265,381916265,95
TIC 381923120,381923120,95
TIC 381948907,381948907,95
TIC 382032801,382032801,95
TIC 382069306,382069306,95
TIC 382199293,382199293,95
TIC 382226276,382226276,95
TIC 382262019,382262019,95
TIC 382262922,382262922,95
TIC 382264719,382264719,95
TIC 382298360,382298360,95
TIC 382299907,382299907,95
TIC 382315106,382315106,95
TIC 382318254,382318254,95
TIC 382322852,382322852,95
TIC 382383606,382383606,95
TIC 382415345,382415345,95
TIC 382420372,382420372,95
TIC 382421730,382421730,95
TIC 382421834,382421834,95
TIC 382422098,382422098,95
TIC 382422180,382422180,95
TIC 382461771,382461771,95
TIC 382473600,382473600,95
TIC 382509773,382509773,95
TIC 382510863,382510863,95
TIC 382512330,382512330,95
TIC 382512638,382512638,95
TIC 382528174,382528174,95
TIC 382528236,382528236,95
TIC 382572536,382572536,95
TIC 382573462,382573462,95
TIC 382575703,382575703,95
TIC 382575855,382575855,95
TIC 382575967,382575967,95
TIC 382576055,382576055,95
TIC 382577618,382577618,95
TIC 382578899,382578899,95
TIC 382580249,382580249,95
TIC 382581130,382581130,95
TIC 382581617,382581617,95
TIC 382583300,382583300,95
TIC 382601860,382601860,95
TIC 382602147,382602147,95
TIC 382603006,382603006,95
TIC 382603658,382603658,95
TIC 382604704,382604704,95
TIC 382624708,382624708,95
TIC 382624902,382624902,95
TIC 382625142,382625142,95
TIC 382625239,382625239,95
TIC 382626022,382626022,95
TIC 382626661,382626661,95
TIC 382627649,382627649,95
TIC 382627751,382627751,95
TIC 382628735,382628735,95
TIC 382629006,382629006,95
TIC 382630542,382630542,95
TIC 382635405,382635405,95
TIC 382635688,382635688,95
TIC 388104889,388104889,95
TIC 388104971,388104971,95
TIC 388129006,388129006,95
TIC 388183479,388183479,95
TIC 388198242,388198242,95
TIC 388200018,388200018,95
TIC 389010277,389010277,95
TIC 389020089,389020089,95
TIC 389350798,389350798,95
TIC 389363675,389363675,95
TIC 389363695,389363695,95
TIC 389363745,389363745,95
TIC 389365531,389365531,95
TIC 389365607,389365607,95
TIC 389366376,389366376,95
TIC 389422302,389422302,95
TIC 389424164,389424164,95
TIC 389433788,389433788,95
TIC 389434460,389434460,95
TIC 389453404,389453404,95
TIC 389471998,389471998,95
TIC 389472631,389472631,95
TIC 389476185,389476185,95
TIC 389477262,389477262,95
TIC 389520593,389520593,95
TIC 389520953,389520953,95
TIC 389526375,389526375,95
TIC 389526491,389526491,95
TIC 389562850,389562850,95
TIC 389564031,389564031,95
TIC 389564546,389564546,95
TIC 389564948,389564948,95
TIC 389570196,389570196,95
TIC 389570429,389570429,95
TIC 389570470,389570470,95
TIC 389610979,389610979,95
TIC 389611291,389611291,95
TIC 389658670,389658670,95
TIC 389658692,389658692,95
TIC 389659549,389659549,95
TIC 389661661,389661661,95
TIC 389662055,389662055,95
TIC 389662862,389662862,95
TIC 389672830,389672830,95
TIC 389673017,389673017,95
TIC 389673914,389673914,95
TIC 389686589,389686589,95
TIC 389689344,389689344,95
TIC 389727478,389727478,95
TIC 389729346,389729346,95
TIC 389729769,389729769,95
TIC 389729833,389729833,95
TIC 389744721,389744721,95
TIC 389752750,389752750,95
TIC 389864544,389864544,95
TIC 389864558,389864558,95
TIC 389865251,389865251,95
TIC 389868254,389868254,95
TIC 391821943,391821943,95
TIC 391823416,391823416,95
TIC 391887389,391887389,95
TIC 391887390,391887390,95
TIC 391887875,391887875,95
TIC 391887898,391887898,95
TIC 391893752,391893752,95
TIC 393490573,393490573,95
TIC 393491489,393491489,95
TIC 393491490,393491490,95
TIC 393747847,393747847,95
TIC 393891675,393891675,95
TIC 393906953,393906953,95
TIC 393909609,393909609,95
TIC 393940766,393940766,95
TIC 393941149,393941149,95
TIC 393948348,393948348,95
TIC 393978659,393978659,95
TIC 394004642,394004642,95
TIC 394004824,394004824,95
TIC 394005985,394005985,95
TIC 394006749,394006749,95
TIC 394007298,394007298,95
TIC 394007775,394007775,95
TIC 394008336,394008336,95
TIC 394016312,394016312,95
TIC 394046358,394046358,95
TIC 394124612,394124612,95
TIC 394134589,394134589,95
TIC 394137224,394137224,95
TIC 394137360,394137360,95
TIC 394137592,394137592,95
TIC 394168066,394168066,95
TIC 394168766,394168766,95
TIC 394273833,394273833,95
TIC 394287035,394287035,95
TIC 394288476,394288476,95
TIC 394341901,394341901,95
TIC 394346647,394346647,95
TIC 394355892,394355892,95
TIC 394356010,394356010,95
TIC 394494692,394494692,95
TIC 394579699,394579699,95
TIC 394579741,394579741,95
TIC 394582856,394582856,95
TIC 394584352,394584352,95
TIC 394586941,394586941,95
TIC 394595576,394595576,95
TIC 394633233,394633233,95
TIC 394679100,394679100,95
TIC 394698511,394698511,95
TIC 396694790,396694790,95
TIC 396694905,396694905,95
TIC 396697136,396697136,95
TIC 396697266,396697266,95
TIC 396697309,396697309,95
TIC 396697423,396697423,95
TIC 396722380,396722380,95
TIC 402046099,402046099,95
TIC 402046354,402046354,95
TIC 402063857,402063857,95
TIC 402099644,402099644,95
TIC 402102431,402102431,95
TIC 402103146,402103146,95
TIC 402311665,402311665,95
TIC 403135040,403135040,95
TIC 403150483,403150483,95
TIC 403190983,403190983,95
TIC 403192947,403192947,95
TIC 403207312,403207312,95
TIC 403208724,403208724,95
TIC 403221905,403221905,95
TIC 403223176,403223176,95
TIC 403224147,403224147,95
TIC 403317759,403317759,95
TIC 403317785,403317785,95
TIC 404768019,404768019,95
TIC 404768604,404768604,95
TIC 404768745,404768745,95
TIC 404768847,404768847,95
TIC 404768956,404768956,95
TIC 404768964,404768964,95
TIC 404769646,404769646,95
TIC 404796860,404796860,95
TIC 404797151,404797151,95
TIC 404797355,404797355,95
TIC 404798544,404798544,95
TIC 404798700,404798700,95
TIC 404850274,404850274,95
TIC 404850840,404850840,95
TIC 404851936,404851936,95
TIC 404852071,404852071,95
TIC 404852080,404852080,95
TIC 404852096,404852096,95
TIC 404852431,404852431,95
TIC 404854454,404854454,95
TIC 404854539,404854539,95
TIC 404854787,404854787,95
TIC 404855494,404855494,95
TIC 404932577,404932577,95
TIC 404933493,404933493,95
TIC 404933947,404933947,95
TIC 404965477,404965477,95
TIC 404965649,404965649,95
TIC 405434501,405434501,95
TIC 405475222,405475222,95
TIC 406345903,406345903,95
TIC 407621011,407621011,95
TIC 407621029,407621029,95
TIC 407621049,407621049,95
TIC 407621918,407621918,95
TIC 407622872,407622872,95
TIC 409141063,409141063,95
TIC 409141608,409141608,95
TIC 409698623,409698623,95
TIC 409857319,409857319,95
TIC 409858675,409858675,95
TIC 409858786,409858786,95
TIC 410089568,410089568,95
TIC 410090207,410090207,95
TIC 410090757,410090757,95
TIC 410155962,410155962,95
TIC 410187728,410187728,95
TIC 410214126,410214126,95
TIC 410214985,410214985,95
TIC 410215214,410215214,95
TIC 410225228,410225228,95
TIC 410227545,410227545,95
TIC 410338174,410338174,95
TIC 410357027,410357027,95
TIC 410421239,410421239,95
TIC 410441676,410441676,95
TIC 410447183,410447183,95
TIC 410447919,410447919,95
TIC 410447951,410447951,95
TIC 410450213,410450213,95
TIC 410450228,410450228,95
TIC 410451090,410451090,95
TIC 410451502,410451502,95
TIC 410451677,410451677,95
TIC 410451752,410451752,95
TIC 410486022,410486022,95
TIC 410486078,410486078,95
TIC 410486289,410486289,95
TIC 410487677,410487677,95
TIC 410488012,410488012,95
TIC 412064277,412064277,95
TIC 415644982,415644982,95
TIC 419588214,419588214,95
TIC 419739641,419739641,95
TIC 421950985,421950985,95
TIC 421951046,421951046,95
TIC 421951567,421951567,95
TIC 425057879,425057879,95
TIC 425064757,425064757,95
TIC 425884297,425884297,95
TIC 425884418,425884418,95
TIC 425904825,425904825,95
TIC 425904893,425904893,95
TIC 425906099,425906099,95
TIC 425906964,425906964,95
TIC 425907353,425907353,95
TIC 425907893,425907893,95
TIC 425930871,425930871,95
TIC 425931703,425931703,95
TIC 425934017,425934017,95
TIC 425934411,425934411,95
TIC 425934574,425934574,95
TIC 425934616,425934616,95
TIC 425935521,425935521,95
TIC 425936552,425936552,95
TIC 425936903,425936903,95
TIC 425937552,425937552,95
TIC 425937620,425937620,95
TIC 425937691,425937691,95
TIC 425937794,425937794,95
TIC 425938647,425938647,95
TIC 425940082,425940082,95
TIC 425940120,425940120,95
TIC 425940518,425940518,95
TIC 425951761,425951761,95
TIC 425952950,425952950,95
TIC 425976940,425976940,95
TIC 425977043,425977043,95
TIC 425997655,425997655,95
TIC 425997700,425997700,95
TIC 425999579,425999579,95
TIC 439364836,439364836,95
TIC 441021158,441021158,95
TIC 441025689,441025689,95
TIC 441026638,441026638,95
TIC 441026718,441026718,95
TIC 441030992,441030992,95
TIC 441036817,441036817,95
TIC 441040776,441040776,95
TIC 441040988,441040988,95
TIC 441046607,441046607,95
TIC 441050776,441050776,95
TIC 441050798,441050798,95
TIC 441076258,441076258,95
TIC 441078296,441078296,95
TIC 441079063,441079063,95
TIC 441080767,441080767,95
TIC 441081454,441081454,95
TIC 441081701,441081701,95
TIC 441104450,441104450,95
TIC 441105701,441105701,95
TIC 441107902,441107902,95
TIC 441107953,441107953,95
TIC 441110063,441110063,95
TIC 441110394,441110394,95
TIC 441111912,441111912,95
TIC 441112491,441112491,95
TIC 441113863,441113863,95
TIC 441114484,441114484,95
TIC 441114676,441114676,95
TIC 441116981,441116981,95
TIC 441119027,441119027,95
TIC 441119035,441119035,95
TIC 441119604,441119604,95
TIC 441120034,441120034,95
TIC 441122250,441122250,95
TIC 441122551,441122551,95
TIC 441125754,441125754,95
TIC 441126039,441126039,95
TIC 441126118,441126118,95
TIC 441155146,441155146,95
TIC 441155514,441155514,95
TIC 441156182,441156182,95
TIC 441156819,441156819,95
TIC 441157622,441157622,95
TIC 441158994,441158994,95
TIC 441159680,441159680,95
TIC 441161288,441161288,95
TIC 441162150,441162150,95
TIC 441180755,441180755,95
TIC 441181339,441181339,95
TIC 441182258,441182258,95
TIC 441182955,441182955,95
TIC 441185178,441185178,95
TIC 441185686,441185686,95
TIC 441186077,441186077,95
TIC 441186241,441186241,95
TIC 441190040,441190040,95
TIC 441190348,441190348,95
TIC 441193684,441193684,95
TIC 441193734,441193734,95
TIC 441195844,441195844,95
TIC 441196602,441196602,95
TIC 441197076,441197076,95
TIC 441197122,441197122,95
TIC 441199415,441199415,95
TIC 441201947,441201947,95
TIC 441202398,441202398,95
TIC 441204260,441204260,95
TIC 441317671,441317671,95
TIC 441317866,441317866,95
TIC 441331837,441331837,95
TIC 441332792,441332792,95
TIC 441353303,441353303,95
TIC 441353344,441353344,95
TIC 441354986,441354986,95
TIC 441355676,441355676,95
TIC 441357923,441357923,95
TIC 441382660,441382660,95
TIC 441384415,441384415,95
TIC 441387330,441387330,95
TIC 441396067,441396067,95
TIC 441397266,441397266,95
TIC 441398530,441398530,95
TIC 441406061,441406061,95
TIC 441408433,441408433,95
TIC 441416240,441416240,95
TIC 441418475,441418475,95
TIC 441420236,441420236,95
TIC 441420649,441420649,95
TIC 441422655,441422655,95
TIC 441429501,441429501,95
TIC 441451701,441451701,95
TIC 441453170,441453170,95
TIC 441453619,441453619,95
TIC 441460285,441460285,95
TIC 452377101,452377101,95
TIC 453082318,453082318,95
TIC 453101762,453101762,95
TIC 469850360,469850360,95
TIC 469850679,469850679,95
TIC 469870129,469870129,95
TIC 469880685,469880685,95
TIC 469881320,469881320,95
TIC 469933721,469933721,95
TIC 469936356,469936356,95
TIC 469936505,469936505,95
TIC 469944932,469944932,95
TIC 469970578,469970578,95
TIC 469971480,469971480,95
TIC 469972065,469972065,95
TIC 469972882,469972882,95
TIC 469974193,469974193,95
TIC 469974264,469974264,95
TIC 469980385,469980385,95
TIC 471013459,471013459,95
TIC 471013483,471013483,95
TIC 471013513,471013513,95
TIC 471013553,471013553,95
TIC 471013628,471013628,95
TIC 471013723,471013723,95
TIC 471013767,471013767,95
TIC 471013820,471013820,95
TIC 471013913,471013913,95
TIC 471013931,471013931,95
TIC 471013967,471013967,95
TIC 471014289,471014289,95
TIC 471015229,471015229,95
TIC 471015339,471015339,95
TIC 471015348,471015348,95
TIC 471015362,471015362,95
TIC 471015363,471015363,95
TIC 471015392,471015392,95
TIC 471015397,471015397,95
TIC 471015400,471015400,95
TIC 471015412,471015412,95
TIC 471015414,471015414,95
TIC 471015418,471015418,95
TIC 471015419,471015419,95
TIC 471015420,471015420,95
TIC 471015434,471015434,95
TIC 471015509,471015509,95
TIC 506939512,506939512,95
TIC 612105331,612105331,95
TIC 612126104,612126104,95
TIC 612130245,612130245,95
TIC 612139044,612139044,95
TIC 612184586,612184586,95
TIC 613709303,613709303,95
TIC 613772649,613772649,95
TIC 613812626,613812626,95
TIC 613948865,613948865,95
TIC 615409886,615409886,95
TIC 615614567,615614567,95
TIC 615682942,615682942,95
TIC 615685947,615685947,95
TIC 615685962,615685962,95
TIC 615708590,615708590,95
TIC 615728335,615728335,95
TIC 615731405,615731405,95
TIC 615737537,615737537,95
TIC 615739525,615739525,95
TIC 615758650,615758650,95
TIC 615763118,615763118,95
TIC 615765711,615765711,95
TIC 615766098,615766098,95
TIC 615770717,615770717,95
TIC 615772702,615772702,95
TIC 615773161,615773161,95
TIC 615787929,615787929,95
TIC 615791409,615791409,95
TIC 615815204,615815204,95
TIC 615827590,615827590,95
TIC 615827903,615827903,95
TIC 615829147,615829147,95
TIC 615829951,615829951,95
TIC 615830190,615830190,95
TIC 615834997,615834997,95
TIC 615837098,615837098,95
TIC 615840835,615840835,95
TIC 615843541,615843541,95
TIC 615846642,615846642,95
TIC 615851976,615851976,95
TIC 615855773,615855773,95
TIC 615856642,615856642,95
TIC 615861498,615861498,95
TIC 615861516,615861516,95
TIC 615866418,615866418,95
TIC 615883784,615883784,95
TIC 615889643,615889643,95
TIC 615895119,615895119,95
TIC 615897132,615897132,95
TIC 615908686,615908686,95
TIC 615909197,615909197,95
TIC 615931560,615931560,95
TIC 615957308,615957308,95
TIC 615990032,615990032,95
TIC 615994022,615994022,95
TIC 616036709,616036709,95
TIC 616051579,616051579,95
TIC 616052019,616052019,95
TIC 616061999,616061999,95
TIC 616065162,616065162,95
TIC 616094878,616094878,95
TIC 616095477,616095477,95
TIC 616098592,616098592,95
TIC 616099428,616099428,95
TIC 616113235,616113235,95
TIC 616114816,616114816,95
TIC 630743984,630743984,95
TIC 630743985,630743985,95
TIC 630864926,630864926,95
TIC 630866840,630866840,95
TIC 631223353,631223353,95
TIC 631262037,631262037,95
TIC 631281586,631281586,95
TIC 631281587,631281587,95
TIC 631304109,631304109,95
TIC 631318911,631318911,95
TIC 631325371,631325371,95
TIC 631335241,631335241,95
TIC 631344957,631344957,95
TIC 631345151,631345151,95
TIC 631364225,631364225,95
TIC 631371558,631371558,95
TIC 631372254,631372254,95
TIC 631374026,631374026,95
TIC 631375030,631375030,95
TIC 631377822,631377822,95
TIC 631381973,631381973,95
TIC 631385186,631385186,95
TIC 631390165,631390165,95
TIC 631392397,631392397,95
TIC 631394160,631394160,95
TIC 631405639,631405639,95
TIC 631412633,631412633,95
TIC 631414891,631414891,95
TIC 631415708,631415708,95
TIC 631420699,631420699,95
TIC 631421706,631421706,95
TIC 631435697,631435697,95
TIC 631438754,631438754,95
TIC 631449550,631449550,95
TIC 631456406,631456406,95
TIC 631456783,631456783,95
TIC 631457491,631457491,95
TIC 631459463,631459463,95
TIC 631466560,631466560,95
TIC 631514109,631514109,95
TIC 650092435,650092435,95
TIC 650186386,650186386,95
TIC 650325348,650325348,95
TIC 650381874,650381874,95
TIC 650398668,650398668,95
TIC 650404919,650404919,95
TIC 650434554,650434554,95
TIC 650454285,650454285,95
TIC 650465245,650465245,95
TIC 650466930,650466930,95
TIC 650471429,650471429,95
TIC 650505925,650505925,95
TIC 650509225,650509225,95
TIC 650511824,650511824,95
TIC 650515370,650515370,95
TIC 650517611,650517611,95
TIC 650528110,650528110,95
TIC 650534407,650534407,95
TIC 650535656,650535656,95
TIC 650545474,650545474,95
TIC 650548733,650548733,95
TIC 650550925,650550925,95
TIC 650553887,650553887,95
TIC 650557499,650557499,95
TIC 650562170,650562170,95
TIC 650562197,650562197,95
TIC 650566758,650566758,95
TIC 650590283,650590283,95
TIC 675134521,675134521,95
TIC 675143650,675143650,95
TIC 675154188,675154188,95
TIC 677414447,677414447,95
TIC 684807276,684807276,95
TIC 684948744,684948744,95
TIC 684949396,684949396,95
TIC 684954159,684954159,95
TIC 684974494,684974494,95
TIC 684974870,684974870,95
TIC 684984396,684984396,95
TIC 684987459,684987459,95
TIC 685082533,685082533,95
TIC 685087366,685087366,95
TIC 685118883,685118883,95
TIC 685239653,685239653,95
TIC 727437883,727437883,95
TIC 728119654,728119654,95
TIC 729436017,729436017,95
TIC 729568672,729568672,95
TIC 731282597,731282597,95
TIC 733354314,733354314,95
TIC 734518244,734518244,95
TIC 734657773,734657773,95
TIC 735247343,735247343,95
TIC 736160226,736160226,95
TIC 736588214,736588214,95
TIC 736672572,736672572,95
TIC 737292010,737292010,95
TIC 737318518,737318518,95
TIC 737365140,737365140,95
TIC 737365188,737365188,95
TIC 737478419,737478419,95
TIC 737478443,737478443,95
TIC 737482923,737482923,95
TIC 737513339,737513339,95
TIC 737549091,737549091,95
TIC 737602534,737602534,95
TIC 737679488,737679488,95
TIC 737680815,737680815,95
TIC 737761635,737761635,95
TIC 737770171,737770171,95
TIC 737800601,737800601,95
TIC 764876147,764876147,95
TIC 765008668,765008668,95
TIC 765093209,765093209,95
TIC 765095478,765095478,95
TIC 765124719,765124719,95
TIC 765154923,765154923,95
TIC 765171028,765171028,95
TIC 765341472,765341472,95
TIC 765682129,765682129,95
TIC 765789962,765789962,95
TIC 765833471,765833471,95
TIC 766205019,766205019,95
TIC 766212716,766212716,95
TIC 805896978,805896978,95
TIC 805897029,805897029,95
TIC 805905520,805905520,95
TIC 806246481,806246481,95
TIC 806403524,806403524,95
TIC 806447928,806447928,95
TIC 806491450,806491450,95
TIC 806585703,806585703,95
TIC 806659233,806659233,95
TIC 806660384,806660384,95
TIC 806667716,806667716,95
TIC 1989730238,1989730238,95
TIC 1989749422,1989749422,95
TIC 1989899249,1989899249,95
TIC 1989906859,1989906859,95
TIC 1989928740,1989928740,95
TIC 1989970479,1989970479,95
TIC 1989971554,1989971554,95
TIC 1989985394,1989985394,95
TIC 1989992371,1989992371,95
TIC 1989993832,1989993832,95
TIC 1990011773,1990011773,95
TIC 1990029986,1990029986,95
TIC 1990050093,1990050093,95
TIC 1990051752,1990051752,95
TIC 1990605165,1990605165,95
TIC 1990642785,1990642785,95
TIC 1990670764,1990670764,95
TIC 1991862908,1991862908,95
TIC 1991865590,1991865590,95
TIC 1991881228,1991881228,95
TIC 1991902273,1991902273,95
TIC 1991909335,1991909335,95
TIC 1991917473,1991917473,95
TIC 1991924658,1991924658,95
TIC 1991925302,1991925302,95
TIC 1991941212,1991941212,95
TIC 1991945552,1991945552,95
TIC 1991960497,1991960497,95
TIC 1992002438,1992002438,95
TIC 1992008281,1992008281,95
TIC 1992019349,1992019349,95
TIC 1992076683,1992076683,95
TIC 1992088087,1992088087,95
TIC 1992112846,1992112846,95
TIC 1992131956,1992131956,95
TIC 1992137926,1992137926,95
TIC 1992139910,1992139910,95
TIC 1992144885,1992144885,95
TIC 1992152051,1992152051,95
TIC 1992158324,1992158324,95
TIC 1992159314,1992159314,95
TIC 1992167106,1992167106,95
TIC 1992197598,1992197598,95
TIC 1992202118,1992202118,95
TIC 1992216716,1992216716,95
TIC 1992217027,1992217027,95
TIC 1992230628,1992230628,95
TIC 1992253281,1992253281,95
TIC 1992388445,1992388445,95
TIC 1992405459,1992405459,95
TIC 1992411300,1992411300,95
TIC 1992416143,1992416143,95
TIC 1992474584,1992474584,95
TIC 1992477068,1992477068,95
TIC 1992480942,1992480942,95
TIC 1992547660,1992547660,95
TIC 1992661421,1992661421,95
TIC 1992671734,1992671734,95
TIC 1992675326,1992675326,95
TIC 1992676918,1992676918,95
TIC 1992678756,1992678756,95
TIC 1992697606,1992697606,95
TIC 1992708931,1992708931,95
TIC 1992749947,1992749947,95
TIC 1992753367,1992753367,95
TIC 1992811603,1992811603,95
TIC 1992907446,1992907446,95
TIC 1992921035,1992921035,95
TIC 1992951162,1992951162,95
TIC 2026568248,2026568248,95
TIC 2026574922,2026574922,95
TIC 2026655418,2026655418,95
TIC 2026669628,2026669628,95
TIC 2026669904,2026669904,95
TIC 2026682389,2026682389,95
TIC 2026691629,2026691629,95
TIC 2026693948,2026693948,95
TIC 2026701547,2026701547,95
TIC 2026817876,2026817876,95
TIC 2026824117,2026824117,95
TIC 2026830885,2026830885,95
TIC 2026833208,2026833208,95
TIC 2026833878,2026833878,95
TIC 2026852141,2026852141,95
TIC 2026891704,2026891704,95
TIC 2026913020,2026913020,95
TIC 2026930750,2026930750,95
TIC 2026941488,2026941488,95
TIC 2026954620,2026954620,95
TIC 2026960288,2026960288,95
TIC 2026989703,2026989703,95
TIC 2026991800,2026991800,95
TIC 2026993863,2026993863,95
TIC 2026995633,2026995633,95
TIC 2027015442,2027015442,95
TIC 2027030849,2027030849,95
TIC 2027033659,2027033659,95
TIC 2027037427,2027037427,95
TIC 2027047456,2027047456,95
TIC 2027065911,2027065911,95
TIC 2027069201,2027069201,95
TIC 2027069286,2027069286,95
TIC 2027072009,2027072009,95
TIC 2027082925,2027082925,95
TIC 2027092083,2027092083,95
TIC 2027092818,2027092818,95
TIC 2027102142,2027102142,95
TIC 2027102748,2027102748,95
TIC 2027105094,2027105094,95
TIC 2027130073,2027130073,95
TIC 2027130391,2027130391,95
TIC 2027143072,2027143072,95
TIC 2027155801,2027155801,95
TIC 2027164165,2027164165,95
TIC 2027169426,2027169426,95
TIC 2027174530,2027174530,95
TIC 2027174818,2027174818,95
TIC 2027182274,2027182274,95
TIC 2027201846,2027201846,95
TIC 2027206794,2027206794,95
TIC 2027218829,2027218829,95
TIC 2027231843,2027231843,95
TIC 2027249031,2027249031,95
TIC 2027269670,2027269670,95
TIC 2027279190,2027279190,95
TIC 2027290173,2027290173,95
TIC 2027295561,2027295561,95
TIC 2027332950,2027332950,95
TIC 2027355746,2027355746,95
TIC 2027368674,2027368674,95
TIC 2027378401,2027378401,95
TIC 2027381714,2027381714,95
TIC 2027382160,2027382160,95
TIC 2027390434,2027390434,95
TIC 2027468567,2027468567,95
TIC 2027481361,2027481361,95
TIC 2027485231,2027485231,95
TIC 2027507769,2027507769,95
TIC 2027520129,2027520129,95
TIC 2027529345,2027529345,95
TIC 2027534959,2027534959,95
TIC 2027542318,2027542318,95
TIC 2027554620,2027554620,95
TIC 2027556555,2027556555,95
TIC 2027561349,2027561349,95
TIC 2027562015,2027562015,95
TIC 2027563818,2027563818,95
TIC 2027571504,2027571504,95
TIC 2027588644,2027588644,95
TIC 2027589277,2027589277,95
TIC 2027599247,2027599247,95
TIC 2027609407,2027609407,95
TIC 2027613330,2027613330,95
TIC 2027626097,2027626097,95
TIC 2027632186,2027632186,95
TIC 2027636954,2027636954,95
TIC 2027643494,2027643494,95
TIC 2027655879,2027655879,95
TIC 2027664352,2027664352,95
TIC 2027683096,2027683096,95
TIC 2027693744,2027693744,95
TIC 2027694292,2027694292,95
TIC 2027695690,2027695690,95
TIC 2027731376,2027731376,95
TIC 2027734595,2027734595,95
TIC 2027765638,2027765638,95
TIC 2027796251,2027796251,95
TIC 2027809099,2027809099,95
TIC 2027824694,2027824694,95
TIC 2027825521,2027825521,95
TIC 2027836333,2027836333,95
TIC 2027845912,2027845912,95
TIC 2027847930,2027847930,95
TIC 2027865740,2027865740,95
TIC 2027872276,2027872276,95
TIC 2027874870,2027874870,95
TIC 2027914761,2027914761,95
TIC 2027925132,2027925132,95
TIC 2027956407,2027956407,95
TIC 2027961973,2027961973,95
TIC 2027972175,2027972175,95
TIC 2027976655,2027976655,95
TIC 2027978289,2027978289,95
TIC 2027986260,2027986260,95
TIC 2027999648,2027999648,95
TIC 2028000886,2028000886,95
TIC 2028003876,2028003876,95
TIC 2028005025,2028005025,95
TIC 2028023514,2028023514,95
TIC 2028033896,2028033896,95
TIC 2028042215,2028042215,95
TIC 2028045216,2028045216,95
TIC 2028076051,2028076051,95
TIC 2028093808,2028093808,95
TIC 2028095570,2028095570,95
TIC 2028097683,2028097683,95
TIC 2028105795,2028105795,95
TIC 2028142293,2028142293,95
TIC 2028147378,2028147378,95
TIC 2028148156,2028148156,95
TIC 2028149459,2028149459,95
TIC 2028153560,2028153560,95
TIC 2028169497,2028169497,95
TIC 2028174585,2028174585,95
TIC 2028180603,2028180603,95
TIC 2028185416,2028185416,95
TIC 2028194174,2028194174,95
TIC 2028197460,2028197460,95
TIC 2028244270,2028244270,95
TIC 2028255220,2028255220,95
TIC 2028260110,2028260110,95
TIC 2028264910,2028264910,95
TIC 2028269846,2028269846,95
TIC 2028279355,2028279355,95
TIC 2028295532,2028295532,95
TIC 2028342784,2028342784,95
TIC 2028342793,2028342793,95
TIC 2028405509,2028405509,95
TIC 2028406874,2028406874,95
TIC 2028415608,2028415608,95
TIC 2028450024,2028450024,95
TIC 2028453485,2028453485,95
TIC 2028487708,2028487708,95
TIC 2028492566,2028492566,95
TIC 2028517610,2028517610,95
TIC 2028536320,2028536320,95
TIC 2028536430,2028536430,95
TIC 2028548762,2028548762,95
TIC 2028556163,2028556163,95
TIC 2028556258,2028556258,95
TIC 2028578817,2028578817,95
TIC 2028583684,2028583684,95
TIC 2028600571,2028600571,95
TIC 2028600612,2028600612,95
TIC 2028605153,2028605153,95
TIC 2028610241,2028610241,95
TIC 2028611339,2028611339,95
TIC 2028628356,2028628356,95
TIC 2028631543,2028631543,95
TIC 2028632417,2028632417,95
TIC 2028647993,2028647993,95
TIC 2028657210,2028657210,95
TIC 2028662703,2028662703,95
TIC 2028678190,2028678190,95
TIC 2028697501,2028697501,95
TIC 2028699807,2028699807,95
TIC 2028705173,2028705173,95
TIC 2028717880,2028717880,95
TIC 2028725772,2028725772,95
TIC 2028748835,2028748835,95
TIC 2028766762,2028766762,95
TIC 2028783880,2028783880,95
TIC 2028784641,2028784641,95
TIC 2028790037,2028790037,95
TIC 2028793271,2028793271,95
TIC 2028836423,2028836423,95
TIC 2028927552,2028927552,95
TIC 2054523078,2054523078,95
TIC 2054530580,2054530580,95
TIC 2054549894,2054549894,95
TIC 2054561938,2054561938,95
TIC 2054597044,2054597044,95
TIC 2054639181,2054639181,95
TIC 2054686696,2054686696,95
TIC 2054834105,2054834105,95
TIC 2054884855,2054884855,95
TIC 2054889459,2054889459,95
TIC 2054905468,2054905468,95
TIC 2054909667,2054909667,95
TIC 2054947147,2054947147,95
TIC 2054969847,2054969847,95
TIC 2054976876,2054976876,95
TIC 2054978994,2054978994,95
TIC 2054988298,2054988298,95
TIC 2055003713,2055003713,95
TIC 2055007796,2055007796,95
TIC 2055024369,2055024369,95
TIC 2055036044,2055036044,95
TIC 2055042659,2055042659,95
TIC 2055042894,2055042894,95
TIC 2055046181,2055046181,95
TIC 2055048080,2055048080,95
TIC 2055051883,2055051883,95
TIC 2055058352,2055058352,95
TIC 2055092256,2055092256,95
TIC 2055095349,2055095349,95
TIC 2055100623,2055100623,95
TIC 2055100834,2055100834,95
TIC 2055103803,2055103803,95
TIC 2055106663,2055106663,95
TIC 2055111214,2055111214,95
TIC 2055128893,2055128893,95
TIC 2055140322,2055140322,95
TIC 2055145542,2055145542,95
TIC 2055150450,2055150450,95
TIC 2055150945,2055150945,95
TIC 2055156391,2055156391,95
TIC 2055170284,2055170284,95
TIC 2055173699,2055173699,95
TIC 2055177755,2055177755,95
TIC 2055178439,2055178439,95
TIC 2055187015,2055187015,95
TIC 2055195967,2055195967,95
TIC 2055203406,2055203406,95
TIC 2055206037,2055206037,95
TIC 2055207626,2055207626,95
TIC 2055221879,2055221879,95
TIC 2055223068,2055223068,95
TIC 2055257662,2055257662,95
TIC 2055259209,2055259209,95
TIC 2055259736,2055259736,95
TIC 2055276643,2055276643,95
TIC 2055287336,2055287336,95
TIC 2055291217,2055291217,95
TIC 2055294090,2055294090,95
TIC 2055296115,2055296115,95
TIC 2055306999,2055306999,95
TIC 2055310863,2055310863,95
TIC 2055312901,2055312901,95
TIC 2055325409,2055325409,95
TIC 2055325970,2055325970,95
TIC 2055337668,2055337668,95
TIC 2055390411,2055390411,95
TIC 2055392332,2055392332,95
TIC 2055407373,2055407373,95
TIC 2055411767,2055411767,95
TIC 2055426920,2055426920,95
TIC 2055429721,2055429721,95
TIC 2055431430,2055431430,95
TIC 2055432839,2055432839,95
TIC 2055439017,2055439017,95
TIC 2055439304,2055439304,95
TIC 2055445690,2055445690,95
TIC 2055451434,2055451434,95
TIC 2055453219,2055453219,95
TIC 2055457916,2055457916,95
TIC 2055461123,2055461123,95
TIC 2055465411,2055465411,95
TIC 2055466449,2055466449,95
TIC 2055468425,2055468425,95
TIC 2055469394,2055469394,95
TIC 2055473280,2055473280,95
TIC 2055482676,2055482676,95
TIC 2055482706,2055482706,95
TIC 2055499637,2055499637,95
TIC 2055500803,2055500803,95
TIC 2055504010,2055504010,95
TIC 2055504366,2055504366,95
TIC 2055522213,2055522213,95
TIC 2055531044,2055531044,95
TIC 2055541811,2055541811,95
TIC 2055578679,2055578679,95
TIC 2055592353,2055592353,95
TIC 2055596009,2055596009,95
TIC 2055607785,2055607785,95
TIC 2055623054,2055623054,95
TIC 2055747933,2055747933,95
TIC 2055760285,2055760285,95
TIC 2055769894,2055769894,95
TIC 2055774352,2055774352,95
TIC 2055775749,2055775749,95
TIC 2055779418,2055779418,95
TIC 2055782297,2055782297,95
TIC 2055809683,2055809683,95
TIC 2055810087,2055810087,95
TIC 2055811385,2055811385,95
TIC 2055814545,2055814545,95
TIC 2055814614,2055814614,95
TIC 2055820435,2055820435,95
TIC 2055826283,2055826283,95
TIC 2055826527,2055826527,95
TIC 2055833682,2055833682,95
TIC 2055848122,2055848122,95
TIC 2055849178,2055849178,95
TIC 2055850555,2055850555,95
TIC 2055851325,2055851325,95
