target,tic_id,sectors
TIC 1628071,1628071,101
TIC 1650025,1650025,101
TIC 5630042,5630042,101
TIC 5647251,5647251,101
TIC 5648410,5648410,101
TIC 5649509,5649509,101
TIC 5714469,5714469,101
TIC 5797560,5797560,101
TIC 5816844,5816844,101
TIC 5867325,5867325,101
TIC 5868840,5868840,101
TIC 5868998,5868998,101
TIC 5869755,5869755,101
TIC 5870216,5870216,101
TIC 5877537,5877537,101
TIC 5878609,5878609,101
TIC 5881491,5881491,101
TIC 5911169,5911169,101
TIC 5911256,5911256,101
TIC 5914116,5914116,101
TIC 5915129,5915129,101
TIC 5915144,5915144,101
TIC 5966772,5966772,101
TIC 5966788,5966788,101
TIC 5970086,5970086,101
TIC 5982485,5982485,101
TIC 5984440,5984440,101
TIC 5985469,5985469,101
TIC 6012158,6012158,101
TIC 9277748,9277748,101
TIC 9279365,9279365,101
TIC 9331851,9331851,101
TIC 9334938,9334938,101
TIC 9337741,9337741,101
TIC 9339369,9339369,101
TIC 9384703,9384703,101
TIC 9385460,9385460,101
TIC 9389532,9389532,101
TIC 9436181,9436181,101
TIC 9436243,9436243,101
TIC 9438270,9438270,101
TIC 9439284,9439284,101
TIC 9439286,9439286,101
TIC 9439380,9439380,101
TIC 9467408,9467408,101
TIC 9469264,9469264,101
TIC 9481811,9481811,101
TIC 9560142,9560142,101
TIC 9560564,9560564,101
TIC 9560567,9560567,101
TIC 9560965,9560965,101
TIC 9561716,9561716,101
TIC 9565470,9565470,101
TIC 9591460,9591460,101
TIC 21008903,21008903,101
TIC 22140831,22140831,101
TIC 22330361,22330361,101
TIC 22330922,22330922,101
TIC 22331205,22331205,101
TIC 22344190,22344190,101
TIC 22384225,22384225,101
TIC 22394173,22394173,101
TIC 22394712,22394712,101
TIC 22395174,22395174,101
TIC 22395594,22395594,101
TIC 22442522,22442522,101
TIC 22443063,22443063,101
TIC 22444513,22444513,101
TIC 22457223,22457223,101
TIC 22457387,22457387,101
TIC 22457824,22457824,101
TIC 22457828,22457828,101
TIC 22480430,22480430,101
TIC 22651697,22651697,101
TIC 22855930,22855930,101
TIC 25425217,25425217,101
TIC 25484487,25484487,101
TIC 25485058,25485058,101
TIC 25488580,25488580,101
TIC 25489613,25489613,101
TIC 27966954,27966954,101
TIC 30019744,30019744,101
TIC 30022867,30022867,101
TIC 30023898,30023898,101
TIC 30071355,30071355,101
TIC 30072900,30072900,101
TIC 30073345,30073345,101
TIC 30116867,30116867,101
TIC 30116886,30116886,101
TIC 30119120,30119120,101
TIC 30119875,30119875,101
TIC 30180071,30180071,101
TIC 30181300,30181300,101
TIC 30280604,30280604,101
TIC 30281683,30281683,101
TIC 30290773,30290773,101
TIC 30293512,30293512,101
TIC 30373490,30373490,101
TIC 30374981,30374981,101
TIC 30375100,30375100,101
TIC 30378697,30378697,101
TIC 30380653,30380653,101
TIC 30385924,30385924,101
TIC 30392474,30392474,101
TIC 30441887,30441887,101
TIC 30442175,30442175,101
TIC 30489588,30489588,101
TIC 30490789,30490789,101
TIC 30492356,30492356,101
TIC 30494130,30494130,101
TIC 30540538,30540538,101
TIC 30545382,30545382,101
TIC 30601456,30601456,101
TIC 30697060,30697060,101
TIC 30751305,30751305,101
TIC 30752217,30752217,101
TIC 30753143,30753143,101
TIC 30755602,30755602,101
TIC 30802397,30802397,101
TIC 30805042,30805042,101
TIC 30809039,30809039,101
TIC 30841635,30841635,101
TIC 30872191,30872191,101
TIC 30874463,30874463,101
TIC 30875397,30875397,101
TIC 30876081,30876081,101
TIC 30952620,30952620,101
TIC 30952621,30952621,101
TIC 30953375,30953375,101
TIC 30988774,30988774,101
TIC 30989857,30989857,101
TIC 30990555,30990555,101
TIC 30992795,30992795,101
TIC 32609205,32609205,101
TIC 32613546,32613546,101
TIC 32638161,32638161,101
TIC 32658752,32658752,101
TIC 32722714,32722714,101
TIC 36864008,36864008,101
TIC 38580218,38580218,101
TIC 38580997,38580997,101
TIC 38581295,38581295,101
TIC 38581831,38581831,101
TIC 38638193,38638193,101
TIC 39408757,39408757,101
TIC 40560248,40560248,101
TIC 52254854,52254854,101
TIC 52254858,52254858,101
TIC 57306425,57306425,101
TIC 57348820,57348820,101
TIC 57367859,57367859,101
TIC 57574224,57574224,101
TIC 57693006,57693006,101
TIC 57790484,57790484,101
TIC 60709182,60709182,101
TIC 60734281,60734281,101
TIC 60734330,60734330,101
TIC 61477444,61477444,101
TIC 61536029,61536029,101
TIC 65314847,65314847,101
TIC 65716946,65716946,101
TIC 68322226,68322226,101
TIC 71379213,71379213,101
TIC 72568304,72568304,101
TIC 72988676,72988676,101
TIC 73405282,73405282,101
TIC 73710356,73710356,101
TIC 73710370,73710370,101
TIC 77529668,77529668,101
TIC 77530888,77530888,101
TIC 77556322,77556322,101
TIC 77556406,77556406,101
TIC 82437857,82437857,101
TIC 82442489,82442489,101
TIC 83112462,83112462,101
TIC 83113208,83113208,101
TIC 83113252,83113252,101
TIC 83113607,83113607,101
TIC 83133871,83133871,101
TIC 83136506,83136506,101
TIC 83152944,83152944,101
TIC 83153075,83153075,101
TIC 83154030,83154030,101
TIC 83207850,83207850,101
TIC 93847832,93847832,101
TIC 97744411,97744411,101
TIC 98871628,98871628,101
TIC 98873225,98873225,101
TIC 98873439,98873439,101
TIC 98939709,98939709,101
TIC 98940766,98940766,101
TIC 98956912,98956912,101
TIC 98957720,98957720,101
TIC 98992581,98992581,101
TIC 98994305,98994305,101
TIC 99028233,99028233,101
TIC 99028319,99028319,101
TIC 99029327,99029327,101
TIC 99049821,99049821,101
TIC 99053300,99053300,101
TIC 99059830,99059830,101
TIC 99060505,99060505,101
TIC 99129610,99129610,101
TIC 99138443,99138443,101
TIC 99141741,99141741,101
TIC 99176838,99176838,101
TIC 99176851,99176851,101
TIC 99180081,99180081,101
TIC 100229378,100229378,101
TIC 101905319,101905319,101
TIC 101906109,101906109,101
TIC 102079691,102079691,101
TIC 102169275,102169275,101
TIC 102170045,102170045,101
TIC 102171374,102171374,101
TIC 102171925,102171925,101
TIC 102174732,102174732,101
TIC 102176459,102176459,101
TIC 102190939,102190939,101
TIC 102192004,102192004,101
TIC 102192161,102192161,101
TIC 102193494,102193494,101
TIC 102302709,102302709,101
TIC 102303816,102303816,101
TIC 102305337,102305337,101
TIC 102306789,102306789,101
TIC 102307332,102307332,101
TIC 102310237,102310237,101
TIC 102311007,102311007,101
TIC 102313745,102313745,101
TIC 103576633,103576633,101
TIC 103578831,103578831,101
TIC 103578925,103578925,101
TIC 103625404,103625404,101
TIC 103625477,103625477,101
TIC 103626477,103626477,101
TIC 103630061,103630061,101
TIC 103678148,103678148,101
TIC 103683084,103683084,101
TIC 103694819,103694819,101
TIC 103749630,103749630,101
TIC 103780876,103780876,101
TIC 103829791,103829791,101
TIC 103831065,103831065,101
TIC 103832313,103832313,101
TIC 103834814,103834814,101
TIC 103859362,103859362,101
TIC 103860852,103860852,101
TIC 103914433,103914433,101
TIC 103916828,103916828,101
TIC 103943485,103943485,101
TIC 103944219,103944219,101
TIC 103957501,103957501,101
TIC 103959618,103959618,101
TIC 104022191,104022191,101
TIC 104022675,104022675,101
TIC 104024556,104024556,101
TIC 107017977,107017977,101
TIC 107018378,107018378,101
TIC 107138637,107138637,101
TIC 107140803,107140803,101
TIC 107146641,107146641,101
TIC 113277037,113277037,101
TIC 113279107,113279107,101
TIC 124078045,124078045,101
TIC 124078721,124078721,101
TIC 124093439,124093439,101
TIC 124095230,124095230,101
TIC 124095894,124095894,101
TIC 124145124,124145124,101
TIC 124145125,124145125,101
TIC 124146529,124146529,101
TIC 124147053,124147053,101
TIC 124148366,124148366,101
TIC 124151115,124151115,101
TIC 124172843,124172843,101
TIC 124174267,124174267,101
TIC 124175489,124175489,101
TIC 124176552,124176552,101
TIC 124205690,124205690,101
TIC 124206468,124206468,101
TIC 124232576,124232576,101
TIC 124235800,124235800,101
TIC 124236567,124236567,101
TIC 124282575,124282575,101
TIC 124283249,124283249,101
TIC 124283250,124283250,101
TIC 124287396,124287396,101
TIC 124307021,124307021,101
TIC 124307040,124307040,101
TIC 124308044,124308044,101
TIC 124334450,124334450,101
TIC 124336291,124336291,101
TIC 124401411,124401411,101
TIC 124401869,124401869,101
TIC 124401907,124401907,101
TIC 124402313,124402313,101
TIC 124402693,124402693,101
TIC 124404442,124404442,101
TIC 124423510,124423510,101
TIC 124426377,124426377,101
TIC 124450683,124450683,101
TIC 124452817,124452817,101
TIC 124453339,124453339,101
TIC 124454726,124454726,101
TIC 124515764,124515764,101
TIC 124515950,124515950,101
TIC 124528023,124528023,101
TIC 124528572,124528572,101
TIC 124528578,124528578,101
TIC 124567694,124567694,101
TIC 124568458,124568458,101
TIC 124568633,124568633,101
TIC 124569177,124569177,101
TIC 124570753,124570753,101
TIC 124572032,124572032,101
TIC 124601236,124601236,101
TIC 124602475,124602475,101
TIC 124605573,124605573,101
TIC 124617560,124617560,101
TIC 124618044,124618044,101
TIC 124692823,124692823,101
TIC 124694915,124694915,101
TIC 124695373,124695373,101
TIC 124766750,124766750,101
TIC 124771255,124771255,101
TIC 124786345,124786345,101
TIC 124836842,124836842,101
TIC 130711040,130711040,101
TIC 130720430,130720430,101
TIC 130721469,130721469,101
TIC 130722201,130722201,101
TIC 130722760,130722760,101
TIC 130722835,130722835,101
TIC 130731769,130731769,101
TIC 130731771,130731771,101
TIC 130790372,130790372,101
TIC 130822918,130822918,101
TIC 130822919,130822919,101
TIC 130825131,130825131,101
TIC 130826839,130826839,101
TIC 130826881,130826881,101
TIC 130843533,130843533,101
TIC 130867300,130867300,101
TIC 130867301,130867301,101
TIC 130867823,130867823,101
TIC 130868394,130868394,101
TIC 130869600,130869600,101
TIC 130923066,130923066,101
TIC 130924120,130924120,101
TIC 130924645,130924645,101
TIC 130926221,130926221,101
TIC 130927019,130927019,101
TIC 130942594,130942594,101
TIC 130943028,130943028,101
TIC 130943601,130943601,101
TIC 130945039,130945039,101
TIC 130945054,130945054,101
TIC 130947181,130947181,101
TIC 130947183,130947183,101
TIC 130981260,130981260,101
TIC 130983301,130983301,101
TIC 130983665,130983665,101
TIC 130984243,130984243,101
TIC 131003697,131003697,101
TIC 131040362,131040362,101
TIC 131043744,131043744,101
TIC 131060107,131060107,101
TIC 131081098,131081098,101
TIC 131081589,131081589,101
TIC 131081852,131081852,101
TIC 131084221,131084221,101
TIC 131116202,131116202,101
TIC 131139233,131139233,101
TIC 131193769,131193769,101
TIC 131195882,131195882,101
TIC 131216669,131216669,101
TIC 131218848,131218848,101
TIC 131234318,131234318,101
TIC 131234322,131234322,101
TIC 131234993,131234993,101
TIC 131235037,131235037,101
TIC 131235038,131235038,101
TIC 131236578,131236578,101
TIC 131237300,131237300,101
TIC 131238605,131238605,101
TIC 131238610,131238610,101
TIC 131238969,131238969,101
TIC 131308706,131308706,101
TIC 131309921,131309921,101
TIC 131311326,131311326,101
TIC 131312528,131312528,101
TIC 134650373,134650373,101
TIC 134717669,134717669,101
TIC 134765602,134765602,101
TIC 134815154,134815154,101
TIC 134866849,134866849,101
TIC 134903083,134903083,101
TIC 134905011,134905011,101
TIC 134963187,134963187,101
TIC 135048781,135048781,101
TIC 135093389,135093389,101
TIC 135225496,135225496,101
TIC 135247956,135247956,101
TIC 135257476,135257476,101
TIC 135506567,135506567,101
TIC 142039761,142039761,101
TIC 142040742,142040742,101
TIC 142113230,142113230,101
TIC 142156498,142156498,101
TIC 142212386,142212386,101
TIC 142261885,142261885,101
TIC 142323008,142323008,101
TIC 142324190,142324190,101
TIC 142392797,142392797,101
TIC 144078405,144078405,101
TIC 144113767,144113767,101
TIC 144150613,144150613,101
TIC 144182383,144182383,101
TIC 144183522,144183522,101
TIC 144223597,144223597,101
TIC 144225167,144225167,101
TIC 144292152,144292152,101
TIC 144292639,144292639,101
TIC 144292650,144292650,101
TIC 144323513,144323513,101
TIC 144324239,144324239,101
TIC 144324618,144324618,101
TIC 144370079,144370079,101
TIC 144391378,144391378,101
TIC 144391379,144391379,101
TIC 144394495,144394495,101
TIC 144395071,144395071,101
TIC 144425121,144425121,101
TIC 144428633,144428633,101
TIC 144430246,144430246,101
TIC 144430248,144430248,101
TIC 144430749,144430749,101
TIC 144488191,144488191,101
TIC 144492663,144492663,101
TIC 144506852,144506852,101
TIC 144510349,144510349,101
TIC 144510619,144510619,101
TIC 144566783,144566783,101
TIC 144566805,144566805,101
TIC 144568325,144568325,101
TIC 144569472,144569472,101
TIC 144603871,144603871,101
TIC 144606315,144606315,101
TIC 144656793,144656793,101
TIC 144657649,144657649,101
TIC 144660658,144660658,101
TIC 144661978,144661978,101
TIC 144677321,144677321,101
TIC 144720283,144720283,101
TIC 144720670,144720670,101
TIC 144723568,144723568,101
TIC 144726187,144726187,101
TIC 144765188,144765188,101
TIC 144771989,144771989,101
TIC 144772106,144772106,101
TIC 144786725,144786725,101
TIC 144786727,144786727,101
TIC 144822795,144822795,101
TIC 144823282,144823282,101
TIC 144826574,144826574,101
TIC 144844492,144844492,101
TIC 144845017,144845017,101
TIC 144918085,144918085,101
TIC 144919053,144919053,101
TIC 144921815,144921815,101
TIC 144949446,144949446,101
TIC 144951268,144951268,101
TIC 145005999,145005999,101
TIC 145006683,145006683,101
TIC 145006967,145006967,101
TIC 145011233,145011233,101
TIC 145015441,145015441,101
TIC 145015449,145015449,101
TIC 145016382,145016382,101
TIC 145016752,145016752,101
TIC 145016981,145016981,101
TIC 145017001,145017001,101
TIC 145053881,145053881,101
TIC 145054162,145054162,101
TIC 145055850,145055850,101
TIC 145092212,145092212,101
TIC 157137788,157137788,101
TIC 157337995,157337995,101
TIC 163030651,163030651,101
TIC 163580647,163580647,101
TIC 165230981,165230981,101
TIC 165295158,165295158,101
TIC 165317334,165317334,101
TIC 165317493,165317493,101
TIC 165456234,165456234,101
TIC 165560681,165560681,101
TIC 165562062,165562062,101
TIC 165633864,165633864,101
TIC 165635555,165635555,101
TIC 165662321,165662321,101
TIC 165664257,165664257,101
TIC 165666968,165666968,101
TIC 165667705,165667705,101
TIC 165719512,165719512,101
TIC 165725822,165725822,101
TIC 165726911,165726911,101
TIC 165768177,165768177,101
TIC 165768736,165768736,101
TIC 165769486,165769486,101
TIC 165774110,165774110,101
TIC 165775281,165775281,101
TIC 165823121,165823121,101
TIC 165823257,165823257,101
TIC 165826719,165826719,101
TIC 165898206,165898206,101
TIC 165898278,165898278,101
TIC 165898498,165898498,101
TIC 165968866,165968866,101
TIC 165968870,165968870,101
TIC 165975689,165975689,101
TIC 165995511,165995511,101
TIC 165997104,165997104,101
TIC 165997727,165997727,101
TIC 166058030,166058030,101
TIC 166059828,166059828,101
TIC 166061741,166061741,101
TIC 166063262,166063262,101
TIC 166141721,166141721,101
TIC 166142430,166142430,101
TIC 166145361,166145361,101
TIC 166184428,166184428,101
TIC 166186464,166186464,101
TIC 166187322,166187322,101
TIC 166188286,166188286,101
TIC 166234670,166234670,101
TIC 166322623,166322623,101
TIC 166325753,166325753,101
TIC 166411574,166411574,101
TIC 166445059,166445059,101
TIC 166445064,166445064,101
TIC 166447153,166447153,101
TIC 166447438,166447438,101
TIC 166527623,166527623,101
TIC 166620979,166620979,101
TIC 166666719,166666719,101
TIC 166667038,166667038,101
TIC 170435713,170435713,101
TIC 170460782,170460782,101
TIC 170494921,170494921,101
TIC 170497144,170497144,101
TIC 170573738,170573738,101
TIC 170574775,170574775,101
TIC 170574878,170574878,101
TIC 170587031,170587031,101
TIC 170587182,170587182,101
TIC 170627786,170627786,101
TIC 170654459,170654459,101
TIC 170656933,170656933,101
TIC 170657104,170657104,101
TIC 170659914,170659914,101
TIC 178726083,178726083,101
TIC 178756651,178756651,101
TIC 178758712,178758712,101
TIC 178816361,178816361,101
TIC 178818626,178818626,101
TIC 178819397,178819397,101
TIC 178819686,178819686,101
TIC 178824328,178824328,101
TIC 178861865,178861865,101
TIC 178869592,178869592,101
TIC 178887276,178887276,101
TIC 180998196,180998196,101
TIC 181020045,181020045,101
TIC 181061812,181061812,101
TIC 181206360,181206360,101
TIC 181229140,181229140,101
TIC 181823402,181823402,101
TIC 181854331,181854331,101
TIC 181857383,181857383,101
TIC 181860841,181860841,101
TIC 181877779,181877779,101
TIC 181913586,181913586,101
TIC 186588827,186588827,101
TIC 188756200,188756200,101
TIC 194966293,194966293,101
TIC 201600307,201600307,101
TIC 201600309,201600309,101
TIC 201690578,201690578,101
TIC 201730394,201730394,101
TIC 201732264,201732264,101
TIC 201748996,201748996,101
TIC 204618705,204618705,101
TIC 204619086,204619086,101
TIC 204643786,204643786,101
TIC 204645414,204645414,101
TIC 204649819,204649819,101
TIC 204650483,204650483,101
TIC 204650822,204650822,101
TIC 204671232,204671232,101
TIC 204671405,204671405,101
TIC 204695287,204695287,101
TIC 204696963,204696963,101
TIC 204698337,204698337,101
TIC 204698427,204698427,101
TIC 204698580,204698580,101
TIC 204698586,204698586,101
TIC 204699050,204699050,101
TIC 204699376,204699376,101
TIC 204700146,204700146,101
TIC 204719068,204719068,101
TIC 204719664,204719664,101
TIC 204719763,204719763,101
TIC 204719766,204719766,101
TIC 209476931,209476931,101
TIC 211507984,211507984,101
TIC 219442838,219442838,101
TIC 219516729,219516729,101
TIC 219643957,219643957,101
TIC 219699276,219699276,101
TIC 219699410,219699410,101
TIC 219700573,219700573,101
TIC 219701594,219701594,101
TIC 219701748,219701748,101
TIC 219767019,219767019,101
TIC 219768234,219768234,101
TIC 219769290,219769290,101
TIC 219769847,219769847,101
TIC 219828968,219828968,101
TIC 219829145,219829145,101
TIC 219942866,219942866,101
TIC 228694499,228694499,101
TIC 228697178,228697178,101
TIC 228697180,228697180,101
TIC 228758453,228758453,101
TIC 228760810,228760810,101
TIC 228761172,228761172,101
TIC 228840439,228840439,101
TIC 228840468,228840468,101
TIC 228843099,228843099,101
TIC 228883011,228883011,101
TIC 228885384,228885384,101
TIC 228885563,228885563,101
TIC 228885892,228885892,101
TIC 228969041,228969041,101
TIC 228971871,228971871,101
TIC 228972002,228972002,101
TIC 228972228,228972228,101
TIC 228972732,228972732,101
TIC 229044450,229044450,101
TIC 229047362,229047362,101
TIC 229106161,229106161,101
TIC 229106210,229106210,101
TIC 229181083,229181083,101
TIC 229181237,229181237,101
TIC 229254851,229254851,101
TIC 229255152,229255152,101
TIC 229255155,229255155,101
TIC 229255362,229255362,101
TIC 229258156,229258156,101
TIC 229258252,229258252,101
TIC 229310586,229310586,101
TIC 229311138,229311138,101
TIC 229311253,229311253,101
TIC 229311838,229311838,101
TIC 229388113,229388113,101
TIC 229390943,229390943,101
TIC 229465678,229465678,101
TIC 229468261,229468261,101
TIC 229544020,229544020,101
TIC 229544078,229544078,101
TIC 229599397,229599397,101
TIC 229676917,229676917,101
TIC 229679814,229679814,101
TIC 229814009,229814009,101
TIC 230949405,230949405,101
TIC 231632822,231632822,101
TIC 232061901,232061901,101
TIC 232062254,232062254,101
TIC 234281396,234281396,101
TIC 234282389,234282389,101
TIC 234288438,234288438,101
TIC 234288549,234288549,101
TIC 234289138,234289138,101
TIC 238809900,238809900,101
TIC 238809913,238809913,101
TIC 238813087,238813087,101
TIC 238815187,238815187,101
TIC 238830991,238830991,101
TIC 238831647,238831647,101
TIC 238852606,238852606,101
TIC 241299185,241299185,101
TIC 241320066,241320066,101
TIC 241347516,241347516,101
TIC 241357076,241357076,101
TIC 241409833,241409833,101
TIC 241414705,241414705,101
TIC 241417275,241417275,101
TIC 241417279,241417279,101
TIC 241439216,241439216,101
TIC 241439813,241439813,101
TIC 241449929,241449929,101
TIC 241505459,241505459,101
TIC 241505859,241505859,101
TIC 241506132,241506132,101
TIC 241514378,241514378,101
TIC 241514551,241514551,101
TIC 241535771,241535771,101
TIC 241537051,241537051,101
TIC 241544671,241544671,101
TIC 241567613,241567613,101
TIC 241567624,241567624,101
TIC 241567772,241567772,101
TIC 241568079,241568079,101
TIC 241569046,241569046,101
TIC 241581808,241581808,101
TIC 241600190,241600190,101
TIC 241601924,241601924,101
TIC 241603329,241603329,101
TIC 241611533,241611533,101
TIC 241638905,241638905,101
TIC 241640242,241640242,101
TIC 241641298,241641298,101
TIC 241641457,241641457,101
TIC 241643693,241643693,101
TIC 241681553,241681553,101
TIC 241702109,241702109,101
TIC 241710866,241710866,101
TIC 241734101,241734101,101
TIC 241734117,241734117,101
TIC 241734596,241734596,101
TIC 241771689,241771689,101
TIC 241775524,241775524,101
TIC 241808794,241808794,101
TIC 242082921,242082921,101
TIC 242083025,242083025,101
TIC 242086186,242086186,101
TIC 242088840,242088840,101
TIC 242089153,242089153,101
TIC 242089966,242089966,101
TIC 242092425,242092425,101
TIC 242096315,242096315,101
TIC 242102439,242102439,101
TIC 242106482,242106482,101
TIC 242107495,242107495,101
TIC 242120692,242120692,101
TIC 242120884,242120884,101
TIC 242153310,242153310,101
TIC 242154009,242154009,101
TIC 242155024,242155024,101
TIC 242163792,242163792,101
TIC 242165766,242165766,101
TIC 242172446,242172446,101
TIC 242176768,242176768,101
TIC 242179598,242179598,101
TIC 242183815,242183815,101
TIC 242185548,242185548,101
TIC 242207675,242207675,101
TIC 242238486,242238486,101
TIC 242247659,242247659,101
TIC 242247820,242247820,101
TIC 242248398,242248398,101
TIC 242248403,242248403,101
TIC 242256346,242256346,101
TIC 242260454,242260454,101
TIC 242260526,242260526,101
TIC 242275404,242275404,101
TIC 242304661,242304661,101
TIC 242304668,242304668,101
TIC 242310307,242310307,101
TIC 242327987,242327987,101
TIC 242328781,242328781,101
TIC 242328834,242328834,101
TIC 242332063,242332063,101
TIC 242333404,242333404,101
TIC 242355345,242355345,101
TIC 242383134,242383134,101
TIC 242385558,242385558,101
TIC 242385947,242385947,101
TIC 242465680,242465680,101
TIC 242522699,242522699,101
TIC 242524119,242524119,101
TIC 243140378,243140378,101
TIC 243140448,243140448,101
TIC 243142263,243142263,101
TIC 243144355,243144355,101
TIC 243159963,243159963,101
TIC 243160876,243160876,101
TIC 243161100,243161100,101
TIC 243164696,243164696,101
TIC 243177869,243177869,101
TIC 243178105,243178105,101
TIC 243178382,243178382,101
TIC 243179565,243179565,101
TIC 243180748,243180748,101
TIC 243181433,243181433,101
TIC 243192184,243192184,101
TIC 243194645,243194645,101
TIC 243198273,243198273,101
TIC 243200602,243200602,101
TIC 243214048,243214048,101
TIC 243215335,243215335,101
TIC 243215742,243215742,101
TIC 243219146,243219146,101
TIC 243219824,243219824,101
TIC 243221067,243221067,101
TIC 243237647,243237647,101
TIC 243237779,243237779,101
TIC 243254022,243254022,101
TIC 243262712,243262712,101
TIC 243265010,243265010,101
TIC 243265170,243265170,101
TIC 243265270,243265270,101
TIC 243265638,243265638,101
TIC 243291790,243291790,101
TIC 243296277,243296277,101
TIC 243304823,243304823,101
TIC 243306857,243306857,101
TIC 243308487,243308487,101
TIC 243309549,243309549,101
TIC 243309743,243309743,101
TIC 243309999,243309999,101
TIC 243310310,243310310,101
TIC 243311475,243311475,101
TIC 243321910,243321910,101
TIC 243327003,243327003,101
TIC 243327980,243327980,101
TIC 243330489,243330489,101
TIC 243340074,243340074,101
TIC 243340367,243340367,101
TIC 243341756,243341756,101
TIC 243343013,243343013,101
TIC 243343455,243343455,101
TIC 243343875,243343875,101
TIC 243344181,243344181,101
TIC 243344284,243344284,101
TIC 243357222,243357222,101
TIC 243357690,243357690,101
TIC 243359910,243359910,101
TIC 243364927,243364927,101
TIC 243379962,243379962,101
TIC 243381460,243381460,101
TIC 243382369,243382369,101
TIC 243383481,243383481,101
TIC 243388629,243388629,101
TIC 243389399,243389399,101
TIC 243390044,243390044,101
TIC 243392720,243392720,101
TIC 243393072,243393072,101
TIC 243393076,243393076,101
TIC 243394576,243394576,101
TIC 243413956,243413956,101
TIC 243414924,243414924,101
TIC 243416139,243416139,101
TIC 243421079,243421079,101
TIC 243421478,243421478,101
TIC 243422613,243422613,101
TIC 243423798,243423798,101
TIC 243427058,243427058,101
TIC 243430178,243430178,101
TIC 243430654,243430654,101
TIC 243446420,243446420,101
TIC 243447066,243447066,101
TIC 243448621,243448621,101
TIC 243449082,243449082,101
TIC 243449892,243449892,101
TIC 243449997,243449997,101
TIC 243453366,243453366,101
TIC 243453639,243453639,101
TIC 243455472,243455472,101
TIC 243469399,243469399,101
TIC 243470227,243470227,101
TIC 243470744,243470744,101
TIC 243472478,243472478,101
TIC 243472479,243472479,101
TIC 243472556,243472556,101
TIC 243473362,243473362,101
TIC 243474898,243474898,101
TIC 243475355,243475355,101
TIC 243475605,243475605,101
TIC 243476396,243476396,101
TIC 243477650,243477650,101
TIC 243493710,243493710,101
TIC 243495503,243495503,101
TIC 243496587,243496587,101
TIC 243499472,243499472,101
TIC 243499565,243499565,101
TIC 243502815,243502815,101
TIC 243507678,243507678,101
TIC 243510037,243510037,101
TIC 243510252,243510252,101
TIC 243510466,243510466,101
TIC 243510629,243510629,101
TIC 243511069,243511069,101
TIC 243511200,243511200,101
TIC 243511383,243511383,101
TIC 243525202,243525202,101
TIC 243526259,243526259,101
TIC 243526368,243526368,101
TIC 243530962,243530962,101
TIC 243548785,243548785,101
TIC 243549626,243549626,101
TIC 243550555,243550555,101
TIC 243552638,243552638,101
TIC 243559025,243559025,101
TIC 243563219,243563219,101
TIC 243565174,243565174,101
TIC 243565299,243565299,101
TIC 243565535,243565535,101
TIC 243567516,243567516,101
TIC 243582295,243582295,101
TIC 243583759,243583759,101
TIC 243588142,243588142,101
TIC 243590245,243590245,101
TIC 243607628,243607628,101
TIC 243611722,243611722,101
TIC 243611773,243611773,101
TIC 243620200,243620200,101
TIC 243622210,243622210,101
TIC 243641947,243641947,101
TIC 243642384,243642384,101
TIC 243643661,243643661,101
TIC 243645139,243645139,101
TIC 243647020,243647020,101
TIC 243647165,243647165,101
TIC 243665314,243665314,101
TIC 244869645,244869645,101
TIC 245008002,245008002,101
TIC 245414169,245414169,101
TIC 248074315,248074315,101
TIC 248075138,248075138,101
TIC 248076118,248076118,101
TIC 248093171,248093171,101
TIC 248109478,248109478,101
TIC 248127641,248127641,101
TIC 248145126,248145126,101
TIC 248146308,248146308,101
TIC 248146490,248146490,101
TIC 248146827,248146827,101
TIC 248146829,248146829,101
TIC 248146907,248146907,101
TIC 248146918,248146918,101
TIC 248147068,248147068,101
TIC 248149975,248149975,101
TIC 248150976,248150976,101
TIC 248185416,248185416,101
TIC 248200372,248200372,101
TIC 248202492,248202492,101
TIC 248207049,248207049,101
TIC 248244865,248244865,101
TIC 248245043,248245043,101
TIC 249998165,249998165,101
TIC 253375354,253375354,101
TIC 253940746,253940746,101
TIC 256216396,256216396,101
TIC 257499004,257499004,101
TIC 257499005,257499005,101
TIC 257574423,257574423,101
TIC 257577230,257577230,101
TIC 258236455,258236455,101
TIC 258518383,258518383,101
TIC 258520047,258520047,101
TIC 258583749,258583749,101
TIC 258583891,258583891,101
TIC 258587377,258587377,101
TIC 258587557,258587557,101
TIC 258588345,258588345,101
TIC 258655731,258655731,101
TIC 258658170,258658170,101
TIC 258686739,258686739,101
TIC 258688129,258688129,101
TIC 258789022,258789022,101
TIC 258790078,258790078,101
TIC 258791348,258791348,101
TIC 258794623,258794623,101
TIC 258794982,258794982,101
TIC 258835206,258835206,101
TIC 258838968,258838968,101
TIC 258906153,258906153,101
TIC 258907375,258907375,101
TIC 258908663,258908663,101
TIC 259529822,259529822,101
TIC 259716719,259716719,101
TIC 259762298,259762298,101
TIC 259860423,259860423,101
TIC 260828081,260828081,101
TIC 261095540,261095540,101
TIC 261097229,261097229,101
TIC 261097508,261097508,101
TIC 261098001,261098001,101
TIC 261098036,261098036,101
TIC 261241692,261241692,101
TIC 261382375,261382375,101
TIC 261385436,261385436,101
TIC 261424477,261424477,101
TIC 261458818,261458818,101
TIC 261497366,261497366,101
TIC 261570492,261570492,101
TIC 261859708,261859708,101
TIC 262020326,262020326,101
TIC 262022587,262022587,101
TIC 262374255,262374255,101
TIC 262909826,262909826,101
TIC 264026227,264026227,101
TIC 265124285,265124285,101
TIC 265143793,265143793,101
TIC 265177596,265177596,101
TIC 265181301,265181301,101
TIC 265214901,265214901,101
TIC 265214924,265214924,101
TIC 265214955,265214955,101
TIC 265215908,265215908,101
TIC 265285561,265285561,101
TIC 265332355,265332355,101
TIC 265333973,265333973,101
TIC 265368974,265368974,101
TIC 265371495,265371495,101
TIC 265436996,265436996,101
TIC 265467908,265467908,101
TIC 265468367,265468367,101
TIC 265528114,265528114,101
TIC 270204508,270204508,101
TIC 270245472,270245472,101
TIC 270272909,270272909,101
TIC 270396876,270396876,101
TIC 270907021,270907021,101
TIC 271520041,271520041,101
TIC 272055198,272055198,101
TIC 272212990,272212990,101
TIC 272216091,272216091,101
TIC 273272475,273272475,101
TIC 273305810,273305810,101
TIC 273306452,273306452,101
TIC 275359885,275359885,101
TIC 275359886,275359886,101
TIC 275360276,275360276,101
TIC 275379929,275379929,101
TIC 275651537,275651537,101
TIC 275698736,275698736,101
TIC 275701459,275701459,101
TIC 275705109,275705109,101
TIC 275708941,275708941,101
TIC 275709825,275709825,101
TIC 275771265,275771265,101
TIC 275778610,275778610,101
TIC 275780251,275780251,101
TIC 275883138,275883138,101
TIC 275884492,275884492,101
TIC 275884787,275884787,101
TIC 275886244,275886244,101
TIC 275913227,275913227,101
TIC 276003818,276003818,101
TIC 276004385,276004385,101
TIC 276009669,276009669,101
TIC 276011822,276011822,101
TIC 276071697,276071697,101
TIC 276078538,276078538,101
TIC 276085969,276085969,101
TIC 276536438,276536438,101
TIC 276877011,276877011,101
TIC 276975310,276975310,101
TIC 277070297,277070297,101
TIC 277124898,277124898,101
TIC 277130148,277130148,101
TIC 277130151,277130151,101
TIC 277686948,277686948,101
TIC 277748318,277748318,101
TIC 277748932,277748932,101
TIC 277749000,277749000,101
TIC 277749774,277749774,101
TIC 277800037,277800037,101
TIC 277872060,277872060,101
TIC 278031843,278031843,101
TIC 278036258,278036258,101
TIC 278048070,278048070,101
TIC 278660115,278660115,101
TIC 278660127,278660127,101
TIC 278661054,278661054,101
TIC 278661055,278661055,101
TIC 279404964,279404964,101
TIC 282406261,282406261,101
TIC 282568877,282568877,101
TIC 282568895,282568895,101
TIC 282571567,282571567,101
TIC 285193274,285193274,101
TIC 285647924,285647924,101
TIC 285655079,285655079,101
TIC 286166627,286166627,101
TIC 286190272,286190272,101
TIC 286190896,286190896,101
TIC 286190897,286190897,101
TIC 286191360,286191360,101
TIC 286191384,286191384,101
TIC 286196290,286196290,101
TIC 286229284,286229284,101
TIC 286229461,286229461,101
TIC 286332607,286332607,101
TIC 286335432,286335432,101
TIC 286651329,286651329,101
TIC 286831934,286831934,101
TIC 286864983,286864983,101
TIC 286865921,286865921,101
TIC 286866372,286866372,101
TIC 286910068,286910068,101
TIC 286910922,286910922,101
TIC 286911346,286911346,101
TIC 287560195,287560195,101
TIC 287561676,287561676,101
TIC 287563610,287563610,101
TIC 287564315,287564315,101
TIC 287564618,287564618,101
TIC 287605404,287605404,101
TIC 287607394,287607394,101
TIC 287609748,287609748,101
TIC 287670422,287670422,101
TIC 287671059,287671059,101
TIC 287672433,287672433,101
TIC 287673403,287673403,101
TIC 287675512,287675512,101
TIC 287676188,287676188,101
TIC 287676203,287676203,101
TIC 287752945,287752945,101
TIC 287905390,287905390,101
TIC 288456177,288456177,101
TIC 289394390,289394390,101
TIC 289945654,289945654,101
TIC 289990429,289990429,101
TIC 290023243,290023243,101
TIC 290306250,290306250,101
TIC 290352455,290352455,101
TIC 290402339,290402339,101
TIC 290460897,290460897,101
TIC 290493086,290493086,101
TIC 290904607,290904607,101
TIC 291445431,291445431,101
TIC 292221964,292221964,101
TIC 292563530,292563530,101
TIC 292631204,292631204,101
TIC 292634628,292634628,101
TIC 292747446,292747446,101
TIC 293077991,293077991,101
TIC 293108438,293108438,101
TIC 293112127,293112127,101
TIC 293244976,293244976,101
TIC 293246403,293246403,101
TIC 293730838,293730838,101
TIC 293901590,293901590,101
TIC 294147619,294147619,101
TIC 294295243,294295243,101
TIC 294336247,294336247,101
TIC 294340797,294340797,101
TIC 294535052,294535052,101
TIC 294540814,294540814,101
TIC 294541385,294541385,101
TIC 294765277,294765277,101
TIC 294840275,294840275,101
TIC 294840875,294840875,101
TIC 294888245,294888245,101
TIC 294955727,294955727,101
TIC 294960223,294960223,101
TIC 295039858,295039858,101
TIC 295046932,295046932,101
TIC 295250926,295250926,101
TIC 295312916,295312916,101
TIC 295317087,295317087,101
TIC 295595101,295595101,101
TIC 295598663,295598663,101
TIC 297024771,297024771,101
TIC 297024805,297024805,101
TIC 297075865,297075865,101
TIC 297075945,297075945,101
TIC 297076030,297076030,101
TIC 297076422,297076422,101
TIC 297076465,297076465,101
TIC 299511830,299511830,101
TIC 300947233,300947233,101
TIC 301097051,301097051,101
TIC 301246514,301246514,101
TIC 301458049,301458049,101
TIC 301547080,301547080,101
TIC 301685529,301685529,101
TIC 301685667,301685667,101
TIC 301840033,301840033,101
TIC 301850211,301850211,101
TIC 301894267,301894267,101
TIC 301950278,301950278,101
TIC 301951317,301951317,101
TIC 301951386,301951386,101
TIC 301953702,301953702,101
TIC 301956407,301956407,101
TIC 302106773,302106773,101
TIC 303486063,303486063,101
TIC 303537300,303537300,101
TIC 303647102,303647102,101
TIC 303838799,303838799,101
TIC 303842397,303842397,101
TIC 303843280,303843280,101
TIC 303843296,303843296,101
TIC 303914401,303914401,101
TIC 303990872,303990872,101
TIC 303999019,303999019,101
TIC 304065196,304065196,101
TIC 304125535,304125535,101
TIC 304192664,304192664,101
TIC 304248080,304248080,101
TIC 304472372,304472372,101
TIC 304555088,304555088,101
TIC 304597522,304597522,101
TIC 304598130,304598130,101
TIC 304860571,304860571,101
TIC 305426725,305426725,101
TIC 305510727,305510727,101
TIC 305512404,305512404,101
TIC 305673776,305673776,101
TIC 305685377,305685377,101
TIC 305687191,305687191,101
TIC 305841055,305841055,101
TIC 306011509,306011509,101
TIC 306353173,306353173,101
TIC 306988678,306988678,101
TIC 307048897,307048897,101
TIC 307145442,307145442,101
TIC 307219715,307219715,101
TIC 307221757,307221757,101
TIC 307222819,307222819,101
TIC 307307858,307307858,101
TIC 307309259,307309259,101
TIC 307311160,307311160,101
TIC 307313258,307313258,101
TIC 307314394,307314394,101
TIC 307397152,307397152,101
TIC 309636161,309636161,101
TIC 310051035,310051035,101
TIC 310103203,310103203,101
TIC 310177122,310177122,101
TIC 310267123,310267123,101
TIC 310425221,310425221,101
TIC 310426629,310426629,101
TIC 310507132,310507132,101
TIC 310512172,310512172,101
TIC 310515887,310515887,101
TIC 310580480,310580480,101
TIC 310655582,310655582,101
TIC 310658582,310658582,101
TIC 310735022,310735022,101
TIC 310737463,310737463,101
TIC 310737486,310737486,101
TIC 310737497,310737497,101
TIC 310795658,310795658,101
TIC 310854881,310854881,101
TIC 310855822,310855822,101
TIC 310962494,310962494,101
TIC 310962562,310962562,101
TIC 311108321,311108321,101
TIC 311294247,311294247,101
TIC 311424709,311424709,101
TIC 311695847,311695847,101
TIC 312134943,312134943,101
TIC 312136850,312136850,101
TIC 312138903,312138903,101
TIC 312139235,312139235,101
TIC 312330407,312330407,101
TIC 312331831,312331831,101
TIC 312410735,312410735,101
TIC 312416379,312416379,101
TIC 312420298,312420298,101
TIC 312421176,312421176,101
TIC 312508092,312508092,101
TIC 312593578,312593578,101
TIC 312612366,312612366,101
TIC 312711817,312711817,101
TIC 312716892,312716892,101
TIC 312718795,312718795,101
TIC 313551867,313551867,101
TIC 313552150,313552150,101
TIC 318008761,318008761,101
TIC 318008762,318008762,101
TIC 318020620,318020620,101
TIC 318041132,318041132,101
TIC 318045187,318045187,101
TIC 318045921,318045921,101
TIC 318087625,318087625,101
TIC 318089042,318089042,101
TIC 318089045,318089045,101
TIC 318178605,318178605,101
TIC 318178607,318178607,101
TIC 318234836,318234836,101
TIC 318516986,318516986,101
TIC 318516988,318516988,101
TIC 318568428,318568428,101
TIC 318570817,318570817,101
TIC 318570818,318570818,101
TIC 319865783,319865783,101
TIC 319865787,319865787,101
TIC 319866119,319866119,101
TIC 320173450,320173450,101
TIC 320173459,320173459,101
TIC 320205468,320205468,101
TIC 320429222,320429222,101
TIC 320529727,320529727,101
TIC 320529729,320529729,101
TIC 320805242,320805242,101
TIC 320806887,320806887,101
TIC 320807270,320807270,101
TIC 320809777,320809777,101
TIC 320842011,320842011,101
TIC 322777087,322777087,101
TIC 322808734,322808734,101
TIC 324608514,324608514,101
TIC 324940571,324940571,101
TIC 324945165,324945165,101
TIC 325073334,325073334,101
TIC 325079358,325079358,101
TIC 325093832,325093832,101
TIC 325096527,325096527,101
TIC 325176527,325176527,101
TIC 325176535,325176535,101
TIC 325222244,325222244,101
TIC 325247654,325247654,101
TIC 325275736,325275736,101
TIC 325339416,325339416,101
TIC 326667109,326667109,101
TIC 327597963,327597963,101
TIC 327710325,327710325,101
TIC 327710327,327710327,101
TIC 327712776,327712776,101
TIC 327726690,327726690,101
TIC 327787009,327787009,101
TIC 328021070,328021070,101
TIC 328694579,328694579,101
TIC 328700272,328700272,101
TIC 328802637,328802637,101
TIC 328811406,328811406,101
TIC 328812354,328812354,101
TIC 329122550,329122550,101
TIC 329122651,329122651,101
TIC 329299765,329299765,101
TIC 329489791,329489791,101
TIC 329600417,329600417,101
TIC 329600422,329600422,101
TIC 329603458,329603458,101
TIC 329604894,329604894,101
TIC 329604972,329604972,101
TIC 329608600,329608600,101
TIC 329609449,329609449,101
TIC 329650621,329650621,101
TIC 329810778,329810778,101
TIC 329815628,329815628,101
TIC 329879897,329879897,101
TIC 329888006,329888006,101
TIC 329926400,329926400,101
TIC 330147423,330147423,101
TIC 330147511,330147511,101
TIC 330220897,330220897,101
TIC 330548648,330548648,101
TIC 330551496,330551496,101
TIC 330552369,330552369,101
TIC 330576657,330576657,101
TIC 330885564,330885564,101
TIC 331183881,331183881,101
TIC 331400541,331400541,101
TIC 331403553,331403553,101
TIC 331403557,331403557,101
TIC 331521972,331521972,101
TIC 331522286,331522286,101
TIC 331525820,331525820,101
TIC 331634064,331634064,101
TIC 331708294,331708294,101
TIC 331723119,331723119,101
TIC 331753560,331753560,101
TIC 331774813,331774813,101
TIC 331902311,331902311,101
TIC 331903323,331903323,101
TIC 331905817,331905817,101
TIC 332116396,332116396,101
TIC 332163365,332163365,101
TIC 332218043,332218043,101
TIC 332456001,332456001,101
TIC 332460747,332460747,101
TIC 332552275,332552275,101
TIC 332552335,332552335,101
TIC 332793697,332793697,101
TIC 332796646,332796646,101
TIC 332888505,332888505,101
TIC 333306195,333306195,101
TIC 333310113,333310113,101
TIC 333796385,333796385,101
TIC 333824155,333824155,101
TIC 333879879,333879879,101
TIC 334991661,334991661,101
TIC 335052465,335052465,101
TIC 335591399,335591399,101
TIC 335599429,335599429,101
TIC 338462211,338462211,101
TIC 338776670,338776670,101
TIC 338987089,338987089,101
TIC 339127521,339127521,101
TIC 339210048,339210048,101
TIC 339261412,339261412,101
TIC 339262037,339262037,101
TIC 339269863,339269863,101
TIC 339275552,339275552,101
TIC 339276534,339276534,101
TIC 339381798,339381798,101
TIC 339401388,339401388,101
TIC 339451801,339451801,101
TIC 339452151,339452151,101
TIC 339521263,339521263,101
TIC 339603121,339603121,101
TIC 339662528,339662528,101
TIC 340778451,340778451,101
TIC 340899480,340899480,101
TIC 340968718,340968718,101
TIC 340999692,340999692,101
TIC 341000701,341000701,101
TIC 341077229,341077229,101
TIC 341113947,341113947,101
TIC 341114403,341114403,101
TIC 341116839,341116839,101
TIC 341118666,341118666,101
TIC 341149986,341149986,101
TIC 341179881,341179881,101
TIC 341183396,341183396,101
TIC 341183510,341183510,101
TIC 341195796,341195796,101
TIC 341199092,341199092,101
TIC 341199348,341199348,101
TIC 341200831,341200831,101
TIC 341226831,341226831,101
TIC 341228186,341228186,101
TIC 341293863,341293863,101
TIC 341294902,341294902,101
TIC 341296885,341296885,101
TIC 341359216,341359216,101
TIC 341422976,341422976,101
TIC 341497604,341497604,101
TIC 343035916,343035916,101
TIC 343247662,343247662,101
TIC 343297686,343297686,101
TIC 343342625,343342625,101
TIC 343404977,343404977,101
TIC 343448758,343448758,101
TIC 343604518,343604518,101
TIC 343646670,343646670,101
TIC 343761793,343761793,101
TIC 343833361,343833361,101
TIC 344030826,344030826,101
TIC 344184668,344184668,101
TIC 344551419,344551419,101
TIC 344553484,344553484,101
TIC 344984889,344984889,101
TIC 345051357,345051357,101
TIC 345052391,345052391,101
TIC 345056639,345056639,101
TIC 345083368,345083368,101
TIC 345195181,345195181,101
TIC 345896689,345896689,101
TIC 346699497,346699497,101
TIC 346793769,346793769,101
TIC 346810813,346810813,101
TIC 346810815,346810815,101
TIC 348987372,348987372,101
TIC 349001059,349001059,101
TIC 349063534,349063534,101
TIC 349089101,349089101,101
TIC 349341075,349341075,101
TIC 351249087,351249087,101
TIC 351249089,351249089,101
TIC 351339273,351339273,101
TIC 351347487,351347487,101
TIC 351350183,351350183,101
TIC 351351743,351351743,101
TIC 351351752,351351752,101
TIC 351395074,351395074,101
TIC 351395678,351395678,101
TIC 351454104,351454104,101
TIC 351472160,351472160,101
TIC 351473809,351473809,101
TIC 351529600,351529600,101
TIC 351531504,351531504,101
TIC 351533129,351533129,101
TIC 351533563,351533563,101
TIC 351534998,351534998,101
TIC 351558953,351558953,101
TIC 351603103,351603103,101
TIC 352003665,352003665,101
TIC 352006987,352006987,101
TIC 352018161,352018161,101
TIC 352293031,352293031,101
TIC 352293033,352293033,101
TIC 352316455,352316455,101
TIC 352352280,352352280,101
TIC 352352282,352352282,101
TIC 352435054,352435054,101
TIC 352438419,352438419,101
TIC 352477838,352477838,101
TIC 352480241,352480241,101
TIC 352480413,352480413,101
TIC 352506553,352506553,101
TIC 352509931,352509931,101
TIC 352546007,352546007,101
TIC 354947664,354947664,101
TIC 355542556,355542556,101
TIC 359627920,359627920,101
TIC 359682653,359682653,101
TIC 359765055,359765055,101
TIC 359765519,359765519,101
TIC 359830372,359830372,101
TIC 359832860,359832860,101
TIC 359836561,359836561,101
TIC 359837552,359837552,101
TIC 359914730,359914730,101
TIC 359916090,359916090,101
TIC 359918587,359918587,101
TIC 359918857,359918857,101
TIC 360472227,360472227,101
TIC 360694322,360694322,101
TIC 360694324,360694324,101
TIC 360821180,360821180,101
TIC 360824561,360824561,101
TIC 360918140,360918140,101
TIC 360918660,360918660,101
TIC 360932338,360932338,101
TIC 360946402,360946402,101
TIC 360953298,360953298,101
TIC 360953539,360953539,101
TIC 360953746,360953746,101
TIC 360958689,360958689,101
TIC 360959676,360959676,101
TIC 361076949,361076949,101
TIC 361078701,361078701,101
TIC 361331138,361331138,101
TIC 361333089,361333089,101
TIC 361411628,361411628,101
TIC 361568103,361568103,101
TIC 361568774,361568774,101
TIC 361794454,361794454,101
TIC 361794588,361794588,101
TIC 361817116,361817116,101
TIC 361958490,361958490,101
TIC 361966174,361966174,101
TIC 361966647,361966647,101
TIC 361967262,361967262,101
TIC 361972409,361972409,101
TIC 362122427,362122427,101
TIC 362375966,362375966,101
TIC 362548828,362548828,101
TIC 362553848,362553848,101
TIC 362704794,362704794,101
TIC 362712267,362712267,101
TIC 362747897,362747897,101
TIC 362923720,362923720,101
TIC 362923729,362923729,101
TIC 363142366,363142366,101
TIC 363272586,363272586,101
TIC 363274002,363274002,101
TIC 363523740,363523740,101
TIC 363590997,363590997,101
TIC 363591584,363591584,101
TIC 363592740,363592740,101
TIC 363593253,363593253,101
TIC 363600442,363600442,101
TIC 363620931,363620931,101
TIC 363622039,363622039,101
TIC 363622268,363622268,101
TIC 363622300,363622300,101
TIC 363622794,363622794,101
TIC 363625105,363625105,101
TIC 363644989,363644989,101
TIC 363656704,363656704,101
TIC 363661031,363661031,101
TIC 363726434,363726434,101
TIC 363729290,363729290,101
TIC 363740394,363740394,101
TIC 363741860,363741860,101
TIC 363743662,363743662,101
TIC 363748551,363748551,101
TIC 363748801,363748801,101
TIC 363749339,363749339,101
TIC 363749415,363749415,101
TIC 363750041,363750041,101
TIC 363750136,363750136,101
TIC 363771912,363771912,101
TIC 363773381,363773381,101
TIC 363773754,363773754,101
TIC 363774571,363774571,101
TIC 363781220,363781220,101
TIC 363781484,363781484,101
TIC 363846319,363846319,101
TIC 363849443,363849443,101
TIC 363851208,363851208,101
TIC 363851359,363851359,101
TIC 363864501,363864501,101
TIC 363865968,363865968,101
TIC 363871524,363871524,101
TIC 363871952,363871952,101
TIC 363873031,363873031,101
TIC 363873033,363873033,101
TIC 363873149,363873149,101
TIC 363873156,363873156,101
TIC 363874210,363874210,101
TIC 363874696,363874696,101
TIC 363875509,363875509,101
TIC 363877653,363877653,101
TIC 363879560,363879560,101
TIC 363935435,363935435,101
TIC 364015015,364015015,101
TIC 364017175,364017175,101
TIC 364018117,364018117,101
TIC 364099782,364099782,101
TIC 364102821,364102821,101
TIC 364102824,364102824,101
TIC 364105875,364105875,101
TIC 364107753,364107753,101
TIC 364108780,364108780,101
TIC 364154544,364154544,101
TIC 364157927,364157927,101
TIC 364159018,364159018,101
TIC 364160098,364160098,101
TIC 364161650,364161650,101
TIC 364164688,364164688,101
TIC 364279719,364279719,101
TIC 364410904,364410904,101
TIC 364411774,364411774,101
TIC 364411778,364411778,101
TIC 364413492,364413492,101
TIC 364415868,364415868,101
TIC 364543499,364543499,101
TIC 364935918,364935918,101
TIC 365364448,365364448,101
TIC 365599503,365599503,101
TIC 365603094,365603094,101
TIC 365836868,365836868,101
TIC 365891926,365891926,101
TIC 365897786,365897786,101
TIC 365898015,365898015,101
TIC 365958965,365958965,101
TIC 365999016,365999016,101
TIC 365999313,365999313,101
TIC 366002322,366002322,101
TIC 366003387,366003387,101
TIC 366004166,366004166,101
TIC 367025184,367025184,101
TIC 368584842,368584842,101
TIC 369431126,369431126,101
TIC 369889157,369889157,101
TIC 370134722,370134722,101
TIC 370134723,370134723,101
TIC 371796030,371796030,101
TIC 371836821,371836821,101
TIC 371836968,371836968,101
TIC 371873776,371873776,101
TIC 371932950,371932950,101
TIC 371933860,371933860,101
TIC 371947250,371947250,101
TIC 371950861,371950861,101
TIC 372066117,372066117,101
TIC 372068780,372068780,101
TIC 372068881,372068881,101
TIC 372108508,372108508,101
TIC 372109346,372109346,101
TIC 372172418,372172418,101
TIC 372172466,372172466,101
TIC 372172502,372172502,101
TIC 372172883,372172883,101
TIC 372172890,372172890,101
TIC 372206573,372206573,101
TIC 372298419,372298419,101
TIC 372298464,372298464,101
TIC 372300399,372300399,101
TIC 372302303,372302303,101
TIC 372303071,372303071,101
TIC 372316772,372316772,101
TIC 372346146,372346146,101
TIC 372380144,372380144,101
TIC 372387876,372387876,101
TIC 372443765,372443765,101
TIC 372465846,372465846,101
TIC 372535967,372535967,101
TIC 372537143,372537143,101
TIC 372537235,372537235,101
TIC 372537528,372537528,101
TIC 374288012,374288012,101
TIC 374288294,374288294,101
TIC 374352306,374352306,101
TIC 374410268,374410268,101
TIC 375230843,375230843,101
TIC 375296831,375296831,101
TIC 375300949,375300949,101
TIC 375302625,375302625,101
TIC 376672562,376672562,101
TIC 376672630,376672630,101
TIC 376672631,376672631,101
TIC 376714360,376714360,101
TIC 378809750,378809750,101
TIC 380169462,380169462,101
TIC 380169810,380169810,101
TIC 380233550,380233550,101
TIC 380337822,380337822,101
TIC 380609305,380609305,101
TIC 380829785,380829785,101
TIC 380997423,380997423,101
TIC 381135339,381135339,101
TIC 381231645,381231645,101
TIC 381289851,381289851,101
TIC 381980896,381980896,101
TIC 381986373,381986373,101
TIC 382041055,382041055,101
TIC 382074000,382074000,101
TIC 382152550,382152550,101
TIC 382197944,382197944,101
TIC 382254933,382254933,101
TIC 382308684,382308684,101
TIC 382367978,382367978,101
TIC 382387708,382387708,101
TIC 382388572,382388572,101
TIC 382388574,382388574,101
TIC 382428691,382428691,101
TIC 382430985,382430985,101
TIC 382431762,382431762,101
TIC 382432831,382432831,101
TIC 382432832,382432832,101
TIC 382467147,382467147,101
TIC 382469629,382469629,101
TIC 382469635,382469635,101
TIC 382536160,382536160,101
TIC 382619435,382619435,101
TIC 383489138,383489138,101
TIC 384021098,384021098,101
TIC 384068413,384068413,101
TIC 384151282,384151282,101
TIC 384155428,384155428,101
TIC 384160420,384160420,101
TIC 384299730,384299730,101
TIC 384341333,384341333,101
TIC 384484766,384484766,101
TIC 384511203,384511203,101
TIC 384539586,384539586,101
TIC 384604799,384604799,101
TIC 384710719,384710719,101
TIC 384741153,384741153,101
TIC 384742846,384742846,101
TIC 384745842,384745842,101
TIC 384750117,384750117,101
TIC 384800468,384800468,101
TIC 384821509,384821509,101
TIC 384828170,384828170,101
TIC 386705400,386705400,101
TIC 386739884,386739884,101
TIC 387065539,387065539,101
TIC 387107343,387107343,101
TIC 387108239,387108239,101
TIC 387108320,387108320,101
TIC 387133912,387133912,101
TIC 387241049,387241049,101
TIC 387242167,387242167,101
TIC 387242542,387242542,101
TIC 389022834,389022834,101
TIC 389023278,389023278,101
TIC 389023538,389023538,101
TIC 389047257,389047257,101
TIC 389050165,389050165,101
TIC 389050171,389050171,101
TIC 389079049,389079049,101
TIC 389079052,389079052,101
TIC 389086097,389086097,101
TIC 389086101,389086101,101
TIC 389089708,389089708,101
TIC 389089709,389089709,101
TIC 389124776,389124776,101
TIC 389126891,389126891,101
TIC 389128269,389128269,101
TIC 389301327,389301327,101
TIC 389303586,389303586,101
TIC 389303830,389303830,101
TIC 389304178,389304178,101
TIC 389304433,389304433,101
TIC 389305559,389305559,101
TIC 389305560,389305560,101
TIC 389312149,389312149,101
TIC 389314777,389314777,101
TIC 389315307,389315307,101
TIC 389315309,389315309,101
TIC 390480467,390480467,101
TIC 390495055,390495055,101
TIC 390529484,390529484,101
TIC 390529504,390529504,101
TIC 390531051,390531051,101
TIC 390531778,390531778,101
TIC 390554357,390554357,101
TIC 390554879,390554879,101
TIC 390554880,390554880,101
TIC 390554916,390554916,101
TIC 390554917,390554917,101
TIC 390555866,390555866,101
TIC 390556289,390556289,101
TIC 390556290,390556290,101
TIC 390557018,390557018,101
TIC 390582794,390582794,101
TIC 390582796,390582796,101
TIC 390583436,390583436,101
TIC 390584123,390584123,101
TIC 390945589,390945589,101
TIC 392705611,392705611,101
TIC 392758027,392758027,101
TIC 392758030,392758030,101
TIC 392758248,392758248,101
TIC 392759269,392759269,101
TIC 392761279,392761279,101
TIC 392761412,392761412,101
TIC 392762097,392762097,101
TIC 392762103,392762103,101
TIC 393878779,393878779,101
TIC 393878922,393878922,101
TIC 393970740,393970740,101
TIC 393972251,393972251,101
TIC 394019077,394019077,101
TIC 394019417,394019417,101
TIC 394083429,394083429,101
TIC 394086820,394086820,101
TIC 394302061,394302061,101
TIC 394459325,394459325,101
TIC 394483822,394483822,101
TIC 394496655,394496655,101
TIC 394517648,394517648,101
TIC 394522122,394522122,101
TIC 394557024,394557024,101
TIC 394582012,394582012,101
TIC 395324313,395324313,101
TIC 395856289,395856289,101
TIC 396141211,396141211,101
TIC 396210500,396210500,101
TIC 396248664,396248664,101
TIC 396249303,396249303,101
TIC 396652578,396652578,101
TIC 397329954,397329954,101
TIC 397339749,397339749,101
TIC 397340108,397340108,101
TIC 397395849,397395849,101
TIC 397397227,397397227,101
TIC 398241939,398241939,101
TIC 398243520,398243520,101
TIC 398272196,398272196,101
TIC 398288352,398288352,101
TIC 398403219,398403219,101
TIC 398445933,398445933,101
TIC 398462325,398462325,101
TIC 398907941,398907941,101
TIC 398941916,398941916,101
TIC 398943781,398943781,101
TIC 398944182,398944182,101
TIC 398945279,398945279,101
TIC 398985229,398985229,101
TIC 399022974,399022974,101
TIC 401367319,401367319,101
TIC 401400729,401400729,101
TIC 401400977,401400977,101
TIC 401400981,401400981,101
TIC 401401305,401401305,101
TIC 401402914,401402914,101
TIC 401403129,401403129,101
TIC 401442100,401442100,101
TIC 401442106,401442106,101
TIC 401572504,401572504,101
TIC 401604042,401604042,101
TIC 401605043,401605043,101
TIC 401605359,401605359,101
TIC 401605762,401605762,101
TIC 401623468,401623468,101
TIC 401625800,401625800,101
TIC 401703808,401703808,101
TIC 401703809,401703809,101
TIC 401705346,401705346,101
TIC 402106928,402106928,101
TIC 402107174,402107174,101
TIC 402108167,402108167,101
TIC 402109184,402109184,101
TIC 402116291,402116291,101
TIC 402131888,402131888,101
TIC 402132821,402132821,101
TIC 402334376,402334376,101
TIC 402700858,402700858,101
TIC 402706001,402706001,101
TIC 402784824,402784824,101
TIC 402793935,402793935,101
TIC 402794440,402794440,101
TIC 402796126,402796126,101
TIC 402836230,402836230,101
TIC 402840106,402840106,101
TIC 402885783,402885783,101
TIC 402890913,402890913,101
TIC 402937166,402937166,101
TIC 402939044,402939044,101
TIC 402940105,402940105,101
TIC 402946237,402946237,101
TIC 402948120,402948120,101
TIC 402995680,402995680,101
TIC 402996953,402996953,101
TIC 403046027,403046027,101
TIC 403048778,403048778,101
TIC 403050659,403050659,101
TIC 403053924,403053924,101
TIC 403124183,403124183,101
TIC 403193904,403193904,101
TIC 403204565,403204565,101
TIC 403755885,403755885,101
TIC 403757370,403757370,101
TIC 403764130,403764130,101
TIC 403800123,403800123,101
TIC 403800324,403800324,101
TIC 403800349,403800349,101
TIC 403800351,403800351,101
TIC 403802333,403802333,101
TIC 403835457,403835457,101
TIC 404071836,404071836,101
TIC 404217861,404217861,101
TIC 404219695,404219695,101
TIC 404238893,404238893,101
TIC 404240275,404240275,101
TIC 404241837,404241837,101
TIC 404241839,404241839,101
TIC 404268576,404268576,101
TIC 404268578,404268578,101
TIC 404285192,404285192,101
TIC 404292385,404292385,101
TIC 404292392,404292392,101
TIC 404343586,404343586,101
TIC 404349886,404349886,101
TIC 405410210,405410210,101
TIC 405500503,405500503,101
TIC 405501056,405501056,101
TIC 405520863,405520863,101
TIC 405539160,405539160,101
TIC 405615559,405615559,101
TIC 405619285,405619285,101
TIC 405619518,405619518,101
TIC 405662503,405662503,101
TIC 405663232,405663232,101
TIC 405663249,405663249,101
TIC 405663562,405663562,101
TIC 405665223,405665223,101
TIC 406105638,406105638,101
TIC 406244401,406244401,101
TIC 406244405,406244405,101
TIC 406274883,406274883,101
TIC 406275711,406275711,101
TIC 406275712,406275712,101
TIC 406319239,406319239,101
TIC 406321265,406321265,101
TIC 406370601,406370601,101
TIC 406730617,406730617,101
TIC 406777256,406777256,101
TIC 406807534,406807534,101
TIC 406850016,406850016,101
TIC 406850212,406850212,101
TIC 406850268,406850268,101
TIC 406976746,406976746,101
TIC 407068678,407068678,101
TIC 407068771,407068771,101
TIC 407127579,407127579,101
TIC 407165509,407165509,101
TIC 407169954,407169954,101
TIC 407219358,407219358,101
TIC 407219359,407219359,101
TIC 408512003,408512003,101
TIC 408512763,408512763,101
TIC 408513593,408513593,101
TIC 408528541,408528541,101
TIC 408532494,408532494,101
TIC 408566822,408566822,101
TIC 409702645,409702645,101
TIC 409744377,409744377,101
TIC 409744867,409744867,101
TIC 409745050,409745050,101
TIC 409782652,409782652,101
TIC 409798266,409798266,101
TIC 409853937,409853937,101
TIC 409882069,409882069,101
TIC 409885716,409885716,101
TIC 409887972,409887972,101
TIC 409888915,409888915,101
TIC 409889012,409889012,101
TIC 409889015,409889015,101
TIC 409891330,409891330,101
TIC 409934687,409934687,101
TIC 409938734,409938734,101
TIC 410001714,410001714,101
TIC 410006490,410006490,101
TIC 410006491,410006491,101
TIC 410033396,410033396,101
TIC 410056850,410056850,101
TIC 410070180,410070180,101
TIC 410070183,410070183,101
TIC 410087656,410087656,101
TIC 410088244,410088244,101
TIC 410135796,410135796,101
TIC 410149713,410149713,101
TIC 410149717,410149717,101
TIC 410151905,410151905,101
TIC 410348210,410348210,101
TIC 410348214,410348214,101
TIC 410348379,410348379,101
TIC 410372245,410372245,101
TIC 410397732,410397732,101
TIC 410401313,410401313,101
TIC 410401323,410401323,101
TIC 410402272,410402272,101
TIC 410402471,410402471,101
TIC 410414842,410414842,101
TIC 410416107,410416107,101
TIC 410416837,410416837,101
TIC 410442371,410442371,101
TIC 411802313,411802313,101
TIC 411917731,411917731,101
TIC 411956519,411956519,101
TIC 411981774,411981774,101
TIC 411982793,411982793,101
TIC 411982868,411982868,101
TIC 411983484,411983484,101
TIC 412080145,412080145,101
TIC 412371819,412371819,101
TIC 412982162,412982162,101
TIC 413376180,413376180,101
TIC 413394650,413394650,101
TIC 413397434,413397434,101
TIC 413400983,413400983,101
TIC 413400985,413400985,101
TIC 413423763,413423763,101
TIC 413432205,413432205,101
TIC 413441054,413441054,101
TIC 413441981,413441981,101
TIC 413443091,413443091,101
TIC 414077635,414077635,101
TIC 415191100,415191100,101
TIC 415780694,415780694,101
TIC 415783554,415783554,101
TIC 415783664,415783664,101
TIC 415806515,415806515,101
TIC 415808109,415808109,101
TIC 415809305,415809305,101
TIC 415809506,415809506,101
TIC 415809914,415809914,101
TIC 415822569,415822569,101
TIC 417362390,417362390,101
TIC 418461853,418461853,101
TIC 418635903,418635903,101
TIC 418653612,418653612,101
TIC 418653627,418653627,101
TIC 418792366,418792366,101
TIC 418809090,418809090,101
TIC 419567638,419567638,101
TIC 419570289,419570289,101
TIC 419570292,419570292,101
TIC 419610508,419610508,101
TIC 419610509,419610509,101
TIC 419610523,419610523,101
TIC 419610536,419610536,101
TIC 419610625,419610625,101
TIC 419667762,419667762,101
TIC 419667763,419667763,101
TIC 419916333,419916333,101
TIC 419947008,419947008,101
TIC 420099302,420099302,101
TIC 420100516,420100516,101
TIC 420344220,420344220,101
TIC 420395847,420395847,101
TIC 420457808,420457808,101
TIC 420457894,420457894,101
TIC 420458522,420458522,101
TIC 420458685,420458685,101
TIC 420463697,420463697,101
TIC 420466427,420466427,101
TIC 420581415,420581415,101
TIC 420582177,420582177,101
TIC 420582698,420582698,101
TIC 420673520,420673520,101
TIC 421191140,421191140,101
TIC 421191260,421191260,101
TIC 421262334,421262334,101
TIC 421916192,421916192,101
TIC 421984608,421984608,101
TIC 421999342,421999342,101
TIC 422038703,422038703,101
TIC 422041466,422041466,101
TIC 422041482,422041482,101
TIC 422044019,422044019,101
TIC 422212187,422212187,101
TIC 422351727,422351727,101
TIC 422371105,422371105,101
TIC 422373116,422373116,101
TIC 422373323,422373323,101
TIC 422379916,422379916,101
TIC 422382119,422382119,101
TIC 422406221,422406221,101
TIC 422406381,422406381,101
TIC 422407583,422407583,101
TIC 422407707,422407707,101
TIC 422408232,422408232,101
TIC 422409469,422409469,101
TIC 423263226,423263226,101
TIC 423528378,423528378,101
TIC 423528896,423528896,101
TIC 423530923,423530923,101
TIC 423536353,423536353,101
TIC 423536971,423536971,101
TIC 423567949,423567949,101
TIC 423568600,423568600,101
TIC 423568982,423568982,101
TIC 423569057,423569057,101
TIC 423571521,423571521,101
TIC 423591132,423591132,101
TIC 423592046,423592046,101
TIC 423592048,423592048,101
TIC 424258218,424258218,101
TIC 425432916,425432916,101
TIC 425433239,425433239,101
TIC 425457891,425457891,101
TIC 425508314,425508314,101
TIC 425539481,425539481,101
TIC 425540735,425540735,101
TIC 425851719,425851719,101
TIC 426138514,426138514,101
TIC 426424333,426424333,101
TIC 426454833,426454833,101
TIC 426543841,426543841,101
TIC 426880606,426880606,101
TIC 426902009,426902009,101
TIC 428643392,428643392,101
TIC 428643393,428643393,101
TIC 428655767,428655767,101
TIC 428657032,428657032,101
TIC 428670887,428670887,101
TIC 428671557,428671557,101
TIC 428673146,428673146,101
TIC 428674135,428674135,101
TIC 428674996,428674996,101
TIC 428682231,428682231,101
TIC 428683815,428683815,101
TIC 428684629,428684629,101
TIC 428684773,428684773,101
TIC 428684774,428684774,101
TIC 428684820,428684820,101
TIC 428685341,428685341,101
TIC 429166180,429166180,101
TIC 429327784,429327784,101
TIC 429342599,429342599,101
TIC 429342600,429342600,101
TIC 429354344,429354344,101
TIC 429355454,429355454,101
TIC 429356287,429356287,101
TIC 429356633,429356633,101
TIC 429357696,429357696,101
TIC 429358056,429358056,101
TIC 429358497,429358497,101
TIC 429358906,429358906,101
TIC 429359773,429359773,101
TIC 429359774,429359774,101
TIC 429359897,429359897,101
TIC 429360143,429360143,101
TIC 429360174,429360174,101
TIC 429360175,429360175,101
TIC 429360323,429360323,101
TIC 429452870,429452870,101
TIC 432193599,432193599,101
TIC 434503503,434503503,101
TIC 434505515,434505515,101
TIC 434507219,434507219,101
TIC 434512399,434512399,101
TIC 434512403,434512403,101
TIC 434512552,434512552,101
TIC 434513165,434513165,101
TIC 434514621,434514621,101
TIC 434514848,434514848,101
TIC 434516309,434516309,101
TIC 435101754,435101754,101
TIC 435101777,435101777,101
TIC 435111484,435111484,101
TIC 435684037,435684037,101
TIC 435684362,435684362,101
TIC 435984991,435984991,101
TIC 436267736,436267736,101
TIC 436285452,436285452,101
TIC 436382800,436382800,101
TIC 436901731,436901731,101
TIC 437261379,437261379,101
TIC 437269154,437269154,101
TIC 437294180,437294180,101
TIC 437294907,437294907,101
TIC 437297481,437297481,101
TIC 437298146,437298146,101
TIC 437299951,437299951,101
TIC 437320173,437320173,101
TIC 437320676,437320676,101
TIC 437322762,437322762,101
TIC 437323587,437323587,101
TIC 437324684,437324684,101
TIC 437511417,437511417,101
TIC 437617380,437617380,101
TIC 438239847,438239847,101
TIC 438565911,438565911,101
TIC 438571037,438571037,101
TIC 438586540,438586540,101
TIC 438586656,438586656,101
TIC 438587417,438587417,101
TIC 438588762,438588762,101
TIC 438594280,438594280,101
TIC 438598966,438598966,101
TIC 438605218,438605218,101
TIC 438612498,438612498,101
TIC 438613018,438613018,101
TIC 438614244,438614244,101
TIC 438614945,438614945,101
TIC 438629686,438629686,101
TIC 438631656,438631656,101
TIC 438632125,438632125,101
TIC 438632453,438632453,101
TIC 438637923,438637923,101
TIC 438638623,438638623,101
TIC 438639036,438639036,101
TIC 438639308,438639308,101
TIC 438640320,438640320,101
TIC 438678759,438678759,101
TIC 438689102,438689102,101
TIC 438689941,438689941,101
TIC 438692243,438692243,101
TIC 438694338,438694338,101
TIC 438695270,438695270,101
TIC 438775149,438775149,101
TIC 438789953,438789953,101
TIC 438837178,438837178,101
TIC 438838902,438838902,101
TIC 438877899,438877899,101
TIC 438967685,438967685,101
TIC 440607276,440607276,101
TIC 443619867,443619867,101
TIC 443621408,443621408,101
TIC 443621803,443621803,101
TIC 443623692,443623692,101
TIC 443624058,443624058,101
TIC 443624220,443624220,101
TIC 443625642,443625642,101
TIC 443625969,443625969,101
TIC 443627218,443627218,101
TIC 443666343,443666343,101
TIC 443667457,443667457,101
TIC 443667458,443667458,101
TIC 443667698,443667698,101
TIC 443671790,443671790,101
TIC 443673405,443673405,101
TIC 446361076,446361076,101
TIC 446394923,446394923,101
TIC 446394932,446394932,101
TIC 446703419,446703419,101
TIC 446961945,446961945,101
TIC 447126797,447126797,101
TIC 447159606,447159606,101
TIC 447161854,447161854,101
TIC 447221980,447221980,101
TIC 447223501,447223501,101
TIC 447237797,447237797,101
TIC 447264748,447264748,101
TIC 447571129,447571129,101
TIC 447762290,447762290,101
TIC 447784424,447784424,101
TIC 448576854,448576854,101
TIC 448696047,448696047,101
TIC 448696074,448696074,101
TIC 449416943,449416943,101
TIC 449789554,449789554,101
TIC 451470704,451470704,101
TIC 451505946,451505946,101
TIC 451505950,451505950,101
TIC 451539287,451539287,101
TIC 451561283,451561283,101
TIC 451592856,451592856,101
TIC 451602835,451602835,101
TIC 452710740,452710740,101
TIC 452732774,452732774,101
TIC 452745433,452745433,101
TIC 453470667,453470667,101
TIC 453472071,453472071,101
TIC 453472268,453472268,101
TIC 453472269,453472269,101
TIC 453472305,453472305,101
TIC 453482589,453482589,101
TIC 453483773,453483773,101
TIC 453483931,453483931,101
TIC 453505472,453505472,101
TIC 453507807,453507807,101
TIC 453729034,453729034,101
TIC 453743381,453743381,101
TIC 453746342,453746342,101
TIC 453746453,453746453,101
TIC 453746632,453746632,101
TIC 453747489,453747489,101
TIC 453773849,453773849,101
TIC 453775307,453775307,101
TIC 453775803,453775803,101
TIC 453776506,453776506,101
TIC 453780382,453780382,101
TIC 453782421,453782421,101
TIC 453789494,453789494,101
TIC 453811191,453811191,101
TIC 453812334,453812334,101
TIC 453812336,453812336,101
TIC 453813251,453813251,101
TIC 453813589,453813589,101
TIC 453813834,453813834,101
TIC 453816280,453816280,101
TIC 453816281,453816281,101
TIC 453817164,453817164,101
TIC 453817590,453817590,101
TIC 453819146,453819146,101
TIC 453819148,453819148,101
TIC 453819990,453819990,101
TIC 453838843,453838843,101
TIC 453846038,453846038,101
TIC 454004654,454004654,101
TIC 454005584,454005584,101
TIC 454006780,454006780,101
TIC 454012641,454012641,101
TIC 454013177,454013177,101
TIC 454080155,454080155,101
TIC 454110741,454110741,101
TIC 455200806,455200806,101
TIC 456899453,456899453,101
TIC 456901103,456901103,101
TIC 456920771,456920771,101
TIC 457457946,457457946,101
TIC 457488097,457488097,101
TIC 457557304,457557304,101
TIC 457611262,457611262,101
TIC 457619392,457619392,101
TIC 457649900,457649900,101
TIC 457686485,457686485,101
TIC 457689939,457689939,101
TIC 457750028,457750028,101
TIC 461161884,461161884,101
TIC 461201151,461201151,101
TIC 461202713,461202713,101
TIC 461229766,461229766,101
TIC 461233317,461233317,101
TIC 461235343,461235343,101
TIC 461250383,461250383,101
TIC 461253009,461253009,101
TIC 461253071,461253071,101
TIC 461262073,461262073,101
TIC 461265726,461265726,101
TIC 461267690,461267690,101
TIC 461269698,461269698,101
TIC 461271479,461271479,101
TIC 461283278,461283278,101
TIC 461284291,461284291,101
TIC 464275366,464275366,101
TIC 464276371,464276371,101
TIC 464286129,464286129,101
TIC 464311616,464311616,101
TIC 464314508,464314508,101
TIC 464315748,464315748,101
TIC 464316038,464316038,101
TIC 464341632,464341632,101
TIC 464341865,464341865,101
TIC 464350059,464350059,101
TIC 464369466,464369466,101
TIC 464371957,464371957,101
TIC 464376452,464376452,101
TIC 464377523,464377523,101
TIC 464378507,464378507,101
TIC 464380392,464380392,101
TIC 464404736,464404736,101
TIC 464413645,464413645,101
TIC 464415539,464415539,101
TIC 464420924,464420924,101
TIC 464422047,464422047,101
TIC 464445128,464445128,101
TIC 464448910,464448910,101
TIC 464449183,464449183,101
TIC 464449188,464449188,101
TIC 464454235,464454235,101
TIC 464455185,464455185,101
TIC 464457625,464457625,101
TIC 464478492,464478492,101
TIC 464515010,464515010,101
TIC 464518474,464518474,101
TIC 464519298,464519298,101
TIC 464520768,464520768,101
TIC 464525847,464525847,101
TIC 464549633,464549633,101
TIC 464550607,464550607,101
TIC 464554491,464554491,101
TIC 464589012,464589012,101
TIC 464589014,464589014,101
TIC 464589731,464589731,101
TIC 464589959,464589959,101
TIC 464593816,464593816,101
TIC 464596343,464596343,101
TIC 464597226,464597226,101
TIC 464616526,464616526,101
TIC 464618878,464618878,101
TIC 464650717,464650717,101
TIC 464661689,464661689,101
TIC 466091980,466091980,101
TIC 466093558,466093558,101
TIC 466093560,466093560,101
TIC 466095211,466095211,101
TIC 466132967,466132967,101
TIC 466164033,466164033,101
TIC 466164355,466164355,101
TIC 466176899,466176899,101
TIC 466198577,466198577,101
TIC 466203577,466203577,101
TIC 466206387,466206387,101
TIC 466224437,466224437,101
TIC 466229760,466229760,101
TIC 466230701,466230701,101
TIC 466231027,466231027,101
TIC 466234180,466234180,101
TIC 466238399,466238399,101
TIC 466264851,466264851,101
TIC 466266273,466266273,101
TIC 466273074,466273074,101
TIC 466273130,466273130,101
TIC 466273811,466273811,101
TIC 466273813,466273813,101
TIC 466277085,466277085,101
TIC 466279308,466279308,101
TIC 466301827,466301827,101
TIC 466307264,466307264,101
TIC 466307645,466307645,101
TIC 466307646,466307646,101
TIC 466308677,466308677,101
TIC 466309287,466309287,101
TIC 466657225,466657225,101
TIC 466679588,466679588,101
TIC 467958671,467958671,101
TIC 467961579,467961579,101
TIC 467970759,467970759,101
TIC 467996969,467996969,101
TIC 467997499,467997499,101
TIC 468145849,468145849,101
TIC 469791075,469791075,101
TIC 469792186,469792186,101
TIC 469815594,469815594,101
TIC 469815705,469815705,101
TIC 469815709,469815709,101
TIC 469815950,469815950,101
TIC 469817222,469817222,101
TIC 469817392,469817392,101
TIC 469817399,469817399,101
TIC 469819156,469819156,101
TIC 469826577,469826577,101
TIC 469874560,469874560,101
TIC 469878140,469878140,101
TIC 469906109,469906109,101
TIC 469976677,469976677,101
TIC 471013447,471013447,101
TIC 471013482,471013482,101
TIC 471013488,471013488,101
TIC 471015365,471015365,101
TIC 471015424,471015424,101
TIC 471015425,471015425,101
TIC 471016594,471016594,101
TIC 512822128,512822128,101
TIC 522930477,522930477,101
TIC 524139988,524139988,101
TIC 900824444,900824444,101
TIC 900842055,900842055,101
TIC 900847417,900847417,101
TIC 900847614,900847614,101
TIC 900871116,900871116,101
TIC 900873915,900873915,101
TIC 900877083,900877083,101
TIC 900877947,900877947,101
TIC 900879971,900879971,101
TIC 900886317,900886317,101
TIC 900893989,900893989,101
TIC 900902467,900902467,101
TIC 900909650,900909650,101
TIC 900911472,900911472,101
TIC 900913969,900913969,101
TIC 900916571,900916571,101
TIC 900917668,900917668,101
TIC 900918943,900918943,101
TIC 900938758,900938758,101
TIC 900956625,900956625,101
TIC 900958332,900958332,101
TIC 900959215,900959215,101
TIC 900962773,900962773,101
TIC 900967010,900967010,101
TIC 900968697,900968697,101
TIC 900969355,900969355,101
TIC 900972044,900972044,101
TIC 900987829,900987829,101
TIC 900990936,900990936,101
TIC 900991057,900991057,101
TIC 900996461,900996461,101
TIC 900997768,900997768,101
TIC 901004426,901004426,101
TIC 901004530,901004530,101
TIC 901005348,901005348,101
TIC 901005414,901005414,101
TIC 901014721,901014721,101
TIC 901018654,901018654,101
TIC 901023494,901023494,101
TIC 901031227,901031227,101
TIC 901034752,901034752,101
TIC 901045363,901045363,101
TIC 901046673,901046673,101
TIC 901047423,901047423,101
TIC 901053463,901053463,101
TIC 901053557,901053557,101
TIC 901054746,901054746,101
TIC 901055157,901055157,101
TIC 901065348,901065348,101
TIC 901069336,901069336,101
TIC 901069349,901069349,101
TIC 901070968,901070968,101
TIC 901075862,901075862,101
TIC 901076532,901076532,101
TIC 901077870,901077870,101
TIC 901082356,901082356,101
TIC 901089339,901089339,101
TIC 901091048,901091048,101
TIC 901115050,901115050,101
TIC 901115668,901115668,101
TIC 901132769,901132769,101
TIC 901138446,901138446,101
TIC 901140203,901140203,101
TIC 901151738,901151738,101
TIC 901152100,901152100,101
TIC 901173196,901173196,101
TIC 901174024,901174024,101
TIC 901176934,901176934,101
TIC 901177668,901177668,101
TIC 901181634,901181634,101
TIC 901181696,901181696,101
TIC 901188950,901188950,101
TIC 901191508,901191508,101
TIC 901194361,901194361,101
TIC 901199111,901199111,101
TIC 901200357,901200357,101
TIC 901205772,901205772,101
TIC 901207624,901207624,101
TIC 901208393,901208393,101
TIC 901210971,901210971,101
TIC 901212084,901212084,101
TIC 901212356,901212356,101
TIC 901216946,901216946,101
TIC 901229597,901229597,101
TIC 901232847,901232847,101
TIC 901236169,901236169,101
TIC 901240544,901240544,101
TIC 901244093,901244093,101
TIC 901250351,901250351,101
TIC 901252195,901252195,101
TIC 901252537,901252537,101
TIC 901253665,901253665,101
TIC 901254483,901254483,101
TIC 901254756,901254756,101
TIC 901258593,901258593,101
TIC 901259110,901259110,101
TIC 901261455,901261455,101
TIC 901265529,901265529,101
TIC 901271286,901271286,101
TIC 901279806,901279806,101
TIC 901287186,901287186,101
TIC 901289013,901289013,101
TIC 901292402,901292402,101
TIC 901294846,901294846,101
TIC 901307884,901307884,101
TIC 901311415,901311415,101
TIC 901313515,901313515,101
TIC 901315280,901315280,101
TIC 901315926,901315926,101
TIC 901316826,901316826,101
TIC 901319586,901319586,101
TIC 901324598,901324598,101
TIC 901326905,901326905,101
TIC 901334695,901334695,101
TIC 901342303,901342303,101
TIC 901352792,901352792,101
TIC 901358146,901358146,101
TIC 901358563,901358563,101
TIC 901361559,901361559,101
TIC 901367276,901367276,101
TIC 901368024,901368024,101
TIC 901368314,901368314,101
TIC 901369956,901369956,101
TIC 901371732,901371732,101
TIC 901372459,901372459,101
TIC 901376459,901376459,101
TIC 901380584,901380584,101
TIC 901389939,901389939,101
TIC 901393056,901393056,101
TIC 901393192,901393192,101
TIC 901395804,901395804,101
TIC 901396096,901396096,101
TIC 901396973,901396973,101
TIC 901401316,901401316,101
TIC 901404237,901404237,101
TIC 901406326,901406326,101
TIC 901408691,901408691,101
TIC 901413756,901413756,101
TIC 901416224,901416224,101
TIC 901421699,901421699,101
TIC 901423302,901423302,101
TIC 901424296,901424296,101
TIC 901425122,901425122,101
TIC 901430319,901430319,101
TIC 901432011,901432011,101
TIC 901432997,901432997,101
TIC 901433450,901433450,101
TIC 901434815,901434815,101
TIC 901436205,901436205,101
TIC 901437327,901437327,101
TIC 901438758,901438758,101
TIC 901442191,901442191,101
TIC 901444178,901444178,101
TIC 901444503,901444503,101
TIC 901445581,901445581,101
TIC 901447474,901447474,101
TIC 901448705,901448705,101
TIC 901457202,901457202,101
TIC 901457712,901457712,101
TIC 901464236,901464236,101
TIC 901466187,901466187,101
TIC 901470301,901470301,101
TIC 901470679,901470679,101
TIC 901479793,901479793,101
TIC 901483460,901483460,101
TIC 901487244,901487244,101
TIC 901489235,901489235,101
TIC 901489526,901489526,101
TIC 901491272,901491272,101
TIC 901492267,901492267,101
TIC 901493963,901493963,101
TIC 901496050,901496050,101
TIC 901497024,901497024,101
TIC 901497312,901497312,101
TIC 901503793,901503793,101
TIC 901509569,901509569,101
TIC 901511047,901511047,101
TIC 901512874,901512874,101
TIC 901518584,901518584,101
TIC 901520468,901520468,101
TIC 901521387,901521387,101
TIC 901521804,901521804,101
TIC 901522925,901522925,101
TIC 901524014,901524014,101
TIC 901524208,901524208,101
TIC 901525348,901525348,101
TIC 901548767,901548767,101
TIC 901548815,901548815,101
TIC 901548995,901548995,101
TIC 901549676,901549676,101
TIC 901552111,901552111,101
TIC 901590127,901590127,101
TIC 901600814,901600814,101
TIC 901602452,901602452,101
TIC 901611590,901611590,101
TIC 901614350,901614350,101
TIC 901617536,901617536,101
TIC 901618132,901618132,101
TIC 901621468,901621468,101
TIC 901623123,901623123,101
TIC 901625132,901625132,101
TIC 901625355,901625355,101
TIC 901628028,901628028,101
TIC 901630494,901630494,101
TIC 901633366,901633366,101
TIC 901636283,901636283,101
TIC 901638739,901638739,101
TIC 901647631,901647631,101
TIC 901651473,901651473,101
TIC 901654492,901654492,101
TIC 901660054,901660054,101
TIC 901661077,901661077,101
TIC 901738968,901738968,101
TIC 901739969,901739969,101
TIC 901740771,901740771,101
TIC 901741870,901741870,101
TIC 901743315,901743315,101
TIC 901744408,901744408,101
TIC 901749167,901749167,101
TIC 901758549,901758549,101
TIC 901768571,901768571,101
TIC 901783221,901783221,101
TIC 901783348,901783348,101
TIC 901784498,901784498,101
TIC 901784631,901784631,101
TIC 901786794,901786794,101
TIC 901790106,901790106,101
TIC 901791772,901791772,101
TIC 901791881,901791881,101
TIC 901794750,901794750,101
TIC 901797948,901797948,101
TIC 901801515,901801515,101
TIC 901803485,901803485,101
TIC 901805330,901805330,101
TIC 901809598,901809598,101
TIC 901809685,901809685,101
TIC 901811099,901811099,101
TIC 901817335,901817335,101
TIC 901820936,901820936,101
TIC 901821417,901821417,101
TIC 901822058,901822058,101
TIC 901824126,901824126,101
TIC 901824310,901824310,101
TIC 901828017,901828017,101
TIC 901828046,901828046,101
TIC 901830882,901830882,101
TIC 901833779,901833779,101
TIC 901834777,901834777,101
TIC 901836915,901836915,101
TIC 901837536,901837536,101
TIC 901838250,901838250,101
TIC 901838840,901838840,101
TIC 901847525,901847525,101
TIC 901850556,901850556,101
TIC 901851180,901851180,101
TIC 901854731,901854731,101
TIC 901855440,901855440,101
TIC 901858127,901858127,101
TIC 901859407,901859407,101
TIC 901865642,901865642,101
TIC 901865676,901865676,101
TIC 901866134,901866134,101
TIC 901866483,901866483,101
TIC 902311019,902311019,101
TIC 939456500,939456500,101
TIC 940411215,940411215,101
TIC 940430658,940430658,101
TIC 940441823,940441823,101
TIC 940458967,940458967,101
TIC 940492332,940492332,101
TIC 940624799,940624799,101
TIC 940726137,940726137,101
TIC 940745121,940745121,101
TIC 941028439,941028439,101
TIC 941029875,941029875,101
TIC 941030373,941030373,101
TIC 941088424,941088424,101
TIC 941094762,941094762,101
TIC 941102668,941102668,101
TIC 941104452,941104452,101
TIC 942186107,942186107,101
TIC 942186918,942186918,101
TIC 942189510,942189510,101
TIC 942190662,942190662,101
TIC 942198343,942198343,101
TIC 942202516,942202516,101
TIC 942208742,942208742,101
TIC 942214736,942214736,101
TIC 942248803,942248803,101
TIC 942263710,942263710,101
TIC 942269577,942269577,101
TIC 942269938,942269938,101
TIC 942271220,942271220,101
TIC 950900295,950900295,101
TIC 950904764,950904764,101
TIC 950923927,950923927,101
TIC 950934777,950934777,101
TIC 950935511,950935511,101
TIC 950935896,950935896,101
TIC 950940435,950940435,101
TIC 950942851,950942851,101
TIC 950945574,950945574,101
TIC 950948335,950948335,101
TIC 950949291,950949291,101
TIC 950952159,950952159,101
TIC 950954084,950954084,101
TIC 950958990,950958990,101
TIC 950959163,950959163,101
TIC 950959195,950959195,101
TIC 950962188,950962188,101
TIC 950966828,950966828,101
TIC 950972425,950972425,101
TIC 950976077,950976077,101
TIC 950991504,950991504,101
TIC 950992007,950992007,101
TIC 950999811,950999811,101
TIC 951001729,951001729,101
TIC 951002574,951002574,101
TIC 951004350,951004350,101
TIC 951008167,951008167,101
TIC 951016050,951016050,101
TIC 951027965,951027965,101
TIC 951031121,951031121,101
TIC 951039122,951039122,101
TIC 951039448,951039448,101
TIC 951041959,951041959,101
TIC 951047463,951047463,101
TIC 951050259,951050259,101
TIC 951051527,951051527,101
TIC 951076147,951076147,101
TIC 951076213,951076213,101
TIC 951077555,951077555,101
TIC 951085807,951085807,101
TIC 951098987,951098987,101
TIC 951106205,951106205,101
TIC 951130948,951130948,101
TIC 951132987,951132987,101
TIC 951149649,951149649,101
TIC 951165719,951165719,101
TIC 951167392,951167392,101
TIC 951167701,951167701,101
TIC 951179615,951179615,101
TIC 951180198,951180198,101
TIC 951188211,951188211,101
TIC 951190596,951190596,101
TIC 951194372,951194372,101
TIC 951195320,951195320,101
TIC 951196441,951196441,101
TIC 951197745,951197745,101
TIC 951205028,951205028,101
TIC 951210506,951210506,101
TIC 951227110,951227110,101
TIC 951229522,951229522,101
TIC 951231249,951231249,101
TIC 951240387,951240387,101
TIC 951244230,951244230,101
TIC 951244487,951244487,101
TIC 951249872,951249872,101
TIC 951251007,951251007,101
TIC 951251210,951251210,101
TIC 951252384,951252384,101
TIC 951259925,951259925,101
TIC 951260828,951260828,101
TIC 951261422,951261422,101
TIC 951262888,951262888,101
TIC 951262934,951262934,101
TIC 951262944,951262944,101
TIC 951263208,951263208,101
TIC 951270474,951270474,101
TIC 951273538,951273538,101
TIC 951274230,951274230,101
TIC 951274231,951274231,101
TIC 951277549,951277549,101
TIC 951282189,951282189,101
TIC 951284727,951284727,101
TIC 951285007,951285007,101
TIC 951285402,951285402,101
TIC 951286157,951286157,101
TIC 951287219,951287219,101
TIC 951290663,951290663,101
TIC 951292875,951292875,101
TIC 951296937,951296937,101
TIC 951297608,951297608,101
TIC 951305761,951305761,101
TIC 951312246,951312246,101
TIC 951324257,951324257,101
TIC 951329824,951329824,101
TIC 951333811,951333811,101
TIC 951335757,951335757,101
TIC 951339878,951339878,101
TIC 951353372,951353372,101
TIC 951367588,951367588,101
TIC 951380270,951380270,101
TIC 951381750,951381750,101
TIC 951382827,951382827,101
TIC 951388228,951388228,101
TIC 951388579,951388579,101
TIC 951390126,951390126,101
TIC 951390286,951390286,101
TIC 951391101,951391101,101
TIC 951391702,951391702,101
TIC 951392616,951392616,101
TIC 951393944,951393944,101
TIC 951398775,951398775,101
TIC 951405786,951405786,101
TIC 951406068,951406068,101
TIC 951406957,951406957,101
TIC 951418540,951418540,101
TIC 951423335,951423335,101
TIC 951426606,951426606,101
TIC 951438622,951438622,101
TIC 951441021,951441021,101
TIC 951443328,951443328,101
TIC 951445131,951445131,101
TIC 951445826,951445826,101
TIC 951453180,951453180,101
TIC 951454586,951454586,101
TIC 951455671,951455671,101
TIC 951463858,951463858,101
TIC 951464261,951464261,101
TIC 951465943,951465943,101
TIC 951468151,951468151,101
TIC 951470807,951470807,101
TIC 951479195,951479195,101
TIC 951484438,951484438,101
TIC 951489125,951489125,101
TIC 951492112,951492112,101
TIC 951496382,951496382,101
TIC 951498808,951498808,101
TIC 951507115,951507115,101
TIC 951513135,951513135,101
TIC 951514437,951514437,101
TIC 951516005,951516005,101
TIC 951517953,951517953,101
TIC 951518743,951518743,101
TIC 951519350,951519350,101
TIC 951527189,951527189,101
TIC 951530489,951530489,101
TIC 951532076,951532076,101
TIC 951532356,951532356,101
TIC 951532519,951532519,101
TIC 951535284,951535284,101
TIC 951540418,951540418,101
TIC 951541315,951541315,101
TIC 951542930,951542930,101
TIC 951544550,951544550,101
TIC 951545177,951545177,101
TIC 951545738,951545738,101
TIC 951546979,951546979,101
TIC 951549747,951549747,101
TIC 951550987,951550987,101
TIC 951552575,951552575,101
TIC 951554385,951554385,101
TIC 951554609,951554609,101
TIC 951562666,951562666,101
TIC 951573862,951573862,101
TIC 951575405,951575405,101
TIC 951576203,951576203,101
TIC 951576215,951576215,101
TIC 951577058,951577058,101
TIC 951583443,951583443,101
TIC 951583611,951583611,101
TIC 951583798,951583798,101
TIC 951590577,951590577,101
TIC 951602914,951602914,101
TIC 951620420,951620420,101
TIC 951621195,951621195,101
TIC 951621634,951621634,101
TIC 951635495,951635495,101
TIC 951635741,951635741,101
TIC 951636133,951636133,101
TIC 951636336,951636336,101
TIC 951643460,951643460,101
TIC 951643532,951643532,101
TIC 951651235,951651235,101
TIC 951662365,951662365,101
TIC 951663708,951663708,101
TIC 951679178,951679178,101
TIC 951683451,951683451,101
TIC 951687375,951687375,101
TIC 951690614,951690614,101
TIC 951691209,951691209,101
TIC 951691534,951691534,101
TIC 951698273,951698273,101
TIC 951700753,951700753,101
TIC 951708188,951708188,101
TIC 951710847,951710847,101
TIC 951716392,951716392,101
TIC 951717359,951717359,101
TIC 951722053,951722053,101
TIC 951725368,951725368,101
TIC 951727035,951727035,101
TIC 951730381,951730381,101
TIC 951740979,951740979,101
TIC 951741846,951741846,101
TIC 951748509,951748509,101
TIC 951753409,951753409,101
TIC 951762641,951762641,101
TIC 951772981,951772981,101
TIC 951774360,951774360,101
TIC 951790905,951790905,101
TIC 951795256,951795256,101
TIC 951798569,951798569,101
TIC 951799130,951799130,101
TIC 951803462,951803462,101
TIC 951804876,951804876,101
TIC 951805456,951805456,101
TIC 951813109,951813109,101
TIC 951813859,951813859,101
TIC 951814397,951814397,101
TIC 951816895,951816895,101
TIC 951817099,951817099,101
TIC 951818100,951818100,101
TIC 951819424,951819424,101
TIC 951820218,951820218,101
TIC 951824915,951824915,101
TIC 951826716,951826716,101
TIC 951827101,951827101,101
TIC 951836836,951836836,101
TIC 951839528,951839528,101
TIC 951839635,951839635,101
TIC 951844096,951844096,101
TIC 951844188,951844188,101
TIC 951845508,951845508,101
TIC 951849651,951849651,101
TIC 951865525,951865525,101
TIC 951867542,951867542,101
TIC 951870109,951870109,101
TIC 951870294,951870294,101
TIC 951871538,951871538,101
TIC 951878334,951878334,101
TIC 951881558,951881558,101
TIC 951883534,951883534,101
TIC 951885573,951885573,101
TIC 951886554,951886554,101
TIC 951886688,951886688,101
TIC 951886820,951886820,101
TIC 951886830,951886830,101
TIC 951917233,951917233,101
TIC 951977412,951977412,101
TIC 951981814,951981814,101
TIC 951983992,951983992,101
TIC 951984652,951984652,101
TIC 952000432,952000432,101
TIC 952001796,952001796,101
TIC 952002188,952002188,101
TIC 952004595,952004595,101
TIC 952004706,952004706,101
TIC 952008665,952008665,101
TIC 952010648,952010648,101
TIC 952012169,952012169,101
TIC 952074194,952074194,101
TIC 952074820,952074820,101
TIC 952077350,952077350,101
TIC 952084199,952084199,101
TIC 952086308,952086308,101
TIC 952087515,952087515,101
TIC 952091945,952091945,101
TIC 952093290,952093290,101
TIC 952098480,952098480,101
TIC 952100834,952100834,101
TIC 952104382,952104382,101
TIC 952105248,952105248,101
TIC 952108304,952108304,101
TIC 952109575,952109575,101
TIC 952110614,952110614,101
TIC 952115185,952115185,101
TIC 952117221,952117221,101
TIC 952118522,952118522,101
TIC 952123348,952123348,101
TIC 952125958,952125958,101
TIC 952127260,952127260,101
TIC 952127901,952127901,101
TIC 952127945,952127945,101
TIC 952128341,952128341,101
TIC 952129242,952129242,101
TIC 952129608,952129608,101
TIC 952131983,952131983,101
TIC 952132016,952132016,101
TIC 952133610,952133610,101
TIC 952138727,952138727,101
TIC 952140481,952140481,101
TIC 952142813,952142813,101
TIC 952146067,952146067,101
TIC 952146348,952146348,101
TIC 952148379,952148379,101
TIC 952154249,952154249,101
TIC 952159355,952159355,101
TIC 952160831,952160831,101
TIC 952172633,952172633,101
TIC 952176611,952176611,101
TIC 952180084,952180084,101
TIC 952180535,952180535,101
TIC 952182249,952182249,101
TIC 952184305,952184305,101
TIC 952184529,952184529,101
TIC 952185222,952185222,101
TIC 952187628,952187628,101
TIC 952187698,952187698,101
TIC 952189156,952189156,101
TIC 952189494,952189494,101
TIC 952193959,952193959,101
TIC 952194346,952194346,101
TIC 952194526,952194526,101
TIC 952197176,952197176,101
TIC 952197817,952197817,101
TIC 952198721,952198721,101
TIC 952198997,952198997,101
TIC 952203827,952203827,101
TIC 952205031,952205031,101
TIC 952207058,952207058,101
TIC 952208481,952208481,101
TIC 952208631,952208631,101
TIC 952222291,952222291,101
TIC 952224701,952224701,101
TIC 952227277,952227277,101
TIC 952229342,952229342,101
TIC 952232391,952232391,101
TIC 952232700,952232700,101
TIC 952237544,952237544,101
TIC 952237985,952237985,101
TIC 952238477,952238477,101
TIC 952240841,952240841,101
TIC 952253758,952253758,101
TIC 952263297,952263297,101
TIC 952264940,952264940,101
TIC 952281797,952281797,101
TIC 952282992,952282992,101
TIC 952283316,952283316,101
TIC 952283979,952283979,101
TIC 952286171,952286171,101
TIC 952292405,952292405,101
TIC 952294363,952294363,101
TIC 952294518,952294518,101
TIC 952295687,952295687,101
TIC 952301823,952301823,101
TIC 952302225,952302225,101
TIC 952304466,952304466,101
TIC 952304581,952304581,101
TIC 952304594,952304594,101
TIC 952310302,952310302,101
TIC 952313830,952313830,101
TIC 952313897,952313897,101
TIC 952315477,952315477,101
TIC 952318796,952318796,101
TIC 952319983,952319983,101
TIC 952320117,952320117,101
TIC 952325862,952325862,101
TIC 952330434,952330434,101
TIC 952472342,952472342,101
TIC 952472742,952472742,101
TIC 954896737,954896737,101
TIC 954955133,954955133,101
TIC 954974803,954974803,101
TIC 954992657,954992657,101
TIC 955198792,955198792,101
TIC 955724854,955724854,101
TIC 955788060,955788060,101
TIC 956108023,956108023,101
TIC 973174031,973174031,101
TIC 973184941,973184941,101
TIC 973305394,973305394,101
TIC 973338095,973338095,101
TIC 977723179,977723179,101
TIC 978684150,978684150,101
TIC 989200044,989200044,101
TIC 989397193,989397193,101
TIC 991160206,991160206,101
TIC 993049642,993049642,101
TIC 993080347,993080347,101
TIC 993160365,993160365,101
TIC 993880284,993880284,101
TIC 993895549,993895549,101
TIC 994062618,994062618,101
TIC 994111399,994111399,101
TIC 994148706,994148706,101
TIC 994163131,994163131,101
TIC 994217937,994217937,101
TIC 994256822,994256822,101
TIC 994270599,994270599,101
TIC 994278158,994278158,101
TIC 994281695,994281695,101
TIC 994287664,994287664,101
TIC 994288999,994288999,101
TIC 994296129,994296129,101
TIC 994333722,994333722,101
TIC 994335310,994335310,101
TIC 994352893,994352893,101
TIC 994399916,994399916,101
TIC 994412236,994412236,101
TIC 994418033,994418033,101
TIC 994421149,994421149,101
TIC 994475510,994475510,101
TIC 994475963,994475963,101
TIC 995657239,995657239,101
TIC 995660956,995660956,101
TIC 996233107,996233107,101
TIC 996327711,996327711,101
TIC 996334923,996334923,101
TIC 996369354,996369354,101
TIC 996383173,996383173,101
TIC 996402779,996402779,101
TIC 996421497,996421497,101
TIC 996423923,996423923,101
TIC 996470988,996470988,101
TIC 996472901,996472901,101
TIC 996506509,996506509,101
TIC 996520985,996520985,101
TIC 996547776,996547776,101
TIC 996564430,996564430,101
TIC 996567930,996567930,101
TIC 996576752,996576752,101
TIC 996601571,996601571,101
TIC 996608626,996608626,101
TIC 996624141,996624141,101
TIC 996624753,996624753,101
TIC 996646839,996646839,101
TIC 996658260,996658260,101
TIC 996717631,996717631,101
TIC 996732597,996732597,101
TIC 996733477,996733477,101
TIC 996755547,996755547,101
TIC 996762415,996762415,101
TIC 996764588,996764588,101
TIC 996772696,996772696,101
TIC 996785559,996785559,101
TIC 996804831,996804831,101
TIC 996811288,996811288,101
TIC 996815370,996815370,101
TIC 996817741,996817741,101
TIC 996823250,996823250,101
TIC 996826889,996826889,101
TIC 996863811,996863811,101
TIC 996866757,996866757,101
TIC 996867478,996867478,101
TIC 996890888,996890888,101
TIC 996892404,996892404,101
TIC 996893752,996893752,101
TIC 996897454,996897454,101
TIC 996929610,996929610,101
TIC 996960288,996960288,101
TIC 996989762,996989762,101
TIC 996995906,996995906,101
TIC 997000274,997000274,101
TIC 997011910,997011910,101
TIC 997017008,997017008,101
TIC 997020567,997020567,101
TIC 997025860,997025860,101
TIC 997032704,997032704,101
TIC 997038684,997038684,101
TIC 997038707,997038707,101
TIC 997045024,997045024,101
TIC 997063224,997063224,101
TIC 997064276,997064276,101
TIC 997064591,997064591,101
TIC 997070022,997070022,101
TIC 997080015,997080015,101
TIC 997125780,997125780,101
TIC 997130770,997130770,101
TIC 997132646,997132646,101
TIC 997139678,997139678,101
TIC 997151496,997151496,101
TIC 997156774,997156774,101
TIC 997162093,997162093,101
TIC 997164021,997164021,101
TIC 997172630,997172630,101
TIC 997173503,997173503,101
TIC 997173603,997173603,101
TIC 997186019,997186019,101
TIC 997197679,997197679,101
TIC 997198285,997198285,101
TIC 997207315,997207315,101
TIC 997209089,997209089,101
TIC 997212965,997212965,101
TIC 997223100,997223100,101
TIC 997223839,997223839,101
TIC 997226066,997226066,101
TIC 997230561,997230561,101
TIC 997235626,997235626,101
TIC 997235627,997235627,101
TIC 997247752,997247752,101
TIC 997250752,997250752,101
TIC 997259322,997259322,101
TIC 997262060,997262060,101
TIC 997274159,997274159,101
TIC 997293861,997293861,101
TIC 997295779,997295779,101
TIC 997302467,997302467,101
TIC 997302967,997302967,101
TIC 997310715,997310715,101
TIC 997311463,997311463,101
TIC 997311750,997311750,101
TIC 997320456,997320456,101
TIC 997336843,997336843,101
TIC 997339422,997339422,101
TIC 997341072,997341072,101
TIC 997349686,997349686,101
TIC 997349869,997349869,101
TIC 997516677,997516677,101
TIC 997622741,997622741,101
TIC 997656296,997656296,101
TIC 997660515,997660515,101
TIC 997660563,997660563,101
TIC 997660835,997660835,101
TIC 997662758,997662758,101
TIC 997667496,997667496,101
TIC 997676170,997676170,101
TIC 997683448,997683448,101
TIC 997686856,997686856,101
TIC 997712072,997712072,101
TIC 997716225,997716225,101
TIC 997719447,997719447,101
TIC 997738604,997738604,101
TIC 997751936,997751936,101
TIC 997780608,997780608,101
TIC 997791413,997791413,101
TIC 997816646,997816646,101
TIC 997817479,997817479,101
TIC 997823229,997823229,101
TIC 997826839,997826839,101
TIC 997827975,997827975,101
TIC 997837119,997837119,101
TIC 997851120,997851120,101
TIC 997953332,997953332,101
TIC 997959408,997959408,101
TIC 997973492,997973492,101
TIC 997993457,997993457,101
TIC 997993679,997993679,101
TIC 997997265,997997265,101
TIC 998000304,998000304,101
TIC 998000809,998000809,101
TIC 998009688,998009688,101
TIC 998010890,998010890,101
TIC 998025860,998025860,101
TIC 998028736,998028736,101
TIC 998046027,998046027,101
TIC 998052158,998052158,101
TIC 998052453,998052453,101
TIC 998055349,998055349,101
TIC 998059769,998059769,101
TIC 998062494,998062494,101
TIC 998076725,998076725,101
TIC 998077574,998077574,101
TIC 998084373,998084373,101
TIC 998090293,998090293,101
TIC 998091974,998091974,101
TIC 998101210,998101210,101
TIC 998116833,998116833,101
TIC 998130626,998130626,101
TIC 998131415,998131415,101
TIC 998135949,998135949,101
TIC 998137857,998137857,101
TIC 998151012,998151012,101
TIC 998154214,998154214,101
TIC 998157407,998157407,101
TIC 998158459,998158459,101
TIC 998159097,998159097,101
TIC 998163164,998163164,101
TIC 998171390,998171390,101
TIC 998172375,998172375,101
TIC 998173479,998173479,101
TIC 998186047,998186047,101
TIC 998190816,998190816,101
TIC 998198375,998198375,101
TIC 998198637,998198637,101
TIC 998200133,998200133,101
TIC 998201734,998201734,101
TIC 998212363,998212363,101
TIC 998214237,998214237,101
TIC 998221324,998221324,101
TIC 998221424,998221424,101
TIC 998232728,998232728,101
TIC 998232992,998232992,101
TIC 998245650,998245650,101
TIC 998267128,998267128,101
TIC 998268764,998268764,101
TIC 998277517,998277517,101
TIC 998294226,998294226,101
TIC 998299647,998299647,101
TIC 998311067,998311067,101
TIC 998311843,998311843,101
TIC 998329767,998329767,101
TIC 998331040,998331040,101
TIC 998337193,998337193,101
TIC 998349039,998349039,101
TIC 998352602,998352602,101
TIC 998361438,998361438,101
TIC 998361652,998361652,101
TIC 998370230,998370230,101
TIC 998374235,998374235,101
TIC 998375711,998375711,101
TIC 998380971,998380971,101
TIC 998388431,998388431,101
TIC 998390493,998390493,101
TIC 998393564,998393564,101
TIC 998401048,998401048,101
TIC 998406602,998406602,101
TIC 998410845,998410845,101
TIC 998416710,998416710,101
TIC 998430514,998430514,101
TIC 998433933,998433933,101
TIC 998437807,998437807,101
TIC 998439348,998439348,101
TIC 998443884,998443884,101
TIC 998460227,998460227,101
TIC 998467991,998467991,101
TIC 998472665,998472665,101
TIC 998506186,998506186,101
TIC 998508161,998508161,101
TIC 998514237,998514237,101
TIC 998515178,998515178,101
TIC 998515862,998515862,101
TIC 998526545,998526545,101
TIC 998530612,998530612,101
TIC 998531927,998531927,101
TIC 998538144,998538144,101
TIC 998538220,998538220,101
TIC 998540475,998540475,101
TIC 998541793,998541793,101
TIC 998542676,998542676,101
TIC 998557099,998557099,101
TIC 998563955,998563955,101
TIC 998567807,998567807,101
TIC 998568888,998568888,101
TIC 998573039,998573039,101
TIC 998586916,998586916,101
TIC 998590925,998590925,101
TIC 998599200,998599200,101
TIC 998609660,998609660,101
TIC 998611179,998611179,101
TIC 998612310,998612310,101
TIC 998621204,998621204,101
TIC 998622092,998622092,101
TIC 998627481,998627481,101
TIC 998628265,998628265,101
TIC 998648741,998648741,101
TIC 998650507,998650507,101
TIC 998653639,998653639,101
TIC 998655108,998655108,101
TIC 998657210,998657210,101
TIC 998672167,998672167,101
TIC 998682503,998682503,101
TIC 998687275,998687275,101
TIC 998689776,998689776,101
TIC 998690920,998690920,101
TIC 998693128,998693128,101
TIC 998700577,998700577,101
TIC 998702329,998702329,101
TIC 998703561,998703561,101
TIC 998708182,998708182,101
TIC 998713937,998713937,101
TIC 998728304,998728304,101
TIC 998740767,998740767,101
TIC 998743188,998743188,101
TIC 998751409,998751409,101
TIC 998753265,998753265,101
TIC 998758285,998758285,101
TIC 998774453,998774453,101
TIC 998785635,998785635,101
TIC 998787431,998787431,101
TIC 998788393,998788393,101
TIC 998788954,998788954,101
TIC 998789847,998789847,101
TIC 998799390,998799390,101
TIC 998810390,998810390,101
TIC 998822807,998822807,101
TIC 998825671,998825671,101
TIC 998826404,998826404,101
TIC 998836281,998836281,101
TIC 998838862,998838862,101
TIC 998839694,998839694,101
TIC 998846126,998846126,101
TIC 998849734,998849734,101
TIC 998861003,998861003,101
TIC 998861256,998861256,101
TIC 998868706,998868706,101
TIC 998876005,998876005,101
TIC 998879351,998879351,101
TIC 998880006,998880006,101
TIC 998880537,998880537,101
TIC 998883130,998883130,101
TIC 998895396,998895396,101
TIC 998895908,998895908,101
TIC 998896575,998896575,101
TIC 998910320,998910320,101
TIC 998910835,998910835,101
TIC 998913852,998913852,101
TIC 998926778,998926778,101
TIC 998930963,998930963,101
TIC 998935380,998935380,101
TIC 998936442,998936442,101
TIC 998946477,998946477,101
TIC 998949940,998949940,101
TIC 998955839,998955839,101
TIC 998964279,998964279,101
TIC 998967358,998967358,101
TIC 998974306,998974306,101
TIC 998974598,998974598,101
TIC 998976770,998976770,101
TIC 998978256,998978256,101
TIC 998980122,998980122,101
TIC 998982333,998982333,101
TIC 998983866,998983866,101
TIC 998986010,998986010,101
TIC 998990075,998990075,101
TIC 999004211,999004211,101
TIC 999011507,999011507,101
TIC 999013537,999013537,101
TIC 999019641,999019641,101
TIC 999054248,999054248,101
TIC 999055286,999055286,101
TIC 999058328,999058328,101
TIC 999071213,999071213,101
TIC 999072434,999072434,101
TIC 999074645,999074645,101
TIC 999083105,999083105,101
TIC 999084898,999084898,101
TIC 999085360,999085360,101
TIC 999087333,999087333,101
TIC 999089430,999089430,101
TIC 999093852,999093852,101
TIC 999097903,999097903,101
TIC 999099646,999099646,101
TIC 999110366,999110366,101
TIC 999119023,999119023,101
TIC 999119370,999119370,101
TIC 999126467,999126467,101
TIC 999128598,999128598,101
TIC 999137749,999137749,101
TIC 999140655,999140655,101
TIC 999141677,999141677,101
TIC 999143470,999143470,101
TIC 999143479,999143479,101
TIC 999145244,999145244,101
TIC 999145364,999145364,101
TIC 999158799,999158799,101
TIC 999161512,999161512,101
TIC 1003266603,1003266603,101
TIC 1003308255,1003308255,101
TIC 1003335192,1003335192,101
TIC 1003373051,1003373051,101
TIC 1003378857,1003378857,101
TIC 1003394528,1003394528,101
TIC 1003406406,1003406406,101
TIC 1003414425,1003414425,101
TIC 1003425060,1003425060,101
TIC 1003428402,1003428402,101
TIC 1003428795,1003428795,101
TIC 1003450570,1003450570,101
TIC 1003465396,1003465396,101
TIC 1003489801,1003489801,101
TIC 1003515530,1003515530,101
TIC 1003518839,1003518839,101
TIC 1003523261,1003523261,101
TIC 1003536775,1003536775,101
TIC 1003609070,1003609070,101
TIC 1003704466,1003704466,101
TIC 1003707754,1003707754,101
TIC 1003880501,1003880501,101
TIC 1003889946,1003889946,101
TIC 1003908127,1003908127,101
TIC 1004009220,1004009220,101
TIC 1004039191,1004039191,101
TIC 1004040304,1004040304,101
TIC 1004184883,1004184883,101
TIC 1004194896,1004194896,101
TIC 1004210085,1004210085,101
TIC 1004269152,1004269152,101
TIC 1006799060,1006799060,101
TIC 1006841048,1006841048,101
TIC 1006866336,1006866336,101
TIC 1006919839,1006919839,101
TIC 1012395084,1012395084,101
TIC 1014992224,1014992224,101
TIC 1015170996,1015170996,101
TIC 1019241505,1019241505,101
TIC 1024643930,1024643930,101
TIC 1024655770,1024655770,101
TIC 1024791821,1024791821,101
TIC 1042587717,1042587717,101
TIC 1042705350,1042705350,101
TIC 1042747943,1042747943,101
TIC 1043202924,1043202924,101
TIC 1046397051,1046397051,101
TIC 1047223002,1047223002,101
TIC 1047483086,1047483086,101
TIC 1047490509,1047490509,101
TIC 1047491613,1047491613,101
TIC 1047509907,1047509907,101
TIC 1047523033,1047523033,101
TIC 1047556345,1047556345,101
TIC 1047800300,1047800300,101
TIC 1047826255,1047826255,101
TIC 1047867173,1047867173,101
TIC 1047926262,1047926262,101
TIC 1047955082,1047955082,101
TIC 1047990464,1047990464,101
TIC 1047991166,1047991166,101
TIC 1048021708,1048021708,101
TIC 1048136303,1048136303,101
TIC 1048268676,1048268676,101
TIC 1048268721,1048268721,101
TIC 1048275514,1048275514,101
TIC 1048285348,1048285348,101
TIC 1048320342,1048320342,101
TIC 1048338207,1048338207,101
TIC 1048366999,1048366999,101
TIC 1048371176,1048371176,101
TIC 1048377962,1048377962,101
TIC 1048407477,1048407477,101
TIC 1048459547,1048459547,101
TIC 1048488023,1048488023,101
TIC 1048489953,1048489953,101
TIC 1048511431,1048511431,101
TIC 1048516698,1048516698,101
TIC 1048528518,1048528518,101
TIC 1048532098,1048532098,101
TIC 1048549066,1048549066,101
TIC 1048558171,1048558171,101
TIC 1048559063,1048559063,101
TIC 1048569267,1048569267,101
TIC 1048569685,1048569685,101
TIC 1048590784,1048590784,101
TIC 1048668528,1048668528,101
TIC 1048970171,1048970171,101
TIC 1049033962,1049033962,101
TIC 1049087237,1049087237,101
TIC 1049425400,1049425400,101
TIC 1049463807,1049463807,101
TIC 1049474022,1049474022,101
TIC 1049547524,1049547524,101
TIC 1049564824,1049564824,101
TIC 1049606000,1049606000,101
TIC 1049609554,1049609554,101
TIC 1049694731,1049694731,101
TIC 1049703870,1049703870,101
TIC 1049706776,1049706776,101
TIC 1049775881,1049775881,101
TIC 1049944332,1049944332,101
TIC 1050103289,1050103289,101
TIC 1050172373,1050172373,101
TIC 1050414815,1050414815,101
TIC 1050418416,1050418416,101
TIC 1050418420,1050418420,101
TIC 1050457550,1050457550,101
TIC 1050517210,1050517210,101
TIC 1050585854,1050585854,101
TIC 1050693939,1050693939,101
TIC 1050718766,1050718766,101
TIC 1050749383,1050749383,101
TIC 1050789054,1050789054,101
TIC 1050800792,1050800792,101
TIC 1050825704,1050825704,101
TIC 1050825746,1050825746,101
TIC 1050840970,1050840970,101
TIC 1050876175,1050876175,101
TIC 1051046634,1051046634,101
TIC 1051073133,1051073133,101
TIC 1051086189,1051086189,101
TIC 1051103267,1051103267,101
TIC 1051173290,1051173290,101
TIC 1051174970,1051174970,101
TIC 1051412694,1051412694,101
TIC 1052676721,1052676721,101
TIC 1052683080,1052683080,101
TIC 1052724612,1052724612,101
TIC 1052771062,1052771062,101
TIC 1052796804,1052796804,101
TIC 1052815728,1052815728,101
TIC 1052834713,1052834713,101
TIC 1052871185,1052871185,101
TIC 1052876458,1052876458,101
TIC 1052877428,1052877428,101
TIC 1052907665,1052907665,101
TIC 1052920954,1052920954,101
TIC 1052950591,1052950591,101
TIC 1052961787,1052961787,101
TIC 1052969050,1052969050,101
TIC 1053006126,1053006126,101
TIC 1053006810,1053006810,101
TIC 1053013437,1053013437,101
TIC 1053054503,1053054503,101
TIC 1053059939,1053059939,101
TIC 1053095467,1053095467,101
TIC 1053097727,1053097727,101
TIC 1053274532,1053274532,101
TIC 1053275226,1053275226,101
TIC 1053285155,1053285155,101
TIC 1053427157,1053427157,101
TIC 1053446081,1053446081,101
TIC 1053456310,1053456310,101
TIC 1053481558,1053481558,101
TIC 1053492301,1053492301,101
TIC 1053493093,1053493093,101
TIC 1053511553,1053511553,101
TIC 1053511770,1053511770,101
TIC 1053525643,1053525643,101
TIC 1053526124,1053526124,101
TIC 1053542009,1053542009,101
TIC 1053547253,1053547253,101
TIC 1053549131,1053549131,101
TIC 1053550737,1053550737,101
TIC 1053571914,1053571914,101
TIC 1053578934,1053578934,101
TIC 1053608072,1053608072,101
TIC 1053612466,1053612466,101
TIC 1053624807,1053624807,101
TIC 1053659330,1053659330,101
TIC 1053663184,1053663184,101
TIC 1053667706,1053667706,101
TIC 1053682774,1053682774,101
TIC 1053689048,1053689048,101
TIC 1053695312,1053695312,101
TIC 1053695696,1053695696,101
TIC 1053851708,1053851708,101
TIC 1054790579,1054790579,101
TIC 1054790756,1054790756,101
TIC 1054793244,1054793244,101
TIC 1054799329,1054799329,101
TIC 1054800919,1054800919,101
TIC 1054803344,1054803344,101
TIC 1054807402,1054807402,101
TIC 1054838853,1054838853,101
TIC 1054843077,1054843077,101
TIC 1054844040,1054844040,101
TIC 1054848812,1054848812,101
TIC 1054867448,1054867448,101
TIC 1054875815,1054875815,101
TIC 1054878505,1054878505,101
TIC 1054884054,1054884054,101
TIC 1054918588,1054918588,101
TIC 1054926636,1054926636,101
TIC 1054946070,1054946070,101
TIC 1054948543,1054948543,101
TIC 1054948810,1054948810,101
TIC 1054949078,1054949078,101
TIC 1054962552,1054962552,101
TIC 1054966326,1054966326,101
TIC 1054996228,1054996228,101
TIC 1055000325,1055000325,101
TIC 1055006335,1055006335,101
TIC 1055009748,1055009748,101
TIC 1055011032,1055011032,101
TIC 1055038986,1055038986,101
TIC 1055045678,1055045678,101
TIC 1055047752,1055047752,101
TIC 1055140839,1055140839,101
TIC 1055140870,1055140870,101
TIC 1055142169,1055142169,101
TIC 1055161066,1055161066,101
TIC 1055223788,1055223788,101
TIC 1055226381,1055226381,101
TIC 1055230180,1055230180,101
TIC 1055240092,1055240092,101
TIC 1055248940,1055248940,101
TIC 1055265920,1055265920,101
TIC 1055274899,1055274899,101
TIC 1055293845,1055293845,101
TIC 1055350599,1055350599,101
TIC 1055351898,1055351898,101
TIC 1055353514,1055353514,101
TIC 1055359819,1055359819,101
TIC 1055858923,1055858923,101
TIC 1055859251,1055859251,101
TIC 1055860532,1055860532,101
TIC 1103945451,1103945451,101
TIC 1103947899,1103947899,101
TIC 1103957810,1103957810,101
TIC 1103963893,1103963893,101
TIC 1103971598,1103971598,101
TIC 1103992557,1103992557,101
TIC 1103995620,1103995620,101
TIC 1103998194,1103998194,101
TIC 1104002367,1104002367,101
TIC 1104014914,1104014914,101
TIC 1104035214,1104035214,101
TIC 1104040792,1104040792,101
TIC 1104047429,1104047429,101
TIC 1104051689,1104051689,101
TIC 1104067023,1104067023,101
TIC 1104085474,1104085474,101
TIC 1104117769,1104117769,101
TIC 1104130260,1104130260,101
TIC 1104144605,1104144605,101
TIC 1104154071,1104154071,101
TIC 1104167232,1104167232,101
TIC 1104203997,1104203997,101
TIC 1104205409,1104205409,101
TIC 1104212600,1104212600,101
TIC 1104220289,1104220289,101
TIC 1104242278,1104242278,101
TIC 1104271793,1104271793,101
TIC 1104313920,1104313920,101
TIC 1104316211,1104316211,101
TIC 1104350315,1104350315,101
TIC 1104403971,1104403971,101
TIC 1104413010,1104413010,101
TIC 1104426868,1104426868,101
TIC 1104466249,1104466249,101
TIC 1104516728,1104516728,101
TIC 1104519025,1104519025,101
TIC 1104525900,1104525900,101
TIC 1104707826,1104707826,101
TIC 1104736805,1104736805,101
TIC 1104764240,1104764240,101
TIC 1104811286,1104811286,101
TIC 1104822187,1104822187,101
TIC 1104855946,1104855946,101
TIC 1104884669,1104884669,101
TIC 1105004976,1105004976,101
TIC 1108717969,1108717969,101
TIC 1109167430,1109167430,101
TIC 1112745809,1112745809,101
TIC 1112956829,1112956829,101
TIC 1113536772,1113536772,101
TIC 1114519636,1114519636,101
TIC 1114698195,1114698195,101
TIC 1115872274,1115872274,101
TIC 1115930757,1115930757,101
TIC 1115961193,1115961193,101
TIC 1116116332,1116116332,101
TIC 1116689286,1116689286,101
TIC 1116764594,1116764594,101
TIC 1122932735,1122932735,101
TIC 1123727052,1123727052,101
TIC 1123983802,1123983802,101
TIC 1124182141,1124182141,101
TIC 1135542818,1135542818,101
TIC 1137848146,1137848146,101
TIC 1205093577,1205093577,101
TIC 1205102160,1205102160,101
TIC 1205107520,1205107520,101
TIC 1205109140,1205109140,101
TIC 1205110631,1205110631,101
TIC 1205111347,1205111347,101
TIC 1205129218,1205129218,101
TIC 1205129676,1205129676,101
TIC 1205135755,1205135755,101
TIC 1205144519,1205144519,101
TIC 1205171712,1205171712,101
TIC 1205179129,1205179129,101
TIC 1205190389,1205190389,101
TIC 1205225234,1205225234,101
TIC 1205237009,1205237009,101
TIC 1205248046,1205248046,101
TIC 1205257274,1205257274,101
TIC 1205257471,1205257471,101
TIC 1205258680,1205258680,101
TIC 1205313615,1205313615,101
TIC 1205317292,1205317292,101
TIC 1205318875,1205318875,101
TIC 1205318878,1205318878,101
TIC 1205366139,1205366139,101
TIC 1205419334,1205419334,101
TIC 1205423177,1205423177,101
TIC 1205466036,1205466036,101
TIC 1205484651,1205484651,101
TIC 1205542200,1205542200,101
TIC 1205546132,1205546132,101
TIC 1205563188,1205563188,101
TIC 1205601738,1205601738,101
TIC 1205661835,1205661835,101
TIC 1205676311,1205676311,101
TIC 1205679246,1205679246,101
TIC 1205693844,1205693844,101
TIC 1205703410,1205703410,101
TIC 1205706254,1205706254,101
TIC 1205735653,1205735653,101
TIC 1205747090,1205747090,101
TIC 1205760070,1205760070,101
TIC 1205846899,1205846899,101
TIC 1205850794,1205850794,101
TIC 1205910052,1205910052,101
TIC 1205965259,1205965259,101
TIC 1206002130,1206002130,101
TIC 1206014614,1206014614,101
TIC 1206050948,1206050948,101
TIC 1206072307,1206072307,101
TIC 1206104337,1206104337,101
TIC 1206117989,1206117989,101
TIC 1206236872,1206236872,101
TIC 1206384118,1206384118,101
TIC 1206444681,1206444681,101
TIC 1206512519,1206512519,101
TIC 1206544916,1206544916,101
TIC 1206701858,1206701858,101
TIC 1206828047,1206828047,101
TIC 1206848392,1206848392,101
TIC 1207081613,1207081613,101
TIC 1207164651,1207164651,101
TIC 1207244152,1207244152,101
TIC 1207266688,1207266688,101
TIC 1207394969,1207394969,101
TIC 1207395781,1207395781,101
TIC 1207426576,1207426576,101
TIC 1207484642,1207484642,101
TIC 1207542400,1207542400,101
TIC 1207715631,1207715631,101
TIC 1207762056,1207762056,101
TIC 1207769720,1207769720,101
TIC 1207864391,1207864391,101
TIC 1207941069,1207941069,101
TIC 1208155549,1208155549,101
TIC 1208188875,1208188875,101
TIC 1208198990,1208198990,101
TIC 1208507816,1208507816,101
TIC 1208561240,1208561240,101
TIC 1208744373,1208744373,101
TIC 1208748951,1208748951,101
TIC 1208919518,1208919518,101
TIC 1210232443,1210232443,101
TIC 1210261966,1210261966,101
TIC 1210315897,1210315897,101
TIC 1210407905,1210407905,101
TIC 1211288045,1211288045,101
TIC 1211418907,1211418907,101
TIC 1211522915,1211522915,101
TIC 1211703463,1211703463,101
TIC 1213178288,1213178288,101
TIC 1213453628,1213453628,101
TIC 1309513456,1309513456,101
TIC 1309515107,1309515107,101
TIC 1309517308,1309517308,101
TIC 1309518905,1309518905,101
TIC 1309526225,1309526225,101
TIC 1309527286,1309527286,101
TIC 1309535774,1309535774,101
TIC 1309561624,1309561624,101
TIC 1309577455,1309577455,101
TIC 1309580427,1309580427,101
TIC 1309614082,1309614082,101
TIC 1309620595,1309620595,101
TIC 1309623204,1309623204,101
TIC 1309625918,1309625918,101
TIC 1309627111,1309627111,101
TIC 1309643409,1309643409,101
TIC 1309663298,1309663298,101
TIC 1309676474,1309676474,101
TIC 1309741692,1309741692,101
TIC 1309757125,1309757125,101
TIC 1309793711,1309793711,101
TIC 1309823035,1309823035,101
TIC 1309838503,1309838503,101
TIC 1309859251,1309859251,101
TIC 1309889971,1309889971,101
TIC 1309903646,1309903646,101
TIC 1309905934,1309905934,101
TIC 1309922689,1309922689,101
TIC 1309924000,1309924000,101
TIC 1310036166,1310036166,101
TIC 1310041266,1310041266,101
TIC 1310079393,1310079393,101
TIC 1310079595,1310079595,101
TIC 1310101327,1310101327,101
TIC 1310117486,1310117486,101
TIC 1310143185,1310143185,101
TIC 1310189008,1310189008,101
TIC 1310196014,1310196014,101
TIC 1310199621,1310199621,101
TIC 1310202420,1310202420,101
TIC 1310208892,1310208892,101
TIC 1310231896,1310231896,101
TIC 1310281833,1310281833,101
TIC 1310296284,1310296284,101
TIC 1310298753,1310298753,101
TIC 1310310064,1310310064,101
TIC 1310329002,1310329002,101
TIC 1310353573,1310353573,101
TIC 1310379027,1310379027,101
TIC 1310500965,1310500965,101
TIC 1310544579,1310544579,101
TIC 1310552903,1310552903,101
TIC 1310578887,1310578887,101
TIC 1310623318,1310623318,101
TIC 1310642063,1310642063,101
TIC 1310642932,1310642932,101
TIC 1310664333,1310664333,101
TIC 1310677697,1310677697,101
TIC 1310679615,1310679615,101
TIC 1310722914,1310722914,101
TIC 1310785511,1310785511,101
TIC 1310840499,1310840499,101
TIC 1310976854,1310976854,101
TIC 1311017985,1311017985,101
TIC 1311019215,1311019215,101
TIC 1311063664,1311063664,101
TIC 1311133201,1311133201,101
TIC 1311245396,1311245396,101
TIC 1311406451,1311406451,101
TIC 1311406464,1311406464,101
TIC 1311546480,1311546480,101
TIC 1311701136,1311701136,101
TIC 1311798421,1311798421,101
TIC 1311815276,1311815276,101
TIC 1311838462,1311838462,101
TIC 1311858307,1311858307,101
TIC 1311898210,1311898210,101
TIC 1311917406,1311917406,101
TIC 1312054386,1312054386,101
TIC 1312068478,1312068478,101
TIC 1312105418,1312105418,101
TIC 1312135883,1312135883,101
TIC 1312192727,1312192727,101
TIC 1312396548,1312396548,101
TIC 1312482283,1312482283,101
TIC 1312590376,1312590376,101
TIC 1312718465,1312718465,101
TIC 1312784782,1312784782,101
TIC 1312995710,1312995710,101
TIC 1313036874,1313036874,101
TIC 1313066908,1313066908,101
TIC 1313073251,1313073251,101
TIC 1313093994,1313093994,101
TIC 1508648120,1508648120,101
TIC 1508654173,1508654173,101
TIC 1508678325,1508678325,101
TIC 1508682014,1508682014,101
TIC 1508683525,1508683525,101
TIC 1508684242,1508684242,101
TIC 1508699952,1508699952,101
TIC 1508701512,1508701512,101
TIC 1508702089,1508702089,101
TIC 1508707980,1508707980,101
TIC 1508712835,1508712835,101
TIC 1508728000,1508728000,101
TIC 1508733365,1508733365,101
TIC 1508739273,1508739273,101
TIC 1508739556,1508739556,101
TIC 1508742963,1508742963,101
TIC 1508744525,1508744525,101
TIC 1508746088,1508746088,101
TIC 1508759020,1508759020,101
TIC 1508772067,1508772067,101
TIC 1508775501,1508775501,101
TIC 1508775826,1508775826,101
TIC 1508818174,1508818174,101
TIC 1508826087,1508826087,101
TIC 1508830453,1508830453,101
TIC 1508834512,1508834512,101
TIC 1508885360,1508885360,101
TIC 1508889371,1508889371,101
TIC 1508900251,1508900251,101
TIC 1508913106,1508913106,101
TIC 1508916280,1508916280,101
TIC 1508921222,1508921222,101
TIC 1508926727,1508926727,101
TIC 1508935634,1508935634,101
TIC 1508940280,1508940280,101
TIC 1508955862,1508955862,101
TIC 1508978403,1508978403,101
TIC 1509008847,1509008847,101
TIC 1509056068,1509056068,101
TIC 1509066357,1509066357,101
TIC 1509081130,1509081130,101
TIC 1509086249,1509086249,101
TIC 1509092906,1509092906,101
TIC 1509109692,1509109692,101
TIC 1509121970,1509121970,101
TIC 1509144412,1509144412,101
TIC 1509160697,1509160697,101
TIC 1509208374,1509208374,101
TIC 1509212421,1509212421,101
TIC 1509213850,1509213850,101
TIC 1509219049,1509219049,101
TIC 1509222327,1509222327,101
TIC 1509226590,1509226590,101
TIC 1509227436,1509227436,101
TIC 1509235076,1509235076,101
TIC 1509236919,1509236919,101
TIC 1509268554,1509268554,101
TIC 1509273671,1509273671,101
TIC 1509331158,1509331158,101
TIC 1509331498,1509331498,101
TIC 1509343706,1509343706,101
TIC 1509344011,1509344011,101
TIC 1509347063,1509347063,101
TIC 1509365695,1509365695,101
TIC 1509400015,1509400015,101
TIC 1509412702,1509412702,101
TIC 1509440194,1509440194,101
TIC 1509443473,1509443473,101
TIC 1509477389,1509477389,101
TIC 1509489248,1509489248,101
TIC 1509533768,1509533768,101
TIC 1509568583,1509568583,101
TIC 1509591286,1509591286,101
TIC 1509691072,1509691072,101
TIC 1509709867,1509709867,101
TIC 1509721483,1509721483,101
TIC 1509778786,1509778786,101
TIC 1509798806,1509798806,101
TIC 1509801141,1509801141,101
TIC 1509872092,1509872092,101
TIC 1509882834,1509882834,101
TIC 1509909103,1509909103,101
TIC 1509914606,1509914606,101
TIC 1509936462,1509936462,101
TIC 1510064852,1510064852,101
TIC 1510108897,1510108897,101
TIC 1510197659,1510197659,101
TIC 1510209176,1510209176,101
TIC 1510306052,1510306052,101
TIC 1510384945,1510384945,101
TIC 1510394801,1510394801,101
TIC 1510405039,1510405039,101
TIC 1510409582,1510409582,101
TIC 1510428912,1510428912,101
TIC 1510440530,1510440530,101
TIC 1510469175,1510469175,101
TIC 1510479652,1510479652,101
TIC 1510549244,1510549244,101
TIC 1510594549,1510594549,101
TIC 1510732735,1510732735,101
TIC 1510817938,1510817938,101
TIC 1510830201,1510830201,101
TIC 1510861605,1510861605,101
TIC 1510877910,1510877910,101
TIC 1688124122,1688124122,101
TIC 1688124636,1688124636,101
TIC 1688130267,1688130267,101
TIC 1688132338,1688132338,101
TIC 1688146247,1688146247,101
TIC 1688160927,1688160927,101
TIC 1688174894,1688174894,101
TIC 1688182680,1688182680,101
TIC 1688188797,1688188797,101
TIC 1688190281,1688190281,101
TIC 1688192282,1688192282,101
TIC 1688196118,1688196118,101
TIC 1688211145,1688211145,101
TIC 1688219633,1688219633,101
TIC 1688227492,1688227492,101
TIC 1688236369,1688236369,101
TIC 1688248933,1688248933,101
TIC 1688250599,1688250599,101
TIC 1688251000,1688251000,101
TIC 1688263131,1688263131,101
TIC 1688266507,1688266507,101
TIC 1688268916,1688268916,101
TIC 1688271519,1688271519,101
TIC 1688279708,1688279708,101
TIC 1688280059,1688280059,101
TIC 1688288004,1688288004,101
TIC 1688303006,1688303006,101
TIC 1688318163,1688318163,101
TIC 1688336549,1688336549,101
TIC 1688341464,1688341464,101
TIC 1688356769,1688356769,101
TIC 1688358993,1688358993,101
TIC 1688359007,1688359007,101
TIC 1688372094,1688372094,101
TIC 1688393755,1688393755,101
TIC 1688397406,1688397406,101
TIC 1688472188,1688472188,101
TIC 1688487146,1688487146,101
TIC 1688491790,1688491790,101
TIC 1688512717,1688512717,101
TIC 1688514886,1688514886,101
TIC 1688522859,1688522859,101
TIC 1688525556,1688525556,101
TIC 1688534307,1688534307,101
TIC 1688547984,1688547984,101
TIC 1688552018,1688552018,101
TIC 1688553056,1688553056,101
TIC 1688592391,1688592391,101
TIC 1688594169,1688594169,101
TIC 1688596937,1688596937,101
TIC 1688601054,1688601054,101
TIC 1688606207,1688606207,101
TIC 1688613480,1688613480,101
TIC 1688614788,1688614788,101
TIC 1688629354,1688629354,101
TIC 1688633867,1688633867,101
TIC 1688655346,1688655346,101
TIC 1688667569,1688667569,101
TIC 1688669417,1688669417,101
TIC 1688672225,1688672225,101
TIC 1688673270,1688673270,101
TIC 1688703111,1688703111,101
TIC 1688704572,1688704572,101
TIC 1688720082,1688720082,101
TIC 1688742508,1688742508,101
TIC 1688747981,1688747981,101
TIC 1688753845,1688753845,101
TIC 1688754117,1688754117,101
TIC 1688764215,1688764215,101
TIC 1688771936,1688771936,101
TIC 1688781582,1688781582,101
TIC 1688798046,1688798046,101
TIC 1688807129,1688807129,101
TIC 1688813833,1688813833,101
TIC 1688814098,1688814098,101
TIC 1688816558,1688816558,101
TIC 1688861079,1688861079,101
TIC 1688884205,1688884205,101
TIC 1688887929,1688887929,101
TIC 1688908646,1688908646,101
TIC 1688912454,1688912454,101
TIC 1688913422,1688913422,101
TIC 1688923845,1688923845,101
TIC 1688926366,1688926366,101
TIC 1688970059,1688970059,101
TIC 1688992664,1688992664,101
TIC 1688996663,1688996663,101
TIC 1689000675,1689000675,101
TIC 1689034339,1689034339,101
TIC 1689039538,1689039538,101
TIC 1689042744,1689042744,101
TIC 1689044417,1689044417,101
TIC 1689050933,1689050933,101
TIC 1689061912,1689061912,101
TIC 1689077691,1689077691,101
TIC 1689080830,1689080830,101
TIC 1689082443,1689082443,101
TIC 1689095816,1689095816,101
TIC 1689103373,1689103373,101
TIC 1689119703,1689119703,101
TIC 1689138572,1689138572,101
TIC 1689143503,1689143503,101
TIC 1689157636,1689157636,101
TIC 1689159565,1689159565,101
TIC 1689166918,1689166918,101
TIC 1689182913,1689182913,101
TIC 1689189677,1689189677,101
TIC 1689190162,1689190162,101
TIC 1689199707,1689199707,101
TIC 1689217642,1689217642,101
TIC 1689218162,1689218162,101
TIC 1689247482,1689247482,101
TIC 1689274016,1689274016,101
TIC 1689298714,1689298714,101
TIC 1689330766,1689330766,101
TIC 1689361624,1689361624,101
TIC 1689383239,1689383239,101
TIC 1689394260,1689394260,101
TIC 1689398968,1689398968,101
TIC 1689422165,1689422165,101
TIC 1689422874,1689422874,101
TIC 1689443391,1689443391,101
TIC 1689447815,1689447815,101
TIC 1689452952,1689452952,101
TIC 1689472040,1689472040,101
TIC 1689485668,1689485668,101
TIC 1689487469,1689487469,101
TIC 1689507927,1689507927,101
TIC 1689525316,1689525316,101
TIC 1689532108,1689532108,101
TIC 1689540094,1689540094,101
TIC 1689585064,1689585064,101
TIC 1689601926,1689601926,101
TIC 1689644727,1689644727,101
TIC 1689661574,1689661574,101
TIC 1689665129,1689665129,101
TIC 1689665711,1689665711,101
TIC 1815450574,1815450574,101
TIC 1815453743,1815453743,101
TIC 1815459810,1815459810,101
TIC 1815461032,1815461032,101
TIC 1815482279,1815482279,101
TIC 1815484366,1815484366,101
TIC 1815486609,1815486609,101
TIC 1815498636,1815498636,101
TIC 1815515186,1815515186,101
TIC 1815522708,1815522708,101
TIC 1815524107,1815524107,101
TIC 1815527847,1815527847,101
TIC 1815537988,1815537988,101
TIC 1815541951,1815541951,101
TIC 1815547646,1815547646,101
TIC 1815565869,1815565869,101
TIC 1815574826,1815574826,101
TIC 1815585262,1815585262,101
TIC 1815605153,1815605153,101
TIC 1815606364,1815606364,101
TIC 1815614572,1815614572,101
TIC 1815614761,1815614761,101
TIC 1815627126,1815627126,101
TIC 1815628923,1815628923,101
TIC 1815636164,1815636164,101
TIC 1815646148,1815646148,101
TIC 1815674302,1815674302,101
TIC 1815679645,1815679645,101
TIC 1815683818,1815683818,101
TIC 1815693707,1815693707,101
TIC 1815704599,1815704599,101
TIC 1815721263,1815721263,101
TIC 1815772966,1815772966,101
TIC 1815797772,1815797772,101
TIC 1815813876,1815813876,101
TIC 1815824887,1815824887,101
TIC 1815825218,1815825218,101
TIC 1815837038,1815837038,101
TIC 1815861000,1815861000,101
TIC 1815866004,1815866004,101
TIC 1815874410,1815874410,101
TIC 1815882812,1815882812,101
TIC 1815891405,1815891405,101
TIC 1815902326,1815902326,101
TIC 1815904823,1815904823,101
TIC 1815917009,1815917009,101
TIC 1815934358,1815934358,101
TIC 1815947868,1815947868,101
TIC 1815961134,1815961134,101
TIC 1815962128,1815962128,101
TIC 1815970404,1815970404,101
TIC 1816010003,1816010003,101
TIC 1816012436,1816012436,101
TIC 1816055327,1816055327,101
TIC 1816056818,1816056818,101
TIC 1816063572,1816063572,101
TIC 1816064320,1816064320,101
TIC 1816064887,1816064887,101
TIC 1816080118,1816080118,101
TIC 1816082179,1816082179,101
TIC 1816086350,1816086350,101
TIC 1816101297,1816101297,101
TIC 1816101502,1816101502,101
TIC 1816103504,1816103504,101
TIC 1816117393,1816117393,101
TIC 1816125204,1816125204,101
TIC 1816130331,1816130331,101
TIC 1816134554,1816134554,101
TIC 1816152688,1816152688,101
TIC 1816155834,1816155834,101
TIC 1816160720,1816160720,101
TIC 1816168056,1816168056,101
TIC 1816173898,1816173898,101
TIC 1816177839,1816177839,101
TIC 1816191290,1816191290,101
TIC 1816194934,1816194934,101
TIC 1816204236,1816204236,101
TIC 1816228538,1816228538,101
TIC 1816240953,1816240953,101
TIC 1816243942,1816243942,101
TIC 1816259913,1816259913,101
TIC 1816277253,1816277253,101
TIC 1816277633,1816277633,101
TIC 1816278084,1816278084,101
TIC 1816281736,1816281736,101
TIC 1816290492,1816290492,101
TIC 1816297354,1816297354,101
TIC 1816305043,1816305043,101
TIC 1816313200,1816313200,101
TIC 1816317215,1816317215,101
TIC 1816332940,1816332940,101
TIC 1816332953,1816332953,101
TIC 1816417403,1816417403,101
TIC 1816437580,1816437580,101
TIC 1816443438,1816443438,101
TIC 1816444367,1816444367,101
TIC 1816449631,1816449631,101
TIC 1816478348,1816478348,101
TIC 1816481221,1816481221,101
TIC 1816483652,1816483652,101
TIC 1816497105,1816497105,101
TIC 1816514007,1816514007,101
TIC 1816552487,1816552487,101
TIC 1816552753,1816552753,101
TIC 1816562069,1816562069,101
TIC 1816582552,1816582552,101
TIC 1816584109,1816584109,101
TIC 1816589667,1816589667,101
TIC 1816600800,1816600800,101
TIC 1816617107,1816617107,101
TIC 1816641239,1816641239,101
TIC 1816661853,1816661853,101
TIC 1816679098,1816679098,101
TIC 1816689956,1816689956,101
TIC 1816704842,1816704842,101
TIC 1817109831,1817109831,101
TIC 1921999516,1921999516,101
TIC 1922009714,1922009714,101
TIC 1922013813,1922013813,101
TIC 1922014853,1922014853,101
TIC 1922018078,1922018078,101
TIC 1922018527,1922018527,101
TIC 1922026896,1922026896,101
TIC 1922048638,1922048638,101
TIC 1922049645,1922049645,101
TIC 1922051835,1922051835,101
TIC 1922059656,1922059656,101
TIC 1922072270,1922072270,101
TIC 1922073463,1922073463,101
TIC 1922078025,1922078025,101
TIC 1922082055,1922082055,101
TIC 1922088868,1922088868,101
TIC 1922142760,1922142760,101
TIC 1922151730,1922151730,101
TIC 1922156325,1922156325,101
TIC 1922156435,1922156435,101
TIC 1922159852,1922159852,101
TIC 1922168360,1922168360,101
TIC 1922176696,1922176696,101
TIC 1922181772,1922181772,101
TIC 1922181879,1922181879,101
TIC 1922182300,1922182300,101
TIC 1922185206,1922185206,101
TIC 1922190863,1922190863,101
TIC 1922201276,1922201276,101
TIC 1922244555,1922244555,101
TIC 1922250875,1922250875,101
TIC 1922251174,1922251174,101
TIC 1922264335,1922264335,101
TIC 1922267727,1922267727,101
TIC 1922300141,1922300141,101
TIC 1922311068,1922311068,101
TIC 1922320758,1922320758,101
TIC 1922327226,1922327226,101
TIC 1922328487,1922328487,101
TIC 1922341655,1922341655,101
TIC 1922341670,1922341670,101
TIC 1922343721,1922343721,101
TIC 1922359184,1922359184,101
TIC 1922365950,1922365950,101
TIC 1922376562,1922376562,101
TIC 1922381265,1922381265,101
TIC 1922387401,1922387401,101
TIC 1922389173,1922389173,101
TIC 1922391143,1922391143,101
TIC 1922402287,1922402287,101
TIC 1922424569,1922424569,101
TIC 1922424712,1922424712,101
TIC 1922426091,1922426091,101
TIC 1922433415,1922433415,101
TIC 1922441454,1922441454,101
TIC 1922447584,1922447584,101
TIC 1922471971,1922471971,101
TIC 1922483357,1922483357,101
TIC 1922485396,1922485396,101
TIC 1922492808,1922492808,101
TIC 1922506413,1922506413,101
TIC 1922510678,1922510678,101
TIC 1922518227,1922518227,101
TIC 1922528518,1922528518,101
TIC 1922529980,1922529980,101
TIC 1922530002,1922530002,101
TIC 1922530872,1922530872,101
TIC 1922535704,1922535704,101
TIC 1922536328,1922536328,101
TIC 1922546907,1922546907,101
TIC 1922572296,1922572296,101
TIC 1922572326,1922572326,101
TIC 1922582526,1922582526,101
TIC 1922582683,1922582683,101
TIC 1922596979,1922596979,101
TIC 1922604828,1922604828,101
TIC 1922606044,1922606044,101
TIC 1922616440,1922616440,101
TIC 1922626837,1922626837,101
TIC 1922632358,1922632358,101
TIC 1922641315,1922641315,101
TIC 1922642319,1922642319,101
TIC 1922643675,1922643675,101
TIC 1922647078,1922647078,101
TIC 1922647265,1922647265,101
TIC 1922650512,1922650512,101
TIC 1922668249,1922668249,101
TIC 1922679253,1922679253,101
TIC 1922683591,1922683591,101
TIC 1922707073,1922707073,101
TIC 1922711479,1922711479,101
TIC 1922719268,1922719268,101
TIC 1922720082,1922720082,101
TIC 1922731130,1922731130,101
TIC 1922731154,1922731154,101
TIC 1922742948,1922742948,101
TIC 1922748438,1922748438,101
TIC 1922759362,1922759362,101
TIC 1922770909,1922770909,101
TIC 1922776759,1922776759,101
TIC 1922777950,1922777950,101
TIC 1922790060,1922790060,101
TIC 1922795471,1922795471,101
TIC 1922806001,1922806001,101
TIC 1922816583,1922816583,101
TIC 1922823782,1922823782,101
TIC 1922842459,1922842459,101
TIC 1922844405,1922844405,101
TIC 1922849164,1922849164,101
TIC 1922850772,1922850772,101
TIC 1922853609,1922853609,101
TIC 1922858215,1922858215,101
TIC 1922860151,1922860151,101
TIC 1922860269,1922860269,101
TIC 1922867317,1922867317,101
TIC 1922920149,1922920149,101
TIC 1922935977,1922935977,101
TIC 1922966762,1922966762,101
TIC 1922983512,1922983512,101
TIC 1922986505,1922986505,101
TIC 1922990429,1922990429,101
TIC 1922994334,1922994334,101
TIC 1923017479,1923017479,101
TIC 1923024910,1923024910,101
TIC 1923027005,1923027005,101
TIC 1923027483,1923027483,101
TIC 1923100584,1923100584,101
TIC 1987707556,1987707556,101
TIC 1987723725,1987723725,101
TIC 1987727486,1987727486,101
TIC 1987735385,1987735385,101
TIC 1987737662,1987737662,101
TIC 1987738236,1987738236,101
TIC 1987739531,1987739531,101
TIC 1987743148,1987743148,101
TIC 1987757236,1987757236,101
TIC 1987783024,1987783024,101
TIC 1987784116,1987784116,101
TIC 1987786656,1987786656,101
TIC 1987792718,1987792718,101
TIC 1987814305,1987814305,101
TIC 1987817439,1987817439,101
TIC 1987817455,1987817455,101
TIC 1987817956,1987817956,101
TIC 1987819945,1987819945,101
TIC 1987821495,1987821495,101
TIC 1987822499,1987822499,101
TIC 1987823135,1987823135,101
TIC 1987826905,1987826905,101
TIC 1987837605,1987837605,101
TIC 1987843983,1987843983,101
TIC 1987848813,1987848813,101
TIC 1987848897,1987848897,101
TIC 1987851055,1987851055,101
TIC 1987853953,1987853953,101
TIC 1987856525,1987856525,101
TIC 1987857349,1987857349,101
TIC 1987869230,1987869230,101
TIC 1987873482,1987873482,101
TIC 1987877160,1987877160,101
TIC 1987877959,1987877959,101
TIC 1987879074,1987879074,101
TIC 1987900604,1987900604,101
TIC 1987904877,1987904877,101
TIC 1987914490,1987914490,101
TIC 1987914671,1987914671,101
TIC 1987915873,1987915873,101
TIC 1987918993,1987918993,101
TIC 1987919078,1987919078,101
TIC 1987927764,1987927764,101
TIC 1987931079,1987931079,101
TIC 1987935323,1987935323,101
TIC 1987936368,1987936368,101
TIC 1987936828,1987936828,101
TIC 1987947059,1987947059,101
TIC 1987948633,1987948633,101
TIC 1987952364,1987952364,101
TIC 1987954129,1987954129,101
TIC 1987955109,1987955109,101
TIC 1987963324,1987963324,101
TIC 1987974433,1987974433,101
TIC 1987991205,1987991205,101
TIC 1987993922,1987993922,101
TIC 1987993923,1987993923,101
TIC 1988004101,1988004101,101
TIC 1988005856,1988005856,101
TIC 1988007298,1988007298,101
TIC 1988013867,1988013867,101
TIC 1988023706,1988023706,101
TIC 1988026017,1988026017,101
TIC 1988028957,1988028957,101
TIC 1988031761,1988031761,101
TIC 1988043657,1988043657,101
TIC 1988046123,1988046123,101
TIC 1988056980,1988056980,101
TIC 1988063162,1988063162,101
TIC 1988079778,1988079778,101
TIC 1988086199,1988086199,101
TIC 1988088052,1988088052,101
TIC 1988092596,1988092596,101
TIC 1988095953,1988095953,101
TIC 1988098021,1988098021,101
TIC 1988110499,1988110499,101
TIC 1988113108,1988113108,101
TIC 1988115323,1988115323,101
TIC 1988135015,1988135015,101
TIC 1988140891,1988140891,101
TIC 1988144094,1988144094,101
TIC 1988153755,1988153755,101
TIC 1988157078,1988157078,101
TIC 1988162297,1988162297,101
TIC 1988174763,1988174763,101
TIC 1988176062,1988176062,101
TIC 1988178552,1988178552,101
TIC 1988179196,1988179196,101
TIC 1988180897,1988180897,101
TIC 1988184513,1988184513,101
TIC 1988192040,1988192040,101
TIC 1988192042,1988192042,101
TIC 1988199627,1988199627,101
TIC 1988205299,1988205299,101
TIC 1988206397,1988206397,101
TIC 1988206426,1988206426,101
TIC 1988212211,1988212211,101
TIC 1988218092,1988218092,101
TIC 1988222114,1988222114,101
TIC 1988227297,1988227297,101
TIC 1988230105,1988230105,101
TIC 1988241644,1988241644,101
TIC 1988241741,1988241741,101
TIC 1988241784,1988241784,101
TIC 1988251441,1988251441,101
TIC 1988253456,1988253456,101
TIC 1988254010,1988254010,101
TIC 1988262284,1988262284,101
TIC 1988262914,1988262914,101
TIC 1988269966,1988269966,101
TIC 1988274374,1988274374,101
TIC 1988277896,1988277896,101
TIC 1988279599,1988279599,101
TIC 1988280713,1988280713,101
TIC 1988282204,1988282204,101
TIC 1988286874,1988286874,101
TIC 1988289211,1988289211,101
TIC 1988290935,1988290935,101
TIC 1988291871,1988291871,101
TIC 1988292196,1988292196,101
TIC 1988296427,1988296427,101
TIC 1988297133,1988297133,101
TIC 1988301387,1988301387,101
TIC 1988310371,1988310371,101
TIC 1988337104,1988337104,101
TIC 1988372144,1988372144,101
TIC 1988374799,1988374799,101
TIC 1988389347,1988389347,101
TIC 1988407871,1988407871,101
TIC 1988410166,1988410166,101
TIC 1988412208,1988412208,101
TIC 1988443905,1988443905,101
TIC 1988446525,1988446525,101
TIC 1988449122,1988449122,101
TIC 1988450402,1988450402,101
TIC 1988464651,1988464651,101
TIC 1988464880,1988464880,101
TIC 1988465495,1988465495,101
TIC 1988472204,1988472204,101
TIC 1988473129,1988473129,101
TIC 1988473175,1988473175,101
TIC 1988474706,1988474706,101
TIC 1988475638,1988475638,101
TIC 1988476491,1988476491,101
TIC 1988498403,1988498403,101
TIC 1988501784,1988501784,101
TIC 1988514448,1988514448,101
TIC 1988521564,1988521564,101
TIC 1988523236,1988523236,101
TIC 1988538731,1988538731,101
TIC 1988540483,1988540483,101
TIC 1988551325,1988551325,101
TIC 1988551749,1988551749,101
TIC 1988564228,1988564228,101
TIC 1988574139,1988574139,101
TIC 1988576181,1988576181,101
TIC 1988576229,1988576229,101
TIC 1988584538,1988584538,101
TIC 1988587939,1988587939,101
TIC 1988595617,1988595617,101
TIC 1988596152,1988596152,101
TIC 1988596422,1988596422,101
TIC 1988600523,1988600523,101
TIC 1988603313,1988603313,101
TIC 1988604559,1988604559,101
TIC 1988609436,1988609436,101
TIC 1988617189,1988617189,101
TIC 1988626195,1988626195,101
TIC 1988632001,1988632001,101
TIC 1988639033,1988639033,101
TIC 1988642897,1988642897,101
TIC 1988645733,1988645733,101
TIC 1988646496,1988646496,101
TIC 1988646949,1988646949,101
TIC 1988647548,1988647548,101
TIC 1988653635,1988653635,101
TIC 1988655139,1988655139,101
TIC 1988655556,1988655556,101
TIC 1988665607,1988665607,101
TIC 1988680527,1988680527,101
TIC 1988683231,1988683231,101
TIC 1988683938,1988683938,101
TIC 1988687558,1988687558,101
TIC 1988691696,1988691696,101
TIC 1988692530,1988692530,101
TIC 1988692962,1988692962,101
TIC 1988695491,1988695491,101
TIC 1988695544,1988695544,101
TIC 1988696923,1988696923,101
TIC 1988703110,1988703110,101
TIC 1988709006,1988709006,101
TIC 1988711086,1988711086,101
TIC 1988711273,1988711273,101
TIC 1988713490,1988713490,101
TIC 1988720704,1988720704,101
TIC 1988723550,1988723550,101
TIC 1988741016,1988741016,101
TIC 1988744199,1988744199,101
TIC 1988752830,1988752830,101
TIC 1988764707,1988764707,101
TIC 1988773012,1988773012,101
TIC 1988793131,1988793131,101
TIC 1988800015,1988800015,101
TIC 1988806955,1988806955,101
TIC 1988807042,1988807042,101
TIC 1988808729,1988808729,101
TIC 1988809377,1988809377,101
TIC 1988815765,1988815765,101
TIC 1988828771,1988828771,101
TIC 1988829269,1988829269,101
TIC 1988831955,1988831955,101
TIC 1988836203,1988836203,101
TIC 1988836491,1988836491,101
TIC 1988836706,1988836706,101
TIC 1988838192,1988838192,101
TIC 1988858268,1988858268,101
TIC 1988865262,1988865262,101
TIC 1988871997,1988871997,101
TIC 1988874185,1988874185,101
TIC 1988881213,1988881213,101
TIC 1988884214,1988884214,101
TIC 1988891567,1988891567,101
TIC 1988897790,1988897790,101
TIC 1988899417,1988899417,101
TIC 1988901307,1988901307,101
TIC 1988908527,1988908527,101
TIC 1988910530,1988910530,101
TIC 1988910935,1988910935,101
TIC 1988931101,1988931101,101
TIC 1988935044,1988935044,101
TIC 1988938213,1988938213,101
TIC 1988939152,1988939152,101
TIC 1988954570,1988954570,101
TIC 1988958577,1988958577,101
TIC 1988959586,1988959586,101
TIC 1988959911,1988959911,101
TIC 1988966812,1988966812,101
TIC 1988969733,1988969733,101
TIC 1988977480,1988977480,101
TIC 1988978741,1988978741,101
TIC 1988983847,1988983847,101
TIC 1988987895,1988987895,101
TIC 1988992157,1988992157,101
TIC 1988992596,1988992596,101
TIC 1989003169,1989003169,101
TIC 1989004616,1989004616,101
TIC 1989012659,1989012659,101
TIC 1989026123,1989026123,101
TIC 1989060363,1989060363,101
TIC 1989062495,1989062495,101
TIC 1989074787,1989074787,101
TIC 1989075414,1989075414,101
TIC 1989075500,1989075500,101
TIC 1989075640,1989075640,101
TIC 1989079569,1989079569,101
TIC 1989080972,1989080972,101
TIC 1989081461,1989081461,101
TIC 1989083885,1989083885,101
TIC 1989088815,1989088815,101
TIC 1989106143,1989106143,101
TIC 1989186384,1989186384,101
TIC 1989205420,1989205420,101
TIC 1989206825,1989206825,101
TIC 1989212994,1989212994,101
TIC 1989215640,1989215640,101
TIC 1989219647,1989219647,101
TIC 1989219671,1989219671,101
TIC 1989229354,1989229354,101
TIC 1989236425,1989236425,101
TIC 1989237861,1989237861,101
TIC 1989241511,1989241511,101
TIC 1989242863,1989242863,101
TIC 1989246630,1989246630,101
TIC 1989252729,1989252729,101
TIC 1989253004,1989253004,101
TIC 1989254791,1989254791,101
TIC 1989262271,1989262271,101
TIC 1989268331,1989268331,101
TIC 1989274250,1989274250,101
TIC 1989292897,1989292897,101
TIC 1989295979,1989295979,101
TIC 1989296393,1989296393,101
TIC 1989302053,1989302053,101
TIC 1989310490,1989310490,101
TIC 1989315483,1989315483,101
TIC 1989319728,1989319728,101
TIC 1989351371,1989351371,101
TIC 1989356534,1989356534,101
TIC 1989357624,1989357624,101
TIC 1989365134,1989365134,101
TIC 1989393204,1989393204,101
TIC 1989394747,1989394747,101
TIC 1989394940,1989394940,101
TIC 1989424696,1989424696,101
TIC 1989427391,1989427391,101
TIC 1989429580,1989429580,101
TIC 1989431364,1989431364,101
TIC 1989435936,1989435936,101
TIC 1989439244,1989439244,101
TIC 1989443382,1989443382,101
TIC 1989445913,1989445913,101
TIC 1989449450,1989449450,101
TIC 1989449938,1989449938,101
TIC 1989453417,1989453417,101
TIC 1989465192,1989465192,101
TIC 1989524176,1989524176,101
TIC 1989525353,1989525353,101
TIC 1989528669,1989528669,101
TIC 1989534618,1989534618,101
TIC 1989535544,1989535544,101
TIC 2025847371,2025847371,101
TIC 2025885305,2025885305,101
TIC 2025895436,2025895436,101
TIC 2025895835,2025895835,101
TIC 2025906841,2025906841,101
TIC 2025908487,2025908487,101
TIC 2025911170,2025911170,101
TIC 2025913287,2025913287,101
TIC 2025918753,2025918753,101
TIC 2025922713,2025922713,101
TIC 2025939313,2025939313,101
TIC 2025939432,2025939432,101
TIC 2025945853,2025945853,101
TIC 2025946800,2025946800,101
TIC 2025947885,2025947885,101
TIC 2025963274,2025963274,101
TIC 2025965543,2025965543,101
TIC 2025974164,2025974164,101
TIC 2025985179,2025985179,101
TIC 2025989822,2025989822,101
TIC 2025993633,2025993633,101
TIC 2025999868,2025999868,101
TIC 2026010495,2026010495,101
TIC 2026015188,2026015188,101
TIC 2026020119,2026020119,101
TIC 2026023480,2026023480,101
TIC 2026028579,2026028579,101
TIC 2026033575,2026033575,101
TIC 2026035578,2026035578,101
TIC 2026046338,2026046338,101
TIC 2026057597,2026057597,101
TIC 2026062161,2026062161,101
TIC 2026063148,2026063148,101
TIC 2026064186,2026064186,101
TIC 2026065597,2026065597,101
TIC 2026065786,2026065786,101
TIC 2026075848,2026075848,101
TIC 2026075983,2026075983,101
TIC 2026079560,2026079560,101
TIC 2026083645,2026083645,101
TIC 2026094013,2026094013,101
TIC 2026097520,2026097520,101
TIC 2026117812,2026117812,101
TIC 2026123145,2026123145,101
TIC 2026123866,2026123866,101
TIC 2026131843,2026131843,101
TIC 2026135044,2026135044,101
TIC 2026147676,2026147676,101
TIC 2026152179,2026152179,101
TIC 2026152515,2026152515,101
TIC 2026157416,2026157416,101
TIC 2026157727,2026157727,101
TIC 2026159016,2026159016,101
TIC 2026163062,2026163062,101
TIC 2026166992,2026166992,101
TIC 2026171392,2026171392,101
TIC 2026177674,2026177674,101
TIC 2026181063,2026181063,101
TIC 2026182107,2026182107,101
TIC 2026183019,2026183019,101
TIC 2026191173,2026191173,101
TIC 2026191855,2026191855,101
TIC 2026192592,2026192592,101
TIC 2026193316,2026193316,101
TIC 2026193561,2026193561,101
TIC 2026195473,2026195473,101
TIC 2026195853,2026195853,101
TIC 2026198078,2026198078,101
TIC 2026198896,2026198896,101
TIC 2026210551,2026210551,101
TIC 2026212234,2026212234,101
TIC 2026216127,2026216127,101
TIC 2026216591,2026216591,101
TIC 2026217583,2026217583,101
TIC 2026220799,2026220799,101
TIC 2026221839,2026221839,101
TIC 2026222481,2026222481,101
TIC 2026226405,2026226405,101
TIC 2026230132,2026230132,101
TIC 2026236097,2026236097,101
TIC 2026236167,2026236167,101
TIC 2026236442,2026236442,101
TIC 2026248864,2026248864,101
TIC 2026252766,2026252766,101
TIC 2026257463,2026257463,101
TIC 2026258256,2026258256,101
TIC 2026269911,2026269911,101
TIC 2026271040,2026271040,101
TIC 2026272506,2026272506,101
TIC 2026278310,2026278310,101
TIC 2026282122,2026282122,101
TIC 2026282467,2026282467,101
TIC 2026283016,2026283016,101
TIC 2026283325,2026283325,101
TIC 2026285493,2026285493,101
TIC 2026287497,2026287497,101
TIC 2026297326,2026297326,101
TIC 2026298108,2026298108,101
TIC 2026298325,2026298325,101
TIC 2026303219,2026303219,101
TIC 2026303220,2026303220,101
TIC 2026303839,2026303839,101
TIC 2026303851,2026303851,101
TIC 2026303995,2026303995,101
TIC 2026308410,2026308410,101
TIC 2026310770,2026310770,101
TIC 2026314685,2026314685,101
TIC 2026317322,2026317322,101
TIC 2026324396,2026324396,101
TIC 2026328978,2026328978,101
TIC 2026330215,2026330215,101
TIC 2026333338,2026333338,101
TIC 2026338104,2026338104,101
TIC 2026338189,2026338189,101
TIC 2026338303,2026338303,101
TIC 2026342647,2026342647,101
TIC 2026344500,2026344500,101
TIC 2026351567,2026351567,101
TIC 2026352135,2026352135,101
TIC 2026355888,2026355888,101
TIC 2026357979,2026357979,101
TIC 2026361819,2026361819,101
TIC 2026368416,2026368416,101
TIC 2026370415,2026370415,101
TIC 2026376837,2026376837,101
TIC 2026377510,2026377510,101
TIC 2026380210,2026380210,101
TIC 2026386717,2026386717,101
TIC 2026388114,2026388114,101
TIC 2026395913,2026395913,101
TIC 2026403593,2026403593,101
TIC 2026404650,2026404650,101
TIC 2026405883,2026405883,101
TIC 2026406879,2026406879,101
TIC 2026408414,2026408414,101
TIC 2026417008,2026417008,101
TIC 2026417872,2026417872,101
TIC 2026419399,2026419399,101
TIC 2026421556,2026421556,101
TIC 2026429433,2026429433,101
TIC 2026437943,2026437943,101
TIC 2026446392,2026446392,101
TIC 2026450260,2026450260,101
TIC 2026450271,2026450271,101
TIC 2026451317,2026451317,101
TIC 2026454263,2026454263,101
TIC 2026454658,2026454658,101
TIC 2026454917,2026454917,101
TIC 2026458401,2026458401,101
TIC 2026459354,2026459354,101
TIC 2026466874,2026466874,101
TIC 2026467447,2026467447,101
TIC 2026468015,2026468015,101
TIC 2026470060,2026470060,101
TIC 2026470426,2026470426,101
TIC 2026472332,2026472332,101
TIC 2026474841,2026474841,101
TIC 2026480285,2026480285,101
TIC 2026483745,2026483745,101
TIC 2026485802,2026485802,101
TIC 2026488197,2026488197,101
TIC 2026504823,2026504823,101
TIC 2026504850,2026504850,101
TIC 2026510982,2026510982,101
TIC 2026513984,2026513984,101
TIC 2026518709,2026518709,101
TIC 2026584549,2026584549,101
TIC 2026588931,2026588931,101
TIC 2026591190,2026591190,101
TIC 2026593530,2026593530,101
TIC 2026593532,2026593532,101
TIC 2026710827,2026710827,101
TIC 2026720376,2026720376,101
TIC 2026729224,2026729224,101
TIC 2026729631,2026729631,101
TIC 2054773307,2054773307,101
TIC 2054775292,2054775292,101
TIC 2054776385,2054776385,101
TIC 2054801817,2054801817,101
TIC 2054802657,2054802657,101
TIC 2054803478,2054803478,101
TIC 2054943543,2054943543,101
TIC 2054945742,2054945742,101
TIC 2054947218,2054947218,101
TIC 2054948099,2054948099,101
TIC 2054952836,2054952836,101
TIC 2054959106,2054959106,101
TIC 2054960166,2054960166,101
TIC 2054962590,2054962590,101
TIC 2054965768,2054965768,101
TIC 2054968124,2054968124,101
TIC 2054968302,2054968302,101
TIC 2054976745,2054976745,101
TIC 2054977745,2054977745,101
TIC 2054977921,2054977921,101
TIC 2054978269,2054978269,101
