target,tic_id,sectors
TIC 1456471,1456471,103
TIC 1871365,1871365,103
TIC 2322864,2322864,103
TIC 2323229,2323229,103
TIC 2743109,2743109,103
TIC 2924643,2924643,103
TIC 2926575,2926575,103
TIC 2929308,2929308,103
TIC 2929964,2929964,103
TIC 2998220,2998220,103
TIC 2999849,2999849,103
TIC 3084057,3084057,103
TIC 3084844,3084844,103
TIC 3178710,3178710,103
TIC 3239564,3239564,103
TIC 3243257,3243257,103
TIC 3412422,3412422,103
TIC 3424849,3424849,103
TIC 3528956,3528956,103
TIC 3649916,3649916,103
TIC 3650509,3650509,103
TIC 3650784,3650784,103
TIC 3657908,3657908,103
TIC 3728481,3728481,103
TIC 3731746,3731746,103
TIC 3828928,3828928,103
TIC 3834439,3834439,103
TIC 3834874,3834874,103
TIC 3926262,3926262,103
TIC 3938364,3938364,103
TIC 4050156,4050156,103
TIC 4050661,4050661,103
TIC 4061225,4061225,103
TIC 4307367,4307367,103
TIC 4307559,4307559,103
TIC 4313704,4313704,103
TIC 4392712,4392712,103
TIC 4394070,4394070,103
TIC 4400550,4400550,103
TIC 4402406,4402406,103
TIC 4404604,4404604,103
TIC 4471586,4471586,103
TIC 4534239,4534239,103
TIC 5331536,5331536,103
TIC 5741908,5741908,103
TIC 5746604,5746604,103
TIC 6185136,6185136,103
TIC 6631253,6631253,103
TIC 7038369,7038369,103
TIC 7043322,7043322,103
TIC 7146752,7146752,103
TIC 7147484,7147484,103
TIC 7725924,7725924,103
TIC 7949784,7949784,103
TIC 7950617,7950617,103
TIC 7951228,7951228,103
TIC 7951703,7951703,103
TIC 7952882,7952882,103
TIC 8012514,8012514,103
TIC 8012520,8012520,103
TIC 8159414,8159414,103
TIC 8159415,8159415,103
TIC 8162742,8162742,103
TIC 8163258,8163258,103
TIC 8163483,8163483,103
TIC 8285625,8285625,103
TIC 8373635,8373635,103
TIC 8373638,8373638,103
TIC 8373961,8373961,103
TIC 8417638,8417638,103
TIC 8418378,8418378,103
TIC 8419033,8419033,103
TIC 8420443,8420443,103
TIC 8511113,8511113,103
TIC 8513057,8513057,103
TIC 9247779,9247779,103
TIC 9252368,9252368,103
TIC 9252390,9252390,103
TIC 11390674,11390674,103
TIC 11856739,11856739,103
TIC 11856757,11856757,103
TIC 11866782,11866782,103
TIC 11870198,11870198,103
TIC 12271447,12271447,103
TIC 12747481,12747481,103
TIC 13173449,13173449,103
TIC 13182985,13182985,103
TIC 14471019,14471019,103
TIC 14572482,14572482,103
TIC 14698209,14698209,103
TIC 14782377,14782377,103
TIC 14791349,14791349,103
TIC 14796478,14796478,103
TIC 14935645,14935645,103
TIC 14939457,14939457,103
TIC 15161212,15161212,103
TIC 15166556,15166556,103
TIC 15263641,15263641,103
TIC 15346334,15346334,103
TIC 15639897,15639897,103
TIC 16233564,16233564,103
TIC 16264917,16264917,103
TIC 16661754,16661754,103
TIC 16669266,16669266,103
TIC 17120248,17120248,103
TIC 17519911,17519911,103
TIC 17524877,17524877,103
TIC 17528840,17528840,103
TIC 18410615,18410615,103
TIC 18827544,18827544,103
TIC 21520117,21520117,103
TIC 21522516,21522516,103
TIC 21527567,21527567,103
TIC 21938862,21938862,103
TIC 22351385,22351385,103
TIC 23240109,23240109,103
TIC 23240345,23240345,103
TIC 23240716,23240716,103
TIC 24985783,24985783,103
TIC 25438778,25438778,103
TIC 25443511,25443511,103
TIC 26292113,26292113,103
TIC 26710806,26710806,103
TIC 27116725,27116725,103
TIC 28317917,28317917,103
TIC 28324536,28324536,103
TIC 28534859,28534859,103
TIC 28535117,28535117,103
TIC 28625452,28625452,103
TIC 28626498,28626498,103
TIC 28725672,28725672,103
TIC 28880779,28880779,103
TIC 28931161,28931161,103
TIC 29032885,29032885,103
TIC 29144356,29144356,103
TIC 29149209,29149209,103
TIC 29243246,29243246,103
TIC 29253292,29253292,103
TIC 29321953,29321953,103
TIC 29362377,29362377,103
TIC 29461634,29461634,103
TIC 29461636,29461636,103
TIC 29462212,29462212,103
TIC 29562411,29562411,103
TIC 29572009,29572009,103
TIC 29575355,29575355,103
TIC 29576257,29576257,103
TIC 29576345,29576345,103
TIC 29644486,29644486,103
TIC 29646757,29646757,103
TIC 29887635,29887635,103
TIC 29892257,29892257,103
TIC 29993983,29993983,103
TIC 29994190,29994190,103
TIC 30003888,30003888,103
TIC 30136789,30136789,103
TIC 30586988,30586988,103
TIC 31035500,31035500,103
TIC 31907957,31907957,103
TIC 32344300,32344300,103
TIC 32349057,32349057,103
TIC 33632923,33632923,103
TIC 35302284,35302284,103
TIC 35306400,35306400,103
TIC 35311214,35311214,103
TIC 35315453,35315453,103
TIC 35915438,35915438,103
TIC 35921606,35921606,103
TIC 35924556,35924556,103
TIC 36583537,36583537,103
TIC 36588473,36588473,103
TIC 36738472,36738472,103
TIC 36743524,36743524,103
TIC 37058275,37058275,103
TIC 37058342,37058342,103
TIC 37337815,37337815,103
TIC 37448578,37448578,103
TIC 37463935,37463935,103
TIC 37479080,37479080,103
TIC 37581272,37581272,103
TIC 37887026,37887026,103
TIC 38179688,38179688,103
TIC 38735751,38735751,103
TIC 38819934,38819934,103
TIC 38820440,38820440,103
TIC 38833595,38833595,103
TIC 38836626,38836626,103
TIC 38899425,38899425,103
TIC 39018208,39018208,103
TIC 39042934,39042934,103
TIC 39177520,39177520,103
TIC 39645962,39645962,103
TIC 39654517,39654517,103
TIC 39757462,39757462,103
TIC 39775024,39775024,103
TIC 40066259,40066259,103
TIC 40696037,40696037,103
TIC 41824612,41824612,103
TIC 42208475,42208475,103
TIC 43968907,43968907,103
TIC 44827786,44827786,103
TIC 44837913,44837913,103
TIC 45261947,45261947,103
TIC 45276247,45276247,103
TIC 45500783,45500783,103
TIC 45701211,45701211,103
TIC 46138335,46138335,103
TIC 46969684,46969684,103
TIC 46974096,46974096,103
TIC 47307032,47307032,103
TIC 47402198,47402198,103
TIC 47848180,47848180,103
TIC 48700245,48700245,103
TIC 48978226,48978226,103
TIC 49129112,49129112,103
TIC 49212526,49212526,103
TIC 49452040,49452040,103
TIC 49536011,49536011,103
TIC 50010670,50010670,103
TIC 50854545,50854545,103
TIC 50869431,50869431,103
TIC 51288359,51288359,103
TIC 51304856,51304856,103
TIC 51419011,51419011,103
TIC 51524169,51524169,103
TIC 51612589,51612589,103
TIC 53440769,53440769,103
TIC 53446257,53446257,103
TIC 54318354,54318354,103
TIC 54321274,54321274,103
TIC 54660815,54660815,103
TIC 54724220,54724220,103
TIC 54733295,54733295,103
TIC 54800748,54800748,103
TIC 54896407,54896407,103
TIC 55622372,55622372,103
TIC 56437876,56437876,103
TIC 57264513,57264513,103
TIC 57269920,57269920,103
TIC 57700527,57700527,103
TIC 57704900,57704900,103
TIC 57710087,57710087,103
TIC 58142170,58142170,103
TIC 58161298,58161298,103
TIC 58161840,58161840,103
TIC 58166869,58166869,103
TIC 58167406,58167406,103
TIC 58246363,58246363,103
TIC 58251358,58251358,103
TIC 58353341,58353341,103
TIC 58355305,58355305,103
TIC 58396471,58396471,103
TIC 58401912,58401912,103
TIC 58406077,58406077,103
TIC 58408498,58408498,103
TIC 58413338,58413338,103
TIC 58485186,58485186,103
TIC 58487850,58487850,103
TIC 58488208,58488208,103
TIC 58488696,58488696,103
TIC 58582428,58582428,103
TIC 58582627,58582627,103
TIC 58583881,58583881,103
TIC 58584157,58584157,103
TIC 58587757,58587757,103
TIC 58588425,58588425,103
TIC 58593503,58593503,103
TIC 58643602,58643602,103
TIC 58643997,58643997,103
TIC 58645477,58645477,103
TIC 58646549,58646549,103
TIC 58646587,58646587,103
TIC 58650448,58650448,103
TIC 58651139,58651139,103
TIC 58651739,58651739,103
TIC 58651766,58651766,103
TIC 58653410,58653410,103
TIC 58654218,58654218,103
TIC 58654435,58654435,103
TIC 58655350,58655350,103
TIC 58655403,58655403,103
TIC 58655952,58655952,103
TIC 58747951,58747951,103
TIC 58749494,58749494,103
TIC 58751951,58751951,103
TIC 58753072,58753072,103
TIC 58830498,58830498,103
TIC 58832313,58832313,103
TIC 58833495,58833495,103
TIC 58838805,58838805,103
TIC 58898691,58898691,103
TIC 58907762,58907762,103
TIC 59011974,59011974,103
TIC 59015682,59015682,103
TIC 59018459,59018459,103
TIC 59093872,59093872,103
TIC 59095516,59095516,103
TIC 59095543,59095543,103
TIC 59099934,59099934,103
TIC 59102669,59102669,103
TIC 59183152,59183152,103
TIC 59183599,59183599,103
TIC 59192101,59192101,103
TIC 59192479,59192479,103
TIC 59193303,59193303,103
TIC 59194168,59194168,103
TIC 59194189,59194189,103
TIC 59323527,59323527,103
TIC 59325655,59325655,103
TIC 59327002,59327002,103
TIC 59327555,59327555,103
TIC 59330258,59330258,103
TIC 59333406,59333406,103
TIC 59334299,59334299,103
TIC 59334750,59334750,103
TIC 59336031,59336031,103
TIC 59336140,59336140,103
TIC 59336414,59336414,103
TIC 59406730,59406730,103
TIC 59409097,59409097,103
TIC 59409349,59409349,103
TIC 59409351,59409351,103
TIC 59409715,59409715,103
TIC 59409848,59409848,103
TIC 59501791,59501791,103
TIC 59502495,59502495,103
TIC 59503883,59503883,103
TIC 59504074,59504074,103
TIC 59505725,59505725,103
TIC 59506967,59506967,103
TIC 59586057,59586057,103
TIC 59593441,59593441,103
TIC 59594398,59594398,103
TIC 59816984,59816984,103
TIC 59823814,59823814,103
TIC 63688164,63688164,103
TIC 64437144,64437144,103
TIC 69170779,69170779,103
TIC 69172699,69172699,103
TIC 69178294,69178294,103
TIC 69278194,69278194,103
TIC 69278373,69278373,103
TIC 69280079,69280079,103
TIC 69281470,69281470,103
TIC 69283667,69283667,103
TIC 69284297,69284297,103
TIC 69285076,69285076,103
TIC 69286938,69286938,103
TIC 69377602,69377602,103
TIC 69382580,69382580,103
TIC 69384248,69384248,103
TIC 69423373,69423373,103
TIC 69424627,69424627,103
TIC 69505390,69505390,103
TIC 69510358,69510358,103
TIC 69511960,69511960,103
TIC 69514028,69514028,103
TIC 69514163,69514163,103
TIC 69514999,69514999,103
TIC 69515942,69515942,103
TIC 69518566,69518566,103
TIC 69613862,69613862,103
TIC 69710679,69710679,103
TIC 69720786,69720786,103
TIC 69723262,69723262,103
TIC 69768915,69768915,103
TIC 69770170,69770170,103
TIC 69771996,69771996,103
TIC 69879116,69879116,103
TIC 69880428,69880428,103
TIC 69881452,69881452,103
TIC 69887288,69887288,103
TIC 69961687,69961687,103
TIC 70031937,70031937,103
TIC 70032009,70032009,103
TIC 70032020,70032020,103
TIC 70032146,70032146,103
TIC 70032535,70032535,103
TIC 70033074,70033074,103
TIC 70037748,70037748,103
TIC 70041394,70041394,103
TIC 70534926,70534926,103
TIC 70539860,70539860,103
TIC 70798902,70798902,103
TIC 71806889,71806889,103
TIC 73699321,73699321,103
TIC 73924781,73924781,103
TIC 73932191,73932191,103
TIC 74095252,74095252,103
TIC 74095431,74095431,103
TIC 74097450,74097450,103
TIC 74100918,74100918,103
TIC 74274184,74274184,103
TIC 74521998,74521998,103
TIC 74601314,74601314,103
TIC 74650674,74650674,103
TIC 74736041,74736041,103
TIC 74830552,74830552,103
TIC 74848209,74848209,103
TIC 74925818,74925818,103
TIC 74925912,74925912,103
TIC 74929690,74929690,103
TIC 75215572,75215572,103
TIC 75306618,75306618,103
TIC 75470846,75470846,103
TIC 75472079,75472079,103
TIC 75522633,75522633,103
TIC 75525472,75525472,103
TIC 75846473,75846473,103
TIC 75995941,75995941,103
TIC 76106004,76106004,103
TIC 76166190,76166190,103
TIC 76169171,76169171,103
TIC 76228783,76228783,103
TIC 76229610,76229610,103
TIC 76390681,76390681,103
TIC 76392634,76392634,103
TIC 76440235,76440235,103
TIC 76440240,76440240,103
TIC 76440647,76440647,103
TIC 76447162,76447162,103
TIC 76451741,76451741,103
TIC 76529217,76529217,103
TIC 76530890,76530890,103
TIC 76531478,76531478,103
TIC 76532208,76532208,103
TIC 76757341,76757341,103
TIC 76758733,76758733,103
TIC 76760933,76760933,103
TIC 76761591,76761591,103
TIC 76812373,76812373,103
TIC 76893320,76893320,103
TIC 76894385,76894385,103
TIC 76894548,76894548,103
TIC 77776314,77776314,103
TIC 77929282,77929282,103
TIC 77932867,77932867,103
TIC 78248536,78248536,103
TIC 78250548,78250548,103
TIC 78357288,78357288,103
TIC 78374809,78374809,103
TIC 78465638,78465638,103
TIC 78620249,78620249,103
TIC 78620279,78620279,103
TIC 78636551,78636551,103
TIC 78637385,78637385,103
TIC 78863947,78863947,103
TIC 78865012,78865012,103
TIC 78869644,78869644,103
TIC 78871898,78871898,103
TIC 78872931,78872931,103
TIC 78874478,78874478,103
TIC 78992272,78992272,103
TIC 79073106,79073106,103
TIC 79119001,79119001,103
TIC 79122245,79122245,103
TIC 79128418,79128418,103
TIC 79260202,79260202,103
TIC 79260448,79260448,103
TIC 79596809,79596809,103
TIC 79979692,79979692,103
TIC 80290123,80290123,103
TIC 80313767,80313767,103
TIC 80323142,80323142,103
TIC 80337807,80337807,103
TIC 80418713,80418713,103
TIC 80430415,80430415,103
TIC 80472515,80472515,103
TIC 83124329,83124329,103
TIC 83236406,83236406,103
TIC 83237974,83237974,103
TIC 83239589,83239589,103
TIC 83241025,83241025,103
TIC 83243659,83243659,103
TIC 83244865,83244865,103
TIC 83245109,83245109,103
TIC 83365367,83365367,103
TIC 83365416,83365416,103
TIC 83367239,83367239,103
TIC 83477762,83477762,103
TIC 83481638,83481638,103
TIC 83483575,83483575,103
TIC 83573203,83573203,103
TIC 83580723,83580723,103
TIC 83582877,83582877,103
TIC 83687552,83687552,103
TIC 83817702,83817702,103
TIC 83819195,83819195,103
TIC 83819485,83819485,103
TIC 83820161,83820161,103
TIC 83822418,83822418,103
TIC 83824834,83824834,103
TIC 84025803,84025803,103
TIC 84028475,84028475,103
TIC 84032937,84032937,103
TIC 84038801,84038801,103
TIC 84040842,84040842,103
TIC 84170318,84170318,103
TIC 84171076,84171076,103
TIC 84171271,84171271,103
TIC 84175122,84175122,103
TIC 84175358,84175358,103
TIC 84176096,84176096,103
TIC 84177192,84177192,103
TIC 84179696,84179696,103
TIC 84184540,84184540,103
TIC 84395783,84395783,103
TIC 84396205,84396205,103
TIC 84399155,84399155,103
TIC 84403234,84403234,103
TIC 84404935,84404935,103
TIC 84410424,84410424,103
TIC 84419922,84419922,103
TIC 84513533,84513533,103
TIC 84528152,84528152,103
TIC 84532958,84532958,103
TIC 84641651,84641651,103
TIC 84645053,84645053,103
TIC 84742302,84742302,103
TIC 84752714,84752714,103
TIC 84753408,84753408,103
TIC 84754200,84754200,103
TIC 84756974,84756974,103
TIC 84757560,84757560,103
TIC 84760208,84760208,103
TIC 84876338,84876338,103
TIC 85010838,85010838,103
TIC 85013501,85013501,103
TIC 85122242,85122242,103
TIC 85122969,85122969,103
TIC 85126440,85126440,103
TIC 85132522,85132522,103
TIC 85133402,85133402,103
TIC 85136394,85136394,103
TIC 85352540,85352540,103
TIC 85359003,85359003,103
TIC 85362309,85362309,103
TIC 85465333,85465333,103
TIC 85469204,85469204,103
TIC 85482143,85482143,103
TIC 89593878,89593878,103
TIC 93159822,93159822,103
TIC 93221830,93221830,103
TIC 93223900,93223900,103
TIC 93287730,93287730,103
TIC 93290092,93290092,103
TIC 93451187,93451187,103
TIC 93455010,93455010,103
TIC 93457683,93457683,103
TIC 93525101,93525101,103
TIC 93605557,93605557,103
TIC 93608968,93608968,103
TIC 93610654,93610654,103
TIC 93616504,93616504,103
TIC 93704259,93704259,103
TIC 93778206,93778206,103
TIC 93779101,93779101,103
TIC 93866005,93866005,103
TIC 93926221,93926221,103
TIC 93927775,93927775,103
TIC 93932740,93932740,103
TIC 93935476,93935476,103
TIC 93981543,93981543,103
TIC 93982647,93982647,103
TIC 93985271,93985271,103
TIC 93985722,93985722,103
TIC 94073762,94073762,103
TIC 94075412,94075412,103
TIC 94079609,94079609,103
TIC 94159795,94159795,103
TIC 94159849,94159849,103
TIC 94161119,94161119,103
TIC 94164786,94164786,103
TIC 94166067,94166067,103
TIC 94263236,94263236,103
TIC 94355084,94355084,103
TIC 94363026,94363026,103
TIC 94364009,94364009,103
TIC 94417023,94417023,103
TIC 94421401,94421401,103
TIC 94483093,94483093,103
TIC 94486210,94486210,103
TIC 94568251,94568251,103
TIC 94570461,94570461,103
TIC 94682296,94682296,103
TIC 94731290,94731290,103
TIC 94731904,94731904,103
TIC 94732040,94732040,103
TIC 94734799,94734799,103
TIC 94737525,94737525,103
TIC 94826461,94826461,103
TIC 94828628,94828628,103
TIC 94928385,94928385,103
TIC 94930840,94930840,103
TIC 94933725,94933725,103
TIC 94994154,94994154,103
TIC 95004705,95004705,103
TIC 95101598,95101598,103
TIC 95106140,95106140,103
TIC 95198486,95198486,103
TIC 95203639,95203639,103
TIC 95204176,95204176,103
TIC 95211251,95211251,103
TIC 95277598,95277598,103
TIC 95280242,95280242,103
TIC 95352931,95352931,103
TIC 95356786,95356786,103
TIC 95356818,95356818,103
TIC 95458399,95458399,103
TIC 95461590,95461590,103
TIC 95463149,95463149,103
TIC 95468062,95468062,103
TIC 95551822,95551822,103
TIC 95556638,95556638,103
TIC 95561957,95561957,103
TIC 95620849,95620849,103
TIC 95622636,95622636,103
TIC 95624763,95624763,103
TIC 95709395,95709395,103
TIC 95716058,95716058,103
TIC 95731445,95731445,103
TIC 95739430,95739430,103
TIC 95789856,95789856,103
TIC 95791313,95791313,103
TIC 95793653,95793653,103
TIC 95794999,95794999,103
TIC 95804693,95804693,103
TIC 95853590,95853590,103
TIC 95853888,95853888,103
TIC 95909852,95909852,103
TIC 95918137,95918137,103
TIC 95924613,95924613,103
TIC 95966722,95966722,103
TIC 95971420,95971420,103
TIC 95977956,95977956,103
TIC 95982784,95982784,103
TIC 95988103,95988103,103
TIC 95991418,95991418,103
TIC 96060868,96060868,103
TIC 96064417,96064417,103
TIC 96149798,96149798,103
TIC 96152143,96152143,103
TIC 96160628,96160628,103
TIC 96186997,96186997,103
TIC 96212753,96212753,103
TIC 96219004,96219004,103
TIC 96220225,96220225,103
TIC 96222405,96222405,103
TIC 96224831,96224831,103
TIC 96276078,96276078,103
TIC 96276375,96276375,103
TIC 96324525,96324525,103
TIC 96379601,96379601,103
TIC 96423324,96423324,103
TIC 96475638,96475638,103
TIC 96486261,96486261,103
TIC 96545627,96545627,103
TIC 96562335,96562335,103
TIC 96625911,96625911,103
TIC 96629139,96629139,103
TIC 96631952,96631952,103
TIC 96636510,96636510,103
TIC 96647476,96647476,103
TIC 96745915,96745915,103
TIC 96745934,96745934,103
TIC 96747709,96747709,103
TIC 96755961,96755961,103
TIC 96829917,96829917,103
TIC 96844688,96844688,103
TIC 97009571,97009571,103
TIC 97012329,97012329,103
TIC 97013293,97013293,103
TIC 97014510,97014510,103
TIC 97015435,97015435,103
TIC 97223153,97223153,103
TIC 97378836,97378836,103
TIC 97884432,97884432,103
TIC 98127672,98127672,103
TIC 98760128,98760128,103
TIC 98760396,98760396,103
TIC 98760893,98760893,103
TIC 98761240,98761240,103
TIC 98761335,98761335,103
TIC 98909539,98909539,103
TIC 98913876,98913876,103
TIC 99039742,99039742,103
TIC 99039926,99039926,103
TIC 99040211,99040211,103
TIC 99041233,99041233,103
TIC 99041963,99041963,103
TIC 99042942,99042942,103
TIC 99045981,99045981,103
TIC 99046173,99046173,103
TIC 99205053,99205053,103
TIC 99206585,99206585,103
TIC 99209775,99209775,103
TIC 99210610,99210610,103
TIC 99210998,99210998,103
TIC 99211241,99211241,103
TIC 99211574,99211574,103
TIC 99211592,99211592,103
TIC 99323927,99323927,103
TIC 99324893,99324893,103
TIC 100101107,100101107,103
TIC 100106495,100106495,103
TIC 100123063,100123063,103
TIC 101930886,101930886,103
TIC 102034603,102034603,103
TIC 102047402,102047402,103
TIC 102063843,102063843,103
TIC 102087618,102087618,103
TIC 102165028,102165028,103
TIC 102165299,102165299,103
TIC 116417449,116417449,103
TIC 118053599,118053599,103
TIC 118143776,118143776,103
TIC 118144179,118144179,103
TIC 118271395,118271395,103
TIC 118273470,118273470,103
TIC 118278380,118278380,103
TIC 118282622,118282622,103
TIC 118283196,118283196,103
TIC 118283200,118283200,103
TIC 118318580,118318580,103
TIC 118319282,118319282,103
TIC 118327115,118327115,103
TIC 118395344,118395344,103
TIC 118403240,118403240,103
TIC 118403248,118403248,103
TIC 118409165,118409165,103
TIC 118412596,118412596,103
TIC 118440940,118440940,103
TIC 118525927,118525927,103
TIC 118527796,118527796,103
TIC 118529873,118529873,103
TIC 118532470,118532470,103
TIC 118576815,118576815,103
TIC 118578121,118578121,103
TIC 118578234,118578234,103
TIC 118582522,118582522,103
TIC 118726975,118726975,103
TIC 118728056,118728056,103
TIC 118798035,118798035,103
TIC 118801178,118801178,103
TIC 118801697,118801697,103
TIC 118804306,118804306,103
TIC 118807628,118807628,103
TIC 118840289,118840289,103
TIC 118842700,118842700,103
TIC 118915740,118915740,103
TIC 118922749,118922749,103
TIC 118977208,118977208,103
TIC 118984288,118984288,103
TIC 119086663,119086663,103
TIC 119089245,119089245,103
TIC 119091732,119091732,103
TIC 119151174,119151174,103
TIC 119153371,119153371,103
TIC 119155552,119155552,103
TIC 119222853,119222853,103
TIC 119224086,119224086,103
TIC 119226450,119226450,103
TIC 119226740,119226740,103
TIC 119275819,119275819,103
TIC 119340944,119340944,103
TIC 119380347,119380347,103
TIC 119385052,119385052,103
TIC 119385674,119385674,103
TIC 119438520,119438520,103
TIC 119502952,119502952,103
TIC 119566120,119566120,103
TIC 119623251,119623251,103
TIC 119624569,119624569,103
TIC 119727109,119727109,103
TIC 119771607,119771607,103
TIC 119820859,119820859,103
TIC 119880365,119880365,103
TIC 119880946,119880946,103
TIC 119945362,119945362,103
TIC 119981237,119981237,103
TIC 119983877,119983877,103
TIC 119983884,119983884,103
TIC 120033290,120033290,103
TIC 120034868,120034868,103
TIC 120034888,120034888,103
TIC 120034982,120034982,103
TIC 120067248,120067248,103
TIC 120067255,120067255,103
TIC 120067653,120067653,103
TIC 120067807,120067807,103
TIC 120125656,120125656,103
TIC 120127141,120127141,103
TIC 120127143,120127143,103
TIC 120128337,120128337,103
TIC 120128347,120128347,103
TIC 120196764,120196764,103
TIC 120197271,120197271,103
TIC 120202141,120202141,103
TIC 120245182,120245182,103
TIC 120277363,120277363,103
TIC 120334442,120334442,103
TIC 120334451,120334451,103
TIC 120335731,120335731,103
TIC 120342834,120342834,103
TIC 120393598,120393598,103
TIC 120395704,120395704,103
TIC 120400810,120400810,103
TIC 120401211,120401211,103
TIC 120428555,120428555,103
TIC 120428961,120428961,103
TIC 120442975,120442975,103
TIC 120443206,120443206,103
TIC 120459265,120459265,103
TIC 120461410,120461410,103
TIC 120471115,120471115,103
TIC 120522786,120522786,103
TIC 120565633,120565633,103
TIC 120606913,120606913,103
TIC 120606915,120606915,103
TIC 120711688,120711688,103
TIC 120789717,120789717,103
TIC 120790594,120790594,103
TIC 120791609,120791609,103
TIC 120953006,120953006,103
TIC 121058807,121058807,103
TIC 121103573,121103573,103
TIC 121194918,121194918,103
TIC 121194921,121194921,103
TIC 121306446,121306446,103
TIC 121309379,121309379,103
TIC 121311155,121311155,103
TIC 121370707,121370707,103
TIC 121408007,121408007,103
TIC 121439341,121439341,103
TIC 121554340,121554340,103
TIC 121554771,121554771,103
TIC 121554775,121554775,103
TIC 121556518,121556518,103
TIC 121564331,121564331,103
TIC 121577936,121577936,103
TIC 121663364,121663364,103
TIC 121664385,121664385,103
TIC 121679880,121679880,103
TIC 121689850,121689850,103
TIC 121719709,121719709,103
TIC 121787891,121787891,103
TIC 121840452,121840452,103
TIC 121856972,121856972,103
TIC 121905577,121905577,103
TIC 121905894,121905894,103
TIC 121915466,121915466,103
TIC 121932858,121932858,103
TIC 121980878,121980878,103
TIC 122015813,122015813,103
TIC 122049829,122049829,103
TIC 122051742,122051742,103
TIC 122056246,122056246,103
TIC 122056307,122056307,103
TIC 122073655,122073655,103
TIC 122075247,122075247,103
TIC 122075261,122075261,103
TIC 122112329,122112329,103
TIC 122114530,122114530,103
TIC 122158384,122158384,103
TIC 122160171,122160171,103
TIC 122160241,122160241,103
TIC 122167027,122167027,103
TIC 122228176,122228176,103
TIC 122248346,122248346,103
TIC 122284456,122284456,103
TIC 122309802,122309802,103
TIC 122314621,122314621,103
TIC 122323970,122323970,103
TIC 122354760,122354760,103
TIC 122355382,122355382,103
TIC 122356633,122356633,103
TIC 122356646,122356646,103
TIC 122357651,122357651,103
TIC 122394288,122394288,103
TIC 122394390,122394390,103
TIC 122397232,122397232,103
TIC 122401893,122401893,103
TIC 122453859,122453859,103
TIC 122458470,122458470,103
TIC 122458811,122458811,103
TIC 122458921,122458921,103
TIC 122459124,122459124,103
TIC 122547193,122547193,103
TIC 122547745,122547745,103
TIC 122549704,122549704,103
TIC 122636751,122636751,103
TIC 122645363,122645363,103
TIC 122967034,122967034,103
TIC 122969039,122969039,103
TIC 122975411,122975411,103
TIC 123066012,123066012,103
TIC 123172979,123172979,103
TIC 123179685,123179685,103
TIC 123288131,123288131,103
TIC 123386533,123386533,103
TIC 123506165,123506165,103
TIC 123513438,123513438,103
TIC 123515468,123515468,103
TIC 123519327,123519327,103
TIC 123717205,123717205,103
TIC 123723290,123723290,103
TIC 123984178,123984178,103
TIC 124156119,124156119,103
TIC 124166949,124166949,103
TIC 124584703,124584703,103
TIC 124728679,124728679,103
TIC 124802885,124802885,103
TIC 124804747,124804747,103
TIC 124916068,124916068,103
TIC 125099908,125099908,103
TIC 125100416,125100416,103
TIC 125102196,125102196,103
TIC 125108479,125108479,103
TIC 125456956,125456956,103
TIC 125657927,125657927,103
TIC 125811691,125811691,103
TIC 125857387,125857387,103
TIC 125867733,125867733,103
TIC 125958042,125958042,103
TIC 126116798,126116798,103
TIC 126176565,126176565,103
TIC 126308731,126308731,103
TIC 126400746,126400746,103
TIC 126843312,126843312,103
TIC 126844885,126844885,103
TIC 126851181,126851181,103
TIC 127166538,127166538,103
TIC 127166727,127166727,103
TIC 127166729,127166729,103
TIC 128287541,128287541,103
TIC 128289550,128289550,103
TIC 128290491,128290491,103
TIC 128449192,128449192,103
TIC 128579029,128579029,103
TIC 128618418,128618418,103
TIC 128622445,128622445,103
TIC 128624180,128624180,103
TIC 128624678,128624678,103
TIC 128694354,128694354,103
TIC 128695583,128695583,103
TIC 128829962,128829962,103
TIC 128832583,128832583,103
TIC 128832644,128832644,103
TIC 128835089,128835089,103
TIC 128837668,128837668,103
TIC 128982424,128982424,103
TIC 128982465,128982465,103
TIC 129063209,129063209,103
TIC 129123679,129123679,103
TIC 129194153,129194153,103
TIC 129230875,129230875,103
TIC 129240519,129240519,103
TIC 129298393,129298393,103
TIC 129307587,129307587,103
TIC 129414660,129414660,103
TIC 129468155,129468155,103
TIC 129473055,129473055,103
TIC 129553982,129553982,103
TIC 129555437,129555437,103
TIC 129559129,129559129,103
TIC 129621749,129621749,103
TIC 129660280,129660280,103
TIC 129664581,129664581,103
TIC 129769169,129769169,103
TIC 129778860,129778860,103
TIC 129948947,129948947,103
TIC 129957266,129957266,103
TIC 129961286,129961286,103
TIC 130067455,130067455,103
TIC 130422755,130422755,103
TIC 132611266,132611266,103
TIC 132621383,132621383,103
TIC 133018706,133018706,103
TIC 134024327,134024327,103
TIC 134371012,134371012,103
TIC 134371084,134371084,103
TIC 135634610,135634610,103
TIC 136264102,136264102,103
TIC 136597990,136597990,103
TIC 139322703,139322703,103
TIC 139995013,139995013,103
TIC 140113749,140113749,103
TIC 140114354,140114354,103
TIC 140416270,140416270,103
TIC 140478840,140478840,103
TIC 140479400,140479400,103
TIC 140485808,140485808,103
TIC 140485863,140485863,103
TIC 140487511,140487511,103
TIC 140762637,140762637,103
TIC 140762892,140762892,103
TIC 140763565,140763565,103
TIC 140765939,140765939,103
TIC 140767220,140767220,103
TIC 140769665,140769665,103
TIC 140769775,140769775,103
TIC 140770202,140770202,103
TIC 140770639,140770639,103
TIC 140770679,140770679,103
TIC 140774315,140774315,103
TIC 141075371,141075371,103
TIC 141077142,141077142,103
TIC 141081552,141081552,103
TIC 141082591,141082591,103
TIC 141082593,141082593,103
TIC 141082621,141082621,103
TIC 141082970,141082970,103
TIC 141662332,141662332,103
TIC 141953923,141953923,103
TIC 141961356,141961356,103
TIC 141961374,141961374,103
TIC 142243561,142243561,103
TIC 142505917,142505917,103
TIC 142507318,142507318,103
TIC 142508866,142508866,103
TIC 142511802,142511802,103
TIC 142647956,142647956,103
TIC 142811571,142811571,103
TIC 142811574,142811574,103
TIC 142823577,142823577,103
TIC 143128342,143128342,103
TIC 143302904,143302904,103
TIC 143413399,143413399,103
TIC 143706101,143706101,103
TIC 143706146,143706146,103
TIC 143707869,143707869,103
TIC 143709808,143709808,103
TIC 143709887,143709887,103
TIC 143713126,143713126,103
TIC 144063683,144063683,103
TIC 144325415,144325415,103
TIC 144336150,144336150,103
TIC 144340140,144340140,103
TIC 144346396,144346396,103
TIC 144407186,144407186,103
TIC 144407556,144407556,103
TIC 144436028,144436028,103
TIC 144585035,144585035,103
TIC 144586799,144586799,103
TIC 144639035,144639035,103
TIC 144644684,144644684,103
TIC 145204342,145204342,103
TIC 145205251,145205251,103
TIC 145486537,145486537,103
TIC 145797083,145797083,103
TIC 145805105,145805105,103
TIC 146363229,146363229,103
TIC 146734153,146734153,103
TIC 147223940,147223940,103
TIC 147225014,147225014,103
TIC 147548003,147548003,103
TIC 147552711,147552711,103
TIC 147732240,147732240,103
TIC 147828926,147828926,103
TIC 147929097,147929097,103
TIC 147929828,147929828,103
TIC 147932300,147932300,103
TIC 147933134,147933134,103
TIC 147984818,147984818,103
TIC 147984851,147984851,103
TIC 147985877,147985877,103
TIC 147989025,147989025,103
TIC 148017998,148017998,103
TIC 148019426,148019426,103
TIC 148024150,148024150,103
TIC 148079463,148079463,103
TIC 148079873,148079873,103
TIC 148080278,148080278,103
TIC 148080282,148080282,103
TIC 148080470,148080470,103
TIC 148081650,148081650,103
TIC 148086461,148086461,103
TIC 148086464,148086464,103
TIC 148087076,148087076,103
TIC 148087250,148087250,103
TIC 148087288,148087288,103
TIC 148087292,148087292,103
TIC 148087359,148087359,103
TIC 148087363,148087363,103
TIC 148087527,148087527,103
TIC 148087581,148087581,103
TIC 148088323,148088323,103
TIC 148133599,148133599,103
TIC 148136692,148136692,103
TIC 148141042,148141042,103
TIC 148148461,148148461,103
TIC 148152192,148152192,103
TIC 148152305,148152305,103
TIC 148152979,148152979,103
TIC 148157626,148157626,103
TIC 148158169,148158169,103
TIC 148158372,148158372,103
TIC 148158374,148158374,103
TIC 148158540,148158540,103
TIC 148158893,148158893,103
TIC 148215690,148215690,103
TIC 148216008,148216008,103
TIC 148216228,148216228,103
TIC 148217360,148217360,103
TIC 148218929,148218929,103
TIC 148218997,148218997,103
TIC 148219726,148219726,103
TIC 148257871,148257871,103
TIC 148258633,148258633,103
TIC 148259561,148259561,103
TIC 148261160,148261160,103
TIC 148262927,148262927,103
TIC 148266475,148266475,103
TIC 148304237,148304237,103
TIC 148306642,148306642,103
TIC 148307376,148307376,103
TIC 148307484,148307484,103
TIC 148309094,148309094,103
TIC 148312550,148312550,103
TIC 148312560,148312560,103
TIC 148312561,148312561,103
TIC 148315690,148315690,103
TIC 148361523,148361523,103
TIC 148361585,148361585,103
TIC 148361767,148361767,103
TIC 148365200,148365200,103
TIC 148365272,148365272,103
TIC 148366225,148366225,103
TIC 148367879,148367879,103
TIC 148407915,148407915,103
TIC 148414338,148414338,103
TIC 148415659,148415659,103
TIC 148415949,148415949,103
TIC 148420434,148420434,103
TIC 148420594,148420594,103
TIC 148420944,148420944,103
TIC 148421301,148421301,103
TIC 148424612,148424612,103
TIC 148426132,148426132,103
TIC 148427689,148427689,103
TIC 148427888,148427888,103
TIC 148428540,148428540,103
TIC 148430315,148430315,103
TIC 148478039,148478039,103
TIC 148479076,148479076,103
TIC 148480904,148480904,103
TIC 148481282,148481282,103
TIC 148483849,148483849,103
TIC 148483974,148483974,103
TIC 148484490,148484490,103
TIC 148486159,148486159,103
TIC 148486340,148486340,103
TIC 148486442,148486442,103
TIC 148493317,148493317,103
TIC 148493416,148493416,103
TIC 148494823,148494823,103
TIC 148494835,148494835,103
TIC 148494865,148494865,103
TIC 148495018,148495018,103
TIC 148495062,148495062,103
TIC 148495092,148495092,103
TIC 148546936,148546936,103
TIC 148549396,148549396,103
TIC 148549761,148549761,103
TIC 148549968,148549968,103
TIC 148550047,148550047,103
TIC 148550839,148550839,103
TIC 148551290,148551290,103
TIC 148552323,148552323,103
TIC 148553009,148553009,103
TIC 148554628,148554628,103
TIC 148598371,148598371,103
TIC 148601835,148601835,103
TIC 148605500,148605500,103
TIC 148605557,148605557,103
TIC 148605617,148605617,103
TIC 148606755,148606755,103
TIC 148608250,148608250,103
TIC 148608434,148608434,103
TIC 148643328,148643328,103
TIC 148643412,148643412,103
TIC 148643421,148643421,103
TIC 148645247,148645247,103
TIC 148646689,148646689,103
TIC 148646744,148646744,103
TIC 148647507,148647507,103
TIC 148650705,148650705,103
TIC 148652588,148652588,103
TIC 148653003,148653003,103
TIC 148653963,148653963,103
TIC 148684592,148684592,103
TIC 148685090,148685090,103
TIC 148685120,148685120,103
TIC 148688615,148688615,103
TIC 148691341,148691341,103
TIC 148691345,148691345,103
TIC 148691985,148691985,103
TIC 148694032,148694032,103
TIC 148695660,148695660,103
TIC 148771863,148771863,103
TIC 148772071,148772071,103
TIC 148772375,148772375,103
TIC 148774219,148774219,103
TIC 148774278,148774278,103
TIC 148775012,148775012,103
TIC 148775065,148775065,103
TIC 148775826,148775826,103
TIC 148822705,148822705,103
TIC 148824721,148824721,103
TIC 148828681,148828681,103
TIC 148830590,148830590,103
TIC 148831872,148831872,103
TIC 148833828,148833828,103
TIC 148897442,148897442,103
TIC 148897582,148897582,103
TIC 148897790,148897790,103
TIC 148898114,148898114,103
TIC 148898490,148898490,103
TIC 148898737,148898737,103
TIC 148899004,148899004,103
TIC 148899733,148899733,103
TIC 148899760,148899760,103
TIC 148901155,148901155,103
TIC 148903122,148903122,103
TIC 148906713,148906713,103
TIC 148949324,148949324,103
TIC 148951947,148951947,103
TIC 148954593,148954593,103
TIC 148955009,148955009,103
TIC 148957281,148957281,103
TIC 148959030,148959030,103
TIC 148959790,148959790,103
TIC 148959911,148959911,103
TIC 148997756,148997756,103
TIC 149002237,149002237,103
TIC 149003099,149003099,103
TIC 149005183,149005183,103
TIC 149007190,149007190,103
TIC 149008917,149008917,103
TIC 149022598,149022598,103
TIC 149023004,149023004,103
TIC 149032204,149032204,103
TIC 149064422,149064422,103
TIC 149064796,149064796,103
TIC 149067520,149067520,103
TIC 149071944,149071944,103
TIC 149107725,149107725,103
TIC 149108346,149108346,103
TIC 149109125,149109125,103
TIC 149109767,149109767,103
TIC 149117750,149117750,103
TIC 149118173,149118173,103
TIC 149118175,149118175,103
TIC 149118805,149118805,103
TIC 149162168,149162168,103
TIC 149163037,149163037,103
TIC 149163365,149163365,103
TIC 149168745,149168745,103
TIC 149173407,149173407,103
TIC 149173573,149173573,103
TIC 149236934,149236934,103
TIC 149243197,149243197,103
TIC 149291831,149291831,103
TIC 149293433,149293433,103
TIC 149294136,149294136,103
TIC 149296716,149296716,103
TIC 149322898,149322898,103
TIC 149324291,149324291,103
TIC 149330539,149330539,103
TIC 149352464,149352464,103
TIC 149352493,149352493,103
TIC 149352614,149352614,103
TIC 149354461,149354461,103
TIC 149358788,149358788,103
TIC 149359049,149359049,103
TIC 149365605,149365605,103
TIC 149366804,149366804,103
TIC 149367380,149367380,103
TIC 149429830,149429830,103
TIC 149434020,149434020,103
TIC 149436285,149436285,103
TIC 149437620,149437620,103
TIC 149480700,149480700,103
TIC 149481745,149481745,103
TIC 149483134,149483134,103
TIC 149487875,149487875,103
TIC 149524608,149524608,103
TIC 149525471,149525471,103
TIC 149525786,149525786,103
TIC 149525824,149525824,103
TIC 149531539,149531539,103
TIC 149533240,149533240,103
TIC 149585119,149585119,103
TIC 149588038,149588038,103
TIC 149590989,149590989,103
TIC 149594966,149594966,103
TIC 149661133,149661133,103
TIC 149723242,149723242,103
TIC 149727711,149727711,103
TIC 149731868,149731868,103
TIC 149770632,149770632,103
TIC 149771158,149771158,103
TIC 149773084,149773084,103
TIC 149776990,149776990,103
TIC 149779380,149779380,103
TIC 149780267,149780267,103
TIC 149780380,149780380,103
TIC 149802795,149802795,103
TIC 149802910,149802910,103
TIC 149807407,149807407,103
TIC 149809200,149809200,103
TIC 150230411,150230411,103
TIC 150238368,150238368,103
TIC 150498943,150498943,103
TIC 150807763,150807763,103
TIC 150809629,150809629,103
TIC 151130491,151130491,103
TIC 151130951,151130951,103
TIC 151137353,151137353,103
TIC 151740155,151740155,103
TIC 151746639,151746639,103
TIC 152041720,152041720,103
TIC 152042507,152042507,103
TIC 152045988,152045988,103
TIC 152047928,152047928,103
TIC 152048885,152048885,103
TIC 152048992,152048992,103
TIC 152384452,152384452,103
TIC 152384664,152384664,103
TIC 153080360,153080360,103
TIC 153086405,153086405,103
TIC 153087034,153087034,103
TIC 153087276,153087276,103
TIC 153415459,153415459,103
TIC 153415649,153415649,103
TIC 153421994,153421994,103
TIC 153781950,153781950,103
TIC 153789197,153789197,103
TIC 154438290,154438290,103
TIC 154440184,154440184,103
TIC 154443826,154443826,103
TIC 154445411,154445411,103
TIC 154447017,154447017,103
TIC 154447019,154447019,103
TIC 154447100,154447100,103
TIC 154447804,154447804,103
TIC 154771592,154771592,103
TIC 154772127,154772127,103
TIC 154772422,154772422,103
TIC 155110065,155110065,103
TIC 155419920,155419920,103
TIC 155420646,155420646,103
TIC 155430355,155430355,103
TIC 155763802,155763802,103
TIC 155918424,155918424,103
TIC 155967604,155967604,103
TIC 155985589,155985589,103
TIC 156002795,156002795,103
TIC 156011631,156011631,103
TIC 156070766,156070766,103
TIC 156078006,156078006,103
TIC 156083207,156083207,103
TIC 158535856,158535856,103
TIC 158647249,158647249,103
TIC 158647250,158647250,103
TIC 158975429,158975429,103
TIC 159075359,159075359,103
TIC 159366956,159366956,103
TIC 159369487,159369487,103
TIC 159370446,159370446,103
TIC 159372129,159372129,103
TIC 159427926,159427926,103
TIC 159427927,159427927,103
TIC 159533987,159533987,103
TIC 159536077,159536077,103
TIC 159536608,159536608,103
TIC 159537270,159537270,103
TIC 159537293,159537293,103
TIC 159537990,159537990,103
TIC 159656935,159656935,103
TIC 159657455,159657455,103
TIC 159662094,159662094,103
TIC 159749686,159749686,103
TIC 159750166,159750166,103
TIC 159828023,159828023,103
TIC 159999406,159999406,103
TIC 160112062,160112062,103
TIC 160160535,160160535,103
TIC 160192019,160192019,103
TIC 160192386,160192386,103
TIC 160211571,160211571,103
TIC 160225471,160225471,103
TIC 160263922,160263922,103
TIC 160292824,160292824,103
TIC 160407235,160407235,103
TIC 160417246,160417246,103
TIC 160475556,160475556,103
TIC 160476756,160476756,103
TIC 160481229,160481229,103
TIC 160481851,160481851,103
TIC 160482425,160482425,103
TIC 160494988,160494988,103
TIC 160501917,160501917,103
TIC 160501921,160501921,103
TIC 160503096,160503096,103
TIC 160539035,160539035,103
TIC 160580779,160580779,103
TIC 160580784,160580784,103
TIC 160626275,160626275,103
TIC 160629127,160629127,103
TIC 160629583,160629583,103
TIC 160630509,160630509,103
TIC 160633519,160633519,103
TIC 160633592,160633592,103
TIC 160636299,160636299,103
TIC 160636725,160636725,103
TIC 160638216,160638216,103
TIC 160658522,160658522,103
TIC 160659503,160659503,103
TIC 160699476,160699476,103
TIC 160703933,160703933,103
TIC 160705297,160705297,103
TIC 160705302,160705302,103
TIC 160705798,160705798,103
TIC 160711401,160711401,103
TIC 160712486,160712486,103
TIC 160738919,160738919,103
TIC 160739824,160739824,103
TIC 160744338,160744338,103
TIC 160814521,160814521,103
TIC 160818155,160818155,103
TIC 160818175,160818175,103
TIC 160819155,160819155,103
TIC 160882861,160882861,103
TIC 160884693,160884693,103
TIC 160888702,160888702,103
TIC 160890064,160890064,103
TIC 160892020,160892020,103
TIC 160970545,160970545,103
TIC 160974390,160974390,103
TIC 161031337,161031337,103
TIC 161032570,161032570,103
TIC 161032923,161032923,103
TIC 161053738,161053738,103
TIC 161097931,161097931,103
TIC 161098507,161098507,103
TIC 161099138,161099138,103
TIC 161108548,161108548,103
TIC 161108977,161108977,103
TIC 161110601,161110601,103
TIC 161208261,161208261,103
TIC 161209504,161209504,103
TIC 161264036,161264036,103
TIC 161290076,161290076,103
TIC 161299119,161299119,103
TIC 161377246,161377246,103
TIC 161394279,161394279,103
TIC 161480233,161480233,103
TIC 161493227,161493227,103
TIC 161671294,161671294,103
TIC 161672641,161672641,103
TIC 161770796,161770796,103
TIC 161786522,161786522,103
TIC 161963773,161963773,103
TIC 161963801,161963801,103
TIC 162045533,162045533,103
TIC 162441858,162441858,103
TIC 162443971,162443971,103
TIC 162565562,162565562,103
TIC 162928477,162928477,103
TIC 162928498,162928498,103
TIC 162937640,162937640,103
TIC 163014826,163014826,103
TIC 163128147,163128147,103
TIC 163141448,163141448,103
TIC 163321530,163321530,103
TIC 163597056,163597056,103
TIC 163602430,163602430,103
TIC 163602568,163602568,103
TIC 163926359,163926359,103
TIC 163926431,163926431,103
TIC 164022685,164022685,103
TIC 164210761,164210761,103
TIC 164344772,164344772,103
TIC 164622510,164622510,103
TIC 164633147,164633147,103
TIC 164707310,164707310,103
TIC 164707361,164707361,103
TIC 164820783,164820783,103
TIC 164897815,164897815,103
TIC 165880227,165880227,103
TIC 165881292,165881292,103
TIC 169957259,169957259,103
TIC 169958364,169958364,103
TIC 169958952,169958952,103
TIC 170146066,170146066,103
TIC 170247791,170247791,103
TIC 170419024,170419024,103
TIC 170593833,170593833,103
TIC 170596205,170596205,103
TIC 170660137,170660137,103
TIC 170665990,170665990,103
TIC 170692379,170692379,103
TIC 170693615,170693615,103
TIC 170975028,170975028,103
TIC 170986304,170986304,103
TIC 170986696,170986696,103
TIC 171128340,171128340,103
TIC 171207618,171207618,103
TIC 171268544,171268544,103
TIC 171273390,171273390,103
TIC 171287469,171287469,103
TIC 171294540,171294540,103
TIC 171480466,171480466,103
TIC 171553003,171553003,103
TIC 171604029,171604029,103
TIC 171604880,171604880,103
TIC 171607400,171607400,103
TIC 171609844,171609844,103
TIC 171611323,171611323,103
TIC 171611328,171611328,103
TIC 171613986,171613986,103
TIC 171633073,171633073,103
TIC 171637549,171637549,103
TIC 171737767,171737767,103
TIC 171738813,171738813,103
TIC 171746129,171746129,103
TIC 171750315,171750315,103
TIC 171820432,171820432,103
TIC 171822306,171822306,103
TIC 171897151,171897151,103
TIC 171941078,171941078,103
TIC 171941554,171941554,103
TIC 171941605,171941605,103
TIC 171942101,171942101,103
TIC 171948958,171948958,103
TIC 172044456,172044456,103
TIC 172044474,172044474,103
TIC 172051708,172051708,103
TIC 172278247,172278247,103
TIC 172278724,172278724,103
TIC 172282612,172282612,103
TIC 172284624,172284624,103
TIC 172284763,172284763,103
TIC 172323094,172323094,103
TIC 172323926,172323926,103
TIC 172388382,172388382,103
TIC 172608483,172608483,103
TIC 172609651,172609651,103
TIC 172615644,172615644,103
TIC 172635214,172635214,103
TIC 172811309,172811309,103
TIC 172812981,172812981,103
TIC 172937970,172937970,103
TIC 172938292,172938292,103
TIC 172938394,172938394,103
TIC 172944075,172944075,103
TIC 173056702,173056702,103
TIC 173261937,173261937,103
TIC 173262517,173262517,103
TIC 173262678,173262678,103
TIC 173268370,173268370,103
TIC 173269028,173269028,103
TIC 173272815,173272815,103
TIC 173309023,173309023,103
TIC 173503902,173503902,103
TIC 173560502,173560502,103
TIC 173560788,173560788,103
TIC 173648590,173648590,103
TIC 173815910,173815910,103
TIC 173871956,173871956,103
TIC 173873190,173873190,103
TIC 173875082,173875082,103
TIC 173877131,173877131,103
TIC 173877740,173877740,103
TIC 173884686,173884686,103
TIC 174065584,174065584,103
TIC 174070181,174070181,103
TIC 174121793,174121793,103
TIC 174131192,174131192,103
TIC 174134583,174134583,103
TIC 174214435,174214435,103
TIC 174293995,174293995,103
TIC 174297882,174297882,103
TIC 174527880,174527880,103
TIC 174527909,174527909,103
TIC 174859722,174859722,103
TIC 174862908,174862908,103
TIC 174864669,174864669,103
TIC 175214178,175214178,103
TIC 175215801,175215801,103
TIC 175218176,175218176,103
TIC 175220800,175220800,103
TIC 175224763,175224763,103
TIC 175575716,175575716,103
TIC 175579974,175579974,103
TIC 175580974,175580974,103
TIC 175920907,175920907,103
TIC 176192564,176192564,103
TIC 176193144,176193144,103
TIC 176204844,176204844,103
TIC 176456427,176456427,103
TIC 176457161,176457161,103
TIC 176457178,176457178,103
TIC 176463030,176463030,103
TIC 176463828,176463828,103
TIC 176463845,176463845,103
TIC 177044777,177044777,103
TIC 177044999,177044999,103
TIC 177336303,177336303,103
TIC 177336493,177336493,103
TIC 177337039,177337039,103
TIC 177338392,177338392,103
TIC 177342217,177342217,103
TIC 177342508,177342508,103
TIC 177342632,177342632,103
TIC 177629559,177629559,103
TIC 177630750,177630750,103
TIC 177901333,177901333,103
TIC 177906792,177906792,103
TIC 178201756,178201756,103
TIC 178206961,178206961,103
TIC 178207591,178207591,103
TIC 178456568,178456568,103
TIC 178462222,178462222,103
TIC 178760521,178760521,103
TIC 178760685,178760685,103
TIC 178766924,178766924,103
TIC 179051461,179051461,103
TIC 179051609,179051609,103
TIC 179051832,179051832,103
TIC 179051931,179051931,103
TIC 179052615,179052615,103
TIC 179058144,179058144,103
TIC 179059663,179059663,103
TIC 179284196,179284196,103
TIC 179347155,179347155,103
TIC 179347193,179347193,103
TIC 179347200,179347200,103
TIC 179347224,179347224,103
TIC 179348425,179348425,103
TIC 179353939,179353939,103
TIC 179357494,179357494,103
TIC 179609144,179609144,103
TIC 179621680,179621680,103
TIC 179622269,179622269,103
TIC 179622291,179622291,103
TIC 179631268,179631268,103
TIC 179887480,179887480,103
TIC 183375028,183375028,103
TIC 183538140,183538140,103
TIC 183562669,183562669,103
TIC 183676876,183676876,103
TIC 183984086,183984086,103
TIC 184111594,184111594,103
TIC 188857765,188857765,103
TIC 189086412,189086412,103
TIC 189421256,189421256,103
TIC 189421351,189421351,103
TIC 189601843,189601843,103
TIC 189872332,189872332,103
TIC 190302755,190302755,103
TIC 190717537,190717537,103
TIC 197766496,197766496,103
TIC 197956716,197956716,103
TIC 199730076,199730076,103
TIC 200671724,200671724,103
TIC 201563289,201563289,103
TIC 201662066,201662066,103
TIC 201662069,201662069,103
TIC 201690587,201690587,103
TIC 206504521,206504521,103
TIC 206540364,206540364,103
TIC 206541995,206541995,103
TIC 206551342,206551342,103
TIC 206564279,206564279,103
TIC 206583981,206583981,103
TIC 206598935,206598935,103
TIC 206599931,206599931,103
TIC 206616831,206616831,103
TIC 207316324,207316324,103
TIC 207750091,207750091,103
TIC 207994077,207994077,103
TIC 208297593,208297593,103
TIC 208581268,208581268,103
TIC 208594960,208594960,103
TIC 210464356,210464356,103
TIC 210517097,210517097,103
TIC 210541258,210541258,103
TIC 210548999,210548999,103
TIC 210550438,210550438,103
TIC 210577071,210577071,103
TIC 210608400,210608400,103
TIC 210619562,210619562,103
TIC 210636726,210636726,103
TIC 210638622,210638622,103
TIC 210642284,210642284,103
TIC 210646027,210646027,103
TIC 210700854,210700854,103
TIC 210722459,210722459,103
TIC 210723489,210723489,103
TIC 210732282,210732282,103
TIC 210835883,210835883,103
TIC 210844914,210844914,103
TIC 210844922,210844922,103
TIC 210845898,210845898,103
TIC 210845938,210845938,103
TIC 210867680,210867680,103
TIC 210908544,210908544,103
TIC 210908714,210908714,103
TIC 211030810,211030810,103
TIC 211048693,211048693,103
TIC 211080657,211080657,103
TIC 211201412,211201412,103
TIC 211310047,211310047,103
TIC 211311815,211311815,103
TIC 211313448,211313448,103
TIC 211400475,211400475,103
TIC 211420407,211420407,103
TIC 211526172,211526172,103
TIC 211594676,211594676,103
TIC 211597070,211597070,103
TIC 211625060,211625060,103
TIC 211667938,211667938,103
TIC 211679194,211679194,103
TIC 211681133,211681133,103
TIC 211745140,211745140,103
TIC 211753228,211753228,103
TIC 211832868,211832868,103
TIC 211833297,211833297,103
TIC 211836570,211836570,103
TIC 211837344,211837344,103
TIC 211846790,211846790,103
TIC 211934395,211934395,103
TIC 211948433,211948433,103
TIC 211948452,211948452,103
TIC 211954111,211954111,103
TIC 212016672,212016672,103
TIC 212020694,212020694,103
TIC 212028722,212028722,103
TIC 212070493,212070493,103
TIC 212075577,212075577,103
TIC 212077329,212077329,103
TIC 212082678,212082678,103
TIC 212118919,212118919,103
TIC 212203714,212203714,103
TIC 212205879,212205879,103
TIC 212226603,212226603,103
TIC 212231684,212231684,103
TIC 212317204,212317204,103
TIC 212415990,212415990,103
TIC 212516077,212516077,103
TIC 212549533,212549533,103
TIC 212608936,212608936,103
TIC 212644773,212644773,103
TIC 212767038,212767038,103
TIC 212800815,212800815,103
TIC 212807086,212807086,103
TIC 212987974,212987974,103
TIC 213018860,213018860,103
TIC 213061980,213061980,103
TIC 213111428,213111428,103
TIC 213153401,213153401,103
TIC 213158282,213158282,103
TIC 213197825,213197825,103
TIC 213230879,213230879,103
TIC 213240679,213240679,103
TIC 213469948,213469948,103
TIC 213516189,213516189,103
TIC 213547454,213547454,103
TIC 213578752,213578752,103
TIC 213592821,213592821,103
TIC 213654615,213654615,103
TIC 213694406,213694406,103
TIC 213700945,213700945,103
TIC 213758559,213758559,103
TIC 213763444,213763444,103
TIC 213766051,213766051,103
TIC 213820856,213820856,103
TIC 213843753,213843753,103
TIC 213844311,213844311,103
TIC 213892434,213892434,103
TIC 213932115,213932115,103
TIC 213934161,213934161,103
TIC 213937472,213937472,103
TIC 213944810,213944810,103
TIC 213955521,213955521,103
TIC 213981110,213981110,103
TIC 213988532,213988532,103
TIC 214020976,214020976,103
TIC 214067343,214067343,103
TIC 214141856,214141856,103
TIC 214176242,214176242,103
TIC 214184419,214184419,103
TIC 214192474,214192474,103
TIC 214194208,214194208,103
TIC 214213463,214213463,103
TIC 214213741,214213741,103
TIC 214218272,214218272,103
TIC 214221288,214221288,103
TIC 214223317,214223317,103
TIC 214243287,214243287,103
TIC 214293114,214293114,103
TIC 214361331,214361331,103
TIC 214370953,214370953,103
TIC 214376691,214376691,103
TIC 214389001,214389001,103
TIC 214419569,214419569,103
TIC 214420785,214420785,103
TIC 214431761,214431761,103
TIC 214440674,214440674,103
TIC 214455108,214455108,103
TIC 214458333,214458333,103
TIC 214458861,214458861,103
TIC 214482515,214482515,103
TIC 214492161,214492161,103
TIC 214519665,214519665,103
TIC 214529483,214529483,103
TIC 214723195,214723195,103
TIC 214790598,214790598,103
TIC 214793379,214793379,103
TIC 214870481,214870481,103
TIC 214946294,214946294,103
TIC 214979104,214979104,103
TIC 214980476,214980476,103
TIC 215214861,215214861,103
TIC 215326382,215326382,103
TIC 215333857,215333857,103
TIC 215353072,215353072,103
TIC 215392772,215392772,103
TIC 215392787,215392787,103
TIC 215394279,215394279,103
TIC 215394311,215394311,103
TIC 215468081,215468081,103
TIC 215613530,215613530,103
TIC 215703546,215703546,103
TIC 215838726,215838726,103
TIC 215846593,215846593,103
TIC 215906468,215906468,103
TIC 215985790,215985790,103
TIC 215987721,215987721,103
TIC 215999360,215999360,103
TIC 216026326,216026326,103
TIC 216032474,216032474,103
TIC 216072992,216072992,103
TIC 216134512,216134512,103
TIC 216151102,216151102,103
TIC 216151248,216151248,103
TIC 216158265,216158265,103
TIC 216167514,216167514,103
TIC 216282436,216282436,103
TIC 216526626,216526626,103
TIC 216724882,216724882,103
TIC 216730839,216730839,103
TIC 216770648,216770648,103
TIC 216795653,216795653,103
TIC 216795660,216795660,103
TIC 216846562,216846562,103
TIC 216925130,216925130,103
TIC 216935214,216935214,103
TIC 216967067,216967067,103
TIC 217010923,217010923,103
TIC 217017762,217017762,103
TIC 217017798,217017798,103
TIC 217023125,217023125,103
TIC 217153888,217153888,103
TIC 217157387,217157387,103
TIC 217182385,217182385,103
TIC 217183175,217183175,103
TIC 217302172,217302172,103
TIC 217372512,217372512,103
TIC 217384627,217384627,103
TIC 217481889,217481889,103
TIC 217526937,217526937,103
TIC 217540881,217540881,103
TIC 217667184,217667184,103
TIC 217684345,217684345,103
TIC 217684685,217684685,103
TIC 217838717,217838717,103
TIC 217844374,217844374,103
TIC 217960576,217960576,103
TIC 218102429,218102429,103
TIC 218262323,218262323,103
TIC 218263393,218263393,103
TIC 218430451,218430451,103
TIC 218432477,218432477,103
TIC 218565394,218565394,103
TIC 218565488,218565488,103
TIC 218573570,218573570,103
TIC 218574232,218574232,103
TIC 218578928,218578928,103
TIC 218739591,218739591,103
TIC 219300484,219300484,103
TIC 219328452,219328452,103
TIC 219336263,219336263,103
TIC 219940661,219940661,103
TIC 219945301,219945301,103
TIC 219951375,219951375,103
TIC 219951380,219951380,103
TIC 219965698,219965698,103
TIC 220484485,220484485,103
TIC 220484486,220484486,103
TIC 220486739,220486739,103
TIC 220505448,220505448,103
TIC 220707410,220707410,103
TIC 220811237,220811237,103
TIC 220896806,220896806,103
TIC 220897836,220897836,103
TIC 220923743,220923743,103
TIC 221015961,221015961,103
TIC 221063053,221063053,103
TIC 221153386,221153386,103
TIC 221178967,221178967,103
TIC 221262458,221262458,103
TIC 221302345,221302345,103
TIC 221355243,221355243,103
TIC 221441412,221441412,103
TIC 221449159,221449159,103
TIC 221584539,221584539,103
TIC 221613613,221613613,103
TIC 221625283,221625283,103
TIC 221625907,221625907,103
TIC 221651451,221651451,103
TIC 221656234,221656234,103
TIC 221660562,221660562,103
TIC 221754173,221754173,103
TIC 221892252,221892252,103
TIC 221896976,221896976,103
TIC 221957651,221957651,103
TIC 221967002,221967002,103
TIC 221979923,221979923,103
TIC 222197449,222197449,103
TIC 222206460,222206460,103
TIC 222206561,222206561,103
TIC 222289349,222289349,103
TIC 222506924,222506924,103
TIC 222629426,222629426,103
TIC 222835418,222835418,103
TIC 222843778,222843778,103
TIC 223157506,223157506,103
TIC 223166325,223166325,103
TIC 223253834,223253834,103
TIC 223359605,223359605,103
TIC 223374095,223374095,103
TIC 223456276,223456276,103
TIC 223464453,223464453,103
TIC 223559604,223559604,103
TIC 223684339,223684339,103
TIC 223785416,223785416,103
TIC 223789870,223789870,103
TIC 224000801,224000801,103
TIC 224004929,224004929,103
TIC 224009572,224009572,103
TIC 224232253,224232253,103
TIC 224234876,224234876,103
TIC 224284909,224284909,103
TIC 224356817,224356817,103
TIC 224436899,224436899,103
TIC 224564019,224564019,103
TIC 224775005,224775005,103
TIC 224777397,224777397,103
TIC 224785056,224785056,103
TIC 224802820,224802820,103
TIC 224802982,224802982,103
TIC 224806551,224806551,103
TIC 224999504,224999504,103
TIC 225014492,225014492,103
TIC 225104653,225104653,103
TIC 225317795,225317795,103
TIC 225530506,225530506,103
TIC 225536586,225536586,103
TIC 225635447,225635447,103
TIC 225739524,225739524,103
TIC 225750923,225750923,103
TIC 225834373,225834373,103
TIC 225941766,225941766,103
TIC 225950181,225950181,103
TIC 226037847,226037847,103
TIC 226246184,226246184,103
TIC 226382251,226382251,103
TIC 226382527,226382527,103
TIC 227026062,227026062,103
TIC 227036168,227036168,103
TIC 227036314,227036314,103
TIC 227367981,227367981,103
TIC 227596323,227596323,103
TIC 228114288,228114288,103
TIC 228237373,228237373,103
TIC 228242326,228242326,103
TIC 228342913,228342913,103
TIC 228348191,228348191,103
TIC 228352747,228352747,103
TIC 228353510,228353510,103
TIC 228529130,228529130,103
TIC 228731055,228731055,103
TIC 228825970,228825970,103
TIC 228927336,228927336,103
TIC 229024168,229024168,103
TIC 229029465,229029465,103
TIC 229092154,229092154,103
TIC 229093625,229093625,103
TIC 229094134,229094134,103
TIC 229099724,229099724,103
TIC 229115801,229115801,103
TIC 229137310,229137310,103
TIC 229143979,229143979,103
TIC 229146144,229146144,103
TIC 229220912,229220912,103
TIC 229225779,229225779,103
TIC 229316658,229316658,103
TIC 229325035,229325035,103
TIC 229524676,229524676,103
TIC 229634290,229634290,103
TIC 229832439,229832439,103
TIC 229916584,229916584,103
TIC 229930587,229930587,103
TIC 230142645,230142645,103
TIC 230151615,230151615,103
TIC 230467659,230467659,103
TIC 230689778,230689778,103
TIC 230694933,230694933,103
TIC 230789937,230789937,103
TIC 230793632,230793632,103
TIC 230946694,230946694,103
TIC 230946697,230946697,103
TIC 230947105,230947105,103
TIC 230947302,230947302,103
TIC 230966894,230966894,103
TIC 230971882,230971882,103
TIC 230980387,230980387,103
TIC 231038324,231038324,103
TIC 231038741,231038741,103
TIC 231137227,231137227,103
TIC 231249053,231249053,103
TIC 231361766,231361766,103
TIC 231697062,231697062,103
TIC 231912430,231912430,103
TIC 231914259,231914259,103
TIC 232209565,232209565,103
TIC 232214350,232214350,103
TIC 232321924,232321924,103
TIC 232659154,232659154,103
TIC 232662283,232662283,103
TIC 232859848,232859848,103
TIC 233222574,233222574,103
TIC 233442456,233442456,103
TIC 233981889,233981889,103
TIC 234203018,234203018,103
TIC 234203267,234203267,103
TIC 234292859,234292859,103
TIC 234312974,234312974,103
TIC 234422202,234422202,103
TIC 234492582,234492582,103
TIC 234508663,234508663,103
TIC 234508664,234508664,103
TIC 234509307,234509307,103
TIC 234518605,234518605,103
TIC 234531142,234531142,103
TIC 234540238,234540238,103
TIC 234540647,234540647,103
TIC 234548444,234548444,103
TIC 234548762,234548762,103
TIC 234639339,234639339,103
TIC 234644092,234644092,103
TIC 234648961,234648961,103
TIC 234752466,234752466,103
TIC 234869424,234869424,103
TIC 234973789,234973789,103
TIC 234992680,234992680,103
TIC 234998611,234998611,103
TIC 234998612,234998612,103
TIC 235009908,235009908,103
TIC 235013992,235013992,103
TIC 235014786,235014786,103
TIC 235037761,235037761,103
TIC 235037790,235037790,103
TIC 235041967,235041967,103
TIC 235042294,235042294,103
TIC 235416087,235416087,103
TIC 235416305,235416305,103
TIC 235518467,235518467,103
TIC 235837183,235837183,103
TIC 235841944,235841944,103
TIC 235956104,235956104,103
TIC 236073671,236073671,103
TIC 236172426,236172426,103
TIC 236182557,236182557,103
TIC 236399745,236399745,103
TIC 236409173,236409173,103
TIC 236508444,236508444,103
TIC 236510713,236510713,103
TIC 236616789,236616789,103
TIC 236838052,236838052,103
TIC 237061868,237061868,103
TIC 237173297,237173297,103
TIC 237313550,237313550,103
TIC 237318184,237318184,103
TIC 237330271,237330271,103
TIC 238852470,238852470,103
TIC 238855750,238855750,103
TIC 245496621,245496621,103
TIC 245496915,245496915,103
TIC 245601303,245601303,103
TIC 245728942,245728942,103
TIC 245739252,245739252,103
TIC 245779982,245779982,103
TIC 245849510,245849510,103
TIC 245853773,245853773,103
TIC 245854376,245854376,103
TIC 245854396,245854396,103
TIC 245878624,245878624,103
TIC 245878670,245878670,103
TIC 245921552,245921552,103
TIC 245928569,245928569,103
TIC 245966764,245966764,103
TIC 245999208,245999208,103
TIC 246039685,246039685,103
TIC 246047409,246047409,103
TIC 246073693,246073693,103
TIC 246126150,246126150,103
TIC 246152934,246152934,103
TIC 246308167,246308167,103
TIC 246322344,246322344,103
TIC 246545297,246545297,103
TIC 246552414,246552414,103
TIC 246597114,246597114,103
TIC 246631268,246631268,103
TIC 246631986,246631986,103
TIC 246660569,246660569,103
TIC 246664608,246664608,103
TIC 246752602,246752602,103
TIC 246785266,246785266,103
TIC 246913796,246913796,103
TIC 246953610,246953610,103
TIC 246954609,246954609,103
TIC 246957312,246957312,103
TIC 246962305,246962305,103
TIC 246991377,246991377,103
TIC 246996435,246996435,103
TIC 246996457,246996457,103
TIC 247000760,247000760,103
TIC 247066241,247066241,103
TIC 247180220,247180220,103
TIC 247188541,247188541,103
TIC 247199434,247199434,103
TIC 247258119,247258119,103
TIC 247259440,247259440,103
TIC 247264963,247264963,103
TIC 247264964,247264964,103
TIC 247267245,247267245,103
TIC 247274912,247274912,103
TIC 247315421,247315421,103
TIC 247348620,247348620,103
TIC 247349406,247349406,103
TIC 247388097,247388097,103
TIC 247459316,247459316,103
TIC 247459453,247459453,103
TIC 247538924,247538924,103
TIC 247643421,247643421,103
TIC 247649462,247649462,103
TIC 247655089,247655089,103
TIC 247655096,247655096,103
TIC 247693255,247693255,103
TIC 247701325,247701325,103
TIC 247702525,247702525,103
TIC 247707801,247707801,103
TIC 247807422,247807422,103
TIC 247807426,247807426,103
TIC 247934029,247934029,103
TIC 250064013,250064013,103
TIC 250179982,250179982,103
TIC 250184894,250184894,103
TIC 250272453,250272453,103
TIC 250340773,250340773,103
TIC 250367873,250367873,103
TIC 250395412,250395412,103
TIC 250436674,250436674,103
TIC 254322223,254322223,103
TIC 254326672,254326672,103
TIC 254329485,254329485,103
TIC 254334148,254334148,103
TIC 254342601,254342601,103
TIC 254343121,254343121,103
TIC 254365178,254365178,103
TIC 254365274,254365274,103
TIC 254365686,254365686,103
TIC 254380158,254380158,103
TIC 254381180,254381180,103
TIC 254387071,254387071,103
TIC 254394012,254394012,103
TIC 254394156,254394156,103
TIC 254401971,254401971,103
TIC 254425440,254425440,103
TIC 254425584,254425584,103
TIC 254441441,254441441,103
TIC 254442326,254442326,103
TIC 254455696,254455696,103
TIC 254487722,254487722,103
TIC 254491011,254491011,103
TIC 254509142,254509142,103
TIC 254511560,254511560,103
TIC 254519178,254519178,103
TIC 254526745,254526745,103
TIC 254527048,254527048,103
TIC 254528912,254528912,103
TIC 254534042,254534042,103
TIC 254555078,254555078,103
TIC 254557893,254557893,103
TIC 254558403,254558403,103
TIC 254580826,254580826,103
TIC 254589448,254589448,103
TIC 254612758,254612758,103
TIC 254628110,254628110,103
TIC 254644065,254644065,103
TIC 254649561,254649561,103
TIC 254653970,254653970,103
TIC 254659806,254659806,103
TIC 254684510,254684510,103
TIC 254684802,254684802,103
TIC 254684915,254684915,103
TIC 254692046,254692046,103
TIC 254716032,254716032,103
TIC 254764203,254764203,103
TIC 254771390,254771390,103
TIC 254784357,254784357,103
TIC 254803931,254803931,103
TIC 254836695,254836695,103
TIC 254843175,254843175,103
TIC 254844960,254844960,103
TIC 254852764,254852764,103
TIC 254858718,254858718,103
TIC 254860486,254860486,103
TIC 254868596,254868596,103
TIC 254885749,254885749,103
TIC 254893790,254893790,103
TIC 254894429,254894429,103
TIC 254901458,254901458,103
TIC 254909777,254909777,103
TIC 254916102,254916102,103
TIC 254963185,254963185,103
TIC 254980855,254980855,103
TIC 254980856,254980856,103
TIC 254993059,254993059,103
TIC 255017025,255017025,103
TIC 255020582,255020582,103
TIC 255028194,255028194,103
TIC 255043968,255043968,103
TIC 255045871,255045871,103
TIC 255053137,255053137,103
TIC 255053384,255053384,103
TIC 255053577,255053577,103
TIC 255081598,255081598,103
TIC 255125492,255125492,103
TIC 255134616,255134616,103
TIC 255144567,255144567,103
TIC 255153336,255153336,103
TIC 255156787,255156787,103
TIC 255167606,255167606,103
TIC 255174904,255174904,103
TIC 255191560,255191560,103
TIC 255196604,255196604,103
TIC 255203243,255203243,103
TIC 255236579,255236579,103
TIC 255238074,255238074,103
TIC 255255628,255255628,103
TIC 255255634,255255634,103
TIC 255255899,255255899,103
TIC 255263370,255263370,103
TIC 255263381,255263381,103
TIC 255263387,255263387,103
TIC 255263776,255263776,103
TIC 255263777,255263777,103
TIC 255270777,255270777,103
TIC 255278000,255278000,103
TIC 255278034,255278034,103
TIC 255286012,255286012,103
TIC 255286835,255286835,103
TIC 255322436,255322436,103
TIC 255327797,255327797,103
TIC 255330336,255330336,103
TIC 255334325,255334325,103
TIC 255335501,255335501,103
TIC 255343479,255343479,103
TIC 255383637,255383637,103
TIC 255400005,255400005,103
TIC 255400077,255400077,103
TIC 255400078,255400078,103
TIC 255407474,255407474,103
TIC 255410215,255410215,103
TIC 255419149,255419149,103
TIC 255464386,255464386,103
TIC 255465355,255465355,103
TIC 255470342,255470342,103
TIC 255475779,255475779,103
TIC 255489146,255489146,103
TIC 255530921,255530921,103
TIC 255532033,255532033,103
TIC 255543357,255543357,103
TIC 255674550,255674550,103
TIC 255674963,255674963,103
TIC 255717096,255717096,103
TIC 255766641,255766641,103
TIC 255768108,255768108,103
TIC 255841748,255841748,103
TIC 256050314,256050314,103
TIC 256056180,256056180,103
TIC 256444221,256444221,103
TIC 256445606,256445606,103
TIC 256894142,256894142,103
TIC 256900354,256900354,103
TIC 256907648,256907648,103
TIC 257362226,257362226,103
TIC 257366264,257366264,103
TIC 257496570,257496570,103
TIC 257826657,257826657,103
TIC 260466694,260466694,103
TIC 260680837,260680837,103
TIC 260806534,260806534,103
TIC 260912088,260912088,103
TIC 260916811,260916811,103
TIC 261046050,261046050,103
TIC 261192051,261192051,103
TIC 261372765,261372765,103
TIC 261446008,261446008,103
TIC 261460183,261460183,103
TIC 261462085,261462085,103
TIC 261563632,261563632,103
TIC 261590805,261590805,103
TIC 262546400,262546400,103
TIC 262965204,262965204,103
TIC 263005439,263005439,103
TIC 263007898,263007898,103
TIC 263063028,263063028,103
TIC 263848633,263848633,103
TIC 264358178,264358178,103
TIC 265176813,265176813,103
TIC 265313052,265313052,103
TIC 266271836,266271836,103
TIC 266751017,266751017,103
TIC 266825646,266825646,103
TIC 266879342,266879342,103
TIC 266879343,266879343,103
TIC 266995842,266995842,103
TIC 266996749,266996749,103
TIC 267108953,267108953,103
TIC 267113766,267113766,103
TIC 267239485,267239485,103
TIC 269155560,269155560,103
TIC 269155561,269155561,103
TIC 270314548,270314548,103
TIC 270314550,270314550,103
TIC 270599758,270599758,103
TIC 271502836,271502836,103
TIC 271503343,271503343,103
TIC 271503787,271503787,103
TIC 271742627,271742627,103
TIC 272983033,272983033,103
TIC 272983789,272983789,103
TIC 273226064,273226064,103
TIC 273474616,273474616,103
TIC 273604905,273604905,103
TIC 273604915,273604915,103
TIC 273981374,273981374,103
TIC 274598170,274598170,103
TIC 274883272,274883272,103
TIC 274884247,274884247,103
TIC 274893520,274893520,103
TIC 275018323,275018323,103
TIC 275025959,275025959,103
TIC 275565743,275565743,103
TIC 275797747,275797747,103
TIC 275814047,275814047,103
TIC 275931490,275931490,103
TIC 276090866,276090866,103
TIC 276090959,276090959,103
TIC 276216463,276216463,103
TIC 276219210,276219210,103
TIC 276292110,276292110,103
TIC 276293868,276293868,103
TIC 276294305,276294305,103
TIC 276294868,276294868,103
TIC 276295883,276295883,103
TIC 276301544,276301544,103
TIC 276302140,276302140,103
TIC 276351918,276351918,103
TIC 276458131,276458131,103
TIC 276458444,276458444,103
TIC 276458498,276458498,103
TIC 276491355,276491355,103
TIC 276494538,276494538,103
TIC 276496695,276496695,103
TIC 276502689,276502689,103
TIC 276502773,276502773,103
TIC 276570616,276570616,103
TIC 276573026,276573026,103
TIC 276576486,276576486,103
TIC 276576773,276576773,103
TIC 277033385,277033385,103
TIC 277195514,277195514,103
TIC 277714912,277714912,103
TIC 277912945,277912945,103
TIC 278577061,278577061,103
TIC 278878368,278878368,103
TIC 279691401,279691401,103
TIC 279692257,279692257,103
TIC 279807359,279807359,103
TIC 279809548,279809548,103
TIC 279810164,279810164,103
TIC 279812645,279812645,103
TIC 279815035,279815035,103
TIC 279819212,279819212,103
TIC 279819566,279819566,103
TIC 279821170,279821170,103
TIC 279821618,279821618,103
TIC 279882911,279882911,103
TIC 279883855,279883855,103
TIC 279975418,279975418,103
TIC 280055342,280055342,103
TIC 280056203,280056203,103
TIC 280056665,280056665,103
TIC 280056702,280056702,103
TIC 280057546,280057546,103
TIC 280065181,280065181,103
TIC 280552540,280552540,103
TIC 280999841,280999841,103
TIC 281164052,281164052,103
TIC 281638465,281638465,103
TIC 281781287,281781287,103
TIC 282485660,282485660,103
TIC 282487368,282487368,103
TIC 282973405,282973405,103
TIC 284872534,284872534,103
TIC 284876659,284876659,103
TIC 284881236,284881236,103
TIC 285771932,285771932,103
TIC 285810203,285810203,103
TIC 286261152,286261152,103
TIC 288166612,288166612,103
TIC 288680588,288680588,103
TIC 289170410,289170410,103
TIC 289179852,289179852,103
TIC 289179853,289179853,103
TIC 289294249,289294249,103
TIC 289636657,289636657,103
TIC 289640569,289640569,103
TIC 289640610,289640610,103
TIC 289641622,289641622,103
TIC 289757653,289757653,103
TIC 289761530,289761530,103
TIC 289761538,289761538,103
TIC 289768636,289768636,103
TIC 289874961,289874961,103
TIC 289877522,289877522,103
TIC 289877581,289877581,103
TIC 290020449,290020449,103
TIC 290126162,290126162,103
TIC 290126643,290126643,103
TIC 290245036,290245036,103
TIC 290245130,290245130,103
TIC 290254934,290254934,103
TIC 290337456,290337456,103
TIC 290504044,290504044,103
TIC 290510595,290510595,103
TIC 290559990,290559990,103
TIC 290560124,290560124,103
TIC 291125036,291125036,103
TIC 291126594,291126594,103
TIC 291249313,291249313,103
TIC 291358217,291358217,103
TIC 291359245,291359245,103
TIC 291363463,291363463,103
TIC 291366757,291366757,103
TIC 291416779,291416779,103
TIC 291417201,291417201,103
TIC 291486587,291486587,103
TIC 291606923,291606923,103
TIC 291736807,291736807,103
TIC 291740925,291740925,103
TIC 291857895,291857895,103
TIC 291861211,291861211,103
TIC 291866634,291866634,103
TIC 291867846,291867846,103
TIC 291869045,291869045,103
TIC 291985712,291985712,103
TIC 291990509,291990509,103
TIC 292074212,292074212,103
TIC 292074457,292074457,103
TIC 292087850,292087850,103
TIC 292143685,292143685,103
TIC 292251207,292251207,103
TIC 292397627,292397627,103
TIC 292501879,292501879,103
TIC 292504339,292504339,103
TIC 292505162,292505162,103
TIC 292508656,292508656,103
TIC 292511904,292511904,103
TIC 292512178,292512178,103
TIC 292513654,292513654,103
TIC 292546894,292546894,103
TIC 292566620,292566620,103
TIC 292569880,292569880,103
TIC 292571466,292571466,103
TIC 292576484,292576484,103
TIC 292577611,292577611,103
TIC 292581518,292581518,103
TIC 292621746,292621746,103
TIC 292626924,292626924,103
TIC 292628580,292628580,103
TIC 292752045,292752045,103
TIC 292801125,292801125,103
TIC 292806992,292806992,103
TIC 292808103,292808103,103
TIC 292810104,292810104,103
TIC 292810978,292810978,103
TIC 293074915,293074915,103
TIC 293077990,293077990,103
TIC 293098868,293098868,103
TIC 293103214,293103214,103
TIC 293103236,293103236,103
TIC 293198297,293198297,103
TIC 293198790,293198790,103
TIC 293199062,293199062,103
TIC 293200735,293200735,103
TIC 293201764,293201764,103
TIC 293201783,293201783,103
TIC 293208492,293208492,103
TIC 293569260,293569260,103
TIC 293569262,293569262,103
TIC 293726551,293726551,103
TIC 294437848,294437848,103
TIC 294837371,294837371,103
TIC 294993587,294993587,103
TIC 295003265,295003265,103
TIC 295171747,295171747,103
TIC 295172399,295172399,103
TIC 295545990,295545990,103
TIC 295646244,295646244,103
TIC 295851322,295851322,103
TIC 295851329,295851329,103
TIC 295851844,295851844,103
TIC 295899637,295899637,103
TIC 295901750,295901750,103
TIC 295905052,295905052,103
TIC 295911223,295911223,103
TIC 295970515,295970515,103
TIC 296039638,296039638,103
TIC 296153049,296153049,103
TIC 296156194,296156194,103
TIC 296157230,296157230,103
TIC 296257225,296257225,103
TIC 296264014,296264014,103
TIC 296266160,296266160,103
TIC 296358389,296358389,103
TIC 296358634,296358634,103
TIC 296360657,296360657,103
TIC 296364876,296364876,103
TIC 296371175,296371175,103
TIC 296409456,296409456,103
TIC 296477819,296477819,103
TIC 296481762,296481762,103
TIC 296483317,296483317,103
TIC 296573854,296573854,103
TIC 296575127,296575127,103
TIC 296575213,296575213,103
TIC 296581321,296581321,103
TIC 296582851,296582851,103
TIC 296698030,296698030,103
TIC 296700769,296700769,103
TIC 296707566,296707566,103
TIC 297855749,297855749,103
TIC 297867175,297867175,103
TIC 298287134,298287134,103
TIC 298366741,298366741,103
TIC 298372701,298372701,103
TIC 298529027,298529027,103
TIC 298631538,298631538,103
TIC 298875806,298875806,103
TIC 299384647,299384647,103
TIC 299865053,299865053,103
TIC 300747671,300747671,103
TIC 301036163,301036163,103
TIC 301040555,301040555,103
TIC 301041824,301041824,103
TIC 301044287,301044287,103
TIC 301045623,301045623,103
TIC 301046182,301046182,103
TIC 301048970,301048970,103
TIC 301087756,301087756,103
TIC 301300512,301300512,103
TIC 301684899,301684899,103
TIC 303009036,303009036,103
TIC 303009878,303009878,103
TIC 303013329,303013329,103
TIC 303015196,303015196,103
TIC 303136029,303136029,103
TIC 303142114,303142114,103
TIC 303183711,303183711,103
TIC 303186771,303186771,103
TIC 303188383,303188383,103
TIC 303188683,303188683,103
TIC 303188775,303188775,103
TIC 303188837,303188837,103
TIC 303266320,303266320,103
TIC 303277487,303277487,103
TIC 303284647,303284647,103
TIC 303285872,303285872,103
TIC 303373299,303373299,103
TIC 303382543,303382543,103
TIC 303537034,303537034,103
TIC 303846392,303846392,103
TIC 303893895,303893895,103
TIC 303993393,303993393,103
TIC 303994283,303994283,103
TIC 304070492,304070492,103
TIC 304194775,304194775,103
TIC 304200727,304200727,103
TIC 304200978,304200978,103
TIC 304308206,304308206,103
TIC 304434929,304434929,103
TIC 304474109,304474109,103
TIC 304547858,304547858,103
TIC 304578646,304578646,103
TIC 304660632,304660632,103
TIC 304661869,304661869,103
TIC 304704169,304704169,103
TIC 304704850,304704850,103
TIC 304739545,304739545,103
TIC 304841724,304841724,103
TIC 304841847,304841847,103
TIC 304842023,304842023,103
TIC 304842507,304842507,103
TIC 304842802,304842802,103
TIC 304843180,304843180,103
TIC 304903784,304903784,103
TIC 304904038,304904038,103
TIC 304904212,304904212,103
TIC 304905331,304905331,103
TIC 304905381,304905381,103
TIC 305020542,305020542,103
TIC 305080407,305080407,103
TIC 305270191,305270191,103
TIC 307145647,307145647,103
TIC 307150122,307150122,103
TIC 307316752,307316752,103
TIC 307317085,307317085,103
TIC 307424586,307424586,103
TIC 307425683,307425683,103
TIC 307427470,307427470,103
TIC 307432151,307432151,103
TIC 307527575,307527575,103
TIC 307528798,307528798,103
TIC 307529116,307529116,103
TIC 307531772,307531772,103
TIC 307532668,307532668,103
TIC 307533687,307533687,103
TIC 307535780,307535780,103
TIC 307610438,307610438,103
TIC 309208839,309208839,103
TIC 309321738,309321738,103
TIC 309321971,309321971,103
TIC 309348946,309348946,103
TIC 310057010,310057010,103
TIC 312958052,312958052,103
TIC 313058912,313058912,103
TIC 313065268,313065268,103
TIC 313439737,313439737,103
TIC 313583604,313583604,103
TIC 313653720,313653720,103
TIC 314414686,314414686,103
TIC 314694713,314694713,103
TIC 314694763,314694763,103
TIC 314704375,314704375,103
TIC 315212975,315212975,103
TIC 315677207,315677207,103
TIC 316015087,316015087,103
TIC 316021036,316021036,103
TIC 316201175,316201175,103
TIC 316535872,316535872,103
TIC 316540793,316540793,103
TIC 316542812,316542812,103
TIC 316550949,316550949,103
TIC 316830421,316830421,103
TIC 317906231,317906231,103
TIC 317911133,317911133,103
TIC 318026636,318026636,103
TIC 318027145,318027145,103
TIC 318027415,318027415,103
TIC 318030913,318030913,103
TIC 318030915,318030915,103
TIC 318035342,318035342,103
TIC 318141346,318141346,103
TIC 318141352,318141352,103
TIC 318149124,318149124,103
TIC 318249304,318249304,103
TIC 318249308,318249308,103
TIC 319565040,319565040,103
TIC 319605727,319605727,103
TIC 319675703,319675703,103
TIC 319675708,319675708,103
TIC 319741248,319741248,103
TIC 319767709,319767709,103
TIC 320052482,320052482,103
TIC 320172214,320172214,103
TIC 320484212,320484212,103
TIC 320784708,320784708,103
TIC 321908941,321908941,103
TIC 321980124,321980124,103
TIC 322010100,322010100,103
TIC 322048389,322048389,103
TIC 322048390,322048390,103
TIC 322065807,322065807,103
TIC 323800343,323800343,103
TIC 323804933,323804933,103
TIC 324204807,324204807,103
TIC 324437240,324437240,103
TIC 324620466,324620466,103
TIC 325275978,325275978,103
TIC 325387135,325387135,103
TIC 325388104,325388104,103
TIC 325709821,325709821,103
TIC 326512158,326512158,103
TIC 326516473,326516473,103
TIC 326520967,326520967,103
TIC 326521429,326521429,103
TIC 326594515,326594515,103
TIC 326691890,326691890,103
TIC 326691903,326691903,103
TIC 327724445,327724445,103
TIC 328027864,328027864,103
TIC 333643720,333643720,103
TIC 333646797,333646797,103
TIC 333646803,333646803,103
TIC 333651439,333651439,103
TIC 333653210,333653210,103
TIC 333738276,333738276,103
TIC 333747587,333747587,103
TIC 333840387,333840387,103
TIC 333845329,333845329,103
TIC 333952685,333952685,103
TIC 334040881,334040881,103
TIC 334041309,334041309,103
TIC 334129021,334129021,103
TIC 334129050,334129050,103
TIC 334235592,334235592,103
TIC 334313920,334313920,103
TIC 334323601,334323601,103
TIC 334325173,334325173,103
TIC 334425144,334425144,103
TIC 334426540,334426540,103
TIC 334429114,334429114,103
TIC 334524328,334524328,103
TIC 334528656,334528656,103
TIC 334645970,334645970,103
TIC 334740810,334740810,103
TIC 334740889,334740889,103
TIC 334749032,334749032,103
TIC 334835218,334835218,103
TIC 334835256,334835256,103
TIC 334838280,334838280,103
TIC 334838312,334838312,103
TIC 334843055,334843055,103
TIC 334966230,334966230,103
TIC 335012312,335012312,103
TIC 335013198,335013198,103
TIC 335016453,335016453,103
TIC 335021946,335021946,103
TIC 335147504,335147504,103
TIC 335150213,335150213,103
TIC 335207180,335207180,103
TIC 335243795,335243795,103
TIC 335247728,335247728,103
TIC 335249394,335249394,103
TIC 335253354,335253354,103
TIC 335312761,335312761,103
TIC 335313096,335313096,103
TIC 335441087,335441087,103
TIC 335441138,335441138,103
TIC 335442201,335442201,103
TIC 335443103,335443103,103
TIC 335443122,335443122,103
TIC 335445617,335445617,103
TIC 335448150,335448150,103
TIC 335533691,335533691,103
TIC 335537527,335537527,103
TIC 335539047,335539047,103
TIC 335642162,335642162,103
TIC 335642520,335642520,103
TIC 335643395,335643395,103
TIC 335643454,335643454,103
TIC 335643748,335643748,103
TIC 336300547,336300547,103
TIC 336302604,336302604,103
TIC 336967693,336967693,103
TIC 337116211,337116211,103
TIC 337119799,337119799,103
TIC 337190387,337190387,103
TIC 337346017,337346017,103
TIC 337438474,337438474,103
TIC 337684485,337684485,103
TIC 337793038,337793038,103
TIC 337793343,337793343,103
TIC 337799477,337799477,103
TIC 337802356,337802356,103
TIC 337954429,337954429,103
TIC 338076591,338076591,103
TIC 338637736,338637736,103
TIC 338637985,338637985,103
TIC 338732723,338732723,103
TIC 338733059,338733059,103
TIC 338738013,338738013,103
TIC 338738759,338738759,103
TIC 338738989,338738989,103
TIC 338742411,338742411,103
TIC 338855427,338855427,103
TIC 339210119,339210119,103
TIC 339544223,339544223,103
TIC 339559354,339559354,103
TIC 339561272,339561272,103
TIC 339564551,339564551,103
TIC 339565205,339565205,103
TIC 339565265,339565265,103
TIC 339565401,339565401,103
TIC 339565976,339565976,103
TIC 339567191,339567191,103
TIC 339567904,339567904,103
TIC 339568059,339568059,103
TIC 339568187,339568187,103
TIC 339568213,339568213,103
TIC 339568270,339568270,103
TIC 339570153,339570153,103
TIC 339570192,339570192,103
TIC 339570292,339570292,103
TIC 339605240,339605240,103
TIC 339662741,339662741,103
TIC 339680203,339680203,103
TIC 339685653,339685653,103
TIC 339686338,339686338,103
TIC 339689640,339689640,103
TIC 340406940,340406940,103
TIC 340410584,340410584,103
TIC 340410923,340410923,103
TIC 340411624,340411624,103
TIC 340411626,340411626,103
TIC 340502494,340502494,103
TIC 340517455,340517455,103
TIC 341258182,341258182,103
TIC 341261114,341261114,103
TIC 341262179,341262179,103
TIC 341262644,341262644,103
TIC 341364194,341364194,103
TIC 341398709,341398709,103
TIC 341504829,341504829,103
TIC 341506972,341506972,103
TIC 341512659,341512659,103
TIC 341516367,341516367,103
TIC 342393836,342393836,103
TIC 343284322,343284322,103
TIC 343295188,343295188,103
TIC 343296253,343296253,103
TIC 343387665,343387665,103
TIC 343580483,343580483,103
TIC 343600375,343600375,103
TIC 343717879,343717879,103
TIC 343757262,343757262,103
TIC 343760973,343760973,103
TIC 343764345,343764345,103
TIC 343834097,343834097,103
TIC 343835385,343835385,103
TIC 343885582,343885582,103
TIC 343893281,343893281,103
TIC 343895532,343895532,103
TIC 343947123,343947123,103
TIC 343998593,343998593,103
TIC 344000052,344000052,103
TIC 344169211,344169211,103
TIC 344248533,344248533,103
TIC 344341901,344341901,103
TIC 344478439,344478439,103
TIC 344918332,344918332,103
TIC 345083618,345083618,103
TIC 345230643,345230643,103
TIC 345231569,345231569,103
TIC 346270441,346270441,103
TIC 346391113,346391113,103
TIC 346392830,346392830,103
TIC 346528615,346528615,103
TIC 346692265,346692265,103
TIC 346726092,346726092,103
TIC 346821476,346821476,103
TIC 346829970,346829970,103
TIC 347378183,347378183,103
TIC 347520615,347520615,103
TIC 347665026,347665026,103
TIC 347773211,347773211,103
TIC 347894234,347894234,103
TIC 347896340,347896340,103
TIC 347901599,347901599,103
TIC 348334512,348334512,103
TIC 348340304,348340304,103
TIC 348454357,348454357,103
TIC 348555861,348555861,103
TIC 348555880,348555880,103
TIC 348700562,348700562,103
TIC 348853827,348853827,103
TIC 348976214,348976214,103
TIC 348985395,348985395,103
TIC 349145192,349145192,103
TIC 349237367,349237367,103
TIC 349430224,349430224,103
TIC 349891396,349891396,103
TIC 349897131,349897131,103
TIC 350040961,350040961,103
TIC 350273489,350273489,103
TIC 350279362,350279362,103
TIC 350356506,350356506,103
TIC 350361009,350361009,103
TIC 350659216,350659216,103
TIC 350662774,350662774,103
TIC 350673196,350673196,103
TIC 350673608,350673608,103
TIC 350674208,350674208,103
TIC 350768519,350768519,103
TIC 350776063,350776063,103
TIC 350864828,350864828,103
TIC 350867628,350867628,103
TIC 350869718,350869718,103
TIC 350973996,350973996,103
TIC 350974002,350974002,103
TIC 350977908,350977908,103
TIC 350980374,350980374,103
TIC 351100469,351100469,103
TIC 351106090,351106090,103
TIC 351106671,351106671,103
TIC 351110219,351110219,103
TIC 351132094,351132094,103
TIC 351213658,351213658,103
TIC 351215927,351215927,103
TIC 351217161,351217161,103
TIC 351347251,351347251,103
TIC 351396048,351396048,103
TIC 351421560,351421560,103
TIC 351423719,351423719,103
TIC 351428066,351428066,103
TIC 351428110,351428110,103
TIC 351428181,351428181,103
TIC 351518187,351518187,103
TIC 351521478,351521478,103
TIC 351521484,351521484,103
TIC 351619257,351619257,103
TIC 351808240,351808240,103
TIC 352005240,352005240,103
TIC 352060224,352060224,103
TIC 352061699,352061699,103
TIC 352063566,352063566,103
TIC 352067128,352067128,103
TIC 352162554,352162554,103
TIC 352165550,352165550,103
TIC 352289822,352289822,103
TIC 352291795,352291795,103
TIC 352352778,352352778,103
TIC 352567256,352567256,103
TIC 354606680,354606680,103
TIC 354606681,354606681,103
TIC 354944129,354944129,103
TIC 355425649,355425649,103
TIC 355478453,355478453,103
TIC 355638061,355638061,103
TIC 355706079,355706079,103
TIC 360229898,360229898,103
TIC 360318045,360318045,103
TIC 360323842,360323842,103
TIC 360391408,360391408,103
TIC 360464126,360464126,103
TIC 360562146,360562146,103
TIC 360571125,360571125,103
TIC 360606292,360606292,103
TIC 360680687,360680687,103
TIC 360680688,360680688,103
TIC 360680706,360680706,103
TIC 360687884,360687884,103
TIC 360741569,360741569,103
TIC 360958079,360958079,103
TIC 361021569,361021569,103
TIC 361169323,361169323,103
TIC 361713004,361713004,103
TIC 361968769,361968769,103
TIC 362351038,362351038,103
TIC 362354323,362354323,103
TIC 362355478,362355478,103
TIC 362357551,362357551,103
TIC 362584805,362584805,103
TIC 362653647,362653647,103
TIC 362656996,362656996,103
TIC 362661163,362661163,103
TIC 362712452,362712452,103
TIC 362731673,362731673,103
TIC 362733392,362733392,103
TIC 362953060,362953060,103
TIC 363014577,363014577,103
TIC 363120141,363120141,103
TIC 363128716,363128716,103
TIC 363221678,363221678,103
TIC 363225389,363225389,103
TIC 363267807,363267807,103
TIC 363370095,363370095,103
TIC 363376897,363376897,103
TIC 363404600,363404600,103
TIC 363406480,363406480,103
TIC 363407524,363407524,103
TIC 363446924,363446924,103
TIC 363453509,363453509,103
TIC 363596567,363596567,103
TIC 363615710,363615710,103
TIC 363706224,363706224,103
TIC 363714441,363714441,103
TIC 363716787,363716787,103
TIC 363749860,363749860,103
TIC 363782768,363782768,103
TIC 363782810,363782810,103
TIC 363934182,363934182,103
TIC 364013683,364013683,103
TIC 364014584,364014584,103
TIC 364071809,364071809,103
TIC 364071860,364071860,103
TIC 364072092,364072092,103
TIC 364113493,364113493,103
TIC 364114408,364114408,103
TIC 364135728,364135728,103
TIC 364155478,364155478,103
TIC 364198802,364198802,103
TIC 364200072,364200072,103
TIC 364200513,364200513,103
TIC 364200608,364200608,103
TIC 364203272,364203272,103
TIC 364279976,364279976,103
TIC 364280158,364280158,103
TIC 364283770,364283770,103
TIC 364286806,364286806,103
TIC 364290663,364290663,103
TIC 364290980,364290980,103
TIC 364354659,364354659,103
TIC 364361425,364361425,103
TIC 364368528,364368528,103
TIC 364431227,364431227,103
TIC 364431259,364431259,103
TIC 364439312,364439312,103
TIC 364481634,364481634,103
TIC 364491155,364491155,103
TIC 364523302,364523302,103
TIC 364549823,364549823,103
TIC 364554956,364554956,103
TIC 364555515,364555515,103
TIC 364625701,364625701,103
TIC 364649459,364649459,103
TIC 364650989,364650989,103
TIC 364705626,364705626,103
TIC 364707624,364707624,103
TIC 364945536,364945536,103
TIC 364948404,364948404,103
TIC 365086472,365086472,103
TIC 365327745,365327745,103
TIC 365913838,365913838,103
TIC 365916180,365916180,103
TIC 366000576,366000576,103
TIC 366055905,366055905,103
TIC 366099542,366099542,103
TIC 366173574,366173574,103
TIC 366176271,366176271,103
TIC 366182665,366182665,103
TIC 366248142,366248142,103
TIC 366953949,366953949,103
TIC 366956234,366956234,103
TIC 366957316,366957316,103
TIC 367137325,367137325,103
TIC 367226739,367226739,103
TIC 367227831,367227831,103
TIC 367227859,367227859,103
TIC 367376441,367376441,103
TIC 367478595,367478595,103
TIC 367479174,367479174,103
TIC 367573078,367573078,103
TIC 367573120,367573120,103
TIC 367576191,367576191,103
TIC 367660534,367660534,103
TIC 367747081,367747081,103
TIC 367751478,367751478,103
TIC 367828264,367828264,103
TIC 367899500,367899500,103
TIC 367900542,367900542,103
TIC 368652411,368652411,103
TIC 368766637,368766637,103
TIC 368773721,368773721,103
TIC 368859771,368859771,103
TIC 368938773,368938773,103
TIC 369027156,369027156,103
TIC 369235070,369235070,103
TIC 369271251,369271251,103
TIC 369345064,369345064,103
TIC 369602565,369602565,103
TIC 369604208,369604208,103
TIC 369978128,369978128,103
TIC 370134610,370134610,103
TIC 370476985,370476985,103
TIC 370865767,370865767,103
TIC 370964274,370964274,103
TIC 371877537,371877537,103
TIC 371950278,371950278,103
TIC 371950279,371950279,103
TIC 372106138,372106138,103
TIC 372361260,372361260,103
TIC 372362263,372362263,103
TIC 372442179,372442179,103
TIC 372674359,372674359,103
TIC 372875868,372875868,103
TIC 372880279,372880279,103
TIC 372986828,372986828,103
TIC 372987176,372987176,103
TIC 374447935,374447935,103
TIC 374449129,374449129,103
TIC 374456194,374456194,103
TIC 374456626,374456626,103
TIC 374457027,374457027,103
TIC 374457616,374457616,103
TIC 374457709,374457709,103
TIC 374457798,374457798,103
TIC 374458112,374458112,103
TIC 374459511,374459511,103
TIC 374460532,374460532,103
TIC 374542527,374542527,103
TIC 374637434,374637434,103
TIC 374638121,374638121,103
TIC 374643827,374643827,103
TIC 374643887,374643887,103
TIC 374644615,374644615,103
TIC 374644882,374644882,103
TIC 374648559,374648559,103
TIC 374648563,374648563,103
TIC 374649926,374649926,103
TIC 374650546,374650546,103
TIC 374716349,374716349,103
TIC 374723477,374723477,103
TIC 374724566,374724566,103
TIC 374729707,374729707,103
TIC 374812092,374812092,103
TIC 374812449,374812449,103
TIC 374812707,374812707,103
TIC 374813007,374813007,103
TIC 374813125,374813125,103
TIC 374813188,374813188,103
TIC 374813201,374813201,103
TIC 374813204,374813204,103
TIC 374813230,374813230,103
TIC 374813240,374813240,103
TIC 374813257,374813257,103
TIC 374813341,374813341,103
TIC 374813390,374813390,103
TIC 374815873,374815873,103
TIC 374820240,374820240,103
TIC 374823554,374823554,103
TIC 374824745,374824745,103
TIC 379235625,379235625,103
TIC 379236112,379236112,103
TIC 379236113,379236113,103
TIC 379238776,379238776,103
TIC 379292360,379292360,103
TIC 379292909,379292909,103
TIC 379293421,379293421,103
TIC 379293506,379293506,103
TIC 379352188,379352188,103
TIC 379352979,379352979,103
TIC 379403134,379403134,103
TIC 379403507,379403507,103
TIC 379403509,379403509,103
TIC 379404870,379404870,103
TIC 379463274,379463274,103
TIC 379467606,379467606,103
TIC 379470448,379470448,103
TIC 379508012,379508012,103
TIC 379806009,379806009,103
TIC 379806863,379806863,103
TIC 379809500,379809500,103
TIC 380075895,380075895,103
TIC 380079216,380079216,103
TIC 380083410,380083410,103
TIC 380245322,380245322,103
TIC 380865596,380865596,103
TIC 380865605,380865605,103
TIC 380869584,380869584,103
TIC 380870688,380870688,103
TIC 380874585,380874585,103
TIC 380978967,380978967,103
TIC 381093768,381093768,103
TIC 381294471,381294471,103
TIC 381352723,381352723,103
TIC 381441323,381441323,103
TIC 381448973,381448973,103
TIC 381468938,381468938,103
TIC 381469569,381469569,103
TIC 381472020,381472020,103
TIC 381715559,381715559,103
TIC 381715567,381715567,103
TIC 381718221,381718221,103
TIC 381789320,381789320,103
TIC 381920488,381920488,103
TIC 382018068,382018068,103
TIC 382022151,382022151,103
TIC 382024226,382024226,103
TIC 382133224,382133224,103
TIC 382364656,382364656,103
TIC 382386306,382386306,103
TIC 382463935,382463935,103
TIC 382467257,382467257,103
TIC 382471734,382471734,103
TIC 382524045,382524045,103
TIC 382543452,382543452,103
TIC 382544666,382544666,103
TIC 382545619,382545619,103
TIC 382548592,382548592,103
TIC 382549695,382549695,103
TIC 382643945,382643945,103
TIC 382644857,382644857,103
TIC 382646817,382646817,103
TIC 382647420,382647420,103
TIC 382700651,382700651,103
TIC 382700798,382700798,103
TIC 382701193,382701193,103
TIC 382701330,382701330,103
TIC 382702295,382702295,103
TIC 382702305,382702305,103
TIC 382702803,382702803,103
TIC 382703555,382703555,103
TIC 382723268,382723268,103
TIC 382791305,382791305,103
TIC 382794993,382794993,103
TIC 382798297,382798297,103
TIC 382798395,382798395,103
TIC 382798933,382798933,103
TIC 382799264,382799264,103
TIC 382799779,382799779,103
TIC 382799942,382799942,103
TIC 382870216,382870216,103
TIC 382929044,382929044,103
TIC 383029503,383029503,103
TIC 383046553,383046553,103
TIC 383631606,383631606,103
TIC 383632999,383632999,103
TIC 383637106,383637106,103
TIC 383700795,383700795,103
TIC 383823400,383823400,103
TIC 383823903,383823903,103
TIC 383854713,383854713,103
TIC 386875023,386875023,103
TIC 386875330,386875330,103
TIC 386875337,386875337,103
TIC 386878098,386878098,103
TIC 386879115,386879115,103
TIC 386941443,386941443,103
TIC 386943102,386943102,103
TIC 386943436,386943436,103
TIC 386944258,386944258,103
TIC 386950125,386950125,103
TIC 386950844,386950844,103
TIC 388822318,388822318,103
TIC 388826348,388826348,103
TIC 388830495,388830495,103
TIC 388833092,388833092,103
TIC 389021076,389021076,103
TIC 389574979,389574979,103
TIC 389739083,389739083,103
TIC 389739465,389739465,103
TIC 389740569,389740569,103
TIC 390143543,390143543,103
TIC 390148672,390148672,103
TIC 390216980,390216980,103
TIC 390299123,390299123,103
TIC 390302720,390302720,103
TIC 390302914,390302914,103
TIC 394004604,394004604,103
TIC 394048591,394048591,103
TIC 394086285,394086285,103
TIC 394125697,394125697,103
TIC 394127006,394127006,103
TIC 394134586,394134586,103
TIC 394136141,394136141,103
TIC 394137288,394137288,103
TIC 394137289,394137289,103
TIC 394137792,394137792,103
TIC 394416414,394416414,103
TIC 394480614,394480614,103
TIC 394484410,394484410,103
TIC 394518152,394518152,103
TIC 394584749,394584749,103
TIC 396119752,396119752,103
TIC 396168077,396168077,103
TIC 396213492,396213492,103
TIC 396903513,396903513,103
TIC 396971476,396971476,103
TIC 397030274,397030274,103
TIC 397030925,397030925,103
TIC 397039557,397039557,103
TIC 397109148,397109148,103
TIC 397112646,397112646,103
TIC 397711998,397711998,103
TIC 397712476,397712476,103
TIC 397712527,397712527,103
TIC 397715275,397715275,103
TIC 397805956,397805956,103
TIC 397809886,397809886,103
TIC 397813310,397813310,103
TIC 397820078,397820078,103
TIC 397821668,397821668,103
TIC 398382853,398382853,103
TIC 401623183,401623183,103
TIC 401867045,401867045,103
TIC 402026818,402026818,103
TIC 403051854,403051854,103
TIC 403150275,403150275,103
TIC 403288445,403288445,103
TIC 404192558,404192558,103
TIC 404777477,404777477,103
TIC 406275161,406275161,103
TIC 407581393,407581393,103
TIC 407729277,407729277,103
TIC 407924537,407924537,103
TIC 409590182,409590182,103
TIC 409642524,409642524,103
TIC 409643004,409643004,103
TIC 409644717,409644717,103
TIC 409644971,409644971,103
TIC 409695753,409695753,103
TIC 409844253,409844253,103
TIC 409911156,409911156,103
TIC 410037872,410037872,103
TIC 410114045,410114045,103
TIC 410119064,410119064,103
TIC 410150587,410150587,103
TIC 410151993,410151993,103
TIC 410152619,410152619,103
TIC 410155200,410155200,103
TIC 410213494,410213494,103
TIC 410278487,410278487,103
TIC 410278897,410278897,103
TIC 410605679,410605679,103
TIC 410763860,410763860,103
TIC 410857373,410857373,103
TIC 410857386,410857386,103
TIC 410860275,410860275,103
TIC 410935161,410935161,103
TIC 411190634,411190634,103
TIC 411204873,411204873,103
TIC 411280902,411280902,103
TIC 411281532,411281532,103
TIC 411376662,411376662,103
TIC 411380080,411380080,103
TIC 411380946,411380946,103
TIC 411381210,411381210,103
TIC 411391841,411391841,103
TIC 411762082,411762082,103
TIC 411956826,411956826,103
TIC 412314166,412314166,103
TIC 412409591,412409591,103
TIC 412463194,412463194,103
TIC 412468074,412468074,103
TIC 412475963,412475963,103
TIC 412530886,412530886,103
TIC 412539031,412539031,103
TIC 412556742,412556742,103
TIC 412556867,412556867,103
TIC 412559619,412559619,103
TIC 412566009,412566009,103
TIC 412569474,412569474,103
TIC 412661382,412661382,103
TIC 412663973,412663973,103
TIC 412665632,412665632,103
TIC 412724758,412724758,103
TIC 412825055,412825055,103
TIC 412825178,412825178,103
TIC 412828754,412828754,103
TIC 413145172,413145172,103
TIC 413154111,413154111,103
TIC 413693728,413693728,103
TIC 413693742,413693742,103
TIC 413979024,413979024,103
TIC 414442108,414442108,103
TIC 419611702,419611702,103
TIC 420487709,420487709,103
TIC 421063214,421063214,103
TIC 421219387,421219387,103
TIC 421220885,421220885,103
TIC 421279374,421279374,103
TIC 421285598,421285598,103
TIC 422000468,422000468,103
TIC 422695925,422695925,103
TIC 423023723,423023723,103
TIC 423407817,423407817,103
TIC 423673189,423673189,103
TIC 423719013,423719013,103
TIC 423719120,423719120,103
TIC 423768054,423768054,103
TIC 424124628,424124628,103
TIC 424421809,424421809,103
TIC 424622663,424622663,103
TIC 424705808,424705808,103
TIC 425951405,425951405,103
TIC 425975615,425975615,103
TIC 428576085,428576085,103
TIC 428589945,428589945,103
TIC 428845890,428845890,103
TIC 442549473,442549473,103
TIC 442549837,442549837,103
TIC 442549866,442549866,103
TIC 442565703,442565703,103
TIC 442583304,442583304,103
TIC 442584856,442584856,103
TIC 442586321,442586321,103
TIC 442586515,442586515,103
TIC 442623007,442623007,103
TIC 442623945,442623945,103
TIC 442624259,442624259,103
TIC 442624339,442624339,103
TIC 442642949,442642949,103
TIC 442644431,442644431,103
TIC 442645915,442645915,103
TIC 442645940,442645940,103
TIC 442646380,442646380,103
TIC 442651217,442651217,103
TIC 442652828,442652828,103
TIC 442684981,442684981,103
TIC 442689368,442689368,103
TIC 442691186,442691186,103
TIC 442692020,442692020,103
TIC 442693472,442693472,103
TIC 442730900,442730900,103
TIC 442733304,442733304,103
TIC 442735266,442735266,103
TIC 442815952,442815952,103
TIC 442818479,442818479,103
TIC 442820343,442820343,103
TIC 442824058,442824058,103
TIC 442828160,442828160,103
TIC 442829057,442829057,103
TIC 442829075,442829075,103
TIC 442829369,442829369,103
TIC 442862416,442862416,103
TIC 442863332,442863332,103
TIC 442867787,442867787,103
TIC 442868028,442868028,103
TIC 446549905,446549905,103
TIC 447158983,447158983,103
TIC 447269302,447269302,103
TIC 447459463,447459463,103
TIC 447510104,447510104,103
TIC 447513674,447513674,103
TIC 447565173,447565173,103
TIC 447568012,447568012,103
TIC 447624833,447624833,103
TIC 447626007,447626007,103
TIC 447657788,447657788,103
TIC 447661089,447661089,103
TIC 447785477,447785477,103
TIC 451372040,451372040,103
TIC 451372580,451372580,103
TIC 455306472,455306472,103
TIC 455316927,455316927,103
TIC 455345084,455345084,103
TIC 455346564,455346564,103
TIC 455348997,455348997,103
TIC 455352558,455352558,103
TIC 455381795,455381795,103
TIC 455385852,455385852,103
TIC 455388632,455388632,103
TIC 455389502,455389502,103
TIC 455391560,455391560,103
TIC 455393800,455393800,103
TIC 455418602,455418602,103
TIC 455439251,455439251,103
TIC 455472568,455472568,103
TIC 455473070,455473070,103
TIC 456361408,456361408,103
TIC 456489346,456489346,103
TIC 456522594,456522594,103
TIC 456534295,456534295,103
TIC 456536082,456536082,103
TIC 456556583,456556583,103
TIC 456557314,456557314,103
TIC 456563002,456563002,103
TIC 456571118,456571118,103
TIC 456571272,456571272,103
TIC 456571877,456571877,103
TIC 456573474,456573474,103
TIC 456594518,456594518,103
TIC 456610411,456610411,103
TIC 456610695,456610695,103
TIC 456611043,456611043,103
TIC 456611662,456611662,103
TIC 456611757,456611757,103
TIC 456611858,456611858,103
TIC 456612090,456612090,103
TIC 456622734,456622734,103
TIC 457993773,457993773,103
TIC 457994085,457994085,103
TIC 457994124,457994124,103
TIC 457994135,457994135,103
TIC 457994184,457994184,103
TIC 457994192,457994192,103
TIC 457994195,457994195,103
TIC 457994229,457994229,103
TIC 457994247,457994247,103
TIC 457994453,457994453,103
TIC 457994950,457994950,103
TIC 457995095,457995095,103
TIC 457995371,457995371,103
TIC 457995946,457995946,103
TIC 457996506,457996506,103
TIC 458027465,458027465,103
TIC 458058639,458058639,103
TIC 458059185,458059185,103
TIC 458060904,458060904,103
TIC 458063973,458063973,103
TIC 458083211,458083211,103
TIC 458097807,458097807,103
TIC 458177065,458177065,103
TIC 458178835,458178835,103
TIC 458180471,458180471,103
TIC 458184934,458184934,103
TIC 458203191,458203191,103
TIC 458209560,458209560,103
TIC 458245185,458245185,103
TIC 458246279,458246279,103
TIC 458281237,458281237,103
TIC 458290992,458290992,103
TIC 458291298,458291298,103
TIC 460189607,460189607,103
TIC 460191832,460191832,103
TIC 460193522,460193522,103
TIC 460318454,460318454,103
TIC 461307977,461307977,103
TIC 461307978,461307978,103
TIC 461671523,461671523,103
TIC 461682272,461682272,103
TIC 461683405,461683405,103
TIC 461685295,461685295,103
TIC 461685925,461685925,103
TIC 461691286,461691286,103
TIC 461691290,461691290,103
TIC 461779625,461779625,103
TIC 461782701,461782701,103
TIC 461784480,461784480,103
TIC 461785745,461785745,103
TIC 461785786,461785786,103
TIC 461952672,461952672,103
TIC 462041919,462041919,103
TIC 462043223,462043223,103
TIC 462043648,462043648,103
TIC 462044648,462044648,103
TIC 462047117,462047117,103
TIC 462072508,462072508,103
TIC 462073168,462073168,103
TIC 462076391,462076391,103
TIC 462077246,462077246,103
TIC 462077825,462077825,103
TIC 462080292,462080292,103
TIC 462082348,462082348,103
TIC 462083149,462083149,103
TIC 462083435,462083435,103
TIC 462105760,462105760,103
TIC 462110941,462110941,103
TIC 462136008,462136008,103
TIC 462138369,462138369,103
TIC 462145564,462145564,103
TIC 462145835,462145835,103
TIC 462146751,462146751,103
TIC 462147302,462147302,103
TIC 462148256,462148256,103
TIC 462148528,462148528,103
TIC 462148571,462148571,103
TIC 464273379,464273379,103
TIC 464277375,464277375,103
TIC 464379331,464379331,103
TIC 464381549,464381549,103
TIC 464382633,464382633,103
TIC 464413709,464413709,103
TIC 464520188,464520188,103
TIC 464685711,464685711,103
TIC 464717355,464717355,103
TIC 464765603,464765603,103
TIC 464768317,464768317,103
TIC 464785733,464785733,103
TIC 464796271,464796271,103
TIC 464819147,464819147,103
TIC 464861251,464861251,103
TIC 464864189,464864189,103
TIC 464864395,464864395,103
TIC 464920309,464920309,103
TIC 464948075,464948075,103
TIC 466157837,466157837,103
TIC 466201150,466201150,103
TIC 466270153,466270153,103
TIC 466680206,466680206,103
TIC 469826065,469826065,103
TIC 469883176,469883176,103
TIC 469906108,469906108,103
TIC 506387218,506387218,103
TIC 609891450,609891450,103
TIC 609892081,609892081,103
TIC 609892697,609892697,103
TIC 609893361,609893361,103
TIC 609893605,609893605,103
TIC 609894184,609894184,103
TIC 609895599,609895599,103
TIC 609895976,609895976,103
TIC 609897293,609897293,103
TIC 609899545,609899545,103
TIC 609900331,609900331,103
TIC 609901002,609901002,103
TIC 609902129,609902129,103
TIC 609906168,609906168,103
TIC 609906576,609906576,103
TIC 609908313,609908313,103
TIC 609914398,609914398,103
TIC 609915301,609915301,103
TIC 609919001,609919001,103
TIC 615255879,615255879,103
TIC 615256095,615256095,103
TIC 615256471,615256471,103
TIC 615631467,615631467,103
TIC 615632199,615632199,103
TIC 615632708,615632708,103
TIC 615654105,615654105,103
TIC 615654732,615654732,103
TIC 615658238,615658238,103
TIC 615668518,615668518,103
TIC 615670070,615670070,103
TIC 615671853,615671853,103
TIC 615677425,615677425,103
TIC 615690142,615690142,103
TIC 615695951,615695951,103
TIC 615697218,615697218,103
TIC 615697523,615697523,103
TIC 615730566,615730566,103
TIC 615755777,615755777,103
TIC 615758201,615758201,103
TIC 615775126,615775126,103
TIC 615780395,615780395,103
TIC 615785190,615785190,103
TIC 615786339,615786339,103
TIC 615787392,615787392,103
TIC 615787518,615787518,103
TIC 615794802,615794802,103
TIC 615797904,615797904,103
TIC 615801800,615801800,103
TIC 615805500,615805500,103
TIC 615811390,615811390,103
TIC 615815584,615815584,103
TIC 615820916,615820916,103
TIC 615820998,615820998,103
TIC 615825911,615825911,103
TIC 615829475,615829475,103
TIC 615830893,615830893,103
TIC 615831057,615831057,103
TIC 615839731,615839731,103
TIC 615850864,615850864,103
TIC 615852858,615852858,103
TIC 615852918,615852918,103
TIC 615858463,615858463,103
TIC 615881293,615881293,103
TIC 615884358,615884358,103
TIC 615889565,615889565,103
TIC 615892230,615892230,103
TIC 615893369,615893369,103
TIC 615900984,615900984,103
TIC 615902632,615902632,103
TIC 615902966,615902966,103
TIC 615903293,615903293,103
TIC 615903610,615903610,103
TIC 615906400,615906400,103
TIC 615912826,615912826,103
TIC 615955437,615955437,103
TIC 615957558,615957558,103
TIC 615957920,615957920,103
TIC 615959122,615959122,103
TIC 615959770,615959770,103
TIC 615961534,615961534,103
TIC 615964195,615964195,103
TIC 615964414,615964414,103
TIC 615970767,615970767,103
TIC 615971541,615971541,103
TIC 615975893,615975893,103
TIC 615982542,615982542,103
TIC 615983734,615983734,103
TIC 615983991,615983991,103
TIC 615991515,615991515,103
TIC 615994725,615994725,103
TIC 615998633,615998633,103
TIC 615998761,615998761,103
TIC 616004024,616004024,103
TIC 616005323,616005323,103
TIC 616007683,616007683,103
TIC 616016107,616016107,103
TIC 616019549,616019549,103
TIC 616019697,616019697,103
TIC 616070653,616070653,103
TIC 616070827,616070827,103
TIC 616070946,616070946,103
TIC 616072726,616072726,103
TIC 616078428,616078428,103
TIC 616081073,616081073,103
TIC 616085762,616085762,103
TIC 616086520,616086520,103
TIC 616086717,616086717,103
TIC 616088182,616088182,103
TIC 616089184,616089184,103
TIC 616089403,616089403,103
TIC 616090570,616090570,103
TIC 616106205,616106205,103
TIC 616107499,616107499,103
TIC 616114787,616114787,103
TIC 616116901,616116901,103
TIC 616118094,616118094,103
TIC 616119496,616119496,103
TIC 616119575,616119575,103
TIC 616121037,616121037,103
TIC 616124331,616124331,103
TIC 616124484,616124484,103
TIC 616126091,616126091,103
TIC 616129501,616129501,103
TIC 616131304,616131304,103
TIC 616133280,616133280,103
TIC 616136133,616136133,103
TIC 616137421,616137421,103
TIC 616138674,616138674,103
TIC 616141080,616141080,103
TIC 616141763,616141763,103
TIC 616144163,616144163,103
TIC 616144508,616144508,103
TIC 616147541,616147541,103
TIC 616147878,616147878,103
TIC 616147994,616147994,103
TIC 616149737,616149737,103
TIC 616151270,616151270,103
TIC 616151788,616151788,103
TIC 616152495,616152495,103
TIC 616153026,616153026,103
TIC 616158285,616158285,103
TIC 616159947,616159947,103
TIC 616161107,616161107,103
TIC 616164345,616164345,103
TIC 616165329,616165329,103
TIC 616165470,616165470,103
TIC 616170829,616170829,103
TIC 616175195,616175195,103
TIC 616175848,616175848,103
TIC 616177151,616177151,103
TIC 616180463,616180463,103
TIC 616180698,616180698,103
TIC 616181144,616181144,103
TIC 616181492,616181492,103
TIC 616183070,616183070,103
TIC 616183450,616183450,103
TIC 616185502,616185502,103
TIC 616186145,616186145,103
TIC 616186741,616186741,103
TIC 616188079,616188079,103
TIC 616188442,616188442,103
TIC 616188881,616188881,103
TIC 616189557,616189557,103
TIC 616190751,616190751,103
TIC 616192297,616192297,103
TIC 616193303,616193303,103
TIC 616193965,616193965,103
TIC 616194086,616194086,103
TIC 616194431,616194431,103
TIC 616194538,616194538,103
TIC 616195406,616195406,103
TIC 616196529,616196529,103
TIC 616199211,616199211,103
TIC 616201065,616201065,103
TIC 616202060,616202060,103
TIC 616206935,616206935,103
TIC 616207696,616207696,103
TIC 616209416,616209416,103
TIC 616211249,616211249,103
TIC 616211293,616211293,103
TIC 616215926,616215926,103
TIC 616217850,616217850,103
TIC 616230512,616230512,103
TIC 616234646,616234646,103
TIC 616242384,616242384,103
TIC 616243820,616243820,103
TIC 616247409,616247409,103
TIC 616253841,616253841,103
TIC 616254089,616254089,103
TIC 616254765,616254765,103
TIC 616256144,616256144,103
TIC 616263094,616263094,103
TIC 616264315,616264315,103
TIC 616267051,616267051,103
TIC 616267163,616267163,103
TIC 616271730,616271730,103
TIC 616283222,616283222,103
TIC 616284021,616284021,103
TIC 616284144,616284144,103
TIC 616286558,616286558,103
TIC 616291575,616291575,103
TIC 616291914,616291914,103
TIC 616295659,616295659,103
TIC 616297480,616297480,103
TIC 616300029,616300029,103
TIC 616300409,616300409,103
TIC 616301698,616301698,103
TIC 616306804,616306804,103
TIC 616308727,616308727,103
TIC 616314189,616314189,103
TIC 616314349,616314349,103
TIC 616315203,616315203,103
TIC 616315344,616315344,103
TIC 616315357,616315357,103
TIC 616316979,616316979,103
TIC 616317291,616317291,103
TIC 616319103,616319103,103
TIC 616319341,616319341,103
TIC 616320998,616320998,103
TIC 616327707,616327707,103
TIC 616327991,616327991,103
TIC 616328630,616328630,103
TIC 616331023,616331023,103
TIC 616331981,616331981,103
TIC 616332428,616332428,103
TIC 616335048,616335048,103
TIC 616335499,616335499,103
TIC 616336014,616336014,103
TIC 616340590,616340590,103
TIC 616341231,616341231,103
TIC 616342398,616342398,103
TIC 616342503,616342503,103
TIC 616345241,616345241,103
TIC 616349852,616349852,103
TIC 616350340,616350340,103
TIC 616353992,616353992,103
TIC 616354065,616354065,103
TIC 616356517,616356517,103
TIC 616359715,616359715,103
TIC 616372650,616372650,103
TIC 616374562,616374562,103
TIC 616376114,616376114,103
TIC 616377857,616377857,103
TIC 616377890,616377890,103
TIC 616377895,616377895,103
TIC 616381510,616381510,103
TIC 616382403,616382403,103
TIC 616384724,616384724,103
TIC 616386521,616386521,103
TIC 616414082,616414082,103
TIC 616415905,616415905,103
TIC 616416353,616416353,103
TIC 616419332,616419332,103
TIC 616420933,616420933,103
TIC 616422340,616422340,103
TIC 616423281,616423281,103
TIC 616425635,616425635,103
TIC 616428261,616428261,103
TIC 616429510,616429510,103
TIC 616430099,616430099,103
TIC 616431726,616431726,103
TIC 616432629,616432629,103
TIC 616435674,616435674,103
TIC 616437924,616437924,103
TIC 616438566,616438566,103
TIC 616440309,616440309,103
TIC 616443885,616443885,103
TIC 616444782,616444782,103
TIC 616447544,616447544,103
TIC 616449252,616449252,103
TIC 616451861,616451861,103
TIC 616452659,616452659,103
TIC 616458720,616458720,103
TIC 616461512,616461512,103
TIC 616461841,616461841,103
TIC 616462232,616462232,103
TIC 616463015,616463015,103
TIC 616463922,616463922,103
TIC 616469308,616469308,103
TIC 616469414,616469414,103
TIC 616470131,616470131,103
TIC 616471303,616471303,103
TIC 616472461,616472461,103
TIC 616472995,616472995,103
TIC 616473510,616473510,103
TIC 616475006,616475006,103
TIC 616476365,616476365,103
TIC 616481116,616481116,103
TIC 616482828,616482828,103
TIC 616483543,616483543,103
TIC 616485665,616485665,103
TIC 616487196,616487196,103
TIC 616487706,616487706,103
TIC 616488810,616488810,103
TIC 616489973,616489973,103
TIC 616490832,616490832,103
TIC 616491716,616491716,103
TIC 616493157,616493157,103
TIC 616494770,616494770,103
TIC 616498070,616498070,103
TIC 616498120,616498120,103
TIC 616500493,616500493,103
TIC 616500925,616500925,103
TIC 616504191,616504191,103
TIC 616505224,616505224,103
TIC 616505336,616505336,103
TIC 616506442,616506442,103
TIC 616509124,616509124,103
TIC 616509237,616509237,103
TIC 616510102,616510102,103
TIC 616511570,616511570,103
TIC 616511690,616511690,103
TIC 616511722,616511722,103
TIC 616512120,616512120,103
TIC 616512604,616512604,103
TIC 616513367,616513367,103
TIC 616516594,616516594,103
TIC 616517181,616517181,103
TIC 616523096,616523096,103
TIC 616525517,616525517,103
TIC 631470041,631470041,103
TIC 631611773,631611773,103
TIC 631611910,631611910,103
TIC 631613027,631613027,103
TIC 631613342,631613342,103
TIC 631614356,631614356,103
TIC 631617488,631617488,103
TIC 631619263,631619263,103
TIC 631626503,631626503,103
TIC 631627023,631627023,103
TIC 631628001,631628001,103
TIC 631645185,631645185,103
TIC 631645302,631645302,103
TIC 631648208,631648208,103
TIC 631648230,631648230,103
TIC 631648335,631648335,103
TIC 631648532,631648532,103
TIC 631650054,631650054,103
TIC 631650976,631650976,103
TIC 631655873,631655873,103
TIC 631658782,631658782,103
TIC 631667338,631667338,103
TIC 631667819,631667819,103
TIC 631668425,631668425,103
TIC 631668951,631668951,103
TIC 631669837,631669837,103
TIC 631671483,631671483,103
TIC 631675872,631675872,103
TIC 631681452,631681452,103
TIC 631682015,631682015,103
TIC 631685962,631685962,103
TIC 631687182,631687182,103
TIC 631688347,631688347,103
TIC 631690096,631690096,103
TIC 631691092,631691092,103
TIC 631693309,631693309,103
TIC 631694012,631694012,103
TIC 631694517,631694517,103
TIC 631694652,631694652,103
TIC 631695613,631695613,103
TIC 631696622,631696622,103
TIC 631697740,631697740,103
TIC 631698227,631698227,103
TIC 631698628,631698628,103
TIC 631700998,631700998,103
TIC 631701454,631701454,103
TIC 631702194,631702194,103
TIC 631705285,631705285,103
TIC 631706181,631706181,103
TIC 631706629,631706629,103
TIC 631709268,631709268,103
TIC 631710923,631710923,103
TIC 631711697,631711697,103
TIC 631713890,631713890,103
TIC 631716307,631716307,103
TIC 631717134,631717134,103
TIC 631720567,631720567,103
TIC 631723033,631723033,103
TIC 631724875,631724875,103
TIC 631724895,631724895,103
TIC 631725247,631725247,103
TIC 631726341,631726341,103
TIC 631796646,631796646,103
TIC 631797775,631797775,103
TIC 631798111,631798111,103
TIC 631806647,631806647,103
TIC 631806721,631806721,103
TIC 1137363342,1137363342,103
TIC 1138678095,1138678095,103
TIC 1139223556,1139223556,103
TIC 1153857774,1153857774,103
TIC 1155570515,1155570515,103
TIC 1156416817,1156416817,103
TIC 1156998700,1156998700,103
TIC 1157807970,1157807970,103
TIC 1157941740,1157941740,103
TIC 1161077848,1161077848,103
TIC 1161187624,1161187624,103
TIC 1161626405,1161626405,103
TIC 1162144148,1162144148,103
TIC 1162285091,1162285091,103
TIC 1162777209,1162777209,103
TIC 1162924673,1162924673,103
TIC 1162948754,1162948754,103
TIC 1162956381,1162956381,103
TIC 1163189256,1163189256,103
TIC 1163453946,1163453946,103
TIC 1163619612,1163619612,103
TIC 1164236037,1164236037,103
TIC 1164236057,1164236057,103
TIC 1164398107,1164398107,103
TIC 1164465811,1164465811,103
TIC 1164679963,1164679963,103
TIC 1164715737,1164715737,103
TIC 1164772365,1164772365,103
TIC 1164781281,1164781281,103
TIC 1164943017,1164943017,103
TIC 1164943027,1164943027,103
TIC 1165590325,1165590325,103
TIC 1165794859,1165794859,103
TIC 1165803179,1165803179,103
TIC 1166083205,1166083205,103
TIC 1166279190,1166279190,103
TIC 1166537543,1166537543,103
TIC 1166583750,1166583750,103
TIC 1166652887,1166652887,103
TIC 1166737633,1166737633,103
TIC 1166776673,1166776673,103
TIC 1166875074,1166875074,103
TIC 1166942417,1166942417,103
TIC 1167001801,1167001801,103
TIC 1167008635,1167008635,103
TIC 1167089948,1167089948,103
TIC 1167153980,1167153980,103
TIC 1167231760,1167231760,103
TIC 1167314299,1167314299,103
TIC 1167378682,1167378682,103
TIC 1167448898,1167448898,103
TIC 1167503757,1167503757,103
TIC 1167523208,1167523208,103
TIC 1167546912,1167546912,103
TIC 1167549472,1167549472,103
TIC 1167552934,1167552934,103
TIC 1167552935,1167552935,103
TIC 1167669892,1167669892,103
TIC 1167748116,1167748116,103
TIC 1167773216,1167773216,103
TIC 1168243252,1168243252,103
TIC 1168244057,1168244057,103
TIC 1168624705,1168624705,103
TIC 1168710023,1168710023,103
TIC 1168732186,1168732186,103
TIC 1168792255,1168792255,103
TIC 1168930189,1168930189,103
TIC 1168949254,1168949254,103
TIC 1169031666,1169031666,103
TIC 1169057647,1169057647,103
TIC 1169075785,1169075785,103
TIC 1169077885,1169077885,103
TIC 1169086748,1169086748,103
TIC 1169133762,1169133762,103
TIC 1169197798,1169197798,103
TIC 1169244922,1169244922,103
TIC 1169254537,1169254537,103
TIC 1169269276,1169269276,103
TIC 1169279067,1169279067,103
TIC 1169280923,1169280923,103
TIC 1169300136,1169300136,103
TIC 1169314985,1169314985,103
TIC 1169357321,1169357321,103
TIC 1169359806,1169359806,103
TIC 1169360124,1169360124,103
TIC 1169378381,1169378381,103
TIC 1169455576,1169455576,103
TIC 1169564830,1169564830,103
TIC 1169667276,1169667276,103
TIC 1169799005,1169799005,103
TIC 1169897673,1169897673,103
TIC 1170025344,1170025344,103
TIC 1170046106,1170046106,103
TIC 1170097813,1170097813,103
TIC 1170174678,1170174678,103
TIC 1170188170,1170188170,103
TIC 1170216538,1170216538,103
TIC 1170325291,1170325291,103
TIC 1170429182,1170429182,103
TIC 1170502655,1170502655,103
TIC 1170569201,1170569201,103
TIC 1170666375,1170666375,103
TIC 1170769507,1170769507,103
TIC 1170795704,1170795704,103
TIC 1170806379,1170806379,103
TIC 1170831211,1170831211,103
TIC 1170892562,1170892562,103
TIC 1170949635,1170949635,103
TIC 1171028908,1171028908,103
TIC 1171145975,1171145975,103
TIC 1171154390,1171154390,103
TIC 1171195730,1171195730,103
TIC 1171246148,1171246148,103
TIC 1171336894,1171336894,103
TIC 1171767244,1171767244,103
TIC 1173321989,1173321989,103
TIC 1173545394,1173545394,103
TIC 1211529507,1211529507,103
TIC 1218201436,1218201436,103
TIC 1225601906,1225601906,103
TIC 1226552508,1226552508,103
TIC 1227717785,1227717785,103
TIC 1229624961,1229624961,103
TIC 1231983570,1231983570,103
TIC 1232611387,1232611387,103
TIC 1232736672,1232736672,103
TIC 1233024083,1233024083,103
TIC 1233644284,1233644284,103
TIC 1233692434,1233692434,103
TIC 1233817518,1233817518,103
TIC 1233852185,1233852185,103
TIC 1233876111,1233876111,103
TIC 1233878519,1233878519,103
TIC 1234261205,1234261205,103
TIC 1234347183,1234347183,103
TIC 1234810324,1234810324,103
TIC 1234833086,1234833086,103
TIC 1235257749,1235257749,103
TIC 1235296830,1235296830,103
TIC 1235314691,1235314691,103
TIC 1235343421,1235343421,103
TIC 1235360399,1235360399,103
TIC 1235683875,1235683875,103
TIC 1236527543,1236527543,103
TIC 1239267494,1239267494,103
TIC 1239560465,1239560465,103
TIC 1239582864,1239582864,103
TIC 1241251603,1241251603,103
TIC 1241260892,1241260892,103
TIC 1241503696,1241503696,103
TIC 1241919609,1241919609,103
TIC 1243233427,1243233427,103
TIC 1244275481,1244275481,103
TIC 1244728503,1244728503,103
TIC 1245619125,1245619125,103
TIC 1245939129,1245939129,103
TIC 1246067713,1246067713,103
TIC 1246251593,1246251593,103
TIC 1246408328,1246408328,103
TIC 1247225848,1247225848,103
TIC 1247283754,1247283754,103
TIC 1247353148,1247353148,103
TIC 1247722749,1247722749,103
TIC 1247862651,1247862651,103
TIC 1247882554,1247882554,103
TIC 1247970109,1247970109,103
TIC 1248046527,1248046527,103
TIC 1248150107,1248150107,103
TIC 1248224558,1248224558,103
TIC 1248588749,1248588749,103
TIC 1248796871,1248796871,103
TIC 1249493740,1249493740,103
TIC 1249990194,1249990194,103
TIC 1250391736,1250391736,103
TIC 1250521974,1250521974,103
TIC 1250778142,1250778142,103
TIC 1250806744,1250806744,103
TIC 1251372122,1251372122,103
TIC 1251414438,1251414438,103
TIC 1251460725,1251460725,103
TIC 1251553167,1251553167,103
TIC 1251579424,1251579424,103
TIC 1251708628,1251708628,103
TIC 1251794475,1251794475,103
TIC 1252070333,1252070333,103
TIC 1252089291,1252089291,103
TIC 1252327749,1252327749,103
TIC 1252348362,1252348362,103
TIC 1252420392,1252420392,103
TIC 1252554113,1252554113,103
TIC 1252783979,1252783979,103
TIC 1254951669,1254951669,103
TIC 1255006901,1255006901,103
TIC 1255008337,1255008337,103
TIC 1255026637,1255026637,103
TIC 1255078268,1255078268,103
TIC 1255105348,1255105348,103
TIC 1255192358,1255192358,103
TIC 1255242521,1255242521,103
TIC 1255307578,1255307578,103
TIC 1255374007,1255374007,103
TIC 1255376493,1255376493,103
TIC 1255426867,1255426867,103
TIC 1255431465,1255431465,103
TIC 1255512133,1255512133,103
TIC 1255538487,1255538487,103
TIC 1255607477,1255607477,103
TIC 1255685786,1255685786,103
TIC 1255976043,1255976043,103
TIC 1256019595,1256019595,103
TIC 1256385101,1256385101,103
TIC 1256409782,1256409782,103
TIC 1310796355,1310796355,103
TIC 1310886394,1310886394,103
TIC 1311040539,1311040539,103
TIC 1315493876,1315493876,103
TIC 1316295079,1316295079,103
TIC 1316818092,1316818092,103
TIC 1317731428,1317731428,103
TIC 1319906982,1319906982,103
TIC 1323558640,1323558640,103
TIC 1327819405,1327819405,103
TIC 1327830757,1327830757,103
TIC 1330379403,1330379403,103
TIC 1330465062,1330465062,103
TIC 1331310844,1331310844,103
TIC 1331747940,1331747940,103
TIC 1331809741,1331809741,103
TIC 1331870240,1331870240,103
TIC 1331921217,1331921217,103
TIC 1332920380,1332920380,103
TIC 1334123555,1334123555,103
TIC 1335103240,1335103240,103
TIC 1335876569,1335876569,103
TIC 1336018256,1336018256,103
TIC 1336100855,1336100855,103
TIC 1336121977,1336121977,103
TIC 1336147617,1336147617,103
TIC 1336228859,1336228859,103
TIC 1336451974,1336451974,103
TIC 1336643133,1336643133,103
TIC 1337101952,1337101952,103
TIC 1337109625,1337109625,103
TIC 1337147276,1337147276,103
TIC 1337500240,1337500240,103
TIC 1337604190,1337604190,103
TIC 1337690342,1337690342,103
TIC 1338592767,1338592767,103
TIC 1338617091,1338617091,103
TIC 1338743098,1338743098,103
TIC 1338768271,1338768271,103
TIC 1338933244,1338933244,103
TIC 1339171102,1339171102,103
TIC 1339574985,1339574985,103
TIC 1340215823,1340215823,103
TIC 1340874649,1340874649,103
TIC 1341542868,1341542868,103
TIC 1343580465,1343580465,103
TIC 1343588382,1343588382,103
TIC 1359684567,1359684567,103
TIC 1511583433,1511583433,103
TIC 1511585823,1511585823,103
TIC 1511614197,1511614197,103
TIC 1511632979,1511632979,103
TIC 1512056292,1512056292,103
TIC 1512092397,1512092397,103
TIC 1512236298,1512236298,103
TIC 1512253142,1512253142,103
TIC 1512255420,1512255420,103
TIC 1512345403,1512345403,103
TIC 1512364960,1512364960,103
TIC 1512405049,1512405049,103
TIC 1512444632,1512444632,103
TIC 1512671219,1512671219,103
TIC 1513182450,1513182450,103
TIC 1513248630,1513248630,103
TIC 1513269923,1513269923,103
TIC 1513317068,1513317068,103
TIC 1513322301,1513322301,103
TIC 1513359957,1513359957,103
TIC 1513445543,1513445543,103
TIC 1513526181,1513526181,103
TIC 1513538795,1513538795,103
TIC 1513598405,1513598405,103
TIC 1513962014,1513962014,103
TIC 1514071534,1514071534,103
TIC 1514354162,1514354162,103
TIC 1514557857,1514557857,103
TIC 1514604777,1514604777,103
TIC 1514754214,1514754214,103
TIC 1514882411,1514882411,103
TIC 1514896530,1514896530,103
TIC 1514922890,1514922890,103
TIC 1515129190,1515129190,103
TIC 1515220242,1515220242,103
TIC 1515324004,1515324004,103
TIC 1515388734,1515388734,103
TIC 1515407949,1515407949,103
TIC 1515543972,1515543972,103
TIC 1516120229,1516120229,103
TIC 1516245994,1516245994,103
TIC 1516291784,1516291784,103
TIC 1516412614,1516412614,103
TIC 1516498264,1516498264,103
TIC 1516624021,1516624021,103
TIC 1517255475,1517255475,103
TIC 1517297338,1517297338,103
TIC 1517344570,1517344570,103
TIC 1517420278,1517420278,103
TIC 1517442265,1517442265,103
TIC 1517780869,1517780869,103
TIC 1517835145,1517835145,103
TIC 1518012883,1518012883,103
TIC 1519241176,1519241176,103
TIC 1519383343,1519383343,103
TIC 1520643001,1520643001,103
TIC 1521612233,1521612233,103
TIC 1521616232,1521616232,103
TIC 1521795434,1521795434,103
TIC 1522107994,1522107994,103
TIC 1522121371,1522121371,103
TIC 1522141879,1522141879,103
TIC 1522325820,1522325820,103
TIC 1522511549,1522511549,103
TIC 1522565121,1522565121,103
TIC 1522803773,1522803773,103
TIC 1523340238,1523340238,103
TIC 1688577270,1688577270,103
TIC 1689705237,1689705237,103
TIC 1689720052,1689720052,103
TIC 1689726032,1689726032,103
TIC 1689731226,1689731226,103
TIC 1689900137,1689900137,103
TIC 1689902435,1689902435,103
TIC 1689969351,1689969351,103
TIC 1689979765,1689979765,103
TIC 1689982008,1689982008,103
TIC 1689990900,1689990900,103
TIC 1690005321,1690005321,103
TIC 1690012053,1690012053,103
TIC 1690034765,1690034765,103
TIC 1690039074,1690039074,103
TIC 1690048584,1690048584,103
TIC 1690076613,1690076613,103
TIC 1690077023,1690077023,103
TIC 1690082958,1690082958,103
TIC 1690092050,1690092050,103
TIC 1690099782,1690099782,103
TIC 1690113224,1690113224,103
TIC 1690144683,1690144683,103
TIC 1690191344,1690191344,103
TIC 1690195955,1690195955,103
TIC 1690285072,1690285072,103
TIC 1690333674,1690333674,103
TIC 1690396549,1690396549,103
TIC 1690401927,1690401927,103
TIC 1690441364,1690441364,103
TIC 1690461095,1690461095,103
TIC 1690467968,1690467968,103
TIC 1690484999,1690484999,103
TIC 1690579490,1690579490,103
TIC 1690614052,1690614052,103
TIC 1690631633,1690631633,103
TIC 1690632124,1690632124,103
TIC 1690655493,1690655493,103
TIC 1690679257,1690679257,103
TIC 1690679387,1690679387,103
TIC 1690687112,1690687112,103
TIC 1690725612,1690725612,103
TIC 1690749463,1690749463,103
TIC 1690820719,1690820719,103
TIC 1690834149,1690834149,103
TIC 1690868521,1690868521,103
TIC 1690895963,1690895963,103
TIC 1690984771,1690984771,103
TIC 1690989741,1690989741,103
TIC 1690998307,1690998307,103
TIC 1691073217,1691073217,103
TIC 1691157120,1691157120,103
TIC 1691196320,1691196320,103
TIC 1691232448,1691232448,103
TIC 1691314035,1691314035,103
TIC 1691436669,1691436669,103
TIC 1691517472,1691517472,103
TIC 1691534869,1691534869,103
TIC 1691552584,1691552584,103
TIC 1691862054,1691862054,103
TIC 1691862279,1691862279,103
TIC 1691869056,1691869056,103
TIC 1691988063,1691988063,103
TIC 1692021149,1692021149,103
TIC 1692075622,1692075622,103
TIC 1692319370,1692319370,103
TIC 1692409983,1692409983,103
TIC 1815745033,1815745033,103
TIC 1815762086,1815762086,103
TIC 1815764470,1815764470,103
TIC 1815766962,1815766962,103
TIC 1815778962,1815778962,103
TIC 1816759365,1816759365,103
TIC 1816789356,1816789356,103
TIC 1816793454,1816793454,103
TIC 1816793672,1816793672,103
TIC 1816795937,1816795937,103
TIC 1816797122,1816797122,103
TIC 1816800642,1816800642,103
TIC 1816821033,1816821033,103
TIC 1816861063,1816861063,103
TIC 1816870851,1816870851,103
TIC 1816913917,1816913917,103
TIC 1816929382,1816929382,103
TIC 1816969451,1816969451,103
TIC 1817005428,1817005428,103
TIC 1817016493,1817016493,103
TIC 1817028363,1817028363,103
TIC 1817028566,1817028566,103
TIC 1817124740,1817124740,103
TIC 1817138483,1817138483,103
TIC 1817140695,1817140695,103
TIC 1817144953,1817144953,103
TIC 1817170079,1817170079,103
TIC 1817183272,1817183272,103
TIC 1817188236,1817188236,103
TIC 1817219759,1817219759,103
TIC 1817219797,1817219797,103
TIC 1817232187,1817232187,103
TIC 1817235258,1817235258,103
TIC 1817239154,1817239154,103
TIC 1817317481,1817317481,103
TIC 1817321222,1817321222,103
TIC 1817412271,1817412271,103
TIC 1817429522,1817429522,103
TIC 1817437601,1817437601,103
TIC 1817487728,1817487728,103
TIC 1923076815,1923076815,103
TIC 1923081502,1923081502,103
TIC 1923118146,1923118146,103
TIC 1923139053,1923139053,103
TIC 1923141991,1923141991,103
TIC 1923152210,1923152210,103
TIC 1923152218,1923152218,103
TIC 1923187787,1923187787,103
TIC 1923193211,1923193211,103
TIC 1923195955,1923195955,103
TIC 1923199259,1923199259,103
TIC 1923211386,1923211386,103
TIC 1923216074,1923216074,103
TIC 1988797305,1988797305,103
TIC 1989099823,1989099823,103
TIC 1989104364,1989104364,103
TIC 1989137121,1989137121,103
TIC 2026498487,2026498487,103
TIC 2026500910,2026500910,103
TIC 2026573953,2026573953,103
TIC 2026579629,2026579629,103
TIC 2026665725,2026665725,103
TIC 2026666002,2026666002,103
TIC 2026672460,2026672460,103
TIC 2026825335,2026825335,103
TIC 2026831520,2026831520,103
TIC 2026832748,2026832748,103
TIC 2051732319,2051732319,103
TIC 2051732790,2051732790,103
TIC 2051733944,2051733944,103
TIC 2051735874,2051735874,103
TIC 2051736052,2051736052,103
TIC 2051736297,2051736297,103
TIC 2051736532,2051736532,103
TIC 2051739856,2051739856,103
TIC 2051740445,2051740445,103
TIC 2051741692,2051741692,103
TIC 2051741696,2051741696,103
TIC 2054617329,2054617329,103
TIC 2054713489,2054713489,103
TIC 2054805548,2054805548,103
TIC 2054814132,2054814132,103
TIC 2054862812,2054862812,103
TIC 2054912075,2054912075,103
TIC 2054919499,2054919499,103
TIC 2054987938,2054987938,103
TIC 2055010287,2055010287,103
TIC 2055022057,2055022057,103
TIC 2055027961,2055027961,103
TIC 2055028475,2055028475,103
TIC 2055029707,2055029707,103
TIC 2055031552,2055031552,103
TIC 2055053660,2055053660,103
TIC 2055053978,2055053978,103
TIC 2055054790,2055054790,103
TIC 2055164840,2055164840,103
TIC 2055166024,2055166024,103
TIC 2055202921,2055202921,103
TIC 2055203198,2055203198,103
TIC 2055204182,2055204182,103
TIC 2055204899,2055204899,103
TIC 2055206001,2055206001,103
TIC 2055298569,2055298569,103
TIC 2055305742,2055305742,103
TIC 2055307915,2055307915,103
TIC 2055308032,2055308032,103
TIC 2055308403,2055308403,103
TIC 2055309918,2055309918,103
TIC 2055311649,2055311649,103
TIC 2055336803,2055336803,103
TIC 2055340981,2055340981,103
TIC 2055362592,2055362592,103
TIC 2055365870,2055365870,103
TIC 2055365959,2055365959,103
TIC 2055367932,2055367932,103
TIC 2055368496,2055368496,103
TIC 2055475060,2055475060,103
TIC 2055511432,2055511432,103
TIC 2055511742,2055511742,103
TIC 2055514824,2055514824,103
TIC 2055518062,2055518062,103
TIC 2055520335,2055520335,103
TIC 2055520935,2055520935,103
TIC 2055523229,2055523229,103
TIC 2055523913,2055523913,103
TIC 2055530390,2055530390,103
TIC 2055531856,2055531856,103
TIC 2055533927,2055533927,103
TIC 2055536498,2055536498,103
TIC 2055536864,2055536864,103
TIC 2055537323,2055537323,103
TIC 2055537601,2055537601,103
TIC 2055537755,2055537755,103
TIC 2055541829,2055541829,103
TIC 2055543109,2055543109,103
TIC 2055544162,2055544162,103
TIC 2055548324,2055548324,103
TIC 2055548658,2055548658,103
TIC 2055548980,2055548980,103
TIC 2055550075,2055550075,103
TIC 2055550857,2055550857,103
TIC 2055552426,2055552426,103
TIC 2055556638,2055556638,103
TIC 2055556658,2055556658,103
TIC 2055556860,2055556860,103
TIC 2055563072,2055563072,103
TIC 2055563216,2055563216,103
TIC 2055565102,2055565102,103
TIC 2055567290,2055567290,103
TIC 2055567810,2055567810,103
TIC 2055572471,2055572471,103
TIC 2055577204,2055577204,103
TIC 2055577513,2055577513,103
TIC 2055577743,2055577743,103
TIC 2055577793,2055577793,103
TIC 2055577816,2055577816,103
TIC 2055579582,2055579582,103
TIC 2055579675,2055579675,103
TIC 2055580363,2055580363,103
TIC 2055582087,2055582087,103
TIC 2055584369,2055584369,103
TIC 2055585338,2055585338,103
TIC 2055585481,2055585481,103
TIC 2055589696,2055589696,103
TIC 2055593112,2055593112,103
TIC 2055596080,2055596080,103
TIC 2055597443,2055597443,103
TIC 2055597812,2055597812,103
TIC 2055599426,2055599426,103
TIC 2055600954,2055600954,103
TIC 2055603548,2055603548,103
TIC 2055604918,2055604918,103
TIC 2055607150,2055607150,103
TIC 2055607450,2055607450,103
TIC 2055612165,2055612165,103
TIC 2055614768,2055614768,103
TIC 2055617807,2055617807,103
TIC 2055620431,2055620431,103
TIC 2055625496,2055625496,103
TIC 2055629382,2055629382,103
TIC 2055629797,2055629797,103
TIC 2055637707,2055637707,103
TIC 2055637952,2055637952,103
TIC 2055638721,2055638721,103
TIC 2055638895,2055638895,103
TIC 2055642027,2055642027,103
TIC 2055642059,2055642059,103
TIC 2055642389,2055642389,103
TIC 2055642588,2055642588,103
TIC 2055642881,2055642881,103
TIC 2055643405,2055643405,103
TIC 2055644991,2055644991,103
TIC 2055645192,2055645192,103
TIC 2055646943,2055646943,103
TIC 2055648638,2055648638,103
TIC 2055659344,2055659344,103
TIC 2055659613,2055659613,103
TIC 2055661176,2055661176,103
TIC 2055667194,2055667194,103
TIC 2055667652,2055667652,103
TIC 2055667935,2055667935,103
TIC 2055672610,2055672610,103
TIC 2055674305,2055674305,103
TIC 2055674684,2055674684,103
TIC 2055674836,2055674836,103
TIC 2055676086,2055676086,103
TIC 2055677690,2055677690,103
TIC 2055677803,2055677803,103
TIC 2055678492,2055678492,103
TIC 2055679595,2055679595,103
TIC 2055683055,2055683055,103
TIC 2055683955,2055683955,103
TIC 2055683976,2055683976,103
TIC 2055684506,2055684506,103
TIC 2055685719,2055685719,103
TIC 2055687354,2055687354,103
TIC 2055687695,2055687695,103
TIC 2055689961,2055689961,103
TIC 2055695887,2055695887,103
TIC 2055696041,2055696041,103
TIC 2055742369,2055742369,103
TIC 2055742801,2055742801,103
TIC 2055744538,2055744538,103
TIC 2055745888,2055745888,103
