target,tic_id,sectors
TIC 779276,779276,99
TIC 779824,779824,99
TIC 816793,816793,99
TIC 816939,816939,99
TIC 817823,817823,99
TIC 820148,820148,99
TIC 820363,820363,99
TIC 821838,821838,99
TIC 860419,860419,99
TIC 862047,862047,99
TIC 863860,863860,99
TIC 885808,885808,99
TIC 890962,890962,99
TIC 892149,892149,99
TIC 894262,894262,99
TIC 916498,916498,99
TIC 918893,918893,99
TIC 919245,919245,99
TIC 972858,972858,99
TIC 1003831,1003831,99
TIC 1004005,1004005,99
TIC 1005021,1005021,99
TIC 1031929,1031929,99
TIC 1033135,1033135,99
TIC 1038216,1038216,99
TIC 1038605,1038605,99
TIC 1039707,1039707,99
TIC 1084245,1084245,99
TIC 1103432,1103432,99
TIC 1107885,1107885,99
TIC 1137448,1137448,99
TIC 1138567,1138567,99
TIC 1139748,1139748,99
TIC 1190934,1190934,99
TIC 1191321,1191321,99
TIC 1193387,1193387,99
TIC 1194496,1194496,99
TIC 1228170,1228170,99
TIC 1232360,1232360,99
TIC 1232485,1232485,99
TIC 1258971,1258971,99
TIC 1259961,1259961,99
TIC 1260235,1260235,99
TIC 1261860,1261860,99
TIC 1267523,1267523,99
TIC 1338424,1338424,99
TIC 1340650,1340650,99
TIC 1349312,1349312,99
TIC 1352449,1352449,99
TIC 1359495,1359495,99
TIC 1360104,1360104,99
TIC 1399933,1399933,99
TIC 1401516,1401516,99
TIC 1402874,1402874,99
TIC 1441866,1441866,99
TIC 1441869,1441869,99
TIC 1442449,1442449,99
TIC 1446147,1446147,99
TIC 1472576,1472576,99
TIC 1474501,1474501,99
TIC 1503583,1503583,99
TIC 1538422,1538422,99
TIC 1540365,1540365,99
TIC 1573395,1573395,99
TIC 1595346,1595346,99
TIC 1599403,1599403,99
TIC 1601975,1601975,99
TIC 1602970,1602970,99
TIC 1602977,1602977,99
TIC 1604036,1604036,99
TIC 1604040,1604040,99
TIC 1605355,1605355,99
TIC 1607962,1607962,99
TIC 1622841,1622841,99
TIC 1647071,1647071,99
TIC 1648669,1648669,99
TIC 1677334,1677334,99
TIC 1678825,1678825,99
TIC 1678913,1678913,99
TIC 1679132,1679132,99
TIC 1689556,1689556,99
TIC 1738861,1738861,99
TIC 1740238,1740238,99
TIC 1818589,1818589,99
TIC 1868257,1868257,99
TIC 1968583,1968583,99
TIC 1969495,1969495,99
TIC 1973623,1973623,99
TIC 2020365,2020365,99
TIC 2020964,2020964,99
TIC 2021531,2021531,99
TIC 2084703,2084703,99
TIC 2088340,2088340,99
TIC 2092122,2092122,99
TIC 2094712,2094712,99
TIC 2132354,2132354,99
TIC 2133062,2133062,99
TIC 2133065,2133065,99
TIC 2140147,2140147,99
TIC 2220684,2220684,99
TIC 2220688,2220688,99
TIC 2224747,2224747,99
TIC 2224750,2224750,99
TIC 2225329,2225329,99
TIC 2226189,2226189,99
TIC 2241706,2241706,99
TIC 2251147,2251147,99
TIC 2350053,2350053,99
TIC 2397505,2397505,99
TIC 2886071,2886071,99
TIC 2886586,2886586,99
TIC 2961372,2961372,99
TIC 2962605,2962605,99
TIC 2972571,2972571,99
TIC 3120302,3120302,99
TIC 3233467,3233467,99
TIC 3233861,3233861,99
TIC 3296473,3296473,99
TIC 3296905,3296905,99
TIC 3298844,3298844,99
TIC 3356565,3356565,99
TIC 3359004,3359004,99
TIC 3443498,3443498,99
TIC 3444583,3444583,99
TIC 3448013,3448013,99
TIC 3513817,3513817,99
TIC 3516034,3516034,99
TIC 3520950,3520950,99
TIC 3522887,3522887,99
TIC 3840990,3840990,99
TIC 3849122,3849122,99
TIC 3915541,3915541,99
TIC 3918675,3918675,99
TIC 3920375,3920375,99
TIC 3995093,3995093,99
TIC 3996132,3996132,99
TIC 4000387,4000387,99
TIC 4001749,4001749,99
TIC 4002114,4002114,99
TIC 4102368,4102368,99
TIC 4261575,4261575,99
TIC 4261594,4261594,99
TIC 4264922,4264922,99
TIC 4342429,4342429,99
TIC 4346726,4346726,99
TIC 4413597,4413597,99
TIC 4422468,4422468,99
TIC 4505773,4505773,99
TIC 4506340,4506340,99
TIC 4509067,4509067,99
TIC 4588120,4588120,99
TIC 4598935,4598935,99
TIC 4636920,4636920,99
TIC 4727022,4727022,99
TIC 4729001,4729001,99
TIC 4734401,4734401,99
TIC 4737360,4737360,99
TIC 4807101,4807101,99
TIC 4809705,4809705,99
TIC 4814256,4814256,99
TIC 4847760,4847760,99
TIC 4959676,4959676,99
TIC 4966166,4966166,99
TIC 4970499,4970499,99
TIC 5091836,5091836,99
TIC 5095070,5095070,99
TIC 5096718,5096718,99
TIC 5158536,5158536,99
TIC 5158796,5158796,99
TIC 5165416,5165416,99
TIC 5224772,5224772,99
TIC 5227087,5227087,99
TIC 5229041,5229041,99
TIC 5234091,5234091,99
TIC 5290209,5290209,99
TIC 5295337,5295337,99
TIC 5341792,5341792,99
TIC 5341794,5341794,99
TIC 5346072,5346072,99
TIC 5362024,5362024,99
TIC 5364106,5364106,99
TIC 5392904,5392904,99
TIC 5393020,5393020,99
TIC 5394046,5394046,99
TIC 5416781,5416781,99
TIC 5452654,5452654,99
TIC 5452928,5452928,99
TIC 5471796,5471796,99
TIC 5471801,5471801,99
TIC 5476310,5476310,99
TIC 5476311,5476311,99
TIC 5480291,5480291,99
TIC 5480294,5480294,99
TIC 5483095,5483095,99
TIC 5485318,5485318,99
TIC 5485321,5485321,99
TIC 5506063,5506063,99
TIC 5508565,5508565,99
TIC 5529673,5529673,99
TIC 5530177,5530177,99
TIC 5537671,5537671,99
TIC 5546608,5546608,99
TIC 5622007,5622007,99
TIC 5622763,5622763,99
TIC 5624184,5624184,99
TIC 5703872,5703872,99
TIC 5709015,5709015,99
TIC 5709314,5709314,99
TIC 5785373,5785373,99
TIC 5850860,5850860,99
TIC 5851342,5851342,99
TIC 5909560,5909560,99
TIC 5972036,5972036,99
TIC 5972817,5972817,99
TIC 7845389,7845389,99
TIC 7846686,7846686,99
TIC 7848678,7848678,99
TIC 7849349,7849349,99
TIC 7890169,7890169,99
TIC 7890170,7890170,99
TIC 7906972,7906972,99
TIC 7907341,7907341,99
TIC 7908982,7908982,99
TIC 7976072,7976072,99
TIC 11310083,11310083,99
TIC 11382822,11382822,99
TIC 11417087,11417087,99
TIC 11418189,11418189,99
TIC 11419876,11419876,99
TIC 11421324,11421324,99
TIC 11422944,11422944,99
TIC 11520530,11520530,99
TIC 11521555,11521555,99
TIC 11521786,11521786,99
TIC 11523448,11523448,99
TIC 11559798,11559798,99
TIC 11561098,11561098,99
TIC 11561667,11561667,99
TIC 11927677,11927677,99
TIC 11930663,11930663,99
TIC 11936042,11936042,99
TIC 11969087,11969087,99
TIC 11972111,11972111,99
TIC 11974826,11974826,99
TIC 12008201,12008201,99
TIC 12013892,12013892,99
TIC 12061971,12061971,99
TIC 13348167,13348167,99
TIC 13349647,13349647,99
TIC 13389515,13389515,99
TIC 13389629,13389629,99
TIC 13390261,13390261,99
TIC 13390495,13390495,99
TIC 13391274,13391274,99
TIC 13391712,13391712,99
TIC 13394042,13394042,99
TIC 13427743,13427743,99
TIC 13429083,13429083,99
TIC 13431303,13431303,99
TIC 13435933,13435933,99
TIC 13437961,13437961,99
TIC 13438674,13438674,99
TIC 13439479,13439479,99
TIC 13441775,13441775,99
TIC 13474738,13474738,99
TIC 13476741,13476741,99
TIC 13477983,13477983,99
TIC 13480872,13480872,99
TIC 13533779,13533779,99
TIC 13560467,13560467,99
TIC 13561529,13561529,99
TIC 13565279,13565279,99
TIC 13566624,13566624,99
TIC 13566784,13566784,99
TIC 13623483,13623483,99
TIC 13623825,13623825,99
TIC 13623872,13623872,99
TIC 13624094,13624094,99
TIC 13626317,13626317,99
TIC 13627158,13627158,99
TIC 13627629,13627629,99
TIC 13627824,13627824,99
TIC 13628645,13628645,99
TIC 13628896,13628896,99
TIC 13628994,13628994,99
TIC 13672141,13672141,99
TIC 13672797,13672797,99
TIC 13709539,13709539,99
TIC 13709577,13709577,99
TIC 13713598,13713598,99
TIC 13737683,13737683,99
TIC 13737885,13737885,99
TIC 13740649,13740649,99
TIC 13741670,13741670,99
TIC 13741671,13741671,99
TIC 13741797,13741797,99
TIC 13741812,13741812,99
TIC 13742682,13742682,99
TIC 13742749,13742749,99
TIC 13816037,13816037,99
TIC 13818774,13818774,99
TIC 13820601,13820601,99
TIC 13833280,13833280,99
TIC 13833284,13833284,99
TIC 14279875,14279875,99
TIC 14294467,14294467,99
TIC 14295825,14295825,99
TIC 14296833,14296833,99
TIC 14297223,14297223,99
TIC 14308790,14308790,99
TIC 14308792,14308792,99
TIC 15364325,15364325,99
TIC 15369700,15369700,99
TIC 15525212,15525212,99
TIC 15525527,15525527,99
TIC 15633716,15633716,99
TIC 17547198,17547198,99
TIC 17682958,17682958,99
TIC 17682961,17682961,99
TIC 17683158,17683158,99
TIC 17684976,17684976,99
TIC 17685932,17685932,99
TIC 17687783,17687783,99
TIC 17754631,17754631,99
TIC 17758265,17758265,99
TIC 17760009,17760009,99
TIC 17763136,17763136,99
TIC 17841822,17841822,99
TIC 17842115,17842115,99
TIC 17842118,17842118,99
TIC 17849960,17849960,99
TIC 17849961,17849961,99
TIC 17889301,17889301,99
TIC 17896514,17896514,99
TIC 18011473,18011473,99
TIC 18073590,18073590,99
TIC 18213411,18213411,99
TIC 18281615,18281615,99
TIC 18287207,18287207,99
TIC 18288979,18288979,99
TIC 18289624,18289624,99
TIC 18290325,18290325,99
TIC 18520493,18520493,99
TIC 18556657,18556657,99
TIC 18556792,18556792,99
TIC 18649456,18649456,99
TIC 18650179,18650179,99
TIC 18654235,18654235,99
TIC 18654515,18654515,99
TIC 18657235,18657235,99
TIC 18658256,18658256,99
TIC 18786687,18786687,99
TIC 18794442,18794442,99
TIC 18795429,18795429,99
TIC 18887757,18887757,99
TIC 18894470,18894470,99
TIC 18930259,18930259,99
TIC 18936006,18936006,99
TIC 19006354,19006354,99
TIC 19007125,19007125,99
TIC 19016131,19016131,99
TIC 19021595,19021595,99
TIC 19072550,19072550,99
TIC 19086884,19086884,99
TIC 19120230,19120230,99
TIC 19122172,19122172,99
TIC 19122666,19122666,99
TIC 19143133,19143133,99
TIC 19143371,19143371,99
TIC 19143373,19143373,99
TIC 19148344,19148344,99
TIC 19149687,19149687,99
TIC 19197282,19197282,99
TIC 19199541,19199541,99
TIC 19199543,19199543,99
TIC 19258238,19258238,99
TIC 19261066,19261066,99
TIC 19265777,19265777,99
TIC 19341385,19341385,99
TIC 19342878,19342878,99
TIC 19346009,19346009,99
TIC 19346011,19346011,99
TIC 19354295,19354295,99
TIC 19380558,19380558,99
TIC 19447218,19447218,99
TIC 19449091,19449091,99
TIC 19449717,19449717,99
TIC 19451299,19451299,99
TIC 19451711,19451711,99
TIC 19488490,19488490,99
TIC 19491373,19491373,99
TIC 19493810,19493810,99
TIC 19494877,19494877,99
TIC 19495076,19495076,99
TIC 19513176,19513176,99
TIC 19519368,19519368,99
TIC 19521505,19521505,99
TIC 19542144,19542144,99
TIC 19545682,19545682,99
TIC 19547831,19547831,99
TIC 19566225,19566225,99
TIC 19566581,19566581,99
TIC 19568026,19568026,99
TIC 19571684,19571684,99
TIC 19572898,19572898,99
TIC 19612326,19612326,99
TIC 19612445,19612445,99
TIC 19620549,19620549,99
TIC 19676627,19676627,99
TIC 19677378,19677378,99
TIC 19684256,19684256,99
TIC 19684898,19684898,99
TIC 19687727,19687727,99
TIC 19688775,19688775,99
TIC 19689961,19689961,99
TIC 19690565,19690565,99
TIC 19693330,19693330,99
TIC 19694662,19694662,99
TIC 19694663,19694663,99
TIC 19765933,19765933,99
TIC 19816156,19816156,99
TIC 19816997,19816997,99
TIC 19817562,19817562,99
TIC 19817889,19817889,99
TIC 19819072,19819072,99
TIC 19821721,19821721,99
TIC 19821722,19821722,99
TIC 19822972,19822972,99
TIC 19825515,19825515,99
TIC 19826447,19826447,99
TIC 19826450,19826450,99
TIC 19904160,19904160,99
TIC 19904216,19904216,99
TIC 19907443,19907443,99
TIC 19911846,19911846,99
TIC 19940400,19940400,99
TIC 19941715,19941715,99
TIC 19944744,19944744,99
TIC 19946620,19946620,99
TIC 19971013,19971013,99
TIC 19971031,19971031,99
TIC 19974817,19974817,99
TIC 19974946,19974946,99
TIC 19976192,19976192,99
TIC 20037193,20037193,99
TIC 20042416,20042416,99
TIC 20067269,20067269,99
TIC 20068107,20068107,99
TIC 20068553,20068553,99
TIC 20086799,20086799,99
TIC 20086939,20086939,99
TIC 20087669,20087669,99
TIC 20090407,20090407,99
TIC 21011493,21011493,99
TIC 21105161,21105161,99
TIC 21106378,21106378,99
TIC 21113446,21113446,99
TIC 21162863,21162863,99
TIC 21163669,21163669,99
TIC 21165132,21165132,99
TIC 21644726,21644726,99
TIC 21712079,21712079,99
TIC 21813791,21813791,99
TIC 21814585,21814585,99
TIC 21814587,21814587,99
TIC 21816201,21816201,99
TIC 21816202,21816202,99
TIC 21818238,21818238,99
TIC 21818299,21818299,99
TIC 21818359,21818359,99
TIC 21840773,21840773,99
TIC 21864073,21864073,99
TIC 21893844,21893844,99
TIC 21894942,21894942,99
TIC 21895899,21895899,99
TIC 21948340,21948340,99
TIC 21948347,21948347,99
TIC 21948901,21948901,99
TIC 21948907,21948907,99
TIC 21951445,21951445,99
TIC 21986991,21986991,99
TIC 22014729,22014729,99
TIC 22016715,22016715,99
TIC 22019290,22019290,99
TIC 22020278,22020278,99
TIC 22021279,22021279,99
TIC 22022963,22022963,99
TIC 22029931,22029931,99
TIC 22081770,22081770,99
TIC 22083201,22083201,99
TIC 22083423,22083423,99
TIC 22085864,22085864,99
TIC 22102358,22102358,99
TIC 22121296,22121296,99
TIC 22121759,22121759,99
TIC 22146154,22146154,99
TIC 22146284,22146284,99
TIC 22217266,22217266,99
TIC 22222900,22222900,99
TIC 22233733,22233733,99
TIC 22234651,22234651,99
TIC 22234795,22234795,99
TIC 22235339,22235339,99
TIC 22235803,22235803,99
TIC 22283726,22283726,99
TIC 22383179,22383179,99
TIC 22647848,22647848,99
TIC 22760680,22760680,99
TIC 22762469,22762469,99
TIC 23187221,23187221,99
TIC 23188797,23188797,99
TIC 23222558,23222558,99
TIC 23228279,23228279,99
TIC 23269122,23269122,99
TIC 23355940,23355940,99
TIC 23385704,23385704,99
TIC 23433261,23433261,99
TIC 23433959,23433959,99
TIC 23475830,23475830,99
TIC 23498333,23498333,99
TIC 23498427,23498427,99
TIC 23559930,23559930,99
TIC 23559976,23559976,99
TIC 23583692,23583692,99
TIC 24436680,24436680,99
TIC 24437871,24437871,99
TIC 24440555,24440555,99
TIC 24441509,24441509,99
TIC 24476320,24476320,99
TIC 24615998,24615998,99
TIC 24620431,24620431,99
TIC 24621832,24621832,99
TIC 24686461,24686461,99
TIC 24687948,24687948,99
TIC 24733359,24733359,99
TIC 24735123,24735123,99
TIC 24837152,24837152,99
TIC 24837248,24837248,99
TIC 24840626,24840626,99
TIC 24840629,24840629,99
TIC 24842600,24842600,99
TIC 24912242,24912242,99
TIC 24914757,24914757,99
TIC 24918650,24918650,99
TIC 24970055,24970055,99
TIC 24972138,24972138,99
TIC 24972140,24972140,99
TIC 24974056,24974056,99
TIC 25055988,25055988,99
TIC 25060155,25060155,99
TIC 25096757,25096757,99
TIC 25102706,25102706,99
TIC 25103282,25103282,99
TIC 25103548,25103548,99
TIC 25159397,25159397,99
TIC 25161053,25161053,99
TIC 25162248,25162248,99
TIC 25164677,25164677,99
TIC 25278108,25278108,99
TIC 25321576,25321576,99
TIC 25377812,25377812,99
TIC 25450219,25450219,99
TIC 25452739,25452739,99
TIC 25457429,25457429,99
TIC 25524289,25524289,99
TIC 25611385,25611385,99
TIC 25671382,25671382,99
TIC 25671745,25671745,99
TIC 25776767,25776767,99
TIC 25778661,25778661,99
TIC 25780537,25780537,99
TIC 25784582,25784582,99
TIC 25784583,25784583,99
TIC 25784722,25784722,99
TIC 25836202,25836202,99
TIC 25836205,25836205,99
TIC 25837463,25837463,99
TIC 25837464,25837464,99
TIC 25899030,25899030,99
TIC 25905620,25905620,99
TIC 25905759,25905759,99
TIC 29631614,29631614,99
TIC 29664663,29664663,99
TIC 29723880,29723880,99
TIC 29726448,29726448,99
TIC 29726450,29726450,99
TIC 29911591,29911591,99
TIC 32645011,32645011,99
TIC 32651288,32651288,99
TIC 32721604,32721604,99
TIC 32822369,32822369,99
TIC 32822378,32822378,99
TIC 32921394,32921394,99
TIC 32988997,32988997,99
TIC 32988999,32988999,99
TIC 32994970,32994970,99
TIC 32994973,32994973,99
TIC 32996636,32996636,99
TIC 33049037,33049037,99
TIC 33159936,33159936,99
TIC 33161246,33161246,99
TIC 33170236,33170236,99
TIC 33173771,33173771,99
TIC 33174050,33174050,99
TIC 33221859,33221859,99
TIC 33223312,33223312,99
TIC 33243603,33243603,99
TIC 33246163,33246163,99
TIC 33248414,33248414,99
TIC 33250468,33250468,99
TIC 33260898,33260898,99
TIC 33301713,33301713,99
TIC 33302785,33302785,99
TIC 33310390,33310390,99
TIC 33406297,33406297,99
TIC 33484911,33484911,99
TIC 33651215,33651215,99
TIC 33654813,33654813,99
TIC 33661827,33661827,99
TIC 33662814,33662814,99
TIC 33721975,33721975,99
TIC 33724884,33724884,99
TIC 33819781,33819781,99
TIC 33822703,33822703,99
TIC 33826259,33826259,99
TIC 33883331,33883331,99
TIC 33973338,33973338,99
TIC 33974979,33974979,99
TIC 33981583,33981583,99
TIC 34068865,34068865,99
TIC 34068883,34068883,99
TIC 34233793,34233793,99
TIC 34294699,34294699,99
TIC 34297761,34297761,99
TIC 34298539,34298539,99
TIC 34300596,34300596,99
TIC 34383768,34383768,99
TIC 34384351,34384351,99
TIC 34499178,34499178,99
TIC 34504326,34504326,99
TIC 34626961,34626961,99
TIC 34634505,34634505,99
TIC 34634769,34634769,99
TIC 34635166,34635166,99
TIC 34737413,34737413,99
TIC 34813771,34813771,99
TIC 34815279,34815279,99
TIC 34870661,34870661,99
TIC 34871128,34871128,99
TIC 34871132,34871132,99
TIC 34876569,34876569,99
TIC 34882119,34882119,99
TIC 34967182,34967182,99
TIC 34978189,34978189,99
TIC 35006277,35006277,99
TIC 35051273,35051273,99
TIC 35055332,35055332,99
TIC 35106764,35106764,99
TIC 35123394,35123394,99
TIC 35126172,35126172,99
TIC 35127609,35127609,99
TIC 35129221,35129221,99
TIC 35129233,35129233,99
TIC 35129589,35129589,99
TIC 35168827,35168827,99
TIC 35221659,35221659,99
TIC 35353027,35353027,99
TIC 35353045,35353045,99
TIC 35358254,35358254,99
TIC 35359078,35359078,99
TIC 35367551,35367551,99
TIC 35367556,35367556,99
TIC 35423825,35423825,99
TIC 35423857,35423857,99
TIC 35429856,35429856,99
TIC 35516889,35516889,99
TIC 35526913,35526913,99
TIC 35528112,35528112,99
TIC 35597850,35597850,99
TIC 35601530,35601530,99
TIC 35652085,35652085,99
TIC 35678037,35678037,99
TIC 35758536,35758536,99
TIC 35801964,35801964,99
TIC 35855047,35855047,99
TIC 35905736,35905736,99
TIC 35905913,35905913,99
TIC 35909965,35909965,99
TIC 35912273,35912273,99
TIC 35920267,35920267,99
TIC 35972578,35972578,99
TIC 35973654,35973654,99
TIC 35976533,35976533,99
TIC 35977125,35977125,99
TIC 36042232,36042232,99
TIC 36077696,36077696,99
TIC 36133817,36133817,99
TIC 36133991,36133991,99
TIC 36225549,36225549,99
TIC 36227841,36227841,99
TIC 36232310,36232310,99
TIC 36328979,36328979,99
TIC 36377030,36377030,99
TIC 36379856,36379856,99
TIC 36381058,36381058,99
TIC 36452991,36452991,99
TIC 36462760,36462760,99
TIC 36535870,36535870,99
TIC 36538701,36538701,99
TIC 36541001,36541001,99
TIC 36607746,36607746,99
TIC 36619393,36619393,99
TIC 36632439,36632439,99
TIC 36712089,36712089,99
TIC 36714241,36714241,99
TIC 36717834,36717834,99
TIC 36718161,36718161,99
TIC 36718592,36718592,99
TIC 36718594,36718594,99
TIC 36719346,36719346,99
TIC 36719347,36719347,99
TIC 36743437,36743437,99
TIC 36754234,36754234,99
TIC 36806408,36806408,99
TIC 36808091,36808091,99
TIC 36808779,36808779,99
TIC 36814460,36814460,99
TIC 36816836,36816836,99
TIC 36817199,36817199,99
TIC 36818033,36818033,99
TIC 36818143,36818143,99
TIC 36846661,36846661,99
TIC 36958337,36958337,99
TIC 37335547,37335547,99
TIC 37364734,37364734,99
TIC 37371801,37371801,99
TIC 37376063,37376063,99
TIC 37376262,37376262,99
TIC 37379932,37379932,99
TIC 37380603,37380603,99
TIC 37430543,37430543,99
TIC 37432869,37432869,99
TIC 37451241,37451241,99
TIC 37451321,37451321,99
TIC 37462239,37462239,99
TIC 37530621,37530621,99
TIC 37569580,37569580,99
TIC 37570528,37570528,99
TIC 37575651,37575651,99
TIC 37589272,37589272,99
TIC 37591208,37591208,99
TIC 37642578,37642578,99
TIC 37644584,37644584,99
TIC 37645424,37645424,99
TIC 37646991,37646991,99
TIC 37685634,37685634,99
TIC 37688556,37688556,99
TIC 37690653,37690653,99
TIC 37690656,37690656,99
TIC 37691927,37691927,99
TIC 37692009,37692009,99
TIC 37692012,37692012,99
TIC 37693102,37693102,99
TIC 37754672,37754672,99
TIC 37756748,37756748,99
TIC 37758544,37758544,99
TIC 37761454,37761454,99
TIC 37787777,37787777,99
TIC 37787780,37787780,99
TIC 37869076,37869076,99
TIC 37919523,37919523,99
TIC 37919807,37919807,99
TIC 37919809,37919809,99
TIC 37921735,37921735,99
TIC 37921741,37921741,99
TIC 37924796,37924796,99
TIC 37924801,37924801,99
TIC 37925216,37925216,99
TIC 37926787,37926787,99
TIC 37927820,37927820,99
TIC 38002591,38002591,99
TIC 38004089,38004089,99
TIC 38005437,38005437,99
TIC 38006982,38006982,99
TIC 38006988,38006988,99
TIC 38011191,38011191,99
TIC 38031073,38031073,99
TIC 38031104,38031104,99
TIC 38038082,38038082,99
TIC 38056779,38056779,99
TIC 38118291,38118291,99
TIC 38120064,38120064,99
TIC 38121517,38121517,99
TIC 38122361,38122361,99
TIC 38124645,38124645,99
TIC 38125059,38125059,99
TIC 38149907,38149907,99
TIC 38149909,38149909,99
TIC 38151688,38151688,99
TIC 38151942,38151942,99
TIC 38153086,38153086,99
TIC 38215537,38215537,99
TIC 38215739,38215739,99
TIC 38220129,38220129,99
TIC 38222463,38222463,99
TIC 38269714,38269714,99
TIC 38299159,38299159,99
TIC 38304058,38304058,99
TIC 38340995,38340995,99
TIC 38340997,38340997,99
TIC 38343638,38343638,99
TIC 38348412,38348412,99
TIC 38454685,38454685,99
TIC 38454876,38454876,99
TIC 38494973,38494973,99
TIC 38497579,38497579,99
TIC 38503309,38503309,99
TIC 38503310,38503310,99
TIC 38567753,38567753,99
TIC 38570182,38570182,99
TIC 38803061,38803061,99
TIC 38914373,38914373,99
TIC 39039921,39039921,99
TIC 39041058,39041058,99
TIC 39041090,39041090,99
TIC 39276230,39276230,99
TIC 39633709,39633709,99
TIC 39761579,39761579,99
TIC 39992051,39992051,99
TIC 40444646,40444646,99
TIC 40583859,40583859,99
TIC 40592100,40592100,99
TIC 40595994,40595994,99
TIC 40709970,40709970,99
TIC 41166007,41166007,99
TIC 41412477,41412477,99
TIC 41412508,41412508,99
TIC 41659964,41659964,99
TIC 42024738,42024738,99
TIC 42024746,42024746,99
TIC 42393048,42393048,99
TIC 42401016,42401016,99
TIC 42616129,42616129,99
TIC 42616952,42616952,99
TIC 42619105,42619105,99
TIC 42974961,42974961,99
TIC 43343195,43343195,99
TIC 43705631,43705631,99
TIC 43824320,43824320,99
TIC 43941112,43941112,99
TIC 44165460,44165460,99
TIC 44180973,44180973,99
TIC 44226892,44226892,99
TIC 44309607,44309607,99
TIC 44371766,44371766,99
TIC 44371768,44371768,99
TIC 44510874,44510874,99
TIC 44514807,44514807,99
TIC 44519683,44519683,99
TIC 44539143,44539143,99
TIC 44566714,44566714,99
TIC 44568897,44568897,99
TIC 44570978,44570978,99
TIC 44571067,44571067,99
TIC 44636740,44636740,99
TIC 44640568,44640568,99
TIC 44640569,44640569,99
TIC 44645100,44645100,99
TIC 44655247,44655247,99
TIC 44661296,44661296,99
TIC 44763021,44763021,99
TIC 44764338,44764338,99
TIC 44772066,44772066,99
TIC 44843526,44843526,99
TIC 44845403,44845403,99
TIC 44851957,44851957,99
TIC 44916961,44916961,99
TIC 44926734,44926734,99
TIC 44987367,44987367,99
TIC 44990085,44990085,99
TIC 44990087,44990087,99
TIC 45044984,45044984,99
TIC 45046261,45046261,99
TIC 45102774,45102774,99
TIC 45156716,45156716,99
TIC 45160286,45160286,99
TIC 45160946,45160946,99
TIC 45163849,45163849,99
TIC 45234567,45234567,99
TIC 45235393,45235393,99
TIC 45238147,45238147,99
TIC 45239182,45239182,99
TIC 45254409,45254409,99
TIC 45258968,45258968,99
TIC 45309661,45309661,99
TIC 45310059,45310059,99
TIC 45380036,45380036,99
TIC 45490164,45490164,99
TIC 45492609,45492609,99
TIC 45494875,45494875,99
TIC 45512573,45512573,99
TIC 45549614,45549614,99
TIC 45555201,45555201,99
TIC 45597870,45597870,99
TIC 45598176,45598176,99
TIC 45599777,45599777,99
TIC 45602275,45602275,99
TIC 45604186,45604186,99
TIC 45604189,45604189,99
TIC 45604747,45604747,99
TIC 45605519,45605519,99
TIC 45605520,45605520,99
TIC 45655786,45655786,99
TIC 45659093,45659093,99
TIC 45752078,45752078,99
TIC 45754445,45754445,99
TIC 45759001,45759001,99
TIC 45770266,45770266,99
TIC 45772916,45772916,99
TIC 45874765,45874765,99
TIC 45877289,45877289,99
TIC 45881495,45881495,99
TIC 45883663,45883663,99
TIC 45917873,45917873,99
TIC 45923190,45923190,99
TIC 45990708,45990708,99
TIC 45993185,45993185,99
TIC 45996325,45996325,99
TIC 46080184,46080184,99
TIC 46085986,46085986,99
TIC 46353228,46353228,99
TIC 46460106,46460106,99
TIC 46464867,46464867,99
TIC 46473449,46473449,99
TIC 46705199,46705199,99
TIC 46746210,46746210,99
TIC 46767887,46767887,99
TIC 46770450,46770450,99
TIC 46770452,46770452,99
TIC 46772383,46772383,99
TIC 46799491,46799491,99
TIC 46802551,46802551,99
TIC 46821941,46821941,99
TIC 46822538,46822538,99
TIC 46822713,46822713,99
TIC 46825557,46825557,99
TIC 46847635,46847635,99
TIC 46850461,46850461,99
TIC 46850463,46850463,99
TIC 46878407,46878407,99
TIC 46879680,46879680,99
TIC 46881667,46881667,99
TIC 46882077,46882077,99
TIC 46882571,46882571,99
TIC 46903632,46903632,99
TIC 46903697,46903697,99
TIC 46904539,46904539,99
TIC 46925043,46925043,99
TIC 46955658,46955658,99
TIC 46955977,46955977,99
TIC 46956144,46956144,99
TIC 46956421,46956421,99
TIC 46999145,46999145,99
TIC 46999289,46999289,99
TIC 47001733,47001733,99
TIC 47003969,47003969,99
TIC 47005222,47005222,99
TIC 47055672,47055672,99
TIC 47056170,47056170,99
TIC 47089299,47089299,99
TIC 47091310,47091310,99
TIC 47123263,47123263,99
TIC 47124170,47124170,99
TIC 47124392,47124392,99
TIC 47142440,47142440,99
TIC 47143814,47143814,99
TIC 47143972,47143972,99
TIC 47144803,47144803,99
TIC 47172504,47172504,99
TIC 47173132,47173132,99
TIC 47174633,47174633,99
TIC 47176380,47176380,99
TIC 47176598,47176598,99
TIC 47179915,47179915,99
TIC 47179916,47179916,99
TIC 47180450,47180450,99
TIC 47211592,47211592,99
TIC 47212091,47212091,99
TIC 47212094,47212094,99
TIC 47214031,47214031,99
TIC 47245818,47245818,99
TIC 47247540,47247540,99
TIC 47249858,47249858,99
TIC 47288727,47288727,99
TIC 47288893,47288893,99
TIC 47288895,47288895,99
TIC 47291596,47291596,99
TIC 47307785,47307785,99
TIC 47315372,47315372,99
TIC 47330872,47330872,99
TIC 47450759,47450759,99
TIC 47481377,47481377,99
TIC 47639780,47639780,99
TIC 47681419,47681419,99
TIC 47682347,47682347,99
TIC 47723906,47723906,99
TIC 47966569,47966569,99
TIC 48011814,48011814,99
TIC 48013854,48013854,99
TIC 48014453,48014453,99
TIC 48014849,48014849,99
TIC 48016265,48016265,99
TIC 48017977,48017977,99
TIC 48059569,48059569,99
TIC 48060149,48060149,99
TIC 48063177,48063177,99
TIC 48103627,48103627,99
TIC 48105859,48105859,99
TIC 48162585,48162585,99
TIC 48209184,48209184,99
TIC 48210046,48210046,99
TIC 48274889,48274889,99
TIC 48276576,48276576,99
TIC 48279084,48279084,99
TIC 48330972,48330972,99
TIC 48333305,48333305,99
TIC 48335612,48335612,99
TIC 48337030,48337030,99
TIC 48375881,48375881,99
TIC 48430763,48430763,99
TIC 48432406,48432406,99
TIC 48476908,48476908,99
TIC 48477974,48477974,99
TIC 48768845,48768845,99
TIC 48780499,48780499,99
TIC 48830068,48830068,99
TIC 48974071,48974071,99
TIC 49001541,49001541,99
TIC 49046811,49046811,99
TIC 49068051,49068051,99
TIC 49068464,49068464,99
TIC 49099038,49099038,99
TIC 50712784,50712784,99
TIC 50715073,50715073,99
TIC 50716374,50716374,99
TIC 50717149,50717149,99
TIC 50719221,50719221,99
TIC 50719863,50719863,99
TIC 50751260,50751260,99
TIC 50758245,50758245,99
TIC 50758624,50758624,99
TIC 50836040,50836040,99
TIC 50896383,50896383,99
TIC 50928777,50928777,99
TIC 50929829,50929829,99
TIC 50930132,50930132,99
TIC 50932657,50932657,99
TIC 50996424,50996424,99
TIC 50998401,50998401,99
TIC 50999545,50999545,99
TIC 51035958,51035958,99
TIC 51101875,51101875,99
TIC 51104452,51104452,99
TIC 51104455,51104455,99
TIC 51106918,51106918,99
TIC 51191085,51191085,99
TIC 51191192,51191192,99
TIC 51193321,51193321,99
TIC 51199109,51199109,99
TIC 51254080,51254080,99
TIC 51254335,51254335,99
TIC 51255709,51255709,99
TIC 51256738,51256738,99
TIC 51322490,51322490,99
TIC 51323394,51323394,99
TIC 51325056,51325056,99
TIC 51325057,51325057,99
TIC 51362920,51362920,99
TIC 51362923,51362923,99
TIC 51362994,51362994,99
TIC 51364215,51364215,99
TIC 51364219,51364219,99
TIC 51365601,51365601,99
TIC 51367593,51367593,99
TIC 51368634,51368634,99
TIC 51370456,51370456,99
TIC 51431668,51431668,99
TIC 51433730,51433730,99
TIC 51434065,51434065,99
TIC 51440901,51440901,99
TIC 51442118,51442118,99
TIC 51443167,51443167,99
TIC 51444349,51444349,99
TIC 51444663,51444663,99
TIC 51509218,51509218,99
TIC 51510104,51510104,99
TIC 51511372,51511372,99
TIC 51511897,51511897,99
TIC 51513275,51513275,99
TIC 51579142,51579142,99
TIC 51582450,51582450,99
TIC 51585034,51585034,99
TIC 51624005,51624005,99
TIC 51867317,51867317,99
TIC 51867343,51867343,99
TIC 51867830,51867830,99
TIC 51870154,51870154,99
TIC 51915236,51915236,99
TIC 51945029,51945029,99
TIC 51947301,51947301,99
TIC 51950059,51950059,99
TIC 51950485,51950485,99
TIC 52007511,52007511,99
TIC 52010651,52010651,99
TIC 52012791,52012791,99
TIC 52013120,52013120,99
TIC 52106348,52106348,99
TIC 52108537,52108537,99
TIC 53547349,53547349,99
TIC 53612113,53612113,99
TIC 53931980,53931980,99
TIC 53957066,53957066,99
TIC 54044014,54044014,99
TIC 54079452,54079452,99
TIC 54082465,54082465,99
TIC 54115923,54115923,99
TIC 54144306,54144306,99
TIC 54148553,54148553,99
TIC 54195770,54195770,99
TIC 54198047,54198047,99
TIC 54198580,54198580,99
TIC 54351053,54351053,99
TIC 54361455,54361455,99
TIC 54415101,54415101,99
TIC 54773966,54773966,99
TIC 54774187,54774187,99
TIC 54777611,54777611,99
TIC 54779347,54779347,99
TIC 54779678,54779678,99
TIC 54780168,54780168,99
TIC 54843485,54843485,99
TIC 54845368,54845368,99
TIC 54845404,54845404,99
TIC 54868323,54868323,99
TIC 54869684,54869684,99
TIC 54870838,54870838,99
TIC 54926434,54926434,99
TIC 54957535,54957535,99
TIC 56546056,56546056,99
TIC 56546695,56546695,99
TIC 56555162,56555162,99
TIC 56555398,56555398,99
TIC 56557252,56557252,99
TIC 56600820,56600820,99
TIC 57261309,57261309,99
TIC 57261312,57261312,99
TIC 60614088,60614088,99
TIC 60619527,60619527,99
TIC 60658382,60658382,99
TIC 60660469,60660469,99
TIC 60682688,60682688,99
TIC 60683473,60683473,99
TIC 60685415,60685415,99
TIC 60687299,60687299,99
TIC 60729268,60729268,99
TIC 60729466,60729466,99
TIC 60729491,60729491,99
TIC 60730507,60730507,99
TIC 60760019,60760019,99
TIC 60760253,60760253,99
TIC 60764070,60764070,99
TIC 60786719,60786719,99
TIC 60788872,60788872,99
TIC 60788949,60788949,99
TIC 60862586,60862586,99
TIC 60864776,60864776,99
TIC 60865101,60865101,99
TIC 60901191,60901191,99
TIC 60901643,60901643,99
TIC 60905191,60905191,99
TIC 60905906,60905906,99
TIC 60907492,60907492,99
TIC 60952336,60952336,99
TIC 60954103,60954103,99
TIC 60954380,60954380,99
TIC 60957422,60957422,99
TIC 60979860,60979860,99
TIC 60982057,60982057,99
TIC 60983070,60983070,99
TIC 60984804,60984804,99
TIC 61001058,61001058,99
TIC 61003656,61003656,99
TIC 61004258,61004258,99
TIC 61039665,61039665,99
TIC 61040744,61040744,99
TIC 61368464,61368464,99
TIC 61371456,61371456,99
TIC 61413837,61413837,99
TIC 61415697,61415697,99
TIC 61482530,61482530,99
TIC 61539454,61539454,99
TIC 61542962,61542962,99
TIC 61594255,61594255,99
TIC 61822201,61822201,99
TIC 61871671,61871671,99
TIC 61940515,61940515,99
TIC 61941944,61941944,99
TIC 61986446,61986446,99
TIC 62355912,62355912,99
TIC 62358382,62358382,99
TIC 62360489,62360489,99
TIC 62455903,62455903,99
TIC 62456052,62456052,99
TIC 62462225,62462225,99
TIC 62475320,62475320,99
TIC 62475469,62475469,99
TIC 62476540,62476540,99
TIC 62480591,62480591,99
TIC 62480770,62480770,99
TIC 62529285,62529285,99
TIC 62530012,62530012,99
TIC 62534844,62534844,99
TIC 62535407,62535407,99
TIC 62569281,62569281,99
TIC 62569341,62569341,99
TIC 62570553,62570553,99
TIC 62576534,62576534,99
TIC 62577001,62577001,99
TIC 62627142,62627142,99
TIC 62627770,62627770,99
TIC 62630658,62630658,99
TIC 62631837,62631837,99
TIC 62647682,62647682,99
TIC 62649125,62649125,99
TIC 62683976,62683976,99
TIC 62685314,62685314,99
TIC 62685906,62685906,99
TIC 62685908,62685908,99
TIC 62686022,62686022,99
TIC 62687230,62687230,99
TIC 62727635,62727635,99
TIC 62729160,62729160,99
TIC 62730206,62730206,99
TIC 62731568,62731568,99
TIC 62734300,62734300,99
TIC 62734648,62734648,99
TIC 66939441,66939441,99
TIC 66939662,66939662,99
TIC 67203165,67203165,99
TIC 67208897,67208897,99
TIC 67211723,67211723,99
TIC 67319732,67319732,99
TIC 67533269,67533269,99
TIC 67534574,67534574,99
TIC 67801852,67801852,99
TIC 67868078,67868078,99
TIC 68418284,68418284,99
TIC 68511480,68511480,99
TIC 68518117,68518117,99
TIC 68595017,68595017,99
TIC 70443079,70443079,99
TIC 70443179,70443179,99
TIC 70443551,70443551,99
TIC 70443554,70443554,99
TIC 70444448,70444448,99
TIC 70506669,70506669,99
TIC 70509982,70509982,99
TIC 70560432,70560432,99
TIC 70566571,70566571,99
TIC 70624037,70624037,99
TIC 70625581,70625581,99
TIC 70676013,70676013,99
TIC 70781964,70781964,99
TIC 71030224,71030224,99
TIC 71032449,71032449,99
TIC 71094440,71094440,99
TIC 71220227,71220227,99
TIC 71224082,71224082,99
TIC 71226677,71226677,99
TIC 71228475,71228475,99
TIC 71246532,71246532,99
TIC 71264154,71264154,99
TIC 71298589,71298589,99
TIC 71302293,71302293,99
TIC 71407717,71407717,99
TIC 71448566,71448566,99
TIC 71489738,71489738,99
TIC 71546916,71546916,99
TIC 71585429,71585429,99
TIC 71590443,71590443,99
TIC 71620115,71620115,99
TIC 71671894,71671894,99
TIC 71704392,71704392,99
TIC 71720393,71720393,99
TIC 71739520,71739520,99
TIC 71834059,71834059,99
TIC 71882750,71882750,99
TIC 72008802,72008802,99
TIC 72061932,72061932,99
TIC 72117906,72117906,99
TIC 72477915,72477915,99
TIC 72478715,72478715,99
TIC 72479538,72479538,99
TIC 72480239,72480239,99
TIC 72482842,72482842,99
TIC 72536626,72536626,99
TIC 72542131,72542131,99
TIC 72542690,72542690,99
TIC 72542944,72542944,99
TIC 72602776,72602776,99
TIC 72603419,72603419,99
TIC 72605231,72605231,99
TIC 72606115,72606115,99
TIC 72656983,72656983,99
TIC 72657741,72657741,99
TIC 72658342,72658342,99
TIC 72666097,72666097,99
TIC 72756853,72756853,99
TIC 72758691,72758691,99
TIC 72797911,72797911,99
TIC 72798121,72798121,99
TIC 72799892,72799892,99
TIC 72799896,72799896,99
TIC 72802368,72802368,99
TIC 72806004,72806004,99
TIC 72842554,72842554,99
TIC 72850009,72850009,99
TIC 72906811,72906811,99
TIC 72912099,72912099,99
TIC 72952802,72952802,99
TIC 72953823,72953823,99
TIC 72956762,72956762,99
TIC 72957934,72957934,99
TIC 72960243,72960243,99
TIC 72992256,72992256,99
TIC 73005766,73005766,99
TIC 73008764,73008764,99
TIC 73009948,73009948,99
TIC 73071814,73071814,99
TIC 73074625,73074625,99
TIC 73074667,73074667,99
TIC 73083251,73083251,99
TIC 73114663,73114663,99
TIC 73117808,73117808,99
TIC 73201323,73201323,99
TIC 73257724,73257724,99
TIC 73308290,73308290,99
TIC 73319029,73319029,99
TIC 73319961,73319961,99
TIC 73319962,73319962,99
TIC 73390896,73390896,99
TIC 73392538,73392538,99
TIC 73411502,73411502,99
TIC 73413457,73413457,99
TIC 73435666,73435666,99
TIC 73440430,73440430,99
TIC 73442228,73442228,99
TIC 73670336,73670336,99
TIC 73717642,73717642,99
TIC 73725048,73725048,99
TIC 73726470,73726470,99
TIC 73764350,73764350,99
TIC 76569867,76569867,99
TIC 76573001,76573001,99
TIC 77101194,77101194,99
TIC 77101201,77101201,99
TIC 77106317,77106317,99
TIC 77245138,77245138,99
TIC 77334137,77334137,99
TIC 77477856,77477856,99
TIC 77478617,77478617,99
TIC 77482535,77482535,99
TIC 77485883,77485883,99
TIC 77520806,77520806,99
TIC 77521023,77521023,99
TIC 77523367,77523367,99
TIC 77525746,77525746,99
TIC 77527511,77527511,99
TIC 77549389,77549389,99
TIC 77549396,77549396,99
TIC 77549823,77549823,99
TIC 77550515,77550515,99
TIC 77550908,77550908,99
TIC 77551215,77551215,99
TIC 77551542,77551542,99
TIC 77551544,77551544,99
TIC 77551564,77551564,99
TIC 77597269,77597269,99
TIC 77736851,77736851,99
TIC 77855134,77855134,99
TIC 78004131,78004131,99
TIC 78008158,78008158,99
TIC 78009874,78009874,99
TIC 78009893,78009893,99
TIC 78104695,78104695,99
TIC 78106977,78106977,99
TIC 78151052,78151052,99
TIC 78277337,78277337,99
TIC 78345494,78345494,99
TIC 78582569,78582569,99
TIC 78585673,78585673,99
TIC 80144740,80144740,99
TIC 80145754,80145754,99
TIC 80212110,80212110,99
TIC 80302288,80302288,99
TIC 80312692,80312692,99
TIC 80384789,80384789,99
TIC 80673107,80673107,99
TIC 80677854,80677854,99
TIC 80847016,80847016,99
TIC 81078129,81078129,99
TIC 81080703,81080703,99
TIC 81085692,81085692,99
TIC 81086852,81086852,99
TIC 81169950,81169950,99
TIC 81549834,81549834,99
TIC 81699853,81699853,99
TIC 81848974,81848974,99
TIC 81854295,81854295,99
TIC 81919107,81919107,99
TIC 81924142,81924142,99
TIC 81926804,81926804,99
TIC 82017300,82017300,99
TIC 82018471,82018471,99
TIC 82102591,82102591,99
TIC 82198136,82198136,99
TIC 82198233,82198233,99
TIC 82590111,82590111,99
TIC 82769677,82769677,99
TIC 88623578,88623578,99
TIC 88625549,88625549,99
TIC 88684250,88684250,99
TIC 88758106,88758106,99
TIC 88794507,88794507,99
TIC 88796572,88796572,99
TIC 88863718,88863718,99
TIC 88915260,88915260,99
TIC 88975469,88975469,99
TIC 88977253,88977253,99
TIC 88999533,88999533,99
TIC 89635056,89635056,99
TIC 89825679,89825679,99
TIC 90048949,90048949,99
TIC 90050066,90050066,99
TIC 90144286,90144286,99
TIC 90801126,90801126,99
TIC 90803175,90803175,99
TIC 91475048,91475048,99
TIC 91626990,91626990,99
TIC 91785988,91785988,99
TIC 91830175,91830175,99
TIC 91907963,91907963,99
TIC 92084398,92084398,99
TIC 92087489,92087489,99
TIC 92094974,92094974,99
TIC 92173551,92173551,99
TIC 92241910,92241910,99
TIC 92247404,92247404,99
TIC 92623659,92623659,99
TIC 92693315,92693315,99
TIC 92755792,92755792,99
TIC 92857904,92857904,99
TIC 93225610,93225610,99
TIC 93227899,93227899,99
TIC 93317283,93317283,99
TIC 93461553,93461553,99
TIC 93621429,93621429,99
TIC 93766461,93766461,99
TIC 93844598,93844598,99
TIC 93941008,93941008,99
TIC 94016706,94016706,99
TIC 94017217,94017217,99
TIC 94017750,94017750,99
TIC 94017782,94017782,99
TIC 94017827,94017827,99
TIC 94342280,94342280,99
TIC 94465914,94465914,99
TIC 94554742,94554742,99
TIC 94555919,94555919,99
TIC 95672530,95672530,99
TIC 95726960,95726960,99
TIC 95728434,95728434,99
TIC 95734213,95734213,99
TIC 95736255,95736255,99
TIC 95736561,95736561,99
TIC 95737472,95737472,99
TIC 95747689,95747689,99
TIC 95747759,95747759,99
TIC 95749776,95749776,99
TIC 95749878,95749878,99
TIC 95751720,95751720,99
TIC 95753170,95753170,99
TIC 95782290,95782290,99
TIC 95787515,95787515,99
TIC 95840695,95840695,99
TIC 95863120,95863120,99
TIC 95867504,95867504,99
TIC 95930915,95930915,99
TIC 95932700,95932700,99
TIC 95960421,95960421,99
TIC 95960987,95960987,99
TIC 95961877,95961877,99
TIC 95962150,95962150,99
TIC 95993030,95993030,99
TIC 95993405,95993405,99
TIC 95995254,95995254,99
TIC 95995523,95995523,99
TIC 96029622,96029622,99
TIC 96030850,96030850,99
TIC 96031988,96031988,99
TIC 96032911,96032911,99
TIC 96033608,96033608,99
TIC 96033960,96033960,99
TIC 96033962,96033962,99
TIC 96034298,96034298,99
TIC 96053424,96053424,99
TIC 96053693,96053693,99
TIC 96055535,96055535,99
TIC 96090423,96090423,99
TIC 96091947,96091947,99
TIC 96093555,96093555,99
TIC 96093556,96093556,99
TIC 96098100,96098100,99
TIC 96102447,96102447,99
TIC 96105534,96105534,99
TIC 96105560,96105560,99
TIC 96106862,96106862,99
TIC 96143845,96143845,99
TIC 96144822,96144822,99
TIC 96144947,96144947,99
TIC 96174244,96174244,99
TIC 100903898,100903898,99
TIC 100905180,100905180,99
TIC 100940818,100940818,99
TIC 100944487,100944487,99
TIC 100944917,100944917,99
TIC 101005778,101005778,99
TIC 101007135,101007135,99
TIC 101007136,101007136,99
TIC 101007184,101007184,99
TIC 101007186,101007186,99
TIC 101060176,101060176,99
TIC 101062050,101062050,99
TIC 101065211,101065211,99
TIC 101105374,101105374,99
TIC 101107414,101107414,99
TIC 101109404,101109404,99
TIC 101135881,101135881,99
TIC 101136248,101136248,99
TIC 101136679,101136679,99
TIC 101170596,101170596,99
TIC 101172135,101172135,99
TIC 101324902,101324902,99
TIC 101383991,101383991,99
TIC 101395259,101395259,99
TIC 101395750,101395750,99
TIC 101397485,101397485,99
TIC 101414764,101414764,99
TIC 101417255,101417255,99
TIC 101422484,101422484,99
TIC 101423934,101423934,99
TIC 101424622,101424622,99
TIC 101424907,101424907,99
TIC 101425424,101425424,99
TIC 101426595,101426595,99
TIC 101426609,101426609,99
TIC 101496135,101496135,99
TIC 101496357,101496357,99
TIC 101497151,101497151,99
TIC 101503099,101503099,99
TIC 101503100,101503100,99
TIC 101529716,101529716,99
TIC 101580449,101580449,99
TIC 101583521,101583521,99
TIC 101585653,101585653,99
TIC 101588793,101588793,99
TIC 101626382,101626382,99
TIC 101762346,101762346,99
TIC 101811578,101811578,99
TIC 101835529,101835529,99
TIC 101837914,101837914,99
TIC 101840286,101840286,99
TIC 101840288,101840288,99
TIC 101840632,101840632,99
TIC 101910252,101910252,99
TIC 101912198,101912198,99
TIC 101919997,101919997,99
TIC 101960313,101960313,99
TIC 101961987,101961987,99
TIC 102052882,102052882,99
TIC 102054863,102054863,99
TIC 102056420,102056420,99
TIC 102061909,102061909,99
TIC 102062334,102062334,99
TIC 102115280,102115280,99
TIC 102118447,102118447,99
TIC 102195230,102195230,99
TIC 102195674,102195674,99
TIC 102208559,102208559,99
TIC 102298050,102298050,99
TIC 102332341,102332341,99
TIC 102336150,102336150,99
TIC 102339995,102339995,99
TIC 102462453,102462453,99
TIC 102465450,102465450,99
TIC 102469853,102469853,99
TIC 102559694,102559694,99
TIC 102622579,102622579,99
TIC 102623290,102623290,99
TIC 102625052,102625052,99
TIC 102625324,102625324,99
TIC 102627317,102627317,99
TIC 102628186,102628186,99
TIC 102628187,102628187,99
TIC 102628474,102628474,99
TIC 102629041,102629041,99
TIC 102764446,102764446,99
TIC 102766158,102766158,99
TIC 102767573,102767573,99
TIC 102767579,102767579,99
TIC 102773127,102773127,99
TIC 102914632,102914632,99
TIC 102914937,102914937,99
TIC 102918144,102918144,99
TIC 102919921,102919921,99
TIC 102921813,102921813,99
TIC 102979707,102979707,99
TIC 102981863,102981863,99
TIC 103061286,103061286,99
TIC 103062114,103062114,99
TIC 103108009,103108009,99
TIC 103109978,103109978,99
TIC 103183399,103183399,99
TIC 103415903,103415903,99
TIC 103554525,103554525,99
TIC 105651765,105651765,99
TIC 105763717,105763717,99
TIC 105766496,105766496,99
TIC 105801182,105801182,99
TIC 105801915,105801915,99
TIC 105803910,105803910,99
TIC 106080157,106080157,99
TIC 106083819,106083819,99
TIC 106144623,106144623,99
TIC 106145033,106145033,99
TIC 106197013,106197013,99
TIC 106199285,106199285,99
TIC 106260533,106260533,99
TIC 106264893,106264893,99
TIC 106309740,106309740,99
TIC 106315029,106315029,99
TIC 106399831,106399831,99
TIC 106400767,106400767,99
TIC 106500043,106500043,99
TIC 106501885,106501885,99
TIC 106633011,106633011,99
TIC 106760549,106760549,99
TIC 106818417,106818417,99
TIC 106885642,106885642,99
TIC 106902943,106902943,99
TIC 106906777,106906777,99
TIC 106986419,106986419,99
TIC 107009027,107009027,99
TIC 114741012,114741012,99
TIC 114744114,114744114,99
TIC 114803441,114803441,99
TIC 114822101,114822101,99
TIC 114824306,114824306,99
TIC 114824706,114824706,99
TIC 114824708,114824708,99
TIC 114826362,114826362,99
TIC 114881521,114881521,99
TIC 114881522,114881522,99
TIC 114882926,114882926,99
TIC 114927729,114927729,99
TIC 114928493,114928493,99
TIC 114932594,114932594,99
TIC 117888314,117888314,99
TIC 117889261,117889261,99
TIC 118021476,118021476,99
TIC 118072143,118072143,99
TIC 118155110,118155110,99
TIC 118158912,118158912,99
TIC 118158916,118158916,99
TIC 118159170,118159170,99
TIC 118201001,118201001,99
TIC 118203927,118203927,99
TIC 118206384,118206384,99
TIC 118287069,118287069,99
TIC 118329434,118329434,99
TIC 118342897,118342897,99
TIC 118342900,118342900,99
TIC 118343203,118343203,99
TIC 118344140,118344140,99
TIC 118425534,118425534,99
TIC 118426050,118426050,99
TIC 118427067,118427067,99
TIC 118428912,118428912,99
TIC 118428917,118428917,99
TIC 118429656,118429656,99
TIC 118486580,118486580,99
TIC 118492185,118492185,99
TIC 118601740,118601740,99
TIC 118601741,118601741,99
TIC 118603213,118603213,99
TIC 118683823,118683823,99
TIC 118688924,118688924,99
TIC 118690168,118690168,99
TIC 118754987,118754987,99
TIC 118811777,118811777,99
TIC 118814061,118814061,99
TIC 118814062,118814062,99
TIC 118814592,118814592,99
TIC 118814594,118814594,99
TIC 118817518,118817518,99
TIC 118828032,118828032,99
TIC 118830094,118830094,99
TIC 118831178,118831178,99
TIC 118906715,118906715,99
TIC 118907356,118907356,99
TIC 118907362,118907362,99
TIC 118913380,118913380,99
TIC 118913927,118913927,99
TIC 118914286,118914286,99
TIC 118956453,118956453,99
TIC 118959513,118959513,99
TIC 119008348,119008348,99
TIC 119054770,119054770,99
TIC 119055252,119055252,99
TIC 119061368,119061368,99
TIC 119080264,119080264,99
TIC 119082265,119082265,99
TIC 119082477,119082477,99
TIC 119082478,119082478,99
TIC 119470339,119470339,99
TIC 119470607,119470607,99
TIC 119470608,119470608,99
TIC 119648132,119648132,99
TIC 119716617,119716617,99
TIC 119786660,119786660,99
TIC 119796296,119796296,99
TIC 119867846,119867846,99
TIC 119922044,119922044,99
TIC 119925786,119925786,99
TIC 120229621,120229621,99
TIC 120649652,120649652,99
TIC 120724393,120724393,99
TIC 120770766,120770766,99
TIC 120856811,120856811,99
TIC 121204895,121204895,99
TIC 121205219,121205219,99
TIC 121205945,121205945,99
TIC 121206801,121206801,99
TIC 121238092,121238092,99
TIC 121284534,121284534,99
TIC 121284864,121284864,99
TIC 121286109,121286109,99
TIC 121286320,121286320,99
TIC 121288627,121288627,99
TIC 121288727,121288727,99
TIC 121319036,121319036,99
TIC 121335077,121335077,99
TIC 121335355,121335355,99
TIC 121335968,121335968,99
TIC 121337930,121337930,99
TIC 121338178,121338178,99
TIC 121338379,121338379,99
TIC 121341000,121341000,99
TIC 121385574,121385574,99
TIC 121389425,121389425,99
TIC 121389437,121389437,99
TIC 121389496,121389496,99
TIC 122578658,122578658,99
TIC 122932611,122932611,99
TIC 123222370,123222370,99
TIC 123223573,123223573,99
TIC 123223660,123223660,99
TIC 123224205,123224205,99
TIC 123253999,123253999,99
TIC 123254075,123254075,99
TIC 123254077,123254077,99
TIC 123254356,123254356,99
TIC 123254422,123254422,99
TIC 124350360,124350360,99
TIC 125802413,125802413,99
TIC 126125073,126125073,99
TIC 126125347,126125347,99
TIC 126461088,126461088,99
TIC 127516619,127516619,99
TIC 127871423,127871423,99
TIC 127880486,127880486,99
TIC 131161215,131161215,99
TIC 131170090,131170090,99
TIC 131530268,131530268,99
TIC 131622544,131622544,99
TIC 131730580,131730580,99
TIC 131732441,131732441,99
TIC 131809703,131809703,99
TIC 131809711,131809711,99
TIC 131853980,131853980,99
TIC 131855129,131855129,99
TIC 131861591,131861591,99
TIC 131968629,131968629,99
TIC 132072538,132072538,99
TIC 132072541,132072541,99
TIC 132164160,132164160,99
TIC 132208116,132208116,99
TIC 132306548,132306548,99
TIC 132479279,132479279,99
TIC 132480701,132480701,99
TIC 132482589,132482589,99
TIC 132542388,132542388,99
TIC 132542405,132542405,99
TIC 132545409,132545409,99
TIC 132553856,132553856,99
TIC 132612097,132612097,99
TIC 132612759,132612759,99
TIC 132643891,132643891,99
TIC 132656665,132656665,99
TIC 132733002,132733002,99
TIC 132736020,132736020,99
TIC 132736769,132736769,99
TIC 132823272,132823272,99
TIC 132825652,132825652,99
TIC 132909878,132909878,99
TIC 132912289,132912289,99
TIC 132914779,132914779,99
TIC 132916101,132916101,99
TIC 132963419,132963419,99
TIC 132966319,132966319,99
TIC 133043643,133043643,99
TIC 133129971,133129971,99
TIC 133331642,133331642,99
TIC 133500507,133500507,99
TIC 133505138,133505138,99
TIC 133506847,133506847,99
TIC 133512515,133512515,99
TIC 133795307,133795307,99
TIC 133800205,133800205,99
TIC 134363162,134363162,99
TIC 134411668,134411668,99
TIC 134420081,134420081,99
TIC 134730105,134730105,99
TIC 135025198,135025198,99
TIC 135036669,135036669,99
TIC 135316211,135316211,99
TIC 135323738,135323738,99
TIC 135610012,135610012,99
TIC 135614358,135614358,99
TIC 135615658,135615658,99
TIC 135615891,135615891,99
TIC 136210262,136210262,99
TIC 136496948,136496948,99
TIC 136504576,136504576,99
TIC 136825133,136825133,99
TIC 136833589,136833589,99
TIC 136840097,136840097,99
TIC 137134240,137134240,99
TIC 137421889,137421889,99
TIC 137736925,137736925,99
TIC 138390103,138390103,99
TIC 138695749,138695749,99
TIC 138700126,138700126,99
TIC 138700367,138700367,99
TIC 138998040,138998040,99
TIC 139314045,139314045,99
TIC 139621206,139621206,99
TIC 139902359,139902359,99
TIC 140176216,140176216,99
TIC 140176613,140176613,99
TIC 142724491,142724491,99
TIC 142725084,142725084,99
TIC 142741200,142741200,99
TIC 142741538,142741538,99
TIC 142742276,142742276,99
TIC 142742998,142742998,99
TIC 142752662,142752662,99
TIC 142753747,142753747,99
TIC 142753989,142753989,99
TIC 142754699,142754699,99
TIC 142755882,142755882,99
TIC 142787022,142787022,99
TIC 142787023,142787023,99
TIC 142787334,142787334,99
TIC 142794334,142794334,99
TIC 142794339,142794339,99
TIC 142795242,142795242,99
TIC 142796051,142796051,99
TIC 142796053,142796053,99
TIC 142796749,142796749,99
TIC 142797582,142797582,99
TIC 142797642,142797642,99
TIC 142797866,142797866,99
TIC 142829003,142829003,99
TIC 142829137,142829137,99
TIC 142830962,142830962,99
TIC 146176377,146176377,99
TIC 146237890,146237890,99
TIC 146238520,146238520,99
TIC 146238523,146238523,99
TIC 146274744,146274744,99
TIC 146311668,146311668,99
TIC 146312018,146312018,99
TIC 146377924,146377924,99
TIC 146377954,146377954,99
TIC 146424925,146424925,99
TIC 146431583,146431583,99
TIC 146433318,146433318,99
TIC 146527092,146527092,99
TIC 146530594,146530594,99
TIC 146587662,146587662,99
TIC 146587982,146587982,99
TIC 146606849,146606849,99
TIC 146608860,146608860,99
TIC 146657951,146657951,99
TIC 146753011,146753011,99
TIC 146758127,146758127,99
TIC 146999446,146999446,99
TIC 147023454,147023454,99
TIC 147188238,147188238,99
TIC 147209584,147209584,99
TIC 147277174,147277174,99
TIC 147614571,147614571,99
TIC 147619615,147619615,99
TIC 147620145,147620145,99
TIC 147620508,147620508,99
TIC 147622676,147622676,99
TIC 149666435,149666435,99
TIC 149694551,149694551,99
TIC 149695235,149695235,99
TIC 149696043,149696043,99
TIC 149697479,149697479,99
TIC 149698595,149698595,99
TIC 149739566,149739566,99
TIC 149743444,149743444,99
TIC 149764390,149764390,99
TIC 149767908,149767908,99
TIC 149767969,149767969,99
TIC 149768287,149768287,99
TIC 149769504,149769504,99
TIC 149769918,149769918,99
TIC 149787261,149787261,99
TIC 149788158,149788158,99
TIC 149842046,149842046,99
TIC 149842501,149842501,99
TIC 149843351,149843351,99
TIC 149844355,149844355,99
TIC 149845414,149845414,99
TIC 149852256,149852256,99
TIC 151634042,151634042,99
TIC 151638441,151638441,99
TIC 151682667,151682667,99
TIC 151763892,151763892,99
TIC 151765052,151765052,99
TIC 151912932,151912932,99
TIC 151936123,151936123,99
TIC 151941232,151941232,99
TIC 151958452,151958452,99
TIC 151959065,151959065,99
TIC 151959727,151959727,99
TIC 151959731,151959731,99
TIC 151960068,151960068,99
TIC 152022381,152022381,99
TIC 152022980,152022980,99
TIC 152023012,152023012,99
TIC 152024989,152024989,99
TIC 152025698,152025698,99
TIC 152026228,152026228,99
TIC 152056666,152056666,99
TIC 152059449,152059449,99
TIC 152060280,152060280,99
TIC 152061708,152061708,99
TIC 152151649,152151649,99
TIC 152172820,152172820,99
TIC 152176559,152176559,99
TIC 152179462,152179462,99
TIC 152229076,152229076,99
TIC 152229940,152229940,99
TIC 152233876,152233876,99
TIC 152281576,152281576,99
TIC 152282134,152282134,99
TIC 152310791,152310791,99
TIC 152312790,152312790,99
TIC 152313290,152313290,99
TIC 152315703,152315703,99
TIC 152316067,152316067,99
TIC 152316686,152316686,99
TIC 152363085,152363085,99
TIC 152363888,152363888,99
TIC 152364904,152364904,99
TIC 152368644,152368644,99
TIC 152393175,152393175,99
TIC 152395748,152395748,99
TIC 152466390,152466390,99
TIC 152479219,152479219,99
TIC 152479368,152479368,99
TIC 152481550,152481550,99
TIC 152481891,152481891,99
TIC 152482621,152482621,99
TIC 152597296,152597296,99
TIC 152597840,152597840,99
TIC 152666380,152666380,99
TIC 158149600,158149600,99
TIC 158197322,158197322,99
TIC 158221526,158221526,99
TIC 158223043,158223043,99
TIC 158224259,158224259,99
TIC 158228464,158228464,99
TIC 158229626,158229626,99
TIC 158229718,158229718,99
TIC 158291350,158291350,99
TIC 158327785,158327785,99
TIC 158330083,158330083,99
TIC 158332434,158332434,99
TIC 158378977,158378977,99
TIC 158381571,158381571,99
TIC 158404133,158404133,99
TIC 158409526,158409526,99
TIC 158411520,158411520,99
TIC 158453849,158453849,99
TIC 158454423,158454423,99
TIC 158543228,158543228,99
TIC 158549099,158549099,99
TIC 158741976,158741976,99
TIC 158747617,158747617,99
TIC 158806320,158806320,99
TIC 160201940,160201940,99
TIC 160205337,160205337,99
TIC 160527775,160527775,99
TIC 160532835,160532835,99
TIC 160532925,160532925,99
TIC 160829956,160829956,99
TIC 161162087,161162087,99
TIC 161739042,161739042,99
TIC 161741123,161741123,99
TIC 162028343,162028343,99
TIC 162092833,162092833,99
TIC 162146411,162146411,99
TIC 162208836,162208836,99
TIC 162211294,162211294,99
TIC 162244106,162244106,99
TIC 162261928,162261928,99
TIC 162308598,162308598,99
TIC 162397998,162397998,99
TIC 162404872,162404872,99
TIC 162481147,162481147,99
TIC 162484935,162484935,99
TIC 162526221,162526221,99
TIC 162530707,162530707,99
TIC 162580295,162580295,99
TIC 162620042,162620042,99
TIC 162626006,162626006,99
TIC 162683152,162683152,99
TIC 162798862,162798862,99
TIC 162799410,162799410,99
TIC 162802706,162802706,99
TIC 162810404,162810404,99
TIC 163024899,163024899,99
TIC 163041049,163041049,99
TIC 163046062,163046062,99
TIC 163081394,163081394,99
TIC 163083738,163083738,99
TIC 163089822,163089822,99
TIC 163186937,163186937,99
TIC 163191008,163191008,99
TIC 163252251,163252251,99
TIC 163254554,163254554,99
TIC 163346476,163346476,99
TIC 163353565,163353565,99
TIC 163354593,163354593,99
TIC 163361708,163361708,99
TIC 163449603,163449603,99
TIC 163450908,163450908,99
TIC 163486329,163486329,99
TIC 163558613,163558613,99
TIC 163563652,163563652,99
TIC 163569386,163569386,99
TIC 163581617,163581617,99
TIC 163585366,163585366,99
TIC 163621376,163621376,99
TIC 163649080,163649080,99
TIC 163650511,163650511,99
TIC 163653342,163653342,99
TIC 163946606,163946606,99
TIC 163956906,163956906,99
TIC 164293200,164293200,99
TIC 165226911,165226911,99
TIC 165263878,165263878,99
TIC 165904594,165904594,99
TIC 165909249,165909249,99
TIC 166236309,166236309,99
TIC 166563438,166563438,99
TIC 166884747,166884747,99
TIC 167214117,167214117,99
TIC 167215719,167215719,99
TIC 167217347,167217347,99
TIC 167533895,167533895,99
TIC 167861264,167861264,99
TIC 167904450,167904450,99
TIC 168160866,168160866,99
TIC 168165478,168165478,99
TIC 168168120,168168120,99
TIC 168205620,168205620,99
TIC 168346285,168346285,99
TIC 168936945,168936945,99
TIC 168937669,168937669,99
TIC 168939636,168939636,99
TIC 168975758,168975758,99
TIC 168976468,168976468,99
TIC 169014336,169014336,99
TIC 169014637,169014637,99
TIC 169014895,169014895,99
TIC 169015406,169015406,99
TIC 169015426,169015426,99
TIC 169015594,169015594,99
TIC 169016671,169016671,99
TIC 169016672,169016672,99
TIC 169051105,169051105,99
TIC 169051107,169051107,99
TIC 169051549,169051549,99
TIC 169053449,169053449,99
TIC 169104876,169104876,99
TIC 169106588,169106588,99
TIC 169107856,169107856,99
TIC 169108295,169108295,99
TIC 169168102,169168102,99
TIC 169168599,169168599,99
TIC 169170811,169170811,99
TIC 169191182,169191182,99
TIC 169195142,169195142,99
TIC 169195306,169195306,99
TIC 169195844,169195844,99
TIC 169468632,169468632,99
TIC 169779833,169779833,99
TIC 170406460,170406460,99
TIC 170407142,170407142,99
TIC 170463675,170463675,99
TIC 170465947,170465947,99
TIC 170466721,170466721,99
TIC 170466784,170466784,99
TIC 170525357,170525357,99
TIC 170526663,170526663,99
TIC 170581961,170581961,99
TIC 170668057,170668057,99
TIC 170670905,170670905,99
TIC 170883267,170883267,99
TIC 170883828,170883828,99
TIC 170885648,170885648,99
TIC 170888068,170888068,99
TIC 170888817,170888817,99
TIC 170889511,170889511,99
TIC 170890165,170890165,99
TIC 170890469,170890469,99
TIC 176395269,176395269,99
TIC 176396833,176396833,99
TIC 176397088,176397088,99
TIC 176397108,176397108,99
TIC 176397207,176397207,99
TIC 176397361,176397361,99
TIC 176397362,176397362,99
TIC 176400189,176400189,99
TIC 176442805,176442805,99
TIC 176444406,176444406,99
TIC 176445717,176445717,99
TIC 176492730,176492730,99
TIC 176496301,176496301,99
TIC 176552763,176552763,99
TIC 176604161,176604161,99
TIC 176607817,176607817,99
TIC 176649257,176649257,99
TIC 176653212,176653212,99
TIC 176658718,176658718,99
TIC 176659885,176659885,99
TIC 176660024,176660024,99
TIC 176660027,176660027,99
TIC 176662246,176662246,99
TIC 176662819,176662819,99
TIC 176683620,176683620,99
TIC 176768911,176768911,99
TIC 176772635,176772635,99
TIC 176772671,176772671,99
TIC 176773084,176773084,99
TIC 176784040,176784040,99
TIC 176785419,176785419,99
TIC 176848605,176848605,99
TIC 176862883,176862883,99
TIC 178340150,178340150,99
TIC 178346262,178346262,99
TIC 178357965,178357965,99
TIC 178364044,178364044,99
TIC 178404424,178404424,99
TIC 178447653,178447653,99
TIC 178449163,178449163,99
TIC 178450465,178450465,99
TIC 178450817,178450817,99
TIC 178471519,178471519,99
TIC 178532624,178532624,99
TIC 178535942,178535942,99
TIC 178539314,178539314,99
TIC 178549165,178549165,99
TIC 178585198,178585198,99
TIC 178623738,178623738,99
TIC 178623740,178623740,99
TIC 178629970,178629970,99
TIC 178646685,178646685,99
TIC 178647520,178647520,99
TIC 178657955,178657955,99
TIC 178663612,178663612,99
TIC 178663873,178663873,99
TIC 178709675,178709675,99
TIC 178712494,178712494,99
TIC 178716657,178716657,99
TIC 178723395,178723395,99
TIC 178738459,178738459,99
TIC 179226628,179226628,99
TIC 179226999,179226999,99
TIC 179277530,179277530,99
TIC 179486821,179486821,99
TIC 179490977,179490977,99
TIC 179662354,179662354,99
TIC 179662356,179662356,99
TIC 179662359,179662359,99
TIC 179663115,179663115,99
TIC 179665922,179665922,99
TIC 179666988,179666988,99
TIC 179666990,179666990,99
TIC 179680877,179680877,99
TIC 179681608,179681608,99
TIC 180172954,180172954,99
TIC 181015118,181015118,99
TIC 181015225,181015225,99
TIC 181059947,181059947,99
TIC 181062415,181062415,99
TIC 181084080,181084080,99
TIC 181114373,181114373,99
TIC 181153195,181153195,99
TIC 181158879,181158879,99
TIC 181163751,181163751,99
TIC 181203963,181203963,99
TIC 181224055,181224055,99
TIC 185084647,185084647,99
TIC 186325202,186325202,99
TIC 186574542,186574542,99
TIC 186611643,186611643,99
TIC 186779497,186779497,99
TIC 186818732,186818732,99
TIC 186925997,186925997,99
TIC 186977784,186977784,99
TIC 187050177,187050177,99
TIC 187104456,187104456,99
TIC 187123483,187123483,99
TIC 187192013,187192013,99
TIC 187242192,187242192,99
TIC 187245538,187245538,99
TIC 187730895,187730895,99
TIC 187923010,187923010,99
TIC 187929872,187929872,99
TIC 187931257,187931257,99
TIC 187988727,187988727,99
TIC 187996893,187996893,99
TIC 188042774,188042774,99
TIC 188043641,188043641,99
TIC 188088554,188088554,99
TIC 188129705,188129705,99
TIC 188210290,188210290,99
TIC 188221781,188221781,99
TIC 188499165,188499165,99
TIC 188747368,188747368,99
TIC 189001681,189001681,99
TIC 189058126,189058126,99
TIC 189062159,189062159,99
TIC 189062660,189062660,99
TIC 189062995,189062995,99
TIC 189090247,189090247,99
TIC 189090682,189090682,99
TIC 189097100,189097100,99
TIC 189103539,189103539,99
TIC 189109594,189109594,99
TIC 189112745,189112745,99
TIC 189113383,189113383,99
TIC 189136670,189136670,99
TIC 189158353,189158353,99
TIC 189163244,189163244,99
TIC 189228811,189228811,99
TIC 189271286,189271286,99
TIC 189271907,189271907,99
TIC 189271909,189271909,99
TIC 189272753,189272753,99
TIC 189272916,189272916,99
TIC 189274252,189274252,99
TIC 189297201,189297201,99
TIC 189300053,189300053,99
TIC 189334583,189334583,99
TIC 189342985,189342985,99
TIC 189387220,189387220,99
TIC 189387790,189387790,99
TIC 189387794,189387794,99
TIC 189388619,189388619,99
TIC 189390061,189390061,99
TIC 189394322,189394322,99
TIC 189402332,189402332,99
TIC 189402469,189402469,99
TIC 189404041,189404041,99
TIC 189408420,189408420,99
TIC 189443737,189443737,99
TIC 189476500,189476500,99
TIC 189478710,189478710,99
TIC 189479494,189479494,99
TIC 189479916,189479916,99
TIC 189513190,189513190,99
TIC 189515538,189515538,99
TIC 189529184,189529184,99
TIC 189534385,189534385,99
TIC 189565557,189565557,99
TIC 189569821,189569821,99
TIC 189570845,189570845,99
TIC 189585273,189585273,99
TIC 189587387,189587387,99
TIC 189617625,189617625,99
TIC 189619748,189619748,99
TIC 189621047,189621047,99
TIC 189623013,189623013,99
TIC 189623014,189623014,99
TIC 189623411,189623411,99
TIC 189624387,189624387,99
TIC 189625051,189625051,99
TIC 189641373,189641373,99
TIC 190267332,190267332,99
TIC 190271688,190271688,99
TIC 191327202,191327202,99
TIC 191562171,191562171,99
TIC 191570373,191570373,99
TIC 191963671,191963671,99
TIC 192083079,192083079,99
TIC 192087959,192087959,99
TIC 192088566,192088566,99
TIC 192088569,192088569,99
TIC 192259856,192259856,99
TIC 192310075,192310075,99
TIC 192332330,192332330,99
TIC 192475503,192475503,99
TIC 192484767,192484767,99
TIC 192538483,192538483,99
TIC 192545917,192545917,99
TIC 192561568,192561568,99
TIC 192865791,192865791,99
TIC 192945188,192945188,99
TIC 192973597,192973597,99
TIC 192988159,192988159,99
TIC 192991819,192991819,99
TIC 193028886,193028886,99
TIC 193032655,193032655,99
TIC 193041823,193041823,99
TIC 193065644,193065644,99
TIC 193070745,193070745,99
TIC 193090606,193090606,99
TIC 193134676,193134676,99
TIC 193159342,193159342,99
TIC 193190992,193190992,99
TIC 193218888,193218888,99
TIC 193222805,193222805,99
TIC 193256497,193256497,99
TIC 193258096,193258096,99
TIC 193272979,193272979,99
TIC 193403895,193403895,99
TIC 193413306,193413306,99
TIC 193907722,193907722,99
TIC 194198618,194198618,99
TIC 194971186,194971186,99
TIC 194971233,194971233,99
TIC 194971486,194971486,99
TIC 195501035,195501035,99
TIC 196670097,196670097,99
TIC 203329235,203329235,99
TIC 207573867,207573867,99
TIC 207718734,207718734,99
TIC 207792130,207792130,99
TIC 207872275,207872275,99
TIC 207875655,207875655,99
TIC 207941389,207941389,99
TIC 208383886,208383886,99
TIC 208573112,208573112,99
TIC 208607938,208607938,99
TIC 208789160,208789160,99
TIC 208791781,208791781,99
TIC 209112607,209112607,99
TIC 209169387,209169387,99
TIC 209300105,209300105,99
TIC 209344961,209344961,99
TIC 209446819,209446819,99
TIC 209615089,209615089,99
TIC 209702928,209702928,99
TIC 209971455,209971455,99
TIC 210096523,210096523,99
TIC 210365233,210365233,99
TIC 210502402,210502402,99
TIC 210782079,210782079,99
TIC 210809900,210809900,99
TIC 210950459,210950459,99
TIC 210956180,210956180,99
TIC 219265534,219265534,99
TIC 219273179,219273179,99
TIC 219349040,219349040,99
TIC 219352040,219352040,99
TIC 219356803,219356803,99
TIC 219356805,219356805,99
TIC 219451004,219451004,99
TIC 219521711,219521711,99
TIC 219532488,219532488,99
TIC 219622190,219622190,99
TIC 219710368,219710368,99
TIC 219716387,219716387,99
TIC 219717739,219717739,99
TIC 219912046,219912046,99
TIC 219917473,219917473,99
TIC 219998377,219998377,99
TIC 219998924,219998924,99
TIC 220005585,220005585,99
TIC 220087530,220087530,99
TIC 220169550,220169550,99
TIC 220173568,220173568,99
TIC 220351632,220351632,99
TIC 220359766,220359766,99
TIC 220440262,220440262,99
TIC 220547837,220547837,99
TIC 220628147,220628147,99
TIC 220628997,220628997,99
TIC 229838097,229838097,99
TIC 229838873,229838873,99
TIC 229846907,229846907,99
TIC 229847062,229847062,99
TIC 229848797,229848797,99
TIC 229849701,229849701,99
TIC 229853985,229853985,99
TIC 229854738,229854738,99
TIC 229856791,229856791,99
TIC 229856792,229856792,99
TIC 229859330,229859330,99
TIC 229862891,229862891,99
TIC 229865592,229865592,99
TIC 241330840,241330840,99
TIC 241358980,241358980,99
TIC 241402261,241402261,99
TIC 241423838,241423838,99
TIC 241469750,241469750,99
TIC 241470109,241470109,99
TIC 241483053,241483053,99
TIC 241525834,241525834,99
TIC 241532550,241532550,99
TIC 241532908,241532908,99
TIC 241550661,241550661,99
TIC 241552893,241552893,99
TIC 241552921,241552921,99
TIC 241559630,241559630,99
TIC 241566175,241566175,99
TIC 241587504,241587504,99
TIC 241626984,241626984,99
TIC 241660076,241660076,99
TIC 241660335,241660335,99
TIC 241661288,241661288,99
TIC 241663740,241663740,99
TIC 241682179,241682179,99
TIC 241685708,241685708,99
TIC 241692860,241692860,99
TIC 241716964,241716964,99
TIC 241719516,241719516,99
TIC 241750015,241750015,99
TIC 241751294,241751294,99
TIC 241761762,241761762,99
TIC 241764766,241764766,99
TIC 241782708,241782708,99
TIC 241787148,241787148,99
TIC 241793168,241793168,99
TIC 242076976,242076976,99
TIC 242080609,242080609,99
TIC 244841647,244841647,99
TIC 244869373,244869373,99
TIC 244871504,244871504,99
TIC 244903149,244903149,99
TIC 244934834,244934834,99
TIC 244970374,244970374,99
TIC 245028673,245028673,99
TIC 245035219,245035219,99
TIC 245036109,245036109,99
TIC 245067047,245067047,99
TIC 245067701,245067701,99
TIC 245074237,245074237,99
TIC 245097779,245097779,99
TIC 245099549,245099549,99
TIC 245177563,245177563,99
TIC 245234229,245234229,99
TIC 245254490,245254490,99
TIC 245338260,245338260,99
TIC 245436719,245436719,99
TIC 245440777,245440777,99
TIC 250119205,250119205,99
TIC 250174789,250174789,99
TIC 250395153,250395153,99
TIC 250431870,250431870,99
TIC 250433668,250433668,99
TIC 253085110,253085110,99
TIC 253102901,253102901,99
TIC 253161759,253161759,99
TIC 253181080,253181080,99
TIC 253182472,253182472,99
TIC 253197611,253197611,99
TIC 253286145,253286145,99
TIC 253308828,253308828,99
TIC 253319385,253319385,99
TIC 253375601,253375601,99
TIC 253394683,253394683,99
TIC 253398821,253398821,99
TIC 253410027,253410027,99
TIC 253422871,253422871,99
TIC 253428296,253428296,99
TIC 253430040,253430040,99
TIC 253432967,253432967,99
TIC 253508604,253508604,99
TIC 253513495,253513495,99
TIC 253951371,253951371,99
TIC 253958220,253958220,99
TIC 253961660,253961660,99
TIC 253961767,253961767,99
TIC 255776006,255776006,99
TIC 255846094,255846094,99
TIC 255854921,255854921,99
TIC 255954832,255954832,99
TIC 255967473,255967473,99
TIC 256243595,256243595,99
TIC 256253582,256253582,99
TIC 256340180,256340180,99
TIC 256462026,256462026,99
TIC 256463485,256463485,99
TIC 256470183,256470183,99
TIC 256589688,256589688,99
TIC 256597468,256597468,99
TIC 256700560,256700560,99
TIC 256813340,256813340,99
TIC 256923591,256923591,99
TIC 257026652,257026652,99
TIC 257274381,257274381,99
TIC 257776531,257776531,99
TIC 258004693,258004693,99
TIC 258007041,258007041,99
TIC 258095326,258095326,99
TIC 258314976,258314976,99
TIC 258328184,258328184,99
TIC 258329308,258329308,99
TIC 258414179,258414179,99
TIC 258608251,258608251,99
TIC 258611508,258611508,99
TIC 258612345,258612345,99
TIC 258615116,258615116,99
TIC 258615387,258615387,99
TIC 258704817,258704817,99
TIC 258705843,258705843,99
TIC 258706265,258706265,99
TIC 259019076,259019076,99
TIC 259021094,259021094,99
TIC 259024844,259024844,99
TIC 259027745,259027745,99
TIC 259120405,259120405,99
TIC 259310287,259310287,99
TIC 259424304,259424304,99
TIC 259437523,259437523,99
TIC 259440345,259440345,99
TIC 259600910,259600910,99
TIC 259602459,259602459,99
TIC 259648079,259648079,99
TIC 259652265,259652265,99
TIC 259723764,259723764,99
TIC 259751257,259751257,99
TIC 259754892,259754892,99
TIC 259761784,259761784,99
TIC 259834419,259834419,99
TIC 259850442,259850442,99
TIC 259853747,259853747,99
TIC 259909186,259909186,99
TIC 259910595,259910595,99
TIC 259921967,259921967,99
TIC 259990394,259990394,99
TIC 259998358,259998358,99
TIC 259999047,259999047,99
TIC 259999795,259999795,99
TIC 260137157,260137157,99
TIC 260204804,260204804,99
TIC 260213937,260213937,99
TIC 260217792,260217792,99
TIC 260316929,260316929,99
TIC 260318516,260318516,99
TIC 260403054,260403054,99
TIC 260405078,260405078,99
TIC 260405552,260405552,99
TIC 260406489,260406489,99
TIC 260493663,260493663,99
TIC 260493699,260493699,99
TIC 260567719,260567719,99
TIC 260646994,260646994,99
TIC 260650678,260650678,99
TIC 260719949,260719949,99
TIC 260768064,260768064,99
TIC 260772408,260772408,99
TIC 260777057,260777057,99
TIC 260833774,260833774,99
TIC 260926702,260926702,99
TIC 260938431,260938431,99
TIC 261122480,261122480,99
TIC 261223334,261223334,99
TIC 261230415,261230415,99
TIC 261233016,261233016,99
TIC 261289662,261289662,99
TIC 261297767,261297767,99
TIC 261389056,261389056,99
TIC 261389834,261389834,99
TIC 261389883,261389883,99
TIC 261585090,261585090,99
TIC 261586418,261586418,99
TIC 261696824,261696824,99
TIC 261706947,261706947,99
TIC 261862960,261862960,99
TIC 261863003,261863003,99
TIC 261875511,261875511,99
TIC 261875527,261875527,99
TIC 261955756,261955756,99
TIC 261993378,261993378,99
TIC 261997895,261997895,99
TIC 262084158,262084158,99
TIC 262126225,262126225,99
TIC 262128099,262128099,99
TIC 262153390,262153390,99
TIC 262153393,262153393,99
TIC 262259472,262259472,99
TIC 262260135,262260135,99
TIC 262263388,262263388,99
TIC 262453834,262453834,99
TIC 262457542,262457542,99
TIC 262553765,262553765,99
TIC 262586274,262586274,99
TIC 262605797,262605797,99
TIC 262722802,262722802,99
TIC 262745150,262745150,99
TIC 262745488,262745488,99
TIC 262747423,262747423,99
TIC 262747655,262747655,99
TIC 262780853,262780853,99
TIC 262822171,262822171,99
TIC 262929483,262929483,99
TIC 262998312,262998312,99
TIC 263018409,263018409,99
TIC 263211317,263211317,99
TIC 263305175,263305175,99
TIC 263313986,263313986,99
TIC 263315158,263315158,99
TIC 263348646,263348646,99
TIC 263352238,263352238,99
TIC 263408272,263408272,99
TIC 263489037,263489037,99
TIC 263523769,263523769,99
TIC 263608626,263608626,99
TIC 263643668,263643668,99
TIC 263665054,263665054,99
TIC 263670135,263670135,99
TIC 263772098,263772098,99
TIC 263784500,263784500,99
TIC 263789026,263789026,99
TIC 263952679,263952679,99
TIC 264142427,264142427,99
TIC 264147612,264147612,99
TIC 264378555,264378555,99
TIC 265301725,265301725,99
TIC 265305109,265305109,99
TIC 265338723,265338723,99
TIC 265350408,265350408,99
TIC 265350422,265350422,99
TIC 265373735,265373735,99
TIC 265373738,265373738,99
TIC 265374317,265374317,99
TIC 265440445,265440445,99
TIC 265444543,265444543,99
TIC 265726892,265726892,99
TIC 265919677,265919677,99
TIC 266508172,266508172,99
TIC 266625355,266625355,99
TIC 267171462,267171462,99
TIC 267519701,267519701,99
TIC 267521367,267521367,99
TIC 267704186,267704186,99
TIC 267712978,267712978,99
TIC 267852693,267852693,99
TIC 268035612,268035612,99
TIC 268136174,268136174,99
TIC 268259920,268259920,99
TIC 268795617,268795617,99
TIC 268988118,268988118,99
TIC 269898043,269898043,99
TIC 269898182,269898182,99
TIC 270001113,270001113,99
TIC 270001455,270001455,99
TIC 270001838,270001838,99
TIC 270023217,270023217,99
TIC 270211145,270211145,99
TIC 270414267,270414267,99
TIC 270456887,270456887,99
TIC 270457662,270457662,99
TIC 270469963,270469963,99
TIC 270471065,270471065,99
TIC 270487298,270487298,99
TIC 270489510,270489510,99
TIC 270561079,270561079,99
TIC 270605099,270605099,99
TIC 270606154,270606154,99
TIC 270650754,270650754,99
TIC 270651745,270651745,99
TIC 270680108,270680108,99
TIC 270680377,270680377,99
TIC 270707674,270707674,99
TIC 270772428,270772428,99
TIC 271108398,271108398,99
TIC 271111798,271111798,99
TIC 271506863,271506863,99
TIC 271701447,271701447,99
TIC 271708665,271708665,99
TIC 271942422,271942422,99
TIC 272015801,272015801,99
TIC 272020227,272020227,99
TIC 272020228,272020228,99
TIC 272064251,272064251,99
TIC 272159436,272159436,99
TIC 272309839,272309839,99
TIC 272314139,272314139,99
TIC 272355255,272355255,99
TIC 272355287,272355287,99
TIC 272440804,272440804,99
TIC 272443295,272443295,99
TIC 272447907,272447907,99
TIC 272448574,272448574,99
TIC 272482277,272482277,99
TIC 272560989,272560989,99
TIC 272581419,272581419,99
TIC 272638098,272638098,99
TIC 272642183,272642183,99
TIC 272643097,272643097,99
TIC 272696713,272696713,99
TIC 272794232,272794232,99
TIC 272807849,272807849,99
TIC 273020661,273020661,99
TIC 273049537,273049537,99
TIC 273052212,273052212,99
TIC 273057056,273057056,99
TIC 273058186,273058186,99
TIC 273128088,273128088,99
TIC 273153230,273153230,99
TIC 273215001,273215001,99
TIC 273220246,273220246,99
TIC 273274163,273274163,99
TIC 273314616,273314616,99
TIC 273321255,273321255,99
TIC 273394199,273394199,99
TIC 273460871,273460871,99
TIC 273460874,273460874,99
TIC 273704200,273704200,99
TIC 273819015,273819015,99
TIC 273911309,273911309,99
TIC 274572769,274572769,99
TIC 274681244,274681244,99
TIC 274681253,274681253,99
TIC 274684383,274684383,99
TIC 275123239,275123239,99
TIC 275126535,275126535,99
TIC 275135893,275135893,99
TIC 275156328,275156328,99
TIC 275178067,275178067,99
TIC 275184915,275184915,99
TIC 275185040,275185040,99
TIC 275185063,275185063,99
TIC 275469540,275469540,99
TIC 275543197,275543197,99
TIC 275591731,275591731,99
TIC 277435848,277435848,99
TIC 277437485,277437485,99
TIC 277439119,277439119,99
TIC 277534954,277534954,99
TIC 280249654,280249654,99
TIC 280381005,280381005,99
TIC 280514622,280514622,99
TIC 280563122,280563122,99
TIC 280647591,280647591,99
TIC 280666903,280666903,99
TIC 280670080,280670080,99
TIC 280672231,280672231,99
TIC 280775141,280775141,99
TIC 280796017,280796017,99
TIC 280797223,280797223,99
TIC 280797224,280797224,99
TIC 280797976,280797976,99
TIC 280850946,280850946,99
TIC 280857321,280857321,99
TIC 280870581,280870581,99
TIC 280871263,280871263,99
TIC 281066674,281066674,99
TIC 281231637,281231637,99
TIC 281232215,281232215,99
TIC 281234286,281234286,99
TIC 281270417,281270417,99
TIC 281270454,281270454,99
TIC 281270489,281270489,99
TIC 281270496,281270496,99
TIC 281270501,281270501,99
TIC 281285820,281285820,99
TIC 281548721,281548721,99
TIC 281557890,281557890,99
TIC 283929077,283929077,99
TIC 283931138,283931138,99
TIC 283994666,283994666,99
TIC 286039259,286039259,99
TIC 286040326,286040326,99
TIC 286055189,286055189,99
TIC 286057139,286057139,99
TIC 286058020,286058020,99
TIC 286098992,286098992,99
TIC 286099128,286099128,99
TIC 286099192,286099192,99
TIC 286132427,286132427,99
TIC 286507416,286507416,99
TIC 286680821,286680821,99
TIC 286683238,286683238,99
TIC 286760054,286760054,99
TIC 286763141,286763141,99
TIC 286794622,286794622,99
TIC 286852895,286852895,99
TIC 286854355,286854355,99
TIC 286855696,286855696,99
TIC 286936272,286936272,99
TIC 286936727,286936727,99
TIC 286936972,286936972,99
TIC 286938395,286938395,99
TIC 286987985,286987985,99
TIC 286998391,286998391,99
TIC 286999694,286999694,99
TIC 286999699,286999699,99
TIC 287003811,287003811,99
TIC 287042952,287042952,99
TIC 287099883,287099883,99
TIC 287579233,287579233,99
TIC 287584141,287584141,99
TIC 287664157,287664157,99
TIC 287664762,287664762,99
TIC 287788560,287788560,99
TIC 287901037,287901037,99
TIC 288020208,288020208,99
TIC 288020745,288020745,99
TIC 288290648,288290648,99
TIC 288464677,288464677,99
TIC 288593298,288593298,99
TIC 288770572,288770572,99
TIC 288825586,288825586,99
TIC 288866941,288866941,99
TIC 288867707,288867707,99
TIC 288965426,288965426,99
TIC 289151666,289151666,99
TIC 289303542,289303542,99
TIC 289334317,289334317,99
TIC 289388103,289388103,99
TIC 289389326,289389326,99
TIC 289393944,289393944,99
TIC 289403176,289403176,99
TIC 289405816,289405816,99
TIC 289409000,289409000,99
TIC 289409074,289409074,99
TIC 289481734,289481734,99
TIC 289535142,289535142,99
TIC 289536727,289536727,99
TIC 289536729,289536729,99
TIC 289539909,289539909,99
TIC 289543180,289543180,99
TIC 289543187,289543187,99
TIC 289593451,289593451,99
TIC 289596470,289596470,99
TIC 289596640,289596640,99
TIC 289597748,289597748,99
TIC 289600366,289600366,99
TIC 289600809,289600809,99
TIC 289620187,289620187,99
TIC 289668154,289668154,99
TIC 289670773,289670773,99
TIC 289671159,289671159,99
TIC 289671403,289671403,99
TIC 289733285,289733285,99
TIC 289986918,289986918,99
TIC 290468539,290468539,99
TIC 290474796,290474796,99
TIC 290511700,290511700,99
TIC 290511701,290511701,99
TIC 290511964,290511964,99
TIC 290514235,290514235,99
TIC 290533249,290533249,99
TIC 290546136,290546136,99
TIC 290546862,290546862,99
TIC 290588609,290588609,99
TIC 290588818,290588818,99
TIC 290599175,290599175,99
TIC 290600010,290600010,99
TIC 290609863,290609863,99
TIC 290611200,290611200,99
TIC 290644031,290644031,99
TIC 290645865,290645865,99
TIC 290646079,290646079,99
TIC 290653193,290653193,99
TIC 290653195,290653195,99
TIC 290653324,290653324,99
TIC 290676048,290676048,99
TIC 290678431,290678431,99
TIC 290678703,290678703,99
TIC 290681168,290681168,99
TIC 290794924,290794924,99
TIC 290891862,290891862,99
TIC 290932786,290932786,99
TIC 291040350,291040350,99
TIC 291042435,291042435,99
TIC 291540474,291540474,99
TIC 291668351,291668351,99
TIC 291766513,291766513,99
TIC 291938677,291938677,99
TIC 292110499,292110499,99
TIC 292234186,292234186,99
TIC 292419302,292419302,99
TIC 292422455,292422455,99
TIC 292426570,292426570,99
TIC 292441719,292441719,99
TIC 292989385,292989385,99
TIC 293183930,293183930,99
TIC 293419639,293419639,99
TIC 293501400,293501400,99
TIC 293520466,293520466,99
TIC 293520468,293520468,99
TIC 293522110,293522110,99
TIC 293522346,293522346,99
TIC 293565030,293565030,99
TIC 293589933,293589933,99
TIC 293595421,293595421,99
TIC 293605011,293605011,99
TIC 293606013,293606013,99
TIC 293606064,293606064,99
TIC 293808242,293808242,99
TIC 293810201,293810201,99
TIC 293811983,293811983,99
TIC 293811985,293811985,99
TIC 293812652,293812652,99
TIC 293841803,293841803,99
TIC 293842341,293842341,99
TIC 293842781,293842781,99
TIC 293843100,293843100,99
TIC 293843386,293843386,99
TIC 293843702,293843702,99
TIC 293844307,293844307,99
TIC 293844315,293844315,99
TIC 293919815,293919815,99
TIC 294013742,294013742,99
TIC 294087284,294087284,99
TIC 294088497,294088497,99
TIC 294090802,294090802,99
TIC 294190351,294190351,99
TIC 294191640,294191640,99
TIC 294226366,294226366,99
TIC 294227441,294227441,99
TIC 294229367,294229367,99
TIC 294230311,294230311,99
TIC 294257082,294257082,99
TIC 294257095,294257095,99
TIC 294261093,294261093,99
TIC 294266638,294266638,99
TIC 294560973,294560973,99
TIC 294569113,294569113,99
TIC 294653616,294653616,99
TIC 294825057,294825057,99
TIC 295245704,295245704,99
TIC 295346435,295346435,99
TIC 295484401,295484401,99
TIC 295498092,295498092,99
TIC 295562522,295562522,99
TIC 295604573,295604573,99
TIC 295757646,295757646,99
TIC 295757659,295757659,99
TIC 295759569,295759569,99
TIC 295853424,295853424,99
TIC 296107877,296107877,99
TIC 296252209,296252209,99
TIC 296252609,296252609,99
TIC 296255331,296255331,99
TIC 296336450,296336450,99
TIC 296354161,296354161,99
TIC 296381245,296381245,99
TIC 296489247,296489247,99
TIC 296491950,296491950,99
TIC 296494110,296494110,99
TIC 296499262,296499262,99
TIC 296501905,296501905,99
TIC 296656196,296656196,99
TIC 296657253,296657253,99
TIC 296672519,296672519,99
TIC 296688052,296688052,99
TIC 296692636,296692636,99
TIC 296723589,296723589,99
TIC 296723590,296723590,99
TIC 296724680,296724680,99
TIC 296728505,296728505,99
TIC 296728898,296728898,99
TIC 296729204,296729204,99
TIC 296737508,296737508,99
TIC 296738596,296738596,99
TIC 296780440,296780440,99
TIC 296780789,296780789,99
TIC 296782131,296782131,99
TIC 296782260,296782260,99
TIC 296782338,296782338,99
TIC 296782339,296782339,99
TIC 296782690,296782690,99
TIC 296783943,296783943,99
TIC 296805612,296805612,99
TIC 296841367,296841367,99
TIC 296969980,296969980,99
TIC 297060389,297060389,99
TIC 297097878,297097878,99
TIC 297098109,297098109,99
TIC 297214794,297214794,99
TIC 297348512,297348512,99
TIC 297458323,297458323,99
TIC 297458571,297458571,99
TIC 297541952,297541952,99
TIC 297543669,297543669,99
TIC 297549250,297549250,99
TIC 297549444,297549444,99
TIC 297549461,297549461,99
TIC 297628338,297628338,99
TIC 297668572,297668572,99
TIC 297670501,297670501,99
TIC 298111358,298111358,99
TIC 298911612,298911612,99
TIC 299453721,299453721,99
TIC 299953878,299953878,99
TIC 299967735,299967735,99
TIC 299967736,299967736,99
TIC 300032659,300032659,99
TIC 300032879,300032879,99
TIC 300032883,300032883,99
TIC 300041627,300041627,99
TIC 300042033,300042033,99
TIC 300043734,300043734,99
TIC 300295060,300295060,99
TIC 300573008,300573008,99
TIC 301005579,301005579,99
TIC 301227845,301227845,99
TIC 303206416,303206416,99
TIC 303225294,303225294,99
TIC 303234175,303234175,99
TIC 303297349,303297349,99
TIC 303301814,303301814,99
TIC 303399455,303399455,99
TIC 303420050,303420050,99
TIC 303519120,303519120,99
TIC 303523084,303523084,99
TIC 303582782,303582782,99
TIC 303641461,303641461,99
TIC 303724255,303724255,99
TIC 303733688,303733688,99
TIC 303810866,303810866,99
TIC 303818223,303818223,99
TIC 303884894,303884894,99
TIC 304142124,304142124,99
TIC 304149581,304149581,99
TIC 304164760,304164760,99
TIC 304286537,304286537,99
TIC 304355898,304355898,99
TIC 304414131,304414131,99
TIC 304425262,304425262,99
TIC 304643800,304643800,99
TIC 304894154,304894154,99
TIC 305127595,305127595,99
TIC 305348686,305348686,99
TIC 305508891,305508891,99
TIC 305508893,305508893,99
TIC 305539512,305539512,99
TIC 305540712,305540712,99
TIC 305565413,305565413,99
TIC 305693987,305693987,99
TIC 305751503,305751503,99
TIC 305809276,305809276,99
TIC 305819977,305819977,99
TIC 305892425,305892425,99
TIC 305902436,305902436,99
TIC 306255021,306255021,99
TIC 306384457,306384457,99
TIC 306410072,306410072,99
TIC 306415958,306415958,99
TIC 306548914,306548914,99
TIC 306756493,306756493,99
TIC 306794731,306794731,99
TIC 306844182,306844182,99
TIC 306916925,306916925,99
TIC 306992814,306992814,99
TIC 307071791,307071791,99
TIC 307105496,307105496,99
TIC 307259792,307259792,99
TIC 307416662,307416662,99
TIC 307624961,307624961,99
TIC 307697238,307697238,99
TIC 307709641,307709641,99
TIC 307771445,307771445,99
TIC 307799719,307799719,99
TIC 307799727,307799727,99
TIC 307799993,307799993,99
TIC 307799997,307799997,99
TIC 307800599,307800599,99
TIC 307900273,307900273,99
TIC 307905437,307905437,99
TIC 307934688,307934688,99
TIC 307934757,307934757,99
TIC 307979845,307979845,99
TIC 308006921,308006921,99
TIC 308006931,308006931,99
TIC 308339884,308339884,99
TIC 308429510,308429510,99
TIC 308581657,308581657,99
TIC 308594981,308594981,99
TIC 308640489,308640489,99
TIC 308643345,308643345,99
TIC 308643885,308643885,99
TIC 308644598,308644598,99
TIC 308646030,308646030,99
TIC 308690833,308690833,99
TIC 308692360,308692360,99
TIC 308694635,308694635,99
TIC 308741897,308741897,99
TIC 308744177,308744177,99
TIC 308769611,308769611,99
TIC 308818588,308818588,99
TIC 308838551,308838551,99
TIC 308884599,308884599,99
TIC 308885486,308885486,99
TIC 308944376,308944376,99
TIC 308971312,308971312,99
TIC 308976746,308976746,99
TIC 308985557,308985557,99
TIC 308986394,308986394,99
TIC 309025727,309025727,99
TIC 309027449,309027449,99
TIC 309033091,309033091,99
TIC 309083667,309083667,99
TIC 309523447,309523447,99
TIC 309537028,309537028,99
TIC 309913305,309913305,99
TIC 309920793,309920793,99
TIC 310009611,310009611,99
TIC 310014246,310014246,99
TIC 310120999,310120999,99
TIC 310124761,310124761,99
TIC 310138892,310138892,99
TIC 310146917,310146917,99
TIC 310149582,310149582,99
TIC 310251314,310251314,99
TIC 310496058,310496058,99
TIC 310496060,310496060,99
TIC 310497279,310497279,99
TIC 310500086,310500086,99
TIC 310555052,310555052,99
TIC 310595515,310595515,99
TIC 310712554,310712554,99
TIC 310817678,310817678,99
TIC 310821145,310821145,99
TIC 310822679,310822679,99
TIC 310883625,310883625,99
TIC 311045472,311045472,99
TIC 311072421,311072421,99
TIC 311084000,311084000,99
TIC 311137422,311137422,99
TIC 311252710,311252710,99
TIC 311348962,311348962,99
TIC 311372693,311372693,99
TIC 311374627,311374627,99
TIC 311380607,311380607,99
TIC 311834300,311834300,99
TIC 311839401,311839401,99
TIC 311839496,311839496,99
TIC 311846145,311846145,99
TIC 311849870,311849870,99
TIC 311974133,311974133,99
TIC 312129805,312129805,99
TIC 312202703,312202703,99
TIC 312213695,312213695,99
TIC 312213701,312213701,99
TIC 312214200,312214200,99
TIC 312700722,312700722,99
TIC 312709710,312709710,99
TIC 312804791,312804791,99
TIC 312806334,312806334,99
TIC 313051749,313051749,99
TIC 313263000,313263000,99
TIC 313264505,313264505,99
TIC 313264753,313264753,99
TIC 313267144,313267144,99
TIC 313268063,313268063,99
TIC 313367898,313367898,99
TIC 313747247,313747247,99
TIC 313748778,313748778,99
TIC 313749663,313749663,99
TIC 313781919,313781919,99
TIC 313854259,313854259,99
TIC 313907706,313907706,99
TIC 314265097,314265097,99
TIC 314279958,314279958,99
TIC 314316001,314316001,99
TIC 314393072,314393072,99
TIC 314401071,314401071,99
TIC 314445368,314445368,99
TIC 314624925,314624925,99
TIC 315002523,315002523,99
TIC 315035146,315035146,99
TIC 315092909,315092909,99
TIC 315096343,315096343,99
TIC 315098580,315098580,99
TIC 315098995,315098995,99
TIC 315116996,315116996,99
TIC 315117300,315117300,99
TIC 315120285,315120285,99
TIC 315120585,315120585,99
TIC 315340047,315340047,99
TIC 315350812,315350812,99
TIC 315450550,315450550,99
TIC 315556035,315556035,99
TIC 315568090,315568090,99
TIC 315658083,315658083,99
TIC 315710244,315710244,99
TIC 315791631,315791631,99
TIC 315994085,315994085,99
TIC 316109648,316109648,99
TIC 316295827,316295827,99
TIC 316376374,316376374,99
TIC 316422737,316422737,99
TIC 316430346,316430346,99
TIC 316496087,316496087,99
TIC 316504931,316504931,99
TIC 316758849,316758849,99
TIC 316926102,316926102,99
TIC 317046099,317046099,99
TIC 317224575,317224575,99
TIC 317362389,317362389,99
TIC 317398208,317398208,99
TIC 317497603,317497603,99
TIC 317497604,317497604,99
TIC 317534639,317534639,99
TIC 317634909,317634909,99
TIC 317937518,317937518,99
TIC 318003792,318003792,99
TIC 318163669,318163669,99
TIC 318463423,318463423,99
TIC 318463593,318463593,99
TIC 318922919,318922919,99
TIC 319057436,319057436,99
TIC 319216836,319216836,99
TIC 319304848,319304848,99
TIC 319306883,319306883,99
TIC 319486459,319486459,99
TIC 319500462,319500462,99
TIC 319506938,319506938,99
TIC 319508664,319508664,99
TIC 319638864,319638864,99
TIC 319643773,319643773,99
TIC 319809753,319809753,99
TIC 319935087,319935087,99
TIC 319939332,319939332,99
TIC 320076676,320076676,99
TIC 320231896,320231896,99
TIC 320723172,320723172,99
TIC 320855910,320855910,99
TIC 321049291,321049291,99
TIC 321165740,321165740,99
TIC 321170258,321170258,99
TIC 321299050,321299050,99
TIC 321353817,321353817,99
TIC 321457468,321457468,99
TIC 321656644,321656644,99
TIC 321662206,321662206,99
TIC 321773786,321773786,99
TIC 321774750,321774750,99
TIC 322229213,322229213,99
TIC 322418709,322418709,99
TIC 322422655,322422655,99
TIC 322553608,322553608,99
TIC 322769378,322769378,99
TIC 322909720,322909720,99
TIC 322994618,322994618,99
TIC 323150473,323150473,99
TIC 323342147,323342147,99
TIC 323954594,323954594,99
TIC 324409972,324409972,99
TIC 324587201,324587201,99
TIC 324847564,324847564,99
TIC 324866632,324866632,99
TIC 324981153,324981153,99
TIC 324996780,324996780,99
TIC 325105757,325105757,99
TIC 325170579,325170579,99
TIC 325377141,325377141,99
TIC 325424390,325424390,99
TIC 325794885,325794885,99
TIC 325820602,325820602,99
TIC 326043263,326043263,99
TIC 326310147,326310147,99
TIC 326467176,326467176,99
TIC 326538408,326538408,99
TIC 326547481,326547481,99
TIC 326942590,326942590,99
TIC 327147732,327147732,99
TIC 327150358,327150358,99
TIC 327156428,327156428,99
TIC 327160647,327160647,99
TIC 327161947,327161947,99
TIC 327322205,327322205,99
TIC 327773535,327773535,99
TIC 327774344,327774344,99
TIC 327925616,327925616,99
TIC 327931726,327931726,99
TIC 328329822,328329822,99
TIC 328476086,328476086,99
TIC 328691515,328691515,99
TIC 328989123,328989123,99
TIC 329067981,329067981,99
TIC 329090488,329090488,99
TIC 329162201,329162201,99
TIC 329193908,329193908,99
TIC 329197261,329197261,99
TIC 329197656,329197656,99
TIC 329204700,329204700,99
TIC 329368970,329368970,99
TIC 329459784,329459784,99
TIC 329483109,329483109,99
TIC 329488484,329488484,99
TIC 329530621,329530621,99
TIC 329539486,329539486,99
TIC 329540724,329540724,99
TIC 329691586,329691586,99
TIC 329693923,329693923,99
TIC 329698341,329698341,99
TIC 329791861,329791861,99
TIC 329806935,329806935,99
TIC 330014070,330014070,99
TIC 330140211,330140211,99
TIC 330303598,330303598,99
TIC 330304467,330304467,99
TIC 330305155,330305155,99
TIC 330307739,330307739,99
TIC 330565441,330565441,99
TIC 330683299,330683299,99
TIC 330684489,330684489,99
TIC 330971549,330971549,99
TIC 330971560,330971560,99
TIC 330987798,330987798,99
TIC 331325958,331325958,99
TIC 331327236,331327236,99
TIC 331396281,331396281,99
TIC 331664814,331664814,99
TIC 332012383,332012383,99
TIC 332017079,332017079,99
TIC 332017722,332017722,99
TIC 332017724,332017724,99
TIC 332020324,332020324,99
TIC 332066433,332066433,99
TIC 332076204,332076204,99
TIC 332160984,332160984,99
TIC 332163041,332163041,99
TIC 332167674,332167674,99
TIC 332266728,332266728,99
TIC 332345656,332345656,99
TIC 332354219,332354219,99
TIC 332404833,332404833,99
TIC 332481223,332481223,99
TIC 332484776,332484776,99
TIC 332510406,332510406,99
TIC 332513177,332513177,99
TIC 332560096,332560096,99
TIC 332560116,332560116,99
TIC 332561638,332561638,99
TIC 332561639,332561639,99
TIC 332564140,332564140,99
TIC 332565410,332565410,99
TIC 332631472,332631472,99
TIC 332633549,332633549,99
TIC 332633554,332633554,99
TIC 332633618,332633618,99
TIC 332634751,332634751,99
TIC 332658031,332658031,99
TIC 332674122,332674122,99
TIC 332703198,332703198,99
TIC 332704669,332704669,99
TIC 332705368,332705368,99
TIC 332711681,332711681,99
TIC 332712629,332712629,99
TIC 332724839,332724839,99
TIC 332789595,332789595,99
TIC 332841294,332841294,99
TIC 332880327,332880327,99
TIC 332887363,332887363,99
TIC 333011691,333011691,99
TIC 333022708,333022708,99
TIC 333107940,333107940,99
TIC 333127661,333127661,99
TIC 333128094,333128094,99
TIC 333128099,333128099,99
TIC 333128265,333128265,99
TIC 333192137,333192137,99
TIC 333193271,333193271,99
TIC 333194329,333194329,99
TIC 333212104,333212104,99
TIC 333218248,333218248,99
TIC 333290117,333290117,99
TIC 333292021,333292021,99
TIC 333296465,333296465,99
TIC 333299727,333299727,99
TIC 333380418,333380418,99
TIC 333544395,333544395,99
TIC 333571745,333571745,99
TIC 333572754,333572754,99
TIC 333666707,333666707,99
TIC 333670665,333670665,99
TIC 333670784,333670784,99
TIC 333670854,333670854,99
TIC 333776604,333776604,99
TIC 333890372,333890372,99
TIC 333922671,333922671,99
TIC 333926801,333926801,99
TIC 334024558,334024558,99
TIC 334214822,334214822,99
TIC 334217681,334217681,99
TIC 334220146,334220146,99
TIC 334221682,334221682,99
TIC 334434789,334434789,99
TIC 334496224,334496224,99
TIC 334510708,334510708,99
TIC 334511196,334511196,99
TIC 334564391,334564391,99
TIC 334569267,334569267,99
TIC 334630157,334630157,99
TIC 334630700,334630700,99
TIC 334631792,334631792,99
TIC 334632171,334632171,99
TIC 334632624,334632624,99
TIC 334653999,334653999,99
TIC 334656125,334656125,99
TIC 334683390,334683390,99
TIC 334762203,334762203,99
TIC 334787070,334787070,99
TIC 334791971,334791971,99
TIC 334863760,334863760,99
TIC 335098724,335098724,99
TIC 335127620,335127620,99
TIC 335129646,335129646,99
TIC 335601502,335601502,99
TIC 335836870,335836870,99
TIC 335941730,335941730,99
TIC 336183422,336183422,99
TIC 336343562,336343562,99
TIC 336654031,336654031,99
TIC 336781117,336781117,99
TIC 337162994,337162994,99
TIC 337231536,337231536,99
TIC 337364872,337364872,99
TIC 337369561,337369561,99
TIC 337446331,337446331,99
TIC 337719841,337719841,99
TIC 337805839,337805839,99
TIC 337919172,337919172,99
TIC 338012707,338012707,99
TIC 338041818,338041818,99
TIC 338130487,338130487,99
TIC 338135528,338135528,99
TIC 338141388,338141388,99
TIC 338465029,338465029,99
TIC 338655597,338655597,99
TIC 338787155,338787155,99
TIC 338791659,338791659,99
TIC 339103953,339103953,99
TIC 339178334,339178334,99
TIC 339511910,339511910,99
TIC 339643531,339643531,99
TIC 339745285,339745285,99
TIC 340327767,340327767,99
TIC 340864805,340864805,99
TIC 341379790,341379790,99
TIC 341693821,341693821,99
TIC 341863855,341863855,99
TIC 341978358,341978358,99
TIC 342501656,342501656,99
TIC 342587478,342587478,99
TIC 342721199,342721199,99
TIC 342891780,342891780,99
TIC 342898231,342898231,99
TIC 343001016,343001016,99
TIC 343306937,343306937,99
TIC 343706897,343706897,99
TIC 345179937,345179937,99
TIC 347357977,347357977,99
TIC 347409049,347409049,99
TIC 347415411,347415411,99
TIC 347441431,347441431,99
TIC 347441674,347441674,99
TIC 347443070,347443070,99
TIC 347445677,347445677,99
TIC 347446983,347446983,99
TIC 347446992,347446992,99
TIC 347506869,347506869,99
TIC 347507271,347507271,99
TIC 347512869,347512869,99
TIC 347516216,347516216,99
TIC 347545634,347545634,99
TIC 347546907,347546907,99
TIC 347546931,347546931,99
TIC 347574391,347574391,99
TIC 348680195,348680195,99
TIC 348681806,348681806,99
TIC 348684814,348684814,99
TIC 348685499,348685499,99
TIC 348686540,348686540,99
TIC 348753406,348753406,99
TIC 348754006,348754006,99
TIC 348755728,348755728,99
TIC 348756659,348756659,99
TIC 348759043,348759043,99
TIC 348777689,348777689,99
TIC 348785143,348785143,99
TIC 348788705,348788705,99
TIC 348792049,348792049,99
TIC 348831962,348831962,99
TIC 348832054,348832054,99
TIC 348835438,348835438,99
TIC 348836257,348836257,99
TIC 348837071,348837071,99
TIC 348837162,348837162,99
TIC 348837576,348837576,99
TIC 348837694,348837694,99
TIC 348837698,348837698,99
TIC 348838355,348838355,99
TIC 348882376,348882376,99
TIC 348884325,348884325,99
TIC 348884926,348884926,99
TIC 348901198,348901198,99
TIC 348903049,348903049,99
TIC 348903338,348903338,99
TIC 348903900,348903900,99
TIC 348938351,348938351,99
TIC 348939405,348939405,99
TIC 348964236,348964236,99
TIC 348964243,348964243,99
TIC 350193559,350193559,99
TIC 350224550,350224550,99
TIC 350224607,350224607,99
TIC 350228788,350228788,99
TIC 356371610,356371610,99
TIC 356372450,356372450,99
TIC 356373194,356373194,99
TIC 356374340,356374340,99
TIC 356374341,356374341,99
TIC 358550747,358550747,99
TIC 358553521,358553521,99
TIC 358553681,358553681,99
TIC 358556285,358556285,99
TIC 358557578,358557578,99
TIC 358557993,358557993,99
TIC 358559634,358559634,99
TIC 358676170,358676170,99
TIC 358757194,358757194,99
TIC 358831752,358831752,99
TIC 358838026,358838026,99
TIC 358838969,358838969,99
TIC 358841149,358841149,99
TIC 358850883,358850883,99
TIC 359308747,359308747,99
TIC 359426350,359426350,99
TIC 359426829,359426829,99
TIC 359426928,359426928,99
TIC 359523751,359523751,99
TIC 359997243,359997243,99
TIC 360155170,360155170,99
TIC 360170160,360170160,99
TIC 360259506,360259506,99
TIC 360259773,360259773,99
TIC 360263464,360263464,99
TIC 360275913,360275913,99
TIC 360331777,360331777,99
TIC 360420941,360420941,99
TIC 360560877,360560877,99
TIC 360626737,360626737,99
TIC 360764236,360764236,99
TIC 361043709,361043709,99
TIC 361185960,361185960,99
TIC 361530422,361530422,99
TIC 361532402,361532402,99
TIC 361725670,361725670,99
TIC 362370757,362370757,99
TIC 362613823,362613823,99
TIC 362616860,362616860,99
TIC 362714717,362714717,99
TIC 362982246,362982246,99
TIC 363068436,363068436,99
TIC 363075229,363075229,99
TIC 363326796,363326796,99
TIC 364516534,364516534,99
TIC 364660305,364660305,99
TIC 364757285,364757285,99
TIC 364892480,364892480,99
TIC 366018268,366018268,99
TIC 366019099,366019099,99
TIC 366090760,366090760,99
TIC 369197734,369197734,99
TIC 369419402,369419402,99
TIC 370189469,370189469,99
TIC 370586706,370586706,99
TIC 371090333,371090333,99
TIC 371090342,371090342,99
TIC 374094863,374094863,99
TIC 374164132,374164132,99
TIC 375349954,375349954,99
TIC 375353364,375353364,99
TIC 375353623,375353623,99
TIC 375354652,375354652,99
TIC 375363552,375363552,99
TIC 375363777,375363777,99
TIC 375442569,375442569,99
TIC 375474411,375474411,99
TIC 375475496,375475496,99
TIC 375477302,375477302,99
TIC 375567151,375567151,99
TIC 375627282,375627282,99
TIC 375629423,375629423,99
TIC 375895514,375895514,99
TIC 376269681,376269681,99
TIC 376380463,376380463,99
TIC 376564001,376564001,99
TIC 378726058,378726058,99
TIC 379012185,379012185,99
TIC 379121408,379121408,99
TIC 379220318,379220318,99
TIC 379339467,379339467,99
TIC 379546066,379546066,99
TIC 379547687,379547687,99
TIC 379648762,379648762,99
TIC 379717270,379717270,99
TIC 379783522,379783522,99
TIC 379870355,379870355,99
TIC 379870683,379870683,99
TIC 379928261,379928261,99
TIC 380258952,380258952,99
TIC 380353415,380353415,99
TIC 380444415,380444415,99
TIC 380502855,380502855,99
TIC 380505364,380505364,99
TIC 380528770,380528770,99
TIC 380531995,380531995,99
TIC 380691628,380691628,99
TIC 380695266,380695266,99
TIC 381040922,381040922,99
TIC 381628679,381628679,99
TIC 381643517,381643517,99
TIC 381750385,381750385,99
TIC 381838186,381838186,99
TIC 381867133,381867133,99
TIC 381941359,381941359,99
TIC 381946417,381946417,99
TIC 382167682,382167682,99
TIC 382214717,382214717,99
TIC 382283326,382283326,99
TIC 382515892,382515892,99
TIC 383186546,383186546,99
TIC 383187292,383187292,99
TIC 383188651,383188651,99
TIC 383217734,383217734,99
TIC 383218227,383218227,99
TIC 383416345,383416345,99
TIC 383492888,383492888,99
TIC 383496046,383496046,99
TIC 384578594,384578594,99
TIC 384932137,384932137,99
TIC 386011248,386011248,99
TIC 386255243,386255243,99
TIC 386255379,386255379,99
TIC 386255380,386255380,99
TIC 386258533,386258533,99
TIC 386259537,386259537,99
TIC 386262459,386262459,99
TIC 386317078,386317078,99
TIC 386317531,386317531,99
TIC 386317536,386317536,99
TIC 386372936,386372936,99
TIC 386377309,386377309,99
TIC 386429851,386429851,99
TIC 386431674,386431674,99
TIC 386432905,386432905,99
TIC 386432906,386432906,99
TIC 386432951,386432951,99
TIC 386435344,386435344,99
TIC 386456916,386456916,99
TIC 386458569,386458569,99
TIC 386461608,386461608,99
TIC 386462117,386462117,99
TIC 386517907,386517907,99
TIC 386518121,386518121,99
TIC 386520912,386520912,99
TIC 386535539,386535539,99
TIC 386538221,386538221,99
TIC 388118001,388118001,99
TIC 388483448,388483448,99
TIC 389038310,389038310,99
TIC 389040826,389040826,99
TIC 389148254,389148254,99
TIC 389933651,389933651,99
TIC 389994091,389994091,99
TIC 389999924,389999924,99
TIC 390001605,390001605,99
TIC 390100628,390100628,99
TIC 390100633,390100633,99
TIC 390191001,390191001,99
TIC 390226317,390226317,99
TIC 390320354,390320354,99
TIC 390444761,390444761,99
TIC 390476282,390476282,99
TIC 390476761,390476761,99
TIC 390533966,390533966,99
TIC 390541031,390541031,99
TIC 390544783,390544783,99
TIC 390546588,390546588,99
TIC 390668634,390668634,99
TIC 390670669,390670669,99
TIC 390670978,390670978,99
TIC 390675012,390675012,99
TIC 390676570,390676570,99
TIC 390676750,390676750,99
TIC 390677527,390677527,99
TIC 390680913,390680913,99
TIC 390681348,390681348,99
TIC 390682554,390682554,99
TIC 390756229,390756229,99
TIC 390756608,390756608,99
TIC 390954865,390954865,99
TIC 390955053,390955053,99
TIC 390967697,390967697,99
TIC 391035661,391035661,99
TIC 391039474,391039474,99
TIC 391039604,391039604,99
TIC 391039829,391039829,99
TIC 391040562,391040562,99
TIC 391042720,391042720,99
TIC 391042758,391042758,99
TIC 391043218,391043218,99
TIC 391050404,391050404,99
TIC 391050772,391050772,99
TIC 391051514,391051514,99
TIC 391051806,391051806,99
TIC 391164464,391164464,99
TIC 391167759,391167759,99
TIC 391238449,391238449,99
TIC 391421181,391421181,99
TIC 391421890,391421890,99
TIC 391426724,391426724,99
TIC 391510223,391510223,99
TIC 391512655,391512655,99
TIC 391514602,391514602,99
TIC 391516015,391516015,99
TIC 391516487,391516487,99
TIC 391516740,391516740,99
TIC 391518726,391518726,99
TIC 391522539,391522539,99
TIC 391607644,391607644,99
TIC 391643922,391643922,99
TIC 391645374,391645374,99
TIC 391653623,391653623,99
TIC 391728166,391728166,99
TIC 391728183,391728183,99
TIC 391798719,391798719,99
TIC 392031929,392031929,99
TIC 392110715,392110715,99
TIC 392200642,392200642,99
TIC 392285838,392285838,99
TIC 392333747,392333747,99
TIC 392334780,392334780,99
TIC 392413033,392413033,99
TIC 392736631,392736631,99
TIC 392736653,392736653,99
TIC 392993298,392993298,99
TIC 393204653,393204653,99
TIC 393474846,393474846,99
TIC 393855012,393855012,99
TIC 393936589,393936589,99
TIC 394093138,394093138,99
TIC 394291353,394291353,99
TIC 394445104,394445104,99
TIC 394445529,394445529,99
TIC 394508150,394508150,99
TIC 394508465,394508465,99
TIC 394573878,394573878,99
TIC 394604322,394604322,99
TIC 394674936,394674936,99
TIC 394758452,394758452,99
TIC 394811200,394811200,99
TIC 394908451,394908451,99
TIC 394996729,394996729,99
TIC 395108497,395108497,99
TIC 395117854,395117854,99
TIC 395118158,395118158,99
TIC 395301542,395301542,99
TIC 395404819,395404819,99
TIC 395590846,395590846,99
TIC 395592112,395592112,99
TIC 395596119,395596119,99
TIC 395742000,395742000,99
TIC 396100227,396100227,99
TIC 396255306,396255306,99
TIC 396361681,396361681,99
TIC 396367096,396367096,99
TIC 396426610,396426610,99
TIC 396650010,396650010,99
TIC 396688762,396688762,99
TIC 396745198,396745198,99
TIC 396811649,396811649,99
TIC 396825269,396825269,99
TIC 396826456,396826456,99
TIC 397221117,397221117,99
TIC 397268374,397268374,99
TIC 397361078,397361078,99
TIC 397362481,397362481,99
TIC 397365543,397365543,99
TIC 397886324,397886324,99
TIC 398216471,398216471,99
TIC 398217467,398217467,99
TIC 398388486,398388486,99
TIC 398476730,398476730,99
TIC 398627604,398627604,99
TIC 398765285,398765285,99
TIC 398962657,398962657,99
TIC 399022128,399022128,99
TIC 399025895,399025895,99
TIC 400066956,400066956,99
TIC 400701200,400701200,99
TIC 400794449,400794449,99
TIC 400861216,400861216,99
TIC 400863257,400863257,99
TIC 400911771,400911771,99
TIC 400921534,400921534,99
TIC 400962442,400962442,99
TIC 401146753,401146753,99
TIC 401180820,401180820,99
TIC 401191408,401191408,99
TIC 401233603,401233603,99
TIC 401431637,401431637,99
TIC 401435810,401435810,99
TIC 401439545,401439545,99
TIC 401511045,401511045,99
TIC 401678371,401678371,99
TIC 401830434,401830434,99
TIC 401832465,401832465,99
TIC 401873197,401873197,99
TIC 401876261,401876261,99
TIC 401915787,401915787,99
TIC 401975722,401975722,99
TIC 402180616,402180616,99
TIC 402197704,402197704,99
TIC 402546736,402546736,99
TIC 402616547,402616547,99
TIC 402680991,402680991,99
TIC 402805529,402805529,99
TIC 402857102,402857102,99
TIC 402969167,402969167,99
TIC 402972683,402972683,99
TIC 403011055,403011055,99
TIC 403036321,403036321,99
TIC 403080581,403080581,99
TIC 403198068,403198068,99
TIC 403229940,403229940,99
TIC 403273614,403273614,99
TIC 403326475,403326475,99
TIC 403840715,403840715,99
TIC 403842301,403842301,99
TIC 403910039,403910039,99
TIC 403912430,403912430,99
TIC 403957139,403957139,99
TIC 403962037,403962037,99
TIC 404145059,404145059,99
TIC 404340264,404340264,99
TIC 404417508,404417508,99
TIC 405039653,405039653,99
TIC 405087683,405087683,99
TIC 405091166,405091166,99
TIC 405139910,405139910,99
TIC 405148007,405148007,99
TIC 405150013,405150013,99
TIC 405183807,405183807,99
TIC 405237290,405237290,99
TIC 405259424,405259424,99
TIC 405264083,405264083,99
TIC 405295816,405295816,99
TIC 405296701,405296701,99
TIC 405298427,405298427,99
TIC 405341932,405341932,99
TIC 405389514,405389514,99
TIC 405422983,405422983,99
TIC 405423422,405423422,99
TIC 405450659,405450659,99
TIC 405451015,405451015,99
TIC 405451423,405451423,99
TIC 405452527,405452527,99
TIC 405454160,405454160,99
TIC 405469312,405469312,99
TIC 405471275,405471275,99
TIC 405471961,405471961,99
TIC 405473897,405473897,99
TIC 405485067,405485067,99
TIC 405485201,405485201,99
TIC 405485213,405485213,99
TIC 405485269,405485269,99
TIC 405485405,405485405,99
TIC 405485406,405485406,99
TIC 405516045,405516045,99
TIC 405567345,405567345,99
TIC 405567801,405567801,99
TIC 405567821,405567821,99
TIC 405576310,405576310,99
TIC 405756510,405756510,99
TIC 405916953,405916953,99
TIC 406050497,406050497,99
TIC 406189118,406189118,99
TIC 406249571,406249571,99
TIC 406253585,406253585,99
TIC 406334974,406334974,99
TIC 406507334,406507334,99
TIC 407842066,407842066,99
TIC 408150981,408150981,99
TIC 408305837,408305837,99
TIC 408307172,408307172,99
TIC 408307308,408307308,99
TIC 408307310,408307310,99
TIC 408308657,408308657,99
TIC 408310006,408310006,99
TIC 408350711,408350711,99
TIC 408351779,408351779,99
TIC 408351795,408351795,99
TIC 408351887,408351887,99
TIC 408381079,408381079,99
TIC 408382023,408382023,99
TIC 408382363,408382363,99
TIC 408382624,408382624,99
TIC 408414768,408414768,99
TIC 408416214,408416214,99
TIC 408416746,408416746,99
TIC 408748947,408748947,99
TIC 408757239,408757239,99
TIC 409358619,409358619,99
TIC 409732714,409732714,99
TIC 409732973,409732973,99
TIC 409737194,409737194,99
TIC 409737195,409737195,99
TIC 409792273,409792273,99
TIC 409794137,409794137,99
TIC 409797166,409797166,99
TIC 409819640,409819640,99
TIC 409820699,409820699,99
TIC 409821011,409821011,99
TIC 409825746,409825746,99
TIC 409827193,409827193,99
TIC 409877090,409877090,99
TIC 409877091,409877091,99
TIC 409878592,409878592,99
TIC 409896170,409896170,99
TIC 409901306,409901306,99
TIC 409941771,409941771,99
TIC 409942614,409942614,99
TIC 409943021,409943021,99
TIC 409970232,409970232,99
TIC 409970233,409970233,99
TIC 409970523,409970523,99
TIC 409970524,409970524,99
TIC 409972607,409972607,99
TIC 409977271,409977271,99
TIC 409980174,409980174,99
TIC 410007055,410007055,99
TIC 410008584,410008584,99
TIC 410094645,410094645,99
TIC 410122680,410122680,99
TIC 410127392,410127392,99
TIC 410131190,410131190,99
TIC 410159011,410159011,99
TIC 410162322,410162322,99
TIC 410163387,410163387,99
TIC 410164289,410164289,99
TIC 410204417,410204417,99
TIC 410205800,410205800,99
TIC 410205809,410205809,99
TIC 410207069,410207069,99
TIC 410207296,410207296,99
TIC 410211252,410211252,99
TIC 410211461,410211461,99
TIC 410246332,410246332,99
TIC 410246785,410246785,99
TIC 410246786,410246786,99
TIC 410251532,410251532,99
TIC 410298536,410298536,99
TIC 410299875,410299875,99
TIC 410303247,410303247,99
TIC 410350239,410350239,99
TIC 410353662,410353662,99
TIC 410557270,410557270,99
TIC 410567092,410567092,99
TIC 410585410,410585410,99
TIC 410590656,410590656,99
TIC 410663442,410663442,99
TIC 410718370,410718370,99
TIC 410827461,410827461,99
TIC 410905076,410905076,99
TIC 410921444,410921444,99
TIC 410978510,410978510,99
TIC 410996127,410996127,99
TIC 411049587,411049587,99
TIC 411049674,411049674,99
TIC 411073072,411073072,99
TIC 411164518,411164518,99
TIC 411229704,411229704,99
TIC 411259971,411259971,99
TIC 411307910,411307910,99
TIC 411428618,411428618,99
TIC 411469734,411469734,99
TIC 411592957,411592957,99
TIC 411618966,411618966,99
TIC 411623030,411623030,99
TIC 411644771,411644771,99
TIC 411676312,411676312,99
TIC 411710471,411710471,99
TIC 411806442,411806442,99
TIC 411809966,411809966,99
TIC 411878976,411878976,99
TIC 411883660,411883660,99
TIC 411935699,411935699,99
TIC 412187339,412187339,99
TIC 412244837,412244837,99
TIC 412298784,412298784,99
TIC 412300810,412300810,99
TIC 412330378,412330378,99
TIC 412365759,412365759,99
TIC 412413652,412413652,99
TIC 412434568,412434568,99
TIC 412490558,412490558,99
TIC 412543211,412543211,99
TIC 412609693,412609693,99
TIC 412709346,412709346,99
TIC 412711802,412711802,99
TIC 412749918,412749918,99
TIC 412815827,412815827,99
TIC 412872277,412872277,99
TIC 412904376,412904376,99
TIC 412940645,412940645,99
TIC 412941478,412941478,99
TIC 412941535,412941535,99
TIC 412953524,412953524,99
TIC 413004975,413004975,99
TIC 413012097,413012097,99
TIC 413070124,413070124,99
TIC 413071951,413071951,99
TIC 413081043,413081043,99
TIC 413084251,413084251,99
TIC 413088783,413088783,99
TIC 413103252,413103252,99
TIC 413110354,413110354,99
TIC 413117060,413117060,99
TIC 413161731,413161731,99
TIC 413162396,413162396,99
TIC 413201246,413201246,99
TIC 413205850,413205850,99
TIC 413252895,413252895,99
TIC 413274373,413274373,99
TIC 413356994,413356994,99
TIC 413558016,413558016,99
TIC 413558578,413558578,99
TIC 413561686,413561686,99
TIC 413632344,413632344,99
TIC 413635363,413635363,99
TIC 413964342,413964342,99
TIC 414138813,414138813,99
TIC 414205172,414205172,99
TIC 414306194,414306194,99
TIC 414620561,414620561,99
TIC 414620727,414620727,99
TIC 414680971,414680971,99
TIC 414711412,414711412,99
TIC 415241207,415241207,99
TIC 415302606,415302606,99
TIC 415341601,415341601,99
TIC 415346397,415346397,99
TIC 415347193,415347193,99
TIC 415350115,415350115,99
TIC 415393725,415393725,99
TIC 415403095,415403095,99
TIC 415435961,415435961,99
TIC 415437234,415437234,99
TIC 415501969,415501969,99
TIC 415502268,415502268,99
TIC 415503287,415503287,99
TIC 415505172,415505172,99
TIC 415528958,415528958,99
TIC 415571256,415571256,99
TIC 415572385,415572385,99
TIC 415602092,415602092,99
TIC 415604081,415604081,99
TIC 415617489,415617489,99
TIC 415619202,415619202,99
TIC 415625922,415625922,99
TIC 415932885,415932885,99
TIC 415937547,415937547,99
TIC 417083018,417083018,99
TIC 417988357,417988357,99
TIC 417998019,417998019,99
TIC 417998024,417998024,99
TIC 418082219,418082219,99
TIC 418091967,418091967,99
TIC 418093187,418093187,99
TIC 418093552,418093552,99
TIC 418095386,418095386,99
TIC 418095582,418095582,99
TIC 418096656,418096656,99
TIC 418098714,418098714,99
TIC 418100733,418100733,99
TIC 418101940,418101940,99
TIC 418101949,418101949,99
TIC 418102812,418102812,99
TIC 418132615,418132615,99
TIC 419575080,419575080,99
TIC 419693778,419693778,99
TIC 419693875,419693875,99
TIC 419788368,419788368,99
TIC 419858461,419858461,99
TIC 420102038,420102038,99
TIC 420196996,420196996,99
TIC 420529106,420529106,99
TIC 420532066,420532066,99
TIC 420532114,420532114,99
TIC 420532868,420532868,99
TIC 421183040,421183040,99
TIC 421184129,421184129,99
TIC 421343074,421343074,99
TIC 421421848,421421848,99
TIC 421472503,421472503,99
TIC 421612052,421612052,99
TIC 421612077,421612077,99
TIC 422148645,422148645,99
TIC 422169235,422169235,99
TIC 422203859,422203859,99
TIC 422206985,422206985,99
TIC 422703551,422703551,99
TIC 422705166,422705166,99
TIC 423246899,423246899,99
TIC 423248552,423248552,99
TIC 423275733,423275733,99
TIC 423316978,423316978,99
TIC 423317953,423317953,99
TIC 423318344,423318344,99
TIC 423320103,423320103,99
TIC 423320660,423320660,99
TIC 423321905,423321905,99
TIC 423331352,423331352,99
TIC 423336545,423336545,99
TIC 423340050,423340050,99
TIC 423361895,423361895,99
TIC 423363720,423363720,99
TIC 423364940,423364940,99
TIC 423365061,423365061,99
TIC 423393242,423393242,99
TIC 425436926,425436926,99
TIC 425639147,425639147,99
TIC 425657630,425657630,99
TIC 425854935,425854935,99
TIC 425869619,425869619,99
TIC 426060328,426060328,99
TIC 426079838,426079838,99
TIC 426130022,426130022,99
TIC 426162508,426162508,99
TIC 426234322,426234322,99
TIC 426269299,426269299,99
TIC 426873110,426873110,99
TIC 427011764,427011764,99
TIC 428625788,428625788,99
TIC 428627916,428627916,99
TIC 429143315,429143315,99
TIC 429202967,429202967,99
TIC 429208482,429208482,99
TIC 429233827,429233827,99
TIC 429236349,429236349,99
TIC 429237509,429237509,99
TIC 429291086,429291086,99
TIC 429452790,429452790,99
TIC 429510172,429510172,99
TIC 429519443,429519443,99
TIC 430415842,430415842,99
TIC 430832819,430832819,99
TIC 432082139,432082139,99
TIC 432083201,432083201,99
TIC 432085744,432085744,99
TIC 432085831,432085831,99
TIC 432088308,432088308,99
TIC 432101609,432101609,99
TIC 432104967,432104967,99
TIC 432104973,432104973,99
TIC 432105214,432105214,99
TIC 432105279,432105279,99
TIC 432105280,432105280,99
TIC 432106951,432106951,99
TIC 432127312,432127312,99
TIC 432129061,432129061,99
TIC 432129069,432129069,99
TIC 432130634,432130634,99
TIC 432132155,432132155,99
TIC 432134447,432134447,99
TIC 432135041,432135041,99
TIC 432135055,432135055,99
TIC 432137351,432137351,99
TIC 432141170,432141170,99
TIC 432159356,432159356,99
TIC 432160276,432160276,99
TIC 432162869,432162869,99
TIC 432166381,432166381,99
TIC 432186138,432186138,99
TIC 432189365,432189365,99
TIC 432192080,432192080,99
TIC 432192535,432192535,99
TIC 432372776,432372776,99
TIC 432467894,432467894,99
TIC 432638144,432638144,99
TIC 432744391,432744391,99
TIC 432752288,432752288,99
TIC 432825318,432825318,99
TIC 432825873,432825873,99
TIC 432833841,432833841,99
TIC 432924721,432924721,99
TIC 432926917,432926917,99
TIC 432933040,432933040,99
TIC 433013588,433013588,99
TIC 433084576,433084576,99
TIC 433270575,433270575,99
TIC 433276798,433276798,99
TIC 433357868,433357868,99
TIC 433647213,433647213,99
TIC 433936219,433936219,99
TIC 434362356,434362356,99
TIC 434417491,434417491,99
TIC 434417493,434417493,99
TIC 434428836,434428836,99
TIC 434429720,434429720,99
TIC 434430376,434430376,99
TIC 434449811,434449811,99
TIC 434451273,434451273,99
TIC 434452008,434452008,99
TIC 434452777,434452777,99
TIC 434475533,434475533,99
TIC 434481681,434481681,99
TIC 434485151,434485151,99
TIC 434563064,434563064,99
TIC 434567667,434567667,99
TIC 434567711,434567711,99
TIC 434664408,434664408,99
TIC 435012873,435012873,99
TIC 435013248,435013248,99
TIC 435414481,435414481,99
TIC 436267716,436267716,99
TIC 436272277,436272277,99
TIC 436276871,436276871,99
TIC 436284921,436284921,99
TIC 436497134,436497134,99
TIC 436911851,436911851,99
TIC 436998675,436998675,99
TIC 437005572,437005572,99
TIC 437105956,437105956,99
TIC 437310271,437310271,99
TIC 437392899,437392899,99
TIC 438238920,438238920,99
TIC 438357427,438357427,99
TIC 438701212,438701212,99
TIC 438702139,438702139,99
TIC 438702156,438702156,99
TIC 438733202,438733202,99
TIC 438760896,438760896,99
TIC 438804010,438804010,99
TIC 438832923,438832923,99
TIC 438873057,438873057,99
TIC 438878043,438878043,99
TIC 438967465,438967465,99
TIC 438967573,438967573,99
TIC 439479140,439479140,99
TIC 439575025,439575025,99
TIC 439583233,439583233,99
TIC 439788909,439788909,99
TIC 439878605,439878605,99
TIC 439979970,439979970,99
TIC 440188602,440188602,99
TIC 440303294,440303294,99
TIC 440502253,440502253,99
TIC 440808296,440808296,99
TIC 440813098,440813098,99
TIC 440905523,440905523,99
TIC 441099992,441099992,99
TIC 441173738,441173738,99
TIC 441551378,441551378,99
TIC 442392201,442392201,99
TIC 442708084,442708084,99
TIC 442881767,442881767,99
TIC 442882829,442882829,99
TIC 442886406,442886406,99
TIC 442943322,442943322,99
TIC 443262289,443262289,99
TIC 443299918,443299918,99
TIC 443438094,443438094,99
TIC 443471801,443471801,99
TIC 443525697,443525697,99
TIC 443528451,443528451,99
TIC 443562032,443562032,99
TIC 443658240,443658240,99
TIC 445821916,445821916,99
TIC 445903569,445903569,99
TIC 445970250,445970250,99
TIC 446047505,446047505,99
TIC 446135868,446135868,99
TIC 446143295,446143295,99
TIC 446215954,446215954,99
TIC 446216446,446216446,99
TIC 446272538,446272538,99
TIC 446273148,446273148,99
TIC 446274421,446274421,99
TIC 446287901,446287901,99
TIC 446318155,446318155,99
TIC 446342386,446342386,99
TIC 446370039,446370039,99
TIC 446403723,446403723,99
TIC 446404780,446404780,99
TIC 446456389,446456389,99
TIC 446462469,446462469,99
TIC 446463666,446463666,99
TIC 446463792,446463792,99
TIC 446524355,446524355,99
TIC 446524637,446524637,99
TIC 446531634,446531634,99
TIC 446531663,446531663,99
TIC 446604183,446604183,99
TIC 446684383,446684383,99
TIC 446693027,446693027,99
TIC 446696496,446696496,99
TIC 446719461,446719461,99
TIC 446722383,446722383,99
TIC 446722391,446722391,99
TIC 446727999,446727999,99
TIC 446764692,446764692,99
TIC 446819869,446819869,99
TIC 446896905,446896905,99
TIC 446901899,446901899,99
TIC 446902093,446902093,99
TIC 446913943,446913943,99
TIC 446924099,446924099,99
TIC 446926949,446926949,99
TIC 446937418,446937418,99
TIC 446969701,446969701,99
TIC 446985889,446985889,99
TIC 446997639,446997639,99
TIC 447006109,447006109,99
TIC 447017796,447017796,99
TIC 447054140,447054140,99
TIC 447061717,447061717,99
TIC 447147244,447147244,99
TIC 447206604,447206604,99
TIC 447214065,447214065,99
TIC 447214181,447214181,99
TIC 447275571,447275571,99
TIC 447284092,447284092,99
TIC 447369160,447369160,99
TIC 447438062,447438062,99
TIC 447438302,447438302,99
TIC 447442252,447442252,99
TIC 447585233,447585233,99
TIC 447587540,447587540,99
TIC 447593267,447593267,99
TIC 447667458,447667458,99
TIC 447674676,447674676,99
TIC 447823435,447823435,99
TIC 447891218,447891218,99
TIC 447893165,447893165,99
TIC 447898413,447898413,99
TIC 447898414,447898414,99
TIC 447975853,447975853,99
TIC 447981029,447981029,99
TIC 448006966,448006966,99
TIC 448028753,448028753,99
TIC 448066486,448066486,99
TIC 448068688,448068688,99
TIC 448080453,448080453,99
TIC 448097167,448097167,99
TIC 448118773,448118773,99
TIC 448124358,448124358,99
TIC 448165945,448165945,99
TIC 448256763,448256763,99
TIC 448268886,448268886,99
TIC 448269292,448269292,99
TIC 448292567,448292567,99
TIC 448303058,448303058,99
TIC 448305639,448305639,99
TIC 448315601,448315601,99
TIC 448358913,448358913,99
TIC 448361552,448361552,99
TIC 448377810,448377810,99
TIC 448392261,448392261,99
TIC 448417751,448417751,99
TIC 448427732,448427732,99
TIC 448429984,448429984,99
TIC 448471888,448471888,99
TIC 448472223,448472223,99
TIC 448479988,448479988,99
TIC 448525113,448525113,99
TIC 448525131,448525131,99
TIC 448536197,448536197,99
TIC 448537517,448537517,99
TIC 448552309,448552309,99
TIC 448585725,448585725,99
TIC 448586137,448586137,99
TIC 448600712,448600712,99
TIC 448603502,448603502,99
TIC 448622397,448622397,99
TIC 448657040,448657040,99
TIC 448667394,448667394,99
TIC 448704677,448704677,99
TIC 448714306,448714306,99
TIC 448716672,448716672,99
TIC 448761315,448761315,99
TIC 448761699,448761699,99
TIC 448789084,448789084,99
TIC 448811783,448811783,99
TIC 448840012,448840012,99
TIC 448879677,448879677,99
TIC 448881566,448881566,99
TIC 448888783,448888783,99
TIC 448890959,448890959,99
TIC 448898778,448898778,99
TIC 448913084,448913084,99
TIC 448913091,448913091,99
TIC 448927919,448927919,99
TIC 448930207,448930207,99
TIC 448974504,448974504,99
TIC 448976566,448976566,99
TIC 449036109,449036109,99
TIC 449041310,449041310,99
TIC 449049068,449049068,99
TIC 449076688,449076688,99
TIC 449083966,449083966,99
TIC 449096441,449096441,99
TIC 449133292,449133292,99
TIC 449369551,449369551,99
TIC 449391034,449391034,99
TIC 449457329,449457329,99
TIC 449568639,449568639,99
TIC 449650822,449650822,99
TIC 449650980,449650980,99
TIC 449662885,449662885,99
TIC 449722805,449722805,99
TIC 449862248,449862248,99
TIC 449884234,449884234,99
TIC 449943819,449943819,99
TIC 450037737,450037737,99
TIC 450113919,450113919,99
TIC 450115575,450115575,99
TIC 450392932,450392932,99
TIC 450423039,450423039,99
TIC 450441713,450441713,99
TIC 450491293,450491293,99
TIC 450507176,450507176,99
TIC 450521671,450521671,99
TIC 450568600,450568600,99
TIC 450568754,450568754,99
TIC 450592293,450592293,99
TIC 450596584,450596584,99
TIC 450643352,450643352,99
TIC 450688287,450688287,99
TIC 450707506,450707506,99
TIC 450711878,450711878,99
TIC 450719149,450719149,99
TIC 450720000,450720000,99
TIC 450720404,450720404,99
TIC 450733803,450733803,99
TIC 450737199,450737199,99
TIC 450740200,450740200,99
TIC 450781262,450781262,99
TIC 450781632,450781632,99
TIC 450784713,450784713,99
TIC 450826873,450826873,99
TIC 450827144,450827144,99
TIC 450844221,450844221,99
TIC 450850656,450850656,99
TIC 450885350,450885350,99
TIC 450888476,450888476,99
TIC 450935207,450935207,99
TIC 451034805,451034805,99
TIC 451072731,451072731,99
TIC 451090601,451090601,99
TIC 451119853,451119853,99
TIC 451121520,451121520,99
TIC 451132596,451132596,99
TIC 451201910,451201910,99
TIC 451207679,451207679,99
TIC 451228902,451228902,99
TIC 451256144,451256144,99
TIC 451285192,451285192,99
TIC 451305784,451305784,99
TIC 451340100,451340100,99
TIC 451346424,451346424,99
TIC 451405701,451405701,99
TIC 451479240,451479240,99
TIC 451513640,451513640,99
TIC 451519667,451519667,99
TIC 451547955,451547955,99
TIC 451640605,451640605,99
TIC 451645081,451645081,99
TIC 451705120,451705120,99
TIC 451762112,451762112,99
TIC 451764537,451764537,99
TIC 451832923,451832923,99
TIC 451860101,451860101,99
TIC 451861997,451861997,99
TIC 451959707,451959707,99
TIC 452039722,452039722,99
TIC 452163402,452163402,99
TIC 452241682,452241682,99
TIC 452314602,452314602,99
TIC 453028660,453028660,99
TIC 453028730,453028730,99
TIC 453028731,453028731,99
TIC 453510797,453510797,99
TIC 453510803,453510803,99
TIC 453573291,453573291,99
TIC 453579957,453579957,99
TIC 453581156,453581156,99
TIC 453582493,453582493,99
TIC 453635876,453635876,99
TIC 453661520,453661520,99
TIC 453721601,453721601,99
TIC 453848870,453848870,99
TIC 454015615,454015615,99
TIC 454018587,454018587,99
TIC 454038613,454038613,99
TIC 454041906,454041906,99
TIC 454070695,454070695,99
TIC 454082369,454082369,99
TIC 454101656,454101656,99
TIC 454272930,454272930,99
TIC 454601598,454601598,99
TIC 454616817,454616817,99
TIC 454623501,454623501,99
TIC 454901855,454901855,99
TIC 455075123,455075123,99
TIC 455167003,455167003,99
TIC 455359624,455359624,99
TIC 455463415,455463415,99
TIC 455509774,455509774,99
TIC 455675248,455675248,99
TIC 455738946,455738946,99
TIC 456061659,456061659,99
TIC 456220393,456220393,99
TIC 456379342,456379342,99
TIC 456449221,456449221,99
TIC 457071496,457071496,99
TIC 457073439,457073439,99
TIC 457178653,457178653,99
TIC 457273461,457273461,99
TIC 457337619,457337619,99
TIC 457345960,457345960,99
TIC 457349679,457349679,99
TIC 457371696,457371696,99
TIC 457418232,457418232,99
TIC 457419964,457419964,99
TIC 457422034,457422034,99
TIC 457423256,457423256,99
TIC 457427613,457427613,99
TIC 457438800,457438800,99
TIC 457454276,457454276,99
TIC 457479295,457479295,99
TIC 457512814,457512814,99
TIC 457560493,457560493,99
TIC 457626191,457626191,99
TIC 457626209,457626209,99
TIC 457642066,457642066,99
TIC 457693258,457693258,99
TIC 457694361,457694361,99
TIC 457712046,457712046,99
TIC 457723621,457723621,99
TIC 457744438,457744438,99
TIC 457764782,457764782,99
TIC 457766442,457766442,99
TIC 457774034,457774034,99
TIC 457789844,457789844,99
TIC 457801419,457801419,99
TIC 457803940,457803940,99
TIC 457804063,457804063,99
TIC 457815572,457815572,99
TIC 457902116,457902116,99
TIC 457912802,457912802,99
TIC 457934063,457934063,99
TIC 457973301,457973301,99
TIC 457975502,457975502,99
TIC 457975914,457975914,99
TIC 457979991,457979991,99
TIC 458003159,458003159,99
TIC 458041262,458041262,99
TIC 458076250,458076250,99
TIC 458076353,458076353,99
TIC 458076434,458076434,99
TIC 458076646,458076646,99
TIC 458076693,458076693,99
TIC 458105162,458105162,99
TIC 458108996,458108996,99
TIC 458113990,458113990,99
TIC 458148508,458148508,99
TIC 458149990,458149990,99
TIC 458192739,458192739,99
TIC 458192751,458192751,99
TIC 458199018,458199018,99
TIC 458199429,458199429,99
TIC 458199516,458199516,99
TIC 458202449,458202449,99
TIC 458230570,458230570,99
TIC 458230572,458230572,99
TIC 458230632,458230632,99
TIC 458231448,458231448,99
TIC 458234097,458234097,99
TIC 458235998,458235998,99
TIC 458263480,458263480,99
TIC 458264684,458264684,99
TIC 458264859,458264859,99
TIC 458270327,458270327,99
TIC 458300989,458300989,99
TIC 458305620,458305620,99
TIC 458334796,458334796,99
TIC 458334932,458334932,99
TIC 458342769,458342769,99
TIC 458343311,458343311,99
TIC 458370594,458370594,99
TIC 458371525,458371525,99
TIC 458373790,458373790,99
TIC 458395117,458395117,99
TIC 458396782,458396782,99
TIC 458397022,458397022,99
TIC 458399517,458399517,99
TIC 458399518,458399518,99
TIC 458400660,458400660,99
TIC 458404648,458404648,99
TIC 458407389,458407389,99
TIC 458428479,458428479,99
TIC 458438308,458438308,99
TIC 458440560,458440560,99
TIC 458443925,458443925,99
TIC 458470683,458470683,99
TIC 458533793,458533793,99
TIC 458539166,458539166,99
TIC 458539214,458539214,99
TIC 458543434,458543434,99
TIC 458559498,458559498,99
TIC 458561474,458561474,99
TIC 458561576,458561576,99
TIC 458561879,458561879,99
TIC 458564349,458564349,99
TIC 458566069,458566069,99
TIC 458593861,458593861,99
TIC 458599043,458599043,99
TIC 458604640,458604640,99
TIC 458606169,458606169,99
TIC 458608897,458608897,99
TIC 458609596,458609596,99
TIC 458664938,458664938,99
TIC 458697053,458697053,99
TIC 458704068,458704068,99
TIC 458704469,458704469,99
TIC 458708992,458708992,99
TIC 458726919,458726919,99
TIC 458726973,458726973,99
TIC 458740670,458740670,99
TIC 458758934,458758934,99
TIC 458831281,458831281,99
TIC 458833387,458833387,99
TIC 458834083,458834083,99
TIC 458852827,458852827,99
TIC 458856322,458856322,99
TIC 458856474,458856474,99
TIC 458856514,458856514,99
TIC 458858205,458858205,99
TIC 458859364,458859364,99
TIC 458859916,458859916,99
TIC 458859990,458859990,99
TIC 458860659,458860659,99
TIC 458904106,458904106,99
TIC 458905001,458905001,99
TIC 458924632,458924632,99
TIC 458995583,458995583,99
TIC 459004497,459004497,99
TIC 459005094,459005094,99
TIC 459037725,459037725,99
TIC 459065293,459065293,99
TIC 459128074,459128074,99
TIC 459133606,459133606,99
TIC 459134597,459134597,99
TIC 459157691,459157691,99
TIC 459158998,459158998,99
TIC 459159158,459159158,99
TIC 459164984,459164984,99
TIC 459290360,459290360,99
TIC 459295129,459295129,99
TIC 459325631,459325631,99
TIC 459328921,459328921,99
TIC 459329261,459329261,99
TIC 459332381,459332381,99
TIC 459333241,459333241,99
TIC 459366982,459366982,99
TIC 459398868,459398868,99
TIC 459399407,459399407,99
TIC 459440954,459440954,99
TIC 459477156,459477156,99
TIC 459499894,459499894,99
TIC 459537285,459537285,99
TIC 459547744,459547744,99
TIC 459569471,459569471,99
TIC 459577774,459577774,99
TIC 459603487,459603487,99
TIC 459637433,459637433,99
TIC 459665727,459665727,99
TIC 459668538,459668538,99
TIC 459675351,459675351,99
TIC 459678581,459678581,99
TIC 459699177,459699177,99
TIC 459704279,459704279,99
TIC 459714042,459714042,99
TIC 459774409,459774409,99
TIC 459782502,459782502,99
TIC 460101355,460101355,99
TIC 460163254,460163254,99
TIC 460251905,460251905,99
TIC 460266103,460266103,99
TIC 460279488,460279488,99
TIC 460297171,460297171,99
TIC 460412649,460412649,99
TIC 460445901,460445901,99
TIC 460530920,460530920,99
TIC 460532958,460532958,99
TIC 460552671,460552671,99
TIC 460603650,460603650,99
TIC 460604193,460604193,99
TIC 460662844,460662844,99
TIC 460680010,460680010,99
TIC 460686828,460686828,99
TIC 460689513,460689513,99
TIC 460693058,460693058,99
TIC 460720215,460720215,99
TIC 460720830,460720830,99
TIC 460724949,460724949,99
TIC 460860963,460860963,99
TIC 460873156,460873156,99
TIC 460874627,460874627,99
TIC 460878008,460878008,99
TIC 460878914,460878914,99
TIC 460901691,460901691,99
TIC 460933755,460933755,99
TIC 460994160,460994160,99
TIC 461021821,461021821,99
TIC 461029064,461029064,99
TIC 461050210,461050210,99
TIC 461066586,461066586,99
TIC 461106093,461106093,99
TIC 461107112,461107112,99
TIC 461108721,461108721,99
TIC 461108807,461108807,99
TIC 461837093,461837093,99
TIC 461837097,461837097,99
TIC 461837710,461837710,99
TIC 462061285,462061285,99
TIC 462072242,462072242,99
TIC 462097655,462097655,99
TIC 462203556,462203556,99
TIC 462206367,462206367,99
TIC 462206547,462206547,99
TIC 462206806,462206806,99
TIC 462261929,462261929,99
TIC 462263893,462263893,99
TIC 462264076,462264076,99
TIC 462357558,462357558,99
TIC 462362757,462362757,99
TIC 462386624,462386624,99
TIC 462392197,462392197,99
TIC 462494600,462494600,99
TIC 462653980,462653980,99
TIC 462660606,462660606,99
TIC 462662599,462662599,99
TIC 462694542,462694542,99
TIC 462817693,462817693,99
TIC 462830655,462830655,99
TIC 462830716,462830716,99
TIC 462857857,462857857,99
TIC 462876889,462876889,99
TIC 462877348,462877348,99
TIC 462944553,462944553,99
TIC 462946113,462946113,99
TIC 462968302,462968302,99
TIC 462979814,462979814,99
TIC 463005310,463005310,99
TIC 463006021,463006021,99
TIC 463011281,463011281,99
TIC 463103749,463103749,99
TIC 463103957,463103957,99
TIC 463105245,463105245,99
TIC 463105254,463105254,99
TIC 463116512,463116512,99
TIC 463116536,463116536,99
TIC 463142697,463142697,99
TIC 463199107,463199107,99
TIC 463274841,463274841,99
TIC 463278069,463278069,99
TIC 463278412,463278412,99
TIC 463278416,463278416,99
TIC 463278438,463278438,99
TIC 463279737,463279737,99
TIC 463282983,463282983,99
TIC 463283160,463283160,99
TIC 463304912,463304912,99
TIC 463318715,463318715,99
TIC 463319037,463319037,99
TIC 463320220,463320220,99
TIC 463320660,463320660,99
TIC 463343283,463343283,99
TIC 463357699,463357699,99
TIC 463365347,463365347,99
TIC 463402815,463402815,99
TIC 463405888,463405888,99
TIC 463445156,463445156,99
TIC 463445768,463445768,99
TIC 463448739,463448739,99
TIC 463469705,463469705,99
TIC 463469906,463469906,99
TIC 463470132,463470132,99
TIC 463470947,463470947,99
TIC 463472334,463472334,99
TIC 463472968,463472968,99
TIC 463479812,463479812,99
TIC 463479816,463479816,99
TIC 463485098,463485098,99
TIC 463507016,463507016,99
TIC 463508231,463508231,99
TIC 463578988,463578988,99
TIC 463590116,463590116,99
TIC 463627948,463627948,99
TIC 463630613,463630613,99
TIC 463631602,463631602,99
TIC 463635608,463635608,99
TIC 463638478,463638478,99
TIC 463645878,463645878,99
TIC 463649088,463649088,99
TIC 463649538,463649538,99
TIC 463672334,463672334,99
TIC 463715128,463715128,99
TIC 463722209,463722209,99
TIC 463753159,463753159,99
TIC 463754499,463754499,99
TIC 463755706,463755706,99
TIC 463794734,463794734,99
TIC 463823452,463823452,99
TIC 463833243,463833243,99
TIC 463854822,463854822,99
TIC 463858653,463858653,99
TIC 463899225,463899225,99
TIC 463904978,463904978,99
TIC 463905165,463905165,99
TIC 463953946,463953946,99
TIC 463961387,463961387,99
TIC 463961519,463961519,99
TIC 463982418,463982418,99
TIC 463994581,463994581,99
TIC 463994590,463994590,99
TIC 464023008,464023008,99
TIC 464028672,464028672,99
TIC 464028809,464028809,99
TIC 464030037,464030037,99
TIC 464060149,464060149,99
TIC 464060980,464060980,99
TIC 464097208,464097208,99
TIC 464110897,464110897,99
TIC 464150825,464150825,99
TIC 464152511,464152511,99
TIC 464185342,464185342,99
TIC 464188612,464188612,99
TIC 464191231,464191231,99
TIC 464192480,464192480,99
TIC 464192677,464192677,99
TIC 464232431,464232431,99
TIC 464232440,464232440,99
TIC 464293053,464293053,99
TIC 464295672,464295672,99
TIC 464296873,464296873,99
TIC 464299499,464299499,99
TIC 464300749,464300749,99
TIC 464326872,464326872,99
TIC 464328419,464328419,99
TIC 464334734,464334734,99
TIC 464337973,464337973,99
TIC 464351378,464351378,99
TIC 464359649,464359649,99
TIC 464388115,464388115,99
TIC 464396032,464396032,99
TIC 464459950,464459950,99
TIC 464469403,464469403,99
TIC 464470984,464470984,99
TIC 464509446,464509446,99
TIC 464530981,464530981,99
TIC 464531488,464531488,99
TIC 464534525,464534525,99
TIC 464544424,464544424,99
TIC 464571250,464571250,99
TIC 464598129,464598129,99
TIC 464605099,464605099,99
TIC 464628809,464628809,99
TIC 464670890,464670890,99
TIC 464671436,464671436,99
TIC 464711858,464711858,99
TIC 464732822,464732822,99
TIC 464732837,464732837,99
TIC 464732844,464732844,99
TIC 464741528,464741528,99
TIC 464877141,464877141,99
TIC 464881703,464881703,99
TIC 464881733,464881733,99
TIC 464886060,464886060,99
TIC 464889174,464889174,99
TIC 464897118,464897118,99
TIC 464898410,464898410,99
TIC 464934514,464934514,99
TIC 464967740,464967740,99
TIC 464970642,464970642,99
TIC 464971931,464971931,99
TIC 464972160,464972160,99
TIC 464981299,464981299,99
TIC 465044587,465044587,99
TIC 465055209,465055209,99
TIC 465071629,465071629,99
TIC 465107251,465107251,99
TIC 465107412,465107412,99
TIC 465107704,465107704,99
TIC 465109422,465109422,99
TIC 465137924,465137924,99
TIC 465144449,465144449,99
TIC 465145959,465145959,99
TIC 465176038,465176038,99
TIC 465185147,465185147,99
TIC 465260411,465260411,99
TIC 465263175,465263175,99
TIC 465263287,465263287,99
TIC 465275307,465275307,99
TIC 465275968,465275968,99
TIC 465296988,465296988,99
TIC 465339118,465339118,99
TIC 465374606,465374606,99
TIC 465382791,465382791,99
TIC 465384125,465384125,99
TIC 465390199,465390199,99
TIC 465416044,465416044,99
TIC 465420045,465420045,99
TIC 465469137,465469137,99
TIC 465505600,465505600,99
TIC 465507504,465507504,99
TIC 465514768,465514768,99
TIC 465540915,465540915,99
TIC 465541764,465541764,99
TIC 465543265,465543265,99
TIC 465551520,465551520,99
TIC 465621749,465621749,99
TIC 465656480,465656480,99
TIC 465656485,465656485,99
TIC 465661670,465661670,99
TIC 465689996,465689996,99
TIC 465691015,465691015,99
TIC 465699961,465699961,99
TIC 465700747,465700747,99
TIC 465734318,465734318,99
TIC 465734733,465734733,99
TIC 465766497,465766497,99
TIC 465771931,465771931,99
TIC 465773057,465773057,99
TIC 465803266,465803266,99
TIC 465824449,465824449,99
TIC 465864363,465864363,99
TIC 465870314,465870314,99
TIC 465946911,465946911,99
TIC 466002697,466002697,99
TIC 466026514,466026514,99
TIC 466034300,466034300,99
TIC 466156210,466156210,99
TIC 466185139,466185139,99
TIC 466187603,466187603,99
TIC 466209622,466209622,99
TIC 466211032,466211032,99
TIC 466211456,466211456,99
TIC 466213798,466213798,99
TIC 466216082,466216082,99
TIC 466220556,466220556,99
TIC 466285484,466285484,99
TIC 466289471,466289471,99
TIC 466320979,466320979,99
TIC 466325776,466325776,99
TIC 466368276,466368276,99
TIC 466401554,466401554,99
TIC 466529871,466529871,99
TIC 466541437,466541437,99
TIC 466568973,466568973,99
TIC 466571967,466571967,99
TIC 466573354,466573354,99
TIC 466578432,466578432,99
TIC 466585876,466585876,99
TIC 466592679,466592679,99
TIC 466618052,466618052,99
TIC 466675723,466675723,99
TIC 466701874,466701874,99
TIC 466734882,466734882,99
TIC 466739789,466739789,99
TIC 466773964,466773964,99
TIC 466794135,466794135,99
TIC 466907597,466907597,99
TIC 466911307,466911307,99
TIC 467162035,467162035,99
TIC 467274664,467274664,99
TIC 467275307,467275307,99
TIC 467279120,467279120,99
TIC 467341330,467341330,99
TIC 467450857,467450857,99
TIC 467623318,467623318,99
TIC 467768107,467768107,99
TIC 467839347,467839347,99
TIC 467953288,467953288,99
TIC 467957174,467957174,99
TIC 468060097,468060097,99
TIC 468107825,468107825,99
TIC 468135835,468135835,99
TIC 468236215,468236215,99
TIC 469166897,469166897,99
TIC 469287400,469287400,99
TIC 469347830,469347830,99
TIC 469348172,469348172,99
TIC 469348568,469348568,99
TIC 469351253,469351253,99
TIC 471012490,471012490,99
TIC 500178562,500178562,99
TIC 518763514,518763514,99
TIC 800001539,800001539,99
TIC 800002092,800002092,99
TIC 800003634,800003634,99
TIC 800003927,800003927,99
TIC 800004475,800004475,99
TIC 800012353,800012353,99
TIC 800012517,800012517,99
TIC 800014676,800014676,99
TIC 800016181,800016181,99
TIC 800016663,800016663,99
TIC 800017571,800017571,99
TIC 800019871,800019871,99
TIC 800023068,800023068,99
TIC 800047751,800047751,99
TIC 800048240,800048240,99
TIC 800048245,800048245,99
TIC 800048379,800048379,99
TIC 800048523,800048523,99
TIC 800048619,800048619,99
TIC 800048874,800048874,99
TIC 800050914,800050914,99
TIC 800057004,800057004,99
TIC 800057172,800057172,99
TIC 802916437,802916437,99
TIC 803029201,803029201,99
TIC 803031505,803031505,99
TIC 803032180,803032180,99
TIC 803036075,803036075,99
TIC 803058808,803058808,99
TIC 803059913,803059913,99
TIC 803067909,803067909,99
TIC 803069408,803069408,99
TIC 803070693,803070693,99
TIC 803071162,803071162,99
TIC 803085259,803085259,99
TIC 803085908,803085908,99
TIC 803088880,803088880,99
TIC 803100488,803100488,99
TIC 803107187,803107187,99
TIC 803109945,803109945,99
TIC 803125879,803125879,99
TIC 803131632,803131632,99
TIC 803138314,803138314,99
TIC 803156207,803156207,99
TIC 803156259,803156259,99
TIC 803161921,803161921,99
TIC 803168447,803168447,99
TIC 803169267,803169267,99
TIC 803179515,803179515,99
TIC 803180480,803180480,99
TIC 803187083,803187083,99
TIC 803188051,803188051,99
TIC 803193742,803193742,99
TIC 803196708,803196708,99
TIC 803200249,803200249,99
TIC 803200688,803200688,99
TIC 803203614,803203614,99
TIC 803207575,803207575,99
TIC 803208343,803208343,99
TIC 803209492,803209492,99
TIC 803210564,803210564,99
TIC 803213019,803213019,99
TIC 803216139,803216139,99
TIC 803216522,803216522,99
TIC 803217532,803217532,99
TIC 803222104,803222104,99
TIC 803232880,803232880,99
TIC 803234078,803234078,99
TIC 803237482,803237482,99
TIC 803242121,803242121,99
TIC 803247393,803247393,99
TIC 803247405,803247405,99
TIC 803252293,803252293,99
TIC 803256806,803256806,99
TIC 803257200,803257200,99
TIC 803259422,803259422,99
TIC 803260454,803260454,99
TIC 803263217,803263217,99
TIC 803263514,803263514,99
TIC 803264377,803264377,99
TIC 803275629,803275629,99
TIC 803326167,803326167,99
TIC 803329075,803329075,99
TIC 803335867,803335867,99
TIC 803340801,803340801,99
TIC 803343776,803343776,99
TIC 803351863,803351863,99
TIC 803354470,803354470,99
TIC 803357754,803357754,99
TIC 803358560,803358560,99
TIC 803360248,803360248,99
TIC 803413795,803413795,99
TIC 803420555,803420555,99
TIC 803422023,803422023,99
TIC 803422929,803422929,99
TIC 803423033,803423033,99
TIC 803437925,803437925,99
TIC 803445441,803445441,99
TIC 803447425,803447425,99
TIC 803451279,803451279,99
TIC 803455799,803455799,99
TIC 803531736,803531736,99
TIC 803534301,803534301,99
TIC 803545894,803545894,99
TIC 803554768,803554768,99
TIC 803555341,803555341,99
TIC 803557832,803557832,99
TIC 803562874,803562874,99
TIC 803563909,803563909,99
TIC 803575141,803575141,99
TIC 803575284,803575284,99
TIC 803576572,803576572,99
TIC 803581042,803581042,99
TIC 803581872,803581872,99
TIC 803581873,803581873,99
TIC 803583444,803583444,99
TIC 803583803,803583803,99
TIC 803583931,803583931,99
TIC 803585031,803585031,99
TIC 803592181,803592181,99
TIC 803597676,803597676,99
TIC 803598769,803598769,99
TIC 803604693,803604693,99
TIC 803612972,803612972,99
TIC 803614453,803614453,99
TIC 803614681,803614681,99
TIC 803615277,803615277,99
TIC 803616096,803616096,99
TIC 803619033,803619033,99
TIC 803625128,803625128,99
TIC 803626437,803626437,99
TIC 803631177,803631177,99
TIC 803632028,803632028,99
TIC 803635991,803635991,99
TIC 803636934,803636934,99
TIC 803641240,803641240,99
TIC 803641449,803641449,99
TIC 803644087,803644087,99
TIC 803645411,803645411,99
TIC 803646402,803646402,99
TIC 803647032,803647032,99
TIC 803654790,803654790,99
TIC 803657727,803657727,99
TIC 803659317,803659317,99
TIC 803669791,803669791,99
TIC 803671191,803671191,99
TIC 803676091,803676091,99
TIC 803691295,803691295,99
TIC 804352038,804352038,99
TIC 804353356,804353356,99
TIC 804354584,804354584,99
TIC 804355113,804355113,99
TIC 804357639,804357639,99
TIC 804358875,804358875,99
TIC 804359086,804359086,99
TIC 804360174,804360174,99
TIC 804360807,804360807,99
TIC 804362491,804362491,99
TIC 804373676,804373676,99
TIC 804373738,804373738,99
TIC 804374834,804374834,99
TIC 804378446,804378446,99
TIC 804380515,804380515,99
TIC 804380984,804380984,99
TIC 804381041,804381041,99
TIC 804381352,804381352,99
TIC 804381660,804381660,99
TIC 804382266,804382266,99
TIC 804385274,804385274,99
TIC 804385701,804385701,99
TIC 804386902,804386902,99
TIC 804391767,804391767,99
TIC 804394193,804394193,99
TIC 804394241,804394241,99
TIC 804394430,804394430,99
TIC 804397427,804397427,99
TIC 804397761,804397761,99
TIC 804398215,804398215,99
TIC 804399194,804399194,99
TIC 804399805,804399805,99
TIC 804401478,804401478,99
TIC 804403759,804403759,99
TIC 804403898,804403898,99
TIC 804407394,804407394,99
TIC 804410614,804410614,99
TIC 804412657,804412657,99
TIC 816408560,816408560,99
TIC 816430935,816430935,99
TIC 816431196,816431196,99
TIC 816866006,816866006,99
TIC 816968463,816968463,99
TIC 816990387,816990387,99
TIC 817019726,817019726,99
TIC 826503329,826503329,99
TIC 826529198,826529198,99
TIC 826583903,826583903,99
TIC 826623279,826623279,99
TIC 826632038,826632038,99
TIC 826642366,826642366,99
TIC 826677426,826677426,99
TIC 826695409,826695409,99
TIC 826697503,826697503,99
TIC 826745599,826745599,99
TIC 826798308,826798308,99
TIC 826808695,826808695,99
TIC 826818094,826818094,99
TIC 826843008,826843008,99
TIC 826850608,826850608,99
TIC 826861192,826861192,99
TIC 826872489,826872489,99
TIC 826883078,826883078,99
TIC 827633876,827633876,99
TIC 827647172,827647172,99
TIC 827651484,827651484,99
TIC 827666793,827666793,99
TIC 827672565,827672565,99
TIC 827681461,827681461,99
TIC 827720489,827720489,99
TIC 827781677,827781677,99
TIC 827848068,827848068,99
TIC 827866902,827866902,99
TIC 827880266,827880266,99
TIC 827886604,827886604,99
TIC 827901915,827901915,99
TIC 827907829,827907829,99
TIC 827917200,827917200,99
TIC 827920597,827920597,99
TIC 827928570,827928570,99
TIC 827935168,827935168,99
TIC 827957906,827957906,99
TIC 827967425,827967425,99
TIC 827975205,827975205,99
TIC 827991462,827991462,99
TIC 828000072,828000072,99
TIC 828007843,828007843,99
TIC 828038400,828038400,99
TIC 828040405,828040405,99
TIC 828044966,828044966,99
TIC 828076002,828076002,99
TIC 828077910,828077910,99
TIC 828100088,828100088,99
TIC 828106395,828106395,99
TIC 828109268,828109268,99
TIC 828122982,828122982,99
TIC 828131869,828131869,99
TIC 828143172,828143172,99
TIC 828145422,828145422,99
TIC 828152717,828152717,99
TIC 828156380,828156380,99
TIC 828172023,828172023,99
TIC 828176241,828176241,99
TIC 828192028,828192028,99
TIC 828207333,828207333,99
TIC 828221772,828221772,99
TIC 828230075,828230075,99
TIC 828240529,828240529,99
TIC 828261583,828261583,99
TIC 828267464,828267464,99
TIC 828274446,828274446,99
TIC 828277405,828277405,99
TIC 828278915,828278915,99
TIC 828288649,828288649,99
TIC 829135971,829135971,99
TIC 829141325,829141325,99
TIC 829149839,829149839,99
TIC 830353303,830353303,99
TIC 830391182,830391182,99
TIC 830636550,830636550,99
TIC 830669341,830669341,99
TIC 830722366,830722366,99
TIC 830722910,830722910,99
TIC 830739089,830739089,99
TIC 830741127,830741127,99
TIC 830751150,830751150,99
TIC 830756437,830756437,99
TIC 830761448,830761448,99
TIC 830770490,830770490,99
TIC 830792853,830792853,99
TIC 830795899,830795899,99
TIC 830808227,830808227,99
TIC 830811624,830811624,99
TIC 830834184,830834184,99
TIC 830842934,830842934,99
TIC 830869653,830869653,99
TIC 830879157,830879157,99
TIC 830891775,830891775,99
TIC 830894619,830894619,99
TIC 830899146,830899146,99
TIC 830908257,830908257,99
TIC 830911836,830911836,99
TIC 830913427,830913427,99
TIC 830930152,830930152,99
TIC 830930393,830930393,99
TIC 830932203,830932203,99
TIC 830935258,830935258,99
TIC 830938394,830938394,99
TIC 830950911,830950911,99
TIC 830959923,830959923,99
TIC 830972078,830972078,99
TIC 830984041,830984041,99
TIC 830986110,830986110,99
TIC 830993181,830993181,99
TIC 830996058,830996058,99
TIC 831004387,831004387,99
TIC 831006882,831006882,99
TIC 831007921,831007921,99
TIC 831008225,831008225,99
TIC 831010586,831010586,99
TIC 831023356,831023356,99
TIC 831028793,831028793,99
TIC 831041660,831041660,99
TIC 831050365,831050365,99
TIC 831093845,831093845,99
TIC 831096543,831096543,99
TIC 831105456,831105456,99
TIC 831132424,831132424,99
TIC 831137359,831137359,99
TIC 831147258,831147258,99
TIC 831166356,831166356,99
TIC 831180294,831180294,99
TIC 831181835,831181835,99
TIC 831218622,831218622,99
TIC 831219579,831219579,99
TIC 831238510,831238510,99
TIC 831243124,831243124,99
TIC 831243614,831243614,99
TIC 831244453,831244453,99
TIC 831254241,831254241,99
TIC 831260589,831260589,99
TIC 831260771,831260771,99
TIC 831279630,831279630,99
TIC 831280802,831280802,99
TIC 831293054,831293054,99
TIC 831308753,831308753,99
TIC 831327492,831327492,99
TIC 831334100,831334100,99
TIC 831335584,831335584,99
TIC 831351126,831351126,99
TIC 831374532,831374532,99
TIC 831376369,831376369,99
TIC 831376985,831376985,99
TIC 831378592,831378592,99
TIC 831381057,831381057,99
TIC 831384426,831384426,99
TIC 831396628,831396628,99
TIC 831400797,831400797,99
TIC 831419392,831419392,99
TIC 831422656,831422656,99
TIC 831424218,831424218,99
TIC 831424620,831424620,99
TIC 831426928,831426928,99
TIC 831428211,831428211,99
TIC 831428566,831428566,99
TIC 831430349,831430349,99
TIC 831431048,831431048,99
TIC 831439933,831439933,99
TIC 831443487,831443487,99
TIC 831443890,831443890,99
TIC 831446264,831446264,99
TIC 831454067,831454067,99
TIC 831456622,831456622,99
TIC 831461564,831461564,99
TIC 831461686,831461686,99
TIC 831465620,831465620,99
TIC 831475488,831475488,99
TIC 831476644,831476644,99
TIC 831482309,831482309,99
TIC 831484093,831484093,99
TIC 831485653,831485653,99
TIC 831485997,831485997,99
TIC 831486457,831486457,99
TIC 831488900,831488900,99
TIC 831493439,831493439,99
TIC 831497158,831497158,99
TIC 831498576,831498576,99
TIC 831509304,831509304,99
TIC 831523231,831523231,99
TIC 831523826,831523826,99
TIC 831525241,831525241,99
TIC 831525937,831525937,99
TIC 831526370,831526370,99
TIC 831527111,831527111,99
TIC 831539584,831539584,99
TIC 831544118,831544118,99
TIC 831544622,831544622,99
TIC 831556430,831556430,99
TIC 833801698,833801698,99
TIC 833806690,833806690,99
TIC 833807777,833807777,99
TIC 833842125,833842125,99
TIC 833849450,833849450,99
TIC 833854127,833854127,99
TIC 833857743,833857743,99
TIC 833866426,833866426,99
TIC 833867720,833867720,99
TIC 833880790,833880790,99
TIC 833886442,833886442,99
TIC 833890599,833890599,99
TIC 833902857,833902857,99
TIC 833987393,833987393,99
TIC 833990123,833990123,99
TIC 834002886,834002886,99
TIC 834033122,834033122,99
TIC 834041125,834041125,99
TIC 834045130,834045130,99
TIC 834052276,834052276,99
TIC 834064097,834064097,99
TIC 834064671,834064671,99
TIC 834076041,834076041,99
TIC 834102247,834102247,99
TIC 834107832,834107832,99
TIC 834110715,834110715,99
TIC 834112781,834112781,99
TIC 834113294,834113294,99
TIC 834122574,834122574,99
TIC 834140343,834140343,99
TIC 834152739,834152739,99
TIC 834154347,834154347,99
TIC 834171470,834171470,99
TIC 834172251,834172251,99
TIC 834177189,834177189,99
TIC 834183986,834183986,99
TIC 834187801,834187801,99
TIC 834274860,834274860,99
TIC 834286729,834286729,99
TIC 834294558,834294558,99
TIC 834312207,834312207,99
TIC 834314698,834314698,99
TIC 834325433,834325433,99
TIC 834430111,834430111,99
TIC 834432565,834432565,99
TIC 834434844,834434844,99
TIC 834439937,834439937,99
TIC 834475038,834475038,99
TIC 834484036,834484036,99
TIC 834489174,834489174,99
TIC 834489717,834489717,99
TIC 834490504,834490504,99
TIC 834497638,834497638,99
TIC 834507961,834507961,99
TIC 834516077,834516077,99
TIC 834525806,834525806,99
TIC 834526445,834526445,99
TIC 834532455,834532455,99
TIC 834540617,834540617,99
TIC 834540635,834540635,99
TIC 834549189,834549189,99
TIC 834561588,834561588,99
TIC 834572069,834572069,99
TIC 834592462,834592462,99
TIC 834597043,834597043,99
TIC 834599303,834599303,99
TIC 834609788,834609788,99
TIC 834626889,834626889,99
TIC 834631133,834631133,99
TIC 834632711,834632711,99
TIC 834646231,834646231,99
TIC 834649888,834649888,99
TIC 835401610,835401610,99
TIC 835414244,835414244,99
TIC 835417637,835417637,99
TIC 835459449,835459449,99
TIC 835522155,835522155,99
TIC 835565106,835565106,99
TIC 835572318,835572318,99
TIC 835576645,835576645,99
TIC 835582231,835582231,99
TIC 835917830,835917830,99
TIC 835929345,835929345,99
TIC 835929398,835929398,99
TIC 835930977,835930977,99
TIC 835934598,835934598,99
TIC 835955998,835955998,99
TIC 835959548,835959548,99
TIC 836045113,836045113,99
TIC 836046041,836046041,99
TIC 836065877,836065877,99
TIC 836072064,836072064,99
TIC 836076647,836076647,99
TIC 836079296,836079296,99
TIC 836081980,836081980,99
TIC 836083517,836083517,99
TIC 836085701,836085701,99
TIC 836091481,836091481,99
TIC 836096936,836096936,99
TIC 836106101,836106101,99
TIC 836113202,836113202,99
TIC 836116689,836116689,99
TIC 836117693,836117693,99
TIC 836130726,836130726,99
TIC 836138495,836138495,99
TIC 836140647,836140647,99
TIC 836151235,836151235,99
TIC 836154725,836154725,99
TIC 836155526,836155526,99
TIC 836157943,836157943,99
TIC 836163607,836163607,99
TIC 836164991,836164991,99
TIC 836165065,836165065,99
TIC 836165179,836165179,99
TIC 836165809,836165809,99
TIC 836166585,836166585,99
TIC 836173450,836173450,99
TIC 836176984,836176984,99
TIC 836181611,836181611,99
TIC 836181817,836181817,99
TIC 836183930,836183930,99
TIC 836185447,836185447,99
TIC 836186229,836186229,99
TIC 836200424,836200424,99
TIC 836208254,836208254,99
TIC 836208480,836208480,99
TIC 836208510,836208510,99
TIC 836214093,836214093,99
TIC 836214966,836214966,99
TIC 836220761,836220761,99
TIC 836227973,836227973,99
TIC 836228719,836228719,99
TIC 836241009,836241009,99
TIC 836265526,836265526,99
TIC 836271673,836271673,99
TIC 836275275,836275275,99
TIC 836286763,836286763,99
TIC 836290226,836290226,99
TIC 836296720,836296720,99
TIC 836297934,836297934,99
TIC 836305323,836305323,99
TIC 836323061,836323061,99
TIC 836325607,836325607,99
TIC 836325744,836325744,99
TIC 836327774,836327774,99
TIC 836333914,836333914,99
TIC 836339063,836339063,99
TIC 836349568,836349568,99
TIC 836351342,836351342,99
TIC 836355870,836355870,99
TIC 836359046,836359046,99
TIC 836359453,836359453,99
TIC 836359900,836359900,99
TIC 836367779,836367779,99
TIC 836377041,836377041,99
TIC 836377442,836377442,99
TIC 836381941,836381941,99
TIC 836382250,836382250,99
TIC 836382397,836382397,99
TIC 836382574,836382574,99
TIC 836384703,836384703,99
TIC 836385815,836385815,99
TIC 836393449,836393449,99
TIC 836394017,836394017,99
TIC 836394685,836394685,99
TIC 836397121,836397121,99
TIC 836405319,836405319,99
TIC 836419924,836419924,99
TIC 836420980,836420980,99
TIC 836423618,836423618,99
TIC 836425216,836425216,99
TIC 836426699,836426699,99
TIC 836427806,836427806,99
TIC 836440594,836440594,99
TIC 836456854,836456854,99
TIC 836457767,836457767,99
TIC 836460294,836460294,99
TIC 836462466,836462466,99
TIC 836466424,836466424,99
TIC 836470661,836470661,99
TIC 836471508,836471508,99
TIC 836472954,836472954,99
TIC 836475024,836475024,99
TIC 836475044,836475044,99
TIC 836475342,836475342,99
TIC 836480310,836480310,99
TIC 836481688,836481688,99
TIC 836487317,836487317,99
TIC 836496705,836496705,99
TIC 836498351,836498351,99
TIC 836501937,836501937,99
TIC 836502039,836502039,99
TIC 836518893,836518893,99
TIC 836523888,836523888,99
TIC 836525427,836525427,99
TIC 836528789,836528789,99
TIC 836538537,836538537,99
TIC 836540451,836540451,99
TIC 836540862,836540862,99
TIC 836543937,836543937,99
TIC 836544389,836544389,99
TIC 836544743,836544743,99
TIC 836544744,836544744,99
TIC 836547651,836547651,99
TIC 836602312,836602312,99
TIC 836610927,836610927,99
TIC 836611008,836611008,99
TIC 836615584,836615584,99
TIC 836621551,836621551,99
TIC 836628503,836628503,99
TIC 836632764,836632764,99
TIC 836635099,836635099,99
TIC 836636003,836636003,99
TIC 836639698,836639698,99
TIC 836642226,836642226,99
TIC 836649549,836649549,99
TIC 836649601,836649601,99
TIC 836663969,836663969,99
TIC 836672552,836672552,99
TIC 836683606,836683606,99
TIC 836686417,836686417,99
TIC 836687412,836687412,99
TIC 836692400,836692400,99
TIC 836694825,836694825,99
TIC 836704861,836704861,99
TIC 836709187,836709187,99
TIC 836710577,836710577,99
TIC 836712253,836712253,99
TIC 836714969,836714969,99
TIC 836719466,836719466,99
TIC 836721201,836721201,99
TIC 836722116,836722116,99
TIC 836729576,836729576,99
TIC 836729755,836729755,99
TIC 836730125,836730125,99
TIC 836735689,836735689,99
TIC 836737206,836737206,99
TIC 836743110,836743110,99
TIC 836747036,836747036,99
TIC 836753620,836753620,99
TIC 836770832,836770832,99
TIC 836774577,836774577,99
TIC 836776337,836776337,99
TIC 836777694,836777694,99
TIC 836787171,836787171,99
TIC 836789206,836789206,99
TIC 836790939,836790939,99
TIC 836794973,836794973,99
TIC 836795341,836795341,99
TIC 836795433,836795433,99
TIC 836802068,836802068,99
TIC 836802820,836802820,99
TIC 836803381,836803381,99
TIC 836808269,836808269,99
TIC 836820279,836820279,99
TIC 836828296,836828296,99
TIC 836840524,836840524,99
TIC 836846880,836846880,99
TIC 836861291,836861291,99
TIC 836864780,836864780,99
TIC 836867453,836867453,99
TIC 836873288,836873288,99
TIC 836876236,836876236,99
TIC 836877799,836877799,99
TIC 836878135,836878135,99
TIC 836878747,836878747,99
TIC 836878895,836878895,99
TIC 836880284,836880284,99
TIC 836880577,836880577,99
TIC 836890146,836890146,99
TIC 836902816,836902816,99
TIC 836908494,836908494,99
TIC 836910608,836910608,99
TIC 836915492,836915492,99
TIC 836917538,836917538,99
TIC 836926192,836926192,99
TIC 836926575,836926575,99
TIC 836927375,836927375,99
TIC 836941608,836941608,99
TIC 836942589,836942589,99
TIC 836944367,836944367,99
TIC 836947113,836947113,99
TIC 836949979,836949979,99
TIC 836951338,836951338,99
TIC 836951728,836951728,99
TIC 836954564,836954564,99
TIC 836955321,836955321,99
TIC 836960085,836960085,99
TIC 836962594,836962594,99
TIC 836968642,836968642,99
TIC 836970448,836970448,99
TIC 836974451,836974451,99
TIC 836976051,836976051,99
TIC 836978085,836978085,99
TIC 836982187,836982187,99
TIC 836990805,836990805,99
TIC 837000092,837000092,99
TIC 837001269,837001269,99
TIC 837002562,837002562,99
TIC 837003525,837003525,99
TIC 837011194,837011194,99
TIC 837012708,837012708,99
TIC 837013260,837013260,99
TIC 837013336,837013336,99
TIC 837018302,837018302,99
TIC 837019654,837019654,99
TIC 837022877,837022877,99
TIC 837026201,837026201,99
TIC 837036050,837036050,99
TIC 837049304,837049304,99
TIC 837055689,837055689,99
TIC 837060485,837060485,99
TIC 837062684,837062684,99
TIC 837065765,837065765,99
TIC 837066509,837066509,99
TIC 837066839,837066839,99
TIC 837067055,837067055,99
TIC 837068158,837068158,99
TIC 837069303,837069303,99
TIC 837069652,837069652,99
TIC 837071482,837071482,99
TIC 837074477,837074477,99
TIC 837075710,837075710,99
TIC 837076117,837076117,99
TIC 837076332,837076332,99
TIC 837079442,837079442,99
TIC 837081811,837081811,99
TIC 837082021,837082021,99
TIC 837084663,837084663,99
TIC 837092832,837092832,99
TIC 837093131,837093131,99
TIC 837095176,837095176,99
TIC 837095438,837095438,99
TIC 837095727,837095727,99
TIC 837098238,837098238,99
TIC 837099397,837099397,99
TIC 837100818,837100818,99
TIC 837101598,837101598,99
TIC 837102349,837102349,99
TIC 837102801,837102801,99
TIC 837106393,837106393,99
TIC 837109443,837109443,99
TIC 837109622,837109622,99
TIC 837112055,837112055,99
TIC 837115471,837115471,99
TIC 837127280,837127280,99
TIC 837130965,837130965,99
TIC 837132431,837132431,99
TIC 837134231,837134231,99
TIC 837138696,837138696,99
TIC 837141362,837141362,99
TIC 837141814,837141814,99
TIC 837147075,837147075,99
TIC 837149712,837149712,99
TIC 837161257,837161257,99
TIC 837161891,837161891,99
TIC 837161955,837161955,99
TIC 837162366,837162366,99
TIC 837165385,837165385,99
TIC 837168818,837168818,99
TIC 837173278,837173278,99
TIC 837182941,837182941,99
TIC 837183387,837183387,99
TIC 837194278,837194278,99
TIC 837196177,837196177,99
TIC 837197958,837197958,99
TIC 837199789,837199789,99
TIC 837203649,837203649,99
TIC 837204561,837204561,99
TIC 837205066,837205066,99
TIC 837210282,837210282,99
TIC 837214853,837214853,99
TIC 837217813,837217813,99
TIC 837220034,837220034,99
TIC 837220676,837220676,99
TIC 837222875,837222875,99
TIC 837225119,837225119,99
TIC 837227301,837227301,99
TIC 837228943,837228943,99
TIC 837234768,837234768,99
TIC 840000492,840000492,99
TIC 840001066,840001066,99
TIC 840001081,840001081,99
TIC 840001171,840001171,99
TIC 840001461,840001461,99
TIC 841538073,841538073,99
TIC 841597702,841597702,99
TIC 841603777,841603777,99
TIC 841605468,841605468,99
TIC 841615149,841615149,99
TIC 841615238,841615238,99
TIC 841617657,841617657,99
TIC 841617957,841617957,99
TIC 841618253,841618253,99
TIC 841619993,841619993,99
TIC 841620066,841620066,99
TIC 841620135,841620135,99
TIC 841621204,841621204,99
TIC 841664128,841664128,99
TIC 841666659,841666659,99
TIC 841666733,841666733,99
TIC 841667714,841667714,99
TIC 841667869,841667869,99
TIC 841671473,841671473,99
TIC 841676291,841676291,99
TIC 841676713,841676713,99
TIC 841680291,841680291,99
TIC 841684462,841684462,99
TIC 841684749,841684749,99
TIC 841685326,841685326,99
TIC 841686982,841686982,99
TIC 841687092,841687092,99
TIC 841687263,841687263,99
TIC 841689291,841689291,99
TIC 841689669,841689669,99
TIC 841694124,841694124,99
TIC 841695580,841695580,99
TIC 841695707,841695707,99
TIC 841825087,841825087,99
TIC 841825690,841825690,99
TIC 841825726,841825726,99
TIC 841825979,841825979,99
TIC 841826953,841826953,99
TIC 841829410,841829410,99
TIC 841829760,841829760,99
TIC 841829885,841829885,99
TIC 841830038,841830038,99
TIC 841830583,841830583,99
TIC 841831701,841831701,99
TIC 841832572,841832572,99
TIC 841832919,841832919,99
TIC 841836071,841836071,99
TIC 841839795,841839795,99
TIC 841841131,841841131,99
TIC 841842450,841842450,99
TIC 841845715,841845715,99
TIC 841846009,841846009,99
TIC 841847188,841847188,99
TIC 841848475,841848475,99
TIC 841848860,841848860,99
TIC 841850176,841850176,99
TIC 841850780,841850780,99
TIC 841860223,841860223,99
TIC 841860940,841860940,99
TIC 841897817,841897817,99
TIC 841898053,841898053,99
TIC 841898576,841898576,99
TIC 841902148,841902148,99
TIC 841903010,841903010,99
TIC 841907384,841907384,99
TIC 841907441,841907441,99
TIC 841907907,841907907,99
TIC 841911194,841911194,99
TIC 841912340,841912340,99
TIC 841912997,841912997,99
TIC 841915878,841915878,99
TIC 841917449,841917449,99
TIC 841917850,841917850,99
TIC 841917911,841917911,99
TIC 841921139,841921139,99
TIC 841921523,841921523,99
TIC 841921867,841921867,99
TIC 841922080,841922080,99
TIC 841922652,841922652,99
TIC 841923870,841923870,99
TIC 841924357,841924357,99
TIC 841930606,841930606,99
TIC 841940392,841940392,99
TIC 841941459,841941459,99
TIC 841941825,841941825,99
TIC 841942146,841942146,99
TIC 841943567,841943567,99
TIC 841943842,841943842,99
TIC 841944478,841944478,99
TIC 841945457,841945457,99
TIC 841951861,841951861,99
TIC 842059104,842059104,99
TIC 842059386,842059386,99
TIC 842059427,842059427,99
TIC 842063808,842063808,99
TIC 842065278,842065278,99
TIC 842066856,842066856,99
TIC 842069840,842069840,99
TIC 842070856,842070856,99
TIC 842074236,842074236,99
TIC 842075613,842075613,99
TIC 842079204,842079204,99
TIC 842083035,842083035,99
TIC 842087261,842087261,99
TIC 842087360,842087360,99
TIC 842094137,842094137,99
TIC 842096788,842096788,99
TIC 842097900,842097900,99
TIC 842099669,842099669,99
TIC 842099938,842099938,99
TIC 842101746,842101746,99
TIC 842101926,842101926,99
TIC 842106451,842106451,99
TIC 842106684,842106684,99
TIC 842107606,842107606,99
TIC 842108082,842108082,99
TIC 842108424,842108424,99
TIC 842109098,842109098,99
TIC 842109570,842109570,99
TIC 842110478,842110478,99
TIC 842113364,842113364,99
TIC 842115846,842115846,99
TIC 842117461,842117461,99
TIC 842118955,842118955,99
TIC 842119319,842119319,99
TIC 842119483,842119483,99
TIC 842119542,842119542,99
TIC 842120088,842120088,99
TIC 842121030,842121030,99
TIC 842122137,842122137,99
TIC 842124718,842124718,99
TIC 842124817,842124817,99
TIC 842125931,842125931,99
TIC 842127036,842127036,99
TIC 842127297,842127297,99
TIC 842129300,842129300,99
TIC 842130848,842130848,99
TIC 842132880,842132880,99
TIC 842133310,842133310,99
TIC 842133984,842133984,99
TIC 842134539,842134539,99
TIC 842135998,842135998,99
TIC 842137751,842137751,99
TIC 842190517,842190517,99
TIC 842190559,842190559,99
TIC 842206257,842206257,99
TIC 842207598,842207598,99
TIC 850131272,850131272,99
TIC 850921318,850921318,99
TIC 852060088,852060088,99
TIC 852070302,852070302,99
TIC 852148048,852148048,99
TIC 852420204,852420204,99
TIC 855061940,855061940,99
TIC 855118447,855118447,99
TIC 855119688,855119688,99
TIC 855121416,855121416,99
TIC 855348718,855348718,99
TIC 855360349,855360349,99
TIC 855476801,855476801,99
TIC 860319732,860319732,99
TIC 860584218,860584218,99
TIC 861180372,861180372,99
TIC 861345064,861345064,99
TIC 861425701,861425701,99
TIC 861430466,861430466,99
TIC 861510270,861510270,99
TIC 861533349,861533349,99
TIC 861654203,861654203,99
TIC 862154729,862154729,99
TIC 862283685,862283685,99
TIC 862295979,862295979,99
TIC 862426108,862426108,99
TIC 862504238,862504238,99
TIC 862590679,862590679,99
TIC 863315756,863315756,99
TIC 863344244,863344244,99
TIC 863644909,863644909,99
TIC 863949051,863949051,99
TIC 864128897,864128897,99
TIC 864200831,864200831,99
TIC 864210567,864210567,99
TIC 864218983,864218983,99
TIC 864301365,864301365,99
TIC 864382692,864382692,99
TIC 864386656,864386656,99
TIC 864406607,864406607,99
TIC 864411592,864411592,99
TIC 864412615,864412615,99
TIC 864466542,864466542,99
TIC 864469605,864469605,99
TIC 864509930,864509930,99
TIC 864515428,864515428,99
TIC 864524541,864524541,99
TIC 864597364,864597364,99
TIC 864599702,864599702,99
TIC 864719707,864719707,99
TIC 864721178,864721178,99
TIC 864768019,864768019,99
TIC 864808976,864808976,99
TIC 864869118,864869118,99
TIC 864883567,864883567,99
TIC 864921040,864921040,99
TIC 864961589,864961589,99
TIC 864964328,864964328,99
TIC 864983855,864983855,99
TIC 864994698,864994698,99
TIC 864999106,864999106,99
TIC 865017320,865017320,99
TIC 865026398,865026398,99
TIC 865030631,865030631,99
TIC 865054283,865054283,99
TIC 865061392,865061392,99
TIC 865074867,865074867,99
TIC 865091373,865091373,99
TIC 865112790,865112790,99
TIC 865142118,865142118,99
TIC 865201420,865201420,99
TIC 865217260,865217260,99
TIC 865219605,865219605,99
TIC 865234933,865234933,99
TIC 865294184,865294184,99
TIC 865299151,865299151,99
TIC 865319081,865319081,99
TIC 865337882,865337882,99
TIC 865338082,865338082,99
TIC 865347248,865347248,99
TIC 865382669,865382669,99
TIC 865388332,865388332,99
TIC 865389551,865389551,99
TIC 865459752,865459752,99
TIC 865460662,865460662,99
TIC 865570643,865570643,99
TIC 865577667,865577667,99
TIC 865654506,865654506,99
TIC 865657069,865657069,99
TIC 865677056,865677056,99
TIC 865821400,865821400,99
TIC 865846453,865846453,99
TIC 866254766,866254766,99
TIC 866261423,866261423,99
TIC 866372657,866372657,99
TIC 866587061,866587061,99
TIC 866659547,866659547,99
TIC 866730457,866730457,99
TIC 866994685,866994685,99
TIC 867054200,867054200,99
TIC 867061326,867061326,99
TIC 867143900,867143900,99
TIC 867205955,867205955,99
TIC 867215915,867215915,99
TIC 867283674,867283674,99
TIC 867308831,867308831,99
TIC 867331981,867331981,99
TIC 867349235,867349235,99
TIC 867420588,867420588,99
TIC 867507111,867507111,99
TIC 867547983,867547983,99
TIC 867566432,867566432,99
TIC 867622106,867622106,99
TIC 867658642,867658642,99
TIC 867670429,867670429,99
TIC 867677011,867677011,99
TIC 867696092,867696092,99
TIC 867725889,867725889,99
TIC 867755602,867755602,99
TIC 867819925,867819925,99
TIC 867830009,867830009,99
TIC 867892956,867892956,99
TIC 868152434,868152434,99
TIC 868324346,868324346,99
TIC 868695997,868695997,99
TIC 868758922,868758922,99
TIC 868788758,868788758,99
TIC 868794952,868794952,99
TIC 868826071,868826071,99
TIC 868844587,868844587,99
TIC 868878655,868878655,99
TIC 868968612,868968612,99
TIC 868993893,868993893,99
TIC 869030407,869030407,99
TIC 869172505,869172505,99
TIC 869210012,869210012,99
TIC 869252292,869252292,99
TIC 869288736,869288736,99
TIC 869366146,869366146,99
TIC 869391302,869391302,99
TIC 869431169,869431169,99
TIC 869480692,869480692,99
TIC 869488381,869488381,99
TIC 869532604,869532604,99
TIC 869574293,869574293,99
TIC 869585839,869585839,99
TIC 869588415,869588415,99
TIC 869621415,869621415,99
TIC 869625276,869625276,99
TIC 869693018,869693018,99
TIC 869723769,869723769,99
TIC 869813960,869813960,99
TIC 869861611,869861611,99
TIC 869866527,869866527,99
TIC 869884392,869884392,99
TIC 869907328,869907328,99
TIC 870124602,870124602,99
TIC 870130543,870130543,99
TIC 870155319,870155319,99
TIC 870160854,870160854,99
TIC 870160982,870160982,99
TIC 870164493,870164493,99
TIC 870251566,870251566,99
TIC 870259591,870259591,99
TIC 870304788,870304788,99
TIC 870309762,870309762,99
TIC 870310469,870310469,99
TIC 870346191,870346191,99
TIC 870351038,870351038,99
TIC 870401068,870401068,99
TIC 870405094,870405094,99
TIC 870428659,870428659,99
TIC 870429745,870429745,99
TIC 870438901,870438901,99
TIC 870442359,870442359,99
TIC 870459301,870459301,99
TIC 870467910,870467910,99
TIC 870472077,870472077,99
TIC 870480733,870480733,99
TIC 870491740,870491740,99
TIC 870497900,870497900,99
TIC 870500772,870500772,99
TIC 870511254,870511254,99
TIC 870531972,870531972,99
TIC 870533299,870533299,99
TIC 870536416,870536416,99
TIC 870581758,870581758,99
TIC 870598622,870598622,99
TIC 870652663,870652663,99
TIC 870674506,870674506,99
TIC 870681771,870681771,99
TIC 870682201,870682201,99
TIC 870719085,870719085,99
TIC 870722823,870722823,99
TIC 870727949,870727949,99
TIC 870747458,870747458,99
TIC 870748330,870748330,99
TIC 870757686,870757686,99
TIC 870757912,870757912,99
TIC 870758347,870758347,99
TIC 870778919,870778919,99
TIC 870796055,870796055,99
TIC 870856230,870856230,99
TIC 870914366,870914366,99
TIC 870917693,870917693,99
TIC 870923494,870923494,99
TIC 870928177,870928177,99
TIC 870935732,870935732,99
TIC 870953312,870953312,99
TIC 870957361,870957361,99
TIC 870969112,870969112,99
TIC 870972097,870972097,99
TIC 870975208,870975208,99
TIC 870976742,870976742,99
TIC 870978689,870978689,99
TIC 870986088,870986088,99
TIC 871003958,871003958,99
TIC 871006912,871006912,99
TIC 871008637,871008637,99
TIC 871021955,871021955,99
TIC 871059603,871059603,99
TIC 871062469,871062469,99
TIC 871067511,871067511,99
TIC 871077686,871077686,99
TIC 871091357,871091357,99
TIC 871109104,871109104,99
TIC 871111119,871111119,99
TIC 871129530,871129530,99
TIC 871141972,871141972,99
TIC 871148903,871148903,99
TIC 871152368,871152368,99
TIC 871174092,871174092,99
TIC 871183139,871183139,99
TIC 871188496,871188496,99
TIC 871189379,871189379,99
TIC 871192237,871192237,99
TIC 871198997,871198997,99
TIC 871313842,871313842,99
TIC 871354116,871354116,99
TIC 871385188,871385188,99
TIC 871490158,871490158,99
TIC 871539917,871539917,99
TIC 871554846,871554846,99
TIC 871571025,871571025,99
TIC 871658332,871658332,99
TIC 871685844,871685844,99
TIC 871697428,871697428,99
TIC 871739666,871739666,99
TIC 871772647,871772647,99
TIC 871800099,871800099,99
TIC 871818004,871818004,99
TIC 871866009,871866009,99
TIC 871913231,871913231,99
TIC 871992952,871992952,99
TIC 872008304,872008304,99
TIC 872020709,872020709,99
TIC 872020838,872020838,99
TIC 872023961,872023961,99
TIC 872026557,872026557,99
TIC 872036502,872036502,99
TIC 872061493,872061493,99
TIC 872077146,872077146,99
TIC 872077751,872077751,99
TIC 872088004,872088004,99
TIC 872090265,872090265,99
TIC 872116637,872116637,99
TIC 872116647,872116647,99
TIC 872116797,872116797,99
TIC 872203258,872203258,99
TIC 872229051,872229051,99
TIC 872246021,872246021,99
TIC 872249561,872249561,99
TIC 872259069,872259069,99
TIC 872268479,872268479,99
TIC 872275537,872275537,99
TIC 872374411,872374411,99
TIC 872402607,872402607,99
TIC 872436166,872436166,99
TIC 872460126,872460126,99
TIC 872478327,872478327,99
TIC 872497010,872497010,99
TIC 872505288,872505288,99
TIC 872508903,872508903,99
TIC 872511229,872511229,99
TIC 872529354,872529354,99
TIC 872563361,872563361,99
TIC 872568058,872568058,99
TIC 872584883,872584883,99
TIC 872609318,872609318,99
TIC 872615036,872615036,99
TIC 872616325,872616325,99
TIC 872628814,872628814,99
TIC 872642988,872642988,99
TIC 872650290,872650290,99
TIC 872659790,872659790,99
TIC 872660194,872660194,99
TIC 872674811,872674811,99
TIC 872684828,872684828,99
TIC 872712573,872712573,99
TIC 872731067,872731067,99
TIC 872773152,872773152,99
TIC 872776683,872776683,99
TIC 872778420,872778420,99
TIC 872796401,872796401,99
TIC 872810699,872810699,99
TIC 872829025,872829025,99
TIC 872834252,872834252,99
TIC 872834391,872834391,99
TIC 872836923,872836923,99
TIC 872837379,872837379,99
TIC 872847377,872847377,99
TIC 872852437,872852437,99
TIC 872853278,872853278,99
TIC 872873321,872873321,99
TIC 872876534,872876534,99
TIC 872880535,872880535,99
TIC 872884936,872884936,99
TIC 872891042,872891042,99
TIC 872892510,872892510,99
TIC 872907680,872907680,99
TIC 872912274,872912274,99
TIC 872916405,872916405,99
TIC 872923650,872923650,99
TIC 872928207,872928207,99
TIC 872956057,872956057,99
TIC 872971918,872971918,99
TIC 872998703,872998703,99
TIC 873019314,873019314,99
TIC 873025817,873025817,99
TIC 873047538,873047538,99
TIC 873057118,873057118,99
TIC 873066211,873066211,99
TIC 873077422,873077422,99
TIC 873092816,873092816,99
TIC 873094935,873094935,99
TIC 873105983,873105983,99
TIC 873109291,873109291,99
TIC 873117820,873117820,99
TIC 873132499,873132499,99
TIC 873140826,873140826,99
TIC 873155712,873155712,99
TIC 873164229,873164229,99
TIC 873164345,873164345,99
TIC 873189118,873189118,99
TIC 873194690,873194690,99
TIC 873204515,873204515,99
TIC 873276054,873276054,99
TIC 873277632,873277632,99
TIC 873285117,873285117,99
TIC 873316681,873316681,99
TIC 873346335,873346335,99
TIC 873355467,873355467,99
TIC 873358398,873358398,99
TIC 873359213,873359213,99
TIC 873359942,873359942,99
TIC 873377731,873377731,99
TIC 873378220,873378220,99
TIC 873384021,873384021,99
TIC 873386487,873386487,99
TIC 873389362,873389362,99
TIC 873413495,873413495,99
TIC 873451715,873451715,99
TIC 873459077,873459077,99
TIC 873461271,873461271,99
TIC 873463839,873463839,99
TIC 873466914,873466914,99
TIC 873467684,873467684,99
TIC 873470452,873470452,99
TIC 873480965,873480965,99
TIC 873486515,873486515,99
TIC 873489897,873489897,99
TIC 873490905,873490905,99
TIC 873493543,873493543,99
TIC 873494304,873494304,99
TIC 873503652,873503652,99
TIC 873508789,873508789,99
TIC 873512101,873512101,99
TIC 873513680,873513680,99
TIC 873528303,873528303,99
TIC 873545539,873545539,99
TIC 873601846,873601846,99
TIC 873605627,873605627,99
TIC 873616290,873616290,99
TIC 873616359,873616359,99
TIC 873633891,873633891,99
TIC 873685080,873685080,99
TIC 873688614,873688614,99
TIC 873698612,873698612,99
TIC 873702375,873702375,99
TIC 873720630,873720630,99
TIC 873725972,873725972,99
TIC 873739417,873739417,99
TIC 873741087,873741087,99
TIC 873741992,873741992,99
TIC 873752936,873752936,99
TIC 873753991,873753991,99
TIC 873755887,873755887,99
TIC 873758005,873758005,99
TIC 873774014,873774014,99
TIC 873774407,873774407,99
TIC 873788471,873788471,99
TIC 873804893,873804893,99
TIC 873812052,873812052,99
TIC 873832197,873832197,99
TIC 873837205,873837205,99
TIC 873839639,873839639,99
TIC 873844885,873844885,99
TIC 873847788,873847788,99
TIC 873848504,873848504,99
TIC 873853724,873853724,99
TIC 873858169,873858169,99
TIC 873859764,873859764,99
TIC 873862783,873862783,99
TIC 873867165,873867165,99
TIC 873868712,873868712,99
TIC 873869528,873869528,99
TIC 873932190,873932190,99
TIC 873937212,873937212,99
TIC 873940152,873940152,99
TIC 873948336,873948336,99
TIC 873949446,873949446,99
TIC 873950254,873950254,99
TIC 873959009,873959009,99
TIC 873959038,873959038,99
TIC 873965970,873965970,99
TIC 873970768,873970768,99
TIC 873973917,873973917,99
TIC 873975005,873975005,99
TIC 873977737,873977737,99
TIC 873990452,873990452,99
TIC 873990894,873990894,99
TIC 873993581,873993581,99
TIC 873995558,873995558,99
TIC 874004483,874004483,99
TIC 874010250,874010250,99
TIC 874010853,874010853,99
TIC 874019551,874019551,99
TIC 874024288,874024288,99
TIC 874034480,874034480,99
TIC 874037534,874037534,99
TIC 874044623,874044623,99
TIC 874045629,874045629,99
TIC 874056911,874056911,99
TIC 874060513,874060513,99
TIC 874064789,874064789,99
TIC 874066090,874066090,99
TIC 874068579,874068579,99
TIC 874083648,874083648,99
TIC 874085044,874085044,99
TIC 874088074,874088074,99
TIC 874088138,874088138,99
TIC 874093688,874093688,99
TIC 874096535,874096535,99
TIC 874099595,874099595,99
TIC 874106648,874106648,99
TIC 874107282,874107282,99
TIC 874126659,874126659,99
TIC 874144676,874144676,99
TIC 874156088,874156088,99
TIC 874156724,874156724,99
TIC 874156984,874156984,99
TIC 874172867,874172867,99
TIC 874182766,874182766,99
TIC 874211380,874211380,99
TIC 874211460,874211460,99
TIC 874211623,874211623,99
TIC 874219237,874219237,99
TIC 874231141,874231141,99
TIC 874231627,874231627,99
TIC 874233559,874233559,99
TIC 874237109,874237109,99
TIC 874240265,874240265,99
TIC 874241343,874241343,99
TIC 874243165,874243165,99
TIC 874243534,874243534,99
TIC 874244103,874244103,99
TIC 874247739,874247739,99
TIC 874253846,874253846,99
TIC 874255990,874255990,99
TIC 874258457,874258457,99
TIC 874262556,874262556,99
TIC 874265519,874265519,99
TIC 874266286,874266286,99
TIC 874271022,874271022,99
TIC 874271851,874271851,99
TIC 874272620,874272620,99
TIC 874273503,874273503,99
TIC 874279147,874279147,99
TIC 874280351,874280351,99
TIC 874281866,874281866,99
TIC 874286521,874286521,99
TIC 874292004,874292004,99
TIC 874295753,874295753,99
TIC 874296136,874296136,99
TIC 874302955,874302955,99
TIC 874306048,874306048,99
TIC 874307377,874307377,99
TIC 874310063,874310063,99
TIC 874310592,874310592,99
TIC 874316413,874316413,99
TIC 874328542,874328542,99
TIC 874335855,874335855,99
TIC 874339411,874339411,99
TIC 874341531,874341531,99
TIC 874344078,874344078,99
TIC 874346261,874346261,99
TIC 874352290,874352290,99
TIC 874357769,874357769,99
TIC 874363954,874363954,99
TIC 874383420,874383420,99
TIC 874388002,874388002,99
TIC 874414044,874414044,99
TIC 874418786,874418786,99
TIC 874420197,874420197,99
TIC 874423125,874423125,99
TIC 874424683,874424683,99
TIC 874424701,874424701,99
TIC 874434479,874434479,99
TIC 874441998,874441998,99
TIC 874465435,874465435,99
TIC 874467369,874467369,99
TIC 874467918,874467918,99
TIC 874470161,874470161,99
TIC 874472035,874472035,99
TIC 874473690,874473690,99
TIC 874474709,874474709,99
TIC 874478099,874478099,99
TIC 874478551,874478551,99
TIC 874479738,874479738,99
TIC 874487923,874487923,99
TIC 874495216,874495216,99
TIC 874502390,874502390,99
TIC 874508305,874508305,99
TIC 874515874,874515874,99
TIC 874516459,874516459,99
TIC 874517110,874517110,99
TIC 874518385,874518385,99
TIC 874521927,874521927,99
TIC 874528581,874528581,99
TIC 874533110,874533110,99
TIC 874533806,874533806,99
TIC 874535432,874535432,99
TIC 874536664,874536664,99
TIC 874540772,874540772,99
TIC 874547927,874547927,99
TIC 874550679,874550679,99
TIC 874553612,874553612,99
TIC 874555374,874555374,99
TIC 874556729,874556729,99
TIC 874559382,874559382,99
TIC 874562922,874562922,99
TIC 874565495,874565495,99
TIC 874565748,874565748,99
TIC 874572162,874572162,99
TIC 874574507,874574507,99
TIC 874575996,874575996,99
TIC 874577772,874577772,99
TIC 874580286,874580286,99
TIC 874581081,874581081,99
TIC 874582338,874582338,99
TIC 874582916,874582916,99
TIC 874585646,874585646,99
TIC 874588178,874588178,99
TIC 874589139,874589139,99
TIC 874589210,874589210,99
TIC 874592235,874592235,99
TIC 874595536,874595536,99
TIC 874597298,874597298,99
TIC 874597500,874597500,99
TIC 874599849,874599849,99
TIC 874601151,874601151,99
TIC 874602809,874602809,99
TIC 874604183,874604183,99
TIC 874606455,874606455,99
TIC 874606581,874606581,99
TIC 874607543,874607543,99
TIC 874609028,874609028,99
TIC 874610193,874610193,99
TIC 874610371,874610371,99
TIC 874623019,874623019,99
TIC 874623734,874623734,99
TIC 874641905,874641905,99
TIC 874643348,874643348,99
TIC 874646144,874646144,99
TIC 874653530,874653530,99
TIC 874660251,874660251,99
TIC 874660964,874660964,99
TIC 874661470,874661470,99
TIC 874662137,874662137,99
TIC 874663104,874663104,99
TIC 874664241,874664241,99
TIC 874666469,874666469,99
TIC 874672519,874672519,99
TIC 874679615,874679615,99
TIC 874680212,874680212,99
TIC 874686277,874686277,99
TIC 874692621,874692621,99
TIC 874693654,874693654,99
TIC 874696428,874696428,99
TIC 874697087,874697087,99
TIC 874697609,874697609,99
TIC 874698070,874698070,99
TIC 874703676,874703676,99
TIC 874712211,874712211,99
TIC 874714791,874714791,99
TIC 874714996,874714996,99
TIC 874717671,874717671,99
TIC 874725418,874725418,99
TIC 874736196,874736196,99
TIC 874737569,874737569,99
TIC 874738229,874738229,99
TIC 874741347,874741347,99
TIC 874745788,874745788,99
TIC 874748842,874748842,99
TIC 874749854,874749854,99
TIC 874749969,874749969,99
TIC 874754046,874754046,99
TIC 874757481,874757481,99
TIC 874777493,874777493,99
TIC 874780909,874780909,99
TIC 874780949,874780949,99
TIC 874781001,874781001,99
TIC 874781767,874781767,99
TIC 874785328,874785328,99
TIC 874792319,874792319,99
TIC 874794138,874794138,99
TIC 874825339,874825339,99
TIC 874853153,874853153,99
TIC 874880983,874880983,99
TIC 874893443,874893443,99
TIC 874921804,874921804,99
TIC 874926800,874926800,99
TIC 874952276,874952276,99
TIC 874961542,874961542,99
TIC 874965726,874965726,99
TIC 874974185,874974185,99
TIC 874990171,874990171,99
TIC 874996854,874996854,99
TIC 874999217,874999217,99
TIC 875005209,875005209,99
TIC 875008193,875008193,99
TIC 875022342,875022342,99
TIC 875023538,875023538,99
TIC 875024894,875024894,99
TIC 875033098,875033098,99
TIC 875035122,875035122,99
TIC 875037714,875037714,99
TIC 875044438,875044438,99
TIC 875047108,875047108,99
TIC 875047137,875047137,99
TIC 875049319,875049319,99
TIC 875061662,875061662,99
TIC 875075048,875075048,99
TIC 875078867,875078867,99
TIC 875078976,875078976,99
TIC 875090430,875090430,99
TIC 875094566,875094566,99
TIC 875096925,875096925,99
TIC 875097462,875097462,99
TIC 875110763,875110763,99
TIC 875117007,875117007,99
TIC 875119491,875119491,99
TIC 875124332,875124332,99
TIC 875124365,875124365,99
TIC 875125794,875125794,99
TIC 875131537,875131537,99
TIC 875132765,875132765,99
TIC 875133020,875133020,99
TIC 875136470,875136470,99
TIC 875136565,875136565,99
TIC 875137424,875137424,99
TIC 875146361,875146361,99
TIC 875146941,875146941,99
TIC 875160454,875160454,99
TIC 875175560,875175560,99
TIC 875182868,875182868,99
TIC 875183295,875183295,99
TIC 875187002,875187002,99
TIC 875187700,875187700,99
TIC 875189402,875189402,99
TIC 875207621,875207621,99
TIC 875209240,875209240,99
TIC 875210039,875210039,99
TIC 875213495,875213495,99
TIC 875217918,875217918,99
TIC 875221148,875221148,99
TIC 875251943,875251943,99
TIC 875256845,875256845,99
TIC 875257235,875257235,99
TIC 875263975,875263975,99
TIC 875265448,875265448,99
TIC 875287076,875287076,99
TIC 875290695,875290695,99
TIC 875296135,875296135,99
TIC 875336065,875336065,99
TIC 875341924,875341924,99
TIC 875347255,875347255,99
TIC 875347495,875347495,99
TIC 875347797,875347797,99
TIC 875350231,875350231,99
TIC 875350439,875350439,99
TIC 875360825,875360825,99
TIC 875369433,875369433,99
TIC 875378845,875378845,99
TIC 875378939,875378939,99
TIC 875389981,875389981,99
TIC 875390107,875390107,99
TIC 875398950,875398950,99
TIC 875401675,875401675,99
TIC 875403301,875403301,99
TIC 875404086,875404086,99
TIC 875404497,875404497,99
TIC 875406421,875406421,99
TIC 875407595,875407595,99
TIC 875409654,875409654,99
TIC 875419948,875419948,99
TIC 875420179,875420179,99
TIC 875421173,875421173,99
TIC 875424009,875424009,99
TIC 875428018,875428018,99
TIC 875429382,875429382,99
TIC 875430386,875430386,99
TIC 875434836,875434836,99
TIC 875435841,875435841,99
TIC 875438996,875438996,99
TIC 875439780,875439780,99
TIC 875443376,875443376,99
TIC 875444060,875444060,99
TIC 875444865,875444865,99
TIC 875449127,875449127,99
TIC 875450854,875450854,99
TIC 875453879,875453879,99
TIC 875462427,875462427,99
TIC 875468249,875468249,99
TIC 875470510,875470510,99
TIC 875477919,875477919,99
TIC 875480522,875480522,99
TIC 875484530,875484530,99
TIC 875485292,875485292,99
TIC 875489230,875489230,99
TIC 875498908,875498908,99
TIC 875501090,875501090,99
TIC 875502433,875502433,99
TIC 875505728,875505728,99
TIC 875507073,875507073,99
TIC 875508293,875508293,99
TIC 875517376,875517376,99
TIC 875529587,875529587,99
TIC 875539642,875539642,99
TIC 875540854,875540854,99
TIC 875542418,875542418,99
TIC 875545510,875545510,99
TIC 875548108,875548108,99
TIC 875558403,875558403,99
TIC 875561645,875561645,99
TIC 875572727,875572727,99
TIC 875576887,875576887,99
TIC 875582664,875582664,99
TIC 875590136,875590136,99
TIC 875597530,875597530,99
TIC 875598053,875598053,99
TIC 875599413,875599413,99
TIC 875599733,875599733,99
TIC 875605637,875605637,99
TIC 875609759,875609759,99
TIC 875612293,875612293,99
TIC 875614996,875614996,99
TIC 875615112,875615112,99
TIC 875615353,875615353,99
TIC 875620127,875620127,99
TIC 875624496,875624496,99
TIC 875625045,875625045,99
TIC 875625539,875625539,99
TIC 875643133,875643133,99
TIC 875643955,875643955,99
TIC 875645456,875645456,99
TIC 875645912,875645912,99
TIC 875647852,875647852,99
TIC 875649059,875649059,99
TIC 875651568,875651568,99
TIC 875652177,875652177,99
TIC 875653193,875653193,99
TIC 875654102,875654102,99
TIC 875659967,875659967,99
TIC 875661457,875661457,99
TIC 875661775,875661775,99
TIC 875663245,875663245,99
TIC 875667064,875667064,99
TIC 875667499,875667499,99
TIC 875670991,875670991,99
TIC 875677118,875677118,99
TIC 875680427,875680427,99
TIC 875682538,875682538,99
TIC 875684694,875684694,99
TIC 875690118,875690118,99
TIC 875691834,875691834,99
TIC 875692323,875692323,99
TIC 875693825,875693825,99
TIC 875696308,875696308,99
TIC 875699952,875699952,99
TIC 875699953,875699953,99
TIC 875701515,875701515,99
TIC 875702349,875702349,99
TIC 875703334,875703334,99
TIC 875707448,875707448,99
TIC 875708366,875708366,99
TIC 875713044,875713044,99
TIC 875713648,875713648,99
TIC 875714120,875714120,99
TIC 875714649,875714649,99
TIC 875715864,875715864,99
TIC 875719491,875719491,99
TIC 875720926,875720926,99
TIC 875721940,875721940,99
TIC 875724122,875724122,99
TIC 875725177,875725177,99
TIC 875727585,875727585,99
TIC 875729236,875729236,99
TIC 875729671,875729671,99
TIC 875729715,875729715,99
TIC 875737275,875737275,99
TIC 875747045,875747045,99
TIC 875749685,875749685,99
TIC 875750462,875750462,99
TIC 875751784,875751784,99
TIC 875756476,875756476,99
TIC 875756664,875756664,99
TIC 875757123,875757123,99
TIC 875758474,875758474,99
TIC 875760729,875760729,99
TIC 875760874,875760874,99
TIC 875764801,875764801,99
TIC 875766490,875766490,99
TIC 875768802,875768802,99
TIC 875769341,875769341,99
TIC 875770003,875770003,99
TIC 875773544,875773544,99
TIC 875775953,875775953,99
TIC 875776317,875776317,99
TIC 875776975,875776975,99
TIC 875777668,875777668,99
TIC 875782509,875782509,99
TIC 875785355,875785355,99
TIC 875787342,875787342,99
TIC 875788445,875788445,99
TIC 875790315,875790315,99
TIC 875790341,875790341,99
TIC 875790646,875790646,99
TIC 875793964,875793964,99
TIC 875800544,875800544,99
TIC 875801811,875801811,99
TIC 875801936,875801936,99
TIC 875803324,875803324,99
TIC 875808115,875808115,99
TIC 875808285,875808285,99
TIC 875809131,875809131,99
TIC 875809627,875809627,99
TIC 875809760,875809760,99
TIC 875813670,875813670,99
TIC 875814230,875814230,99
TIC 875816411,875816411,99
TIC 875816681,875816681,99
TIC 875819017,875819017,99
TIC 875819970,875819970,99
TIC 875824911,875824911,99
TIC 875827025,875827025,99
TIC 875827565,875827565,99
TIC 875828379,875828379,99
TIC 875829775,875829775,99
TIC 875830837,875830837,99
TIC 875835804,875835804,99
TIC 875836492,875836492,99
TIC 875836577,875836577,99
TIC 875838495,875838495,99
TIC 875839444,875839444,99
TIC 875841647,875841647,99
TIC 875842139,875842139,99
TIC 875842377,875842377,99
TIC 875842662,875842662,99
TIC 875843512,875843512,99
TIC 875846929,875846929,99
TIC 875850017,875850017,99
TIC 875850653,875850653,99
TIC 875851504,875851504,99
TIC 875852879,875852879,99
TIC 875856206,875856206,99
TIC 875861050,875861050,99
TIC 875861686,875861686,99
TIC 875861722,875861722,99
TIC 875865531,875865531,99
TIC 875869693,875869693,99
TIC 875871332,875871332,99
TIC 875876949,875876949,99
TIC 875884409,875884409,99
TIC 875889249,875889249,99
TIC 875890907,875890907,99
TIC 875891525,875891525,99
TIC 875898488,875898488,99
TIC 875899839,875899839,99
TIC 875909861,875909861,99
TIC 875912988,875912988,99
TIC 875918494,875918494,99
TIC 875929260,875929260,99
TIC 875930161,875930161,99
TIC 875932640,875932640,99
TIC 875933239,875933239,99
TIC 875936935,875936935,99
TIC 875938067,875938067,99
TIC 875939937,875939937,99
TIC 875953309,875953309,99
TIC 875953630,875953630,99
TIC 875958331,875958331,99
TIC 875965827,875965827,99
TIC 875970050,875970050,99
TIC 875970065,875970065,99
TIC 875970886,875970886,99
TIC 875971362,875971362,99
TIC 875973889,875973889,99
TIC 875975827,875975827,99
TIC 875976994,875976994,99
TIC 875978468,875978468,99
TIC 875978974,875978974,99
TIC 875982014,875982014,99
TIC 875982017,875982017,99
TIC 875988361,875988361,99
TIC 875994954,875994954,99
TIC 875998775,875998775,99
TIC 876003623,876003623,99
TIC 876007166,876007166,99
TIC 876015454,876015454,99
TIC 876015618,876015618,99
TIC 876016034,876016034,99
TIC 876016244,876016244,99
TIC 876018876,876018876,99
TIC 876025672,876025672,99
TIC 876036972,876036972,99
TIC 876041600,876041600,99
TIC 876043008,876043008,99
TIC 876043510,876043510,99
TIC 876048942,876048942,99
TIC 876050245,876050245,99
TIC 876051461,876051461,99
TIC 876058409,876058409,99
TIC 876060661,876060661,99
TIC 876061220,876061220,99
TIC 876062590,876062590,99
TIC 876063205,876063205,99
TIC 876067181,876067181,99
TIC 876073406,876073406,99
TIC 876074131,876074131,99
TIC 876076160,876076160,99
TIC 876076933,876076933,99
TIC 876080138,876080138,99
TIC 876081516,876081516,99
TIC 876081560,876081560,99
TIC 876089451,876089451,99
TIC 876090100,876090100,99
TIC 876092340,876092340,99
TIC 876094193,876094193,99
TIC 876102106,876102106,99
TIC 876102626,876102626,99
TIC 876105337,876105337,99
TIC 876105354,876105354,99
TIC 876105664,876105664,99
TIC 876109423,876109423,99
TIC 876111480,876111480,99
TIC 876114550,876114550,99
TIC 876115909,876115909,99
TIC 876115965,876115965,99
TIC 876116620,876116620,99
TIC 876118698,876118698,99
TIC 876119653,876119653,99
TIC 876124255,876124255,99
TIC 876124728,876124728,99
TIC 876125952,876125952,99
TIC 876127012,876127012,99
TIC 876127875,876127875,99
TIC 876130081,876130081,99
TIC 876131847,876131847,99
TIC 876133352,876133352,99
TIC 876134022,876134022,99
TIC 876134281,876134281,99
TIC 876136618,876136618,99
TIC 876137647,876137647,99
TIC 876140075,876140075,99
TIC 876147893,876147893,99
TIC 876148110,876148110,99
TIC 876151323,876151323,99
TIC 876152466,876152466,99
TIC 876153356,876153356,99
TIC 876155656,876155656,99
TIC 876156291,876156291,99
TIC 876157247,876157247,99
TIC 876160884,876160884,99
TIC 876162174,876162174,99
TIC 876163068,876163068,99
TIC 876168423,876168423,99
TIC 876169527,876169527,99
TIC 876169565,876169565,99
TIC 876171928,876171928,99
TIC 876172117,876172117,99
TIC 876173346,876173346,99
TIC 876175071,876175071,99
TIC 876175633,876175633,99
TIC 876176248,876176248,99
TIC 876176511,876176511,99
TIC 876179223,876179223,99
TIC 876181664,876181664,99
TIC 876182827,876182827,99
TIC 876185577,876185577,99
TIC 876185662,876185662,99
TIC 876187340,876187340,99
TIC 876192114,876192114,99
TIC 876194773,876194773,99
TIC 876195049,876195049,99
TIC 876200587,876200587,99
TIC 876206828,876206828,99
TIC 876210937,876210937,99
TIC 876211693,876211693,99
TIC 876213063,876213063,99
TIC 876215697,876215697,99
TIC 876219566,876219566,99
TIC 876220111,876220111,99
TIC 876224851,876224851,99
TIC 876226259,876226259,99
TIC 876227331,876227331,99
TIC 876239560,876239560,99
TIC 876239612,876239612,99
TIC 876244486,876244486,99
TIC 876246237,876246237,99
TIC 876251699,876251699,99
TIC 876253921,876253921,99
TIC 876255608,876255608,99
TIC 876255741,876255741,99
TIC 876257304,876257304,99
TIC 876258899,876258899,99
TIC 876259083,876259083,99
TIC 876259799,876259799,99
TIC 876260310,876260310,99
TIC 876262082,876262082,99
TIC 876265576,876265576,99
TIC 876266265,876266265,99
TIC 876268774,876268774,99
TIC 876269127,876269127,99
TIC 876270555,876270555,99
TIC 876272364,876272364,99
TIC 876274473,876274473,99
TIC 876278660,876278660,99
TIC 876280429,876280429,99
TIC 876283308,876283308,99
TIC 876285009,876285009,99
TIC 876285037,876285037,99
TIC 876285684,876285684,99
TIC 876289201,876289201,99
TIC 876289222,876289222,99
TIC 876293405,876293405,99
TIC 876297261,876297261,99
TIC 876297417,876297417,99
TIC 876300172,876300172,99
TIC 876302439,876302439,99
TIC 876303085,876303085,99
TIC 876303799,876303799,99
TIC 876305629,876305629,99
TIC 876307739,876307739,99
TIC 876307919,876307919,99
TIC 876309809,876309809,99
TIC 876311575,876311575,99
TIC 876311685,876311685,99
TIC 876312307,876312307,99
TIC 876312495,876312495,99
TIC 876315500,876315500,99
TIC 876315861,876315861,99
TIC 876319043,876319043,99
TIC 876321972,876321972,99
TIC 876326825,876326825,99
TIC 876329392,876329392,99
TIC 876332444,876332444,99
TIC 876332462,876332462,99
TIC 876332725,876332725,99
TIC 876333618,876333618,99
TIC 876334060,876334060,99
TIC 876334374,876334374,99
TIC 876336740,876336740,99
TIC 876337016,876337016,99
TIC 876338318,876338318,99
TIC 876338413,876338413,99
TIC 876338674,876338674,99
TIC 876344409,876344409,99
TIC 876344910,876344910,99
TIC 876355544,876355544,99
TIC 876362310,876362310,99
TIC 876363775,876363775,99
TIC 876364277,876364277,99
TIC 876365920,876365920,99
TIC 876366826,876366826,99
TIC 876368336,876368336,99
TIC 876369014,876369014,99
TIC 876371126,876371126,99
TIC 876373487,876373487,99
TIC 876374718,876374718,99
TIC 906332026,906332026,99
TIC 906390382,906390382,99
TIC 906504897,906504897,99
TIC 906545350,906545350,99
TIC 906635418,906635418,99
TIC 907346197,907346197,99
TIC 907476411,907476411,99
TIC 907606512,907606512,99
TIC 907680559,907680559,99
TIC 908690121,908690121,99
TIC 908815744,908815744,99
TIC 909356755,909356755,99
TIC 910074822,910074822,99
TIC 910280576,910280576,99
TIC 910391311,910391311,99
TIC 911292787,911292787,99
TIC 912289335,912289335,99
TIC 912297616,912297616,99
TIC 912431186,912431186,99
TIC 912881883,912881883,99
TIC 914066329,914066329,99
TIC 914183418,914183418,99
TIC 914254660,914254660,99
TIC 915110182,915110182,99
TIC 915582386,915582386,99
TIC 915742777,915742777,99
TIC 916709896,916709896,99
TIC 916756749,916756749,99
TIC 917055615,917055615,99
TIC 917234153,917234153,99
TIC 917406555,917406555,99
TIC 917621649,917621649,99
TIC 917649484,917649484,99
TIC 917658040,917658040,99
TIC 917883771,917883771,99
TIC 918271403,918271403,99
TIC 919857884,919857884,99
TIC 920149859,920149859,99
TIC 920194692,920194692,99
TIC 920608620,920608620,99
TIC 920883528,920883528,99
TIC 921426993,921426993,99
TIC 922593883,922593883,99
TIC 923195958,923195958,99
TIC 923720181,923720181,99
TIC 923954606,923954606,99
TIC 924982619,924982619,99
TIC 925284456,925284456,99
TIC 925323105,925323105,99
TIC 925639594,925639594,99
TIC 925876940,925876940,99
TIC 926013804,926013804,99
TIC 926089377,926089377,99
TIC 926935293,926935293,99
TIC 927332858,927332858,99
TIC 927358149,927358149,99
TIC 927945964,927945964,99
TIC 928014106,928014106,99
TIC 928091716,928091716,99
TIC 928145260,928145260,99
TIC 928579999,928579999,99
TIC 928666481,928666481,99
TIC 928833312,928833312,99
TIC 929195256,929195256,99
TIC 929209043,929209043,99
TIC 929533267,929533267,99
TIC 929680986,929680986,99
TIC 930358182,930358182,99
TIC 930380794,930380794,99
TIC 930571090,930571090,99
TIC 930783807,930783807,99
TIC 930929650,930929650,99
TIC 930960310,930960310,99
TIC 931535422,931535422,99
TIC 931989980,931989980,99
TIC 932181635,932181635,99
TIC 932233459,932233459,99
TIC 932282321,932282321,99
TIC 932290568,932290568,99
TIC 932304477,932304477,99
TIC 932618369,932618369,99
TIC 932788017,932788017,99
TIC 932815512,932815512,99
TIC 932856851,932856851,99
TIC 933295721,933295721,99
TIC 933626631,933626631,99
TIC 933642891,933642891,99
TIC 933647869,933647869,99
TIC 933741352,933741352,99
TIC 933820684,933820684,99
TIC 933984596,933984596,99
TIC 934144259,934144259,99
TIC 934154575,934154575,99
TIC 934185807,934185807,99
TIC 934220978,934220978,99
TIC 934247836,934247836,99
TIC 934512539,934512539,99
TIC 934540758,934540758,99
TIC 934569047,934569047,99
TIC 934716497,934716497,99
TIC 934735668,934735668,99
TIC 934735946,934735946,99
TIC 935195603,935195603,99
TIC 935437219,935437219,99
TIC 935638862,935638862,99
TIC 935675849,935675849,99
TIC 935796917,935796917,99
TIC 935814841,935814841,99
TIC 935906174,935906174,99
TIC 936848062,936848062,99
TIC 936882736,936882736,99
TIC 936979924,936979924,99
TIC 936987218,936987218,99
TIC 937113614,937113614,99
TIC 937172772,937172772,99
TIC 937189712,937189712,99
TIC 937228249,937228249,99
TIC 937313776,937313776,99
TIC 937331371,937331371,99
TIC 937392393,937392393,99
TIC 937447826,937447826,99
TIC 937500337,937500337,99
TIC 937524098,937524098,99
TIC 937528584,937528584,99
TIC 937550476,937550476,99
TIC 937571252,937571252,99
TIC 937628587,937628587,99
TIC 937659476,937659476,99
TIC 937734379,937734379,99
TIC 937872018,937872018,99
TIC 937975484,937975484,99
TIC 937987662,937987662,99
TIC 937991754,937991754,99
TIC 938000947,938000947,99
TIC 938124174,938124174,99
TIC 938147757,938147757,99
TIC 938200213,938200213,99
TIC 938204210,938204210,99
TIC 938214370,938214370,99
TIC 938231942,938231942,99
TIC 938327978,938327978,99
TIC 938373971,938373971,99
TIC 938491518,938491518,99
TIC 938609663,938609663,99
TIC 938647809,938647809,99
TIC 938720834,938720834,99
TIC 938728019,938728019,99
TIC 938764289,938764289,99
TIC 938779482,938779482,99
TIC 938836207,938836207,99
TIC 938853610,938853610,99
TIC 938885731,938885731,99
TIC 938890464,938890464,99
TIC 938899686,938899686,99
TIC 938932390,938932390,99
TIC 938938300,938938300,99
TIC 938938899,938938899,99
TIC 938942242,938942242,99
TIC 938977227,938977227,99
TIC 939013044,939013044,99
TIC 939040153,939040153,99
TIC 939049699,939049699,99
TIC 939050287,939050287,99
TIC 939054470,939054470,99
TIC 939079307,939079307,99
TIC 939104141,939104141,99
TIC 939136598,939136598,99
TIC 939145334,939145334,99
TIC 939204255,939204255,99
TIC 939211695,939211695,99
TIC 939229682,939229682,99
TIC 939244948,939244948,99
TIC 939265252,939265252,99
TIC 939291059,939291059,99
TIC 939300367,939300367,99
TIC 939310650,939310650,99
TIC 939381273,939381273,99
TIC 939400233,939400233,99
TIC 939402774,939402774,99
TIC 939464032,939464032,99
TIC 939464896,939464896,99
TIC 939484880,939484880,99
TIC 939593632,939593632,99
TIC 939596839,939596839,99
TIC 939663168,939663168,99
TIC 939671490,939671490,99
TIC 939709574,939709574,99
TIC 939724140,939724140,99
TIC 939758412,939758412,99
TIC 939779760,939779760,99
TIC 939786503,939786503,99
TIC 939816324,939816324,99
TIC 939845702,939845702,99
TIC 939851200,939851200,99
TIC 939866279,939866279,99
TIC 939880607,939880607,99
TIC 939881373,939881373,99
TIC 939886670,939886670,99
TIC 939889010,939889010,99
TIC 939889913,939889913,99
TIC 939898056,939898056,99
TIC 939912481,939912481,99
TIC 939912808,939912808,99
TIC 939916702,939916702,99
TIC 939920036,939920036,99
TIC 939943315,939943315,99
TIC 939946794,939946794,99
TIC 939953390,939953390,99
TIC 939959693,939959693,99
TIC 939990474,939990474,99
TIC 939992616,939992616,99
TIC 940005561,940005561,99
TIC 940016167,940016167,99
TIC 940035124,940035124,99
TIC 940036278,940036278,99
TIC 940062121,940062121,99
TIC 940078043,940078043,99
TIC 940079270,940079270,99
TIC 940081234,940081234,99
TIC 940086294,940086294,99
TIC 940090797,940090797,99
TIC 940098376,940098376,99
TIC 940113820,940113820,99
TIC 940121657,940121657,99
TIC 940123082,940123082,99
TIC 940127316,940127316,99
TIC 940144195,940144195,99
TIC 940175723,940175723,99
TIC 940182282,940182282,99
TIC 940190533,940190533,99
TIC 940193996,940193996,99
TIC 940211169,940211169,99
TIC 940218441,940218441,99
TIC 940226211,940226211,99
TIC 940234323,940234323,99
TIC 940235579,940235579,99
TIC 940242606,940242606,99
TIC 940245594,940245594,99
TIC 940250831,940250831,99
TIC 940253079,940253079,99
TIC 940305867,940305867,99
TIC 940332849,940332849,99
TIC 940337351,940337351,99
TIC 940338084,940338084,99
TIC 940343910,940343910,99
TIC 940357361,940357361,99
TIC 940365945,940365945,99
TIC 940370374,940370374,99
TIC 940386893,940386893,99
TIC 940418699,940418699,99
TIC 940435522,940435522,99
TIC 940475421,940475421,99
TIC 940485132,940485132,99
TIC 940486741,940486741,99
TIC 940502257,940502257,99
TIC 940522681,940522681,99
TIC 940529149,940529149,99
TIC 940553016,940553016,99
TIC 940560698,940560698,99
TIC 940581933,940581933,99
TIC 940585037,940585037,99
TIC 940613248,940613248,99
TIC 940641298,940641298,99
TIC 940646242,940646242,99
TIC 940663668,940663668,99
TIC 940666820,940666820,99
TIC 940670331,940670331,99
TIC 940672081,940672081,99
TIC 940673967,940673967,99
TIC 940704511,940704511,99
TIC 940704980,940704980,99
TIC 940710808,940710808,99
TIC 940715203,940715203,99
TIC 940719983,940719983,99
TIC 940752718,940752718,99
TIC 940753098,940753098,99
TIC 940758654,940758654,99
TIC 940759284,940759284,99
TIC 940770829,940770829,99
TIC 940774137,940774137,99
TIC 940800900,940800900,99
TIC 940803999,940803999,99
TIC 940806918,940806918,99
TIC 940812582,940812582,99
TIC 940817485,940817485,99
TIC 940820442,940820442,99
TIC 940820533,940820533,99
TIC 940820786,940820786,99
TIC 940823921,940823921,99
TIC 940828538,940828538,99
TIC 940849090,940849090,99
TIC 940849839,940849839,99
TIC 940853708,940853708,99
TIC 940853972,940853972,99
TIC 940859742,940859742,99
TIC 940864125,940864125,99
TIC 940868793,940868793,99
TIC 940873442,940873442,99
TIC 940876208,940876208,99
TIC 940887002,940887002,99
TIC 940899824,940899824,99
TIC 940901460,940901460,99
TIC 940922335,940922335,99
TIC 940931534,940931534,99
TIC 940934143,940934143,99
TIC 940946800,940946800,99
TIC 940956136,940956136,99
TIC 940960028,940960028,99
TIC 940966100,940966100,99
TIC 940983505,940983505,99
TIC 940985279,940985279,99
TIC 940988970,940988970,99
TIC 940990696,940990696,99
TIC 940994628,940994628,99
TIC 940995584,940995584,99
TIC 940999907,940999907,99
TIC 941001977,941001977,99
TIC 941003188,941003188,99
TIC 941017230,941017230,99
TIC 941035663,941035663,99
TIC 941039136,941039136,99
TIC 941051804,941051804,99
TIC 941051909,941051909,99
TIC 941057275,941057275,99
TIC 941057462,941057462,99
TIC 941057692,941057692,99
TIC 941062979,941062979,99
TIC 941070253,941070253,99
TIC 941129976,941129976,99
TIC 941154860,941154860,99
TIC 941169247,941169247,99
TIC 941215668,941215668,99
TIC 941219908,941219908,99
TIC 941227079,941227079,99
TIC 941276617,941276617,99
TIC 941295838,941295838,99
TIC 941322559,941322559,99
TIC 941339908,941339908,99
TIC 941374209,941374209,99
TIC 941401668,941401668,99
TIC 941406226,941406226,99
TIC 941407834,941407834,99
TIC 941411508,941411508,99
TIC 941421471,941421471,99
TIC 941428051,941428051,99
TIC 941456603,941456603,99
TIC 941457168,941457168,99
TIC 941457993,941457993,99
TIC 941467638,941467638,99
TIC 941470759,941470759,99
TIC 941476377,941476377,99
TIC 941481931,941481931,99
TIC 941482175,941482175,99
TIC 941484132,941484132,99
TIC 941484947,941484947,99
TIC 941489036,941489036,99
TIC 941501424,941501424,99
TIC 941504374,941504374,99
TIC 941505522,941505522,99
TIC 941508333,941508333,99
TIC 941512700,941512700,99
TIC 941527195,941527195,99
TIC 941556432,941556432,99
TIC 941570663,941570663,99
TIC 941575648,941575648,99
TIC 941577206,941577206,99
TIC 941594768,941594768,99
TIC 941595960,941595960,99
TIC 941600766,941600766,99
TIC 941610067,941610067,99
TIC 941627167,941627167,99
TIC 941631093,941631093,99
TIC 941632027,941632027,99
TIC 941633250,941633250,99
TIC 941634295,941634295,99
TIC 941634931,941634931,99
TIC 941636957,941636957,99
TIC 941679962,941679962,99
TIC 941684852,941684852,99
TIC 941689973,941689973,99
TIC 941694576,941694576,99
TIC 941702820,941702820,99
TIC 941708998,941708998,99
TIC 941733928,941733928,99
TIC 941741466,941741466,99
TIC 941744547,941744547,99
TIC 941750007,941750007,99
TIC 941763660,941763660,99
TIC 941768321,941768321,99
TIC 941776994,941776994,99
TIC 941788630,941788630,99
TIC 941799932,941799932,99
TIC 941802038,941802038,99
TIC 941805394,941805394,99
TIC 941809630,941809630,99
TIC 941835474,941835474,99
TIC 941848413,941848413,99
TIC 941849110,941849110,99
TIC 941853660,941853660,99
TIC 941856578,941856578,99
TIC 941868132,941868132,99
TIC 941870610,941870610,99
TIC 941870666,941870666,99
TIC 941870677,941870677,99
TIC 941872712,941872712,99
TIC 941878780,941878780,99
TIC 941880997,941880997,99
TIC 941904753,941904753,99
TIC 941904976,941904976,99
TIC 941906823,941906823,99
TIC 941909057,941909057,99
TIC 941922462,941922462,99
TIC 941935672,941935672,99
TIC 941945158,941945158,99
TIC 941956089,941956089,99
TIC 941974337,941974337,99
TIC 941975793,941975793,99
TIC 941978950,941978950,99
TIC 941981453,941981453,99
TIC 941984962,941984962,99
TIC 941995219,941995219,99
TIC 942005931,942005931,99
TIC 942005932,942005932,99
TIC 942023730,942023730,99
TIC 942026729,942026729,99
TIC 942030946,942030946,99
TIC 942031957,942031957,99
TIC 942044715,942044715,99
TIC 942055637,942055637,99
TIC 942056858,942056858,99
TIC 942056961,942056961,99
TIC 942062678,942062678,99
TIC 942066750,942066750,99
TIC 942078820,942078820,99
TIC 942078901,942078901,99
TIC 942082177,942082177,99
TIC 942084470,942084470,99
TIC 942089688,942089688,99
TIC 942093298,942093298,99
TIC 942097334,942097334,99
TIC 942099759,942099759,99
TIC 942107923,942107923,99
TIC 942108394,942108394,99
TIC 942129710,942129710,99
TIC 942139064,942139064,99
TIC 942139298,942139298,99
TIC 942141005,942141005,99
TIC 942141242,942141242,99
TIC 942159529,942159529,99
TIC 942166802,942166802,99
TIC 942222060,942222060,99
TIC 942233340,942233340,99
TIC 942234371,942234371,99
TIC 942234904,942234904,99
TIC 942237727,942237727,99
TIC 942238213,942238213,99
TIC 942279730,942279730,99
TIC 942286267,942286267,99
TIC 942290196,942290196,99
TIC 942290259,942290259,99
TIC 942295319,942295319,99
TIC 942295632,942295632,99
TIC 942298028,942298028,99
TIC 942307948,942307948,99
TIC 942311711,942311711,99
TIC 942314767,942314767,99
TIC 942324271,942324271,99
TIC 942325023,942325023,99
TIC 942330325,942330325,99
TIC 942331901,942331901,99
TIC 942336328,942336328,99
TIC 942342294,942342294,99
TIC 942346429,942346429,99
TIC 942349944,942349944,99
TIC 942357395,942357395,99
TIC 942361941,942361941,99
TIC 942365688,942365688,99
TIC 942375150,942375150,99
TIC 942378636,942378636,99
TIC 942378967,942378967,99
TIC 942391172,942391172,99
TIC 942396091,942396091,99
TIC 942399024,942399024,99
TIC 942401080,942401080,99
TIC 942404761,942404761,99
TIC 942409550,942409550,99
TIC 942422966,942422966,99
TIC 942462688,942462688,99
TIC 942475266,942475266,99
TIC 942482046,942482046,99
TIC 942516526,942516526,99
TIC 942520629,942520629,99
TIC 942529882,942529882,99
TIC 942530263,942530263,99
TIC 942532569,942532569,99
TIC 942549291,942549291,99
TIC 942556104,942556104,99
TIC 942564740,942564740,99
TIC 942573989,942573989,99
TIC 942580282,942580282,99
TIC 942581084,942581084,99
TIC 942581207,942581207,99
TIC 942581295,942581295,99
TIC 942583363,942583363,99
TIC 942589860,942589860,99
TIC 942593202,942593202,99
TIC 942599146,942599146,99
TIC 942600300,942600300,99
TIC 942602100,942602100,99
TIC 942602827,942602827,99
TIC 942614235,942614235,99
TIC 942628224,942628224,99
TIC 942631488,942631488,99
TIC 942635787,942635787,99
TIC 942641518,942641518,99
TIC 942650085,942650085,99
TIC 942650109,942650109,99
TIC 942651750,942651750,99
TIC 942661442,942661442,99
TIC 942663549,942663549,99
TIC 942664994,942664994,99
TIC 942675362,942675362,99
TIC 942675547,942675547,99
TIC 942680030,942680030,99
TIC 942685164,942685164,99
TIC 942687349,942687349,99
TIC 942687764,942687764,99
TIC 942697476,942697476,99
TIC 942707117,942707117,99
TIC 942707716,942707716,99
TIC 942712186,942712186,99
TIC 942717950,942717950,99
TIC 942720731,942720731,99
TIC 942757936,942757936,99
TIC 942760875,942760875,99
TIC 942761928,942761928,99
TIC 942787844,942787844,99
TIC 942788057,942788057,99
TIC 942802647,942802647,99
TIC 942813418,942813418,99
TIC 942813598,942813598,99
TIC 942829998,942829998,99
TIC 942832686,942832686,99
TIC 942832943,942832943,99
TIC 942834610,942834610,99
TIC 942839838,942839838,99
TIC 942840867,942840867,99
TIC 942841320,942841320,99
TIC 942842236,942842236,99
TIC 942860092,942860092,99
TIC 942886257,942886257,99
TIC 942886507,942886507,99
TIC 942888976,942888976,99
TIC 942890552,942890552,99
TIC 942892705,942892705,99
TIC 942895107,942895107,99
TIC 942917452,942917452,99
TIC 942917870,942917870,99
TIC 942924080,942924080,99
TIC 955486047,955486047,99
TIC 955492342,955492342,99
TIC 955570118,955570118,99
TIC 955704750,955704750,99
TIC 955798320,955798320,99
TIC 955809873,955809873,99
TIC 955826869,955826869,99
TIC 956062228,956062228,99
TIC 956241812,956241812,99
TIC 956487841,956487841,99
TIC 956489713,956489713,99
TIC 956564746,956564746,99
TIC 956967731,956967731,99
TIC 956996653,956996653,99
TIC 957165209,957165209,99
TIC 957247225,957247225,99
TIC 957281949,957281949,99
TIC 957539643,957539643,99
TIC 957785202,957785202,99
TIC 957990574,957990574,99
TIC 958494301,958494301,99
TIC 959076014,959076014,99
TIC 959568314,959568314,99
TIC 959807920,959807920,99
TIC 960313191,960313191,99
TIC 960655119,960655119,99
TIC 960908898,960908898,99
TIC 961144148,961144148,99
TIC 961583398,961583398,99
TIC 961773696,961773696,99
TIC 963100694,963100694,99
TIC 965574820,965574820,99
TIC 966305827,966305827,99
TIC 968476740,968476740,99
TIC 968745713,968745713,99
TIC 969693596,969693596,99
TIC 969707055,969707055,99
TIC 969889012,969889012,99
TIC 969988369,969988369,99
TIC 971308622,971308622,99
TIC 972513870,972513870,99
TIC 972974776,972974776,99
TIC 973365861,973365861,99
TIC 973581964,973581964,99
TIC 975476989,975476989,99
TIC 976514544,976514544,99
TIC 976668054,976668054,99
TIC 976776776,976776776,99
TIC 976854634,976854634,99
TIC 977283363,977283363,99
TIC 977361512,977361512,99
TIC 977377873,977377873,99
TIC 977677928,977677928,99
TIC 978170469,978170469,99
TIC 978200467,978200467,99
TIC 978242747,978242747,99
TIC 979727327,979727327,99
TIC 979863044,979863044,99
TIC 980078967,980078967,99
TIC 981059983,981059983,99
TIC 981857980,981857980,99
TIC 981948084,981948084,99
TIC 981980227,981980227,99
TIC 982116514,982116514,99
TIC 982162330,982162330,99
TIC 982258215,982258215,99
TIC 982791831,982791831,99
TIC 983240328,983240328,99
TIC 983441555,983441555,99
TIC 984818711,984818711,99
TIC 985023711,985023711,99
TIC 985109747,985109747,99
TIC 985112648,985112648,99
TIC 985177925,985177925,99
TIC 985185569,985185569,99
TIC 985222977,985222977,99
TIC 985239312,985239312,99
TIC 985445926,985445926,99
TIC 987587967,987587967,99
TIC 987602889,987602889,99
TIC 987800918,987800918,99
TIC 987820753,987820753,99
TIC 987837026,987837026,99
TIC 988021195,988021195,99
TIC 988352130,988352130,99
TIC 988651163,988651163,99
TIC 988764557,988764557,99
TIC 989254366,989254366,99
TIC 989542232,989542232,99
TIC 989565273,989565273,99
TIC 989690443,989690443,99
TIC 989806410,989806410,99
TIC 989936351,989936351,99
TIC 990128934,990128934,99
TIC 990210837,990210837,99
TIC 990748731,990748731,99
TIC 990834587,990834587,99
TIC 990914172,990914172,99
TIC 991207541,991207541,99
TIC 991220619,991220619,99
TIC 991692089,991692089,99
TIC 991700285,991700285,99
TIC 991806978,991806978,99
TIC 991806993,991806993,99
TIC 991961249,991961249,99
TIC 992071417,992071417,99
TIC 992127507,992127507,99
TIC 992192208,992192208,99
TIC 992338644,992338644,99
TIC 992355223,992355223,99
TIC 992384053,992384053,99
TIC 992437486,992437486,99
TIC 992447916,992447916,99
TIC 992462460,992462460,99
TIC 992478017,992478017,99
TIC 992557709,992557709,99
TIC 992614228,992614228,99
TIC 992682622,992682622,99
TIC 992687593,992687593,99
TIC 992814620,992814620,99
TIC 992975378,992975378,99
TIC 993004859,993004859,99
TIC 993007859,993007859,99
TIC 993082681,993082681,99
TIC 993111729,993111729,99
TIC 993295739,993295739,99
TIC 993326700,993326700,99
TIC 993332702,993332702,99
TIC 993430451,993430451,99
TIC 993472599,993472599,99
TIC 993496690,993496690,99
TIC 993532027,993532027,99
TIC 993589897,993589897,99
TIC 993627671,993627671,99
TIC 993635026,993635026,99
TIC 993738794,993738794,99
TIC 993756933,993756933,99
TIC 993797335,993797335,99
TIC 993798721,993798721,99
TIC 993903085,993903085,99
TIC 993917438,993917438,99
TIC 993923173,993923173,99
TIC 993955659,993955659,99
TIC 993965464,993965464,99
TIC 993966593,993966593,99
TIC 993968887,993968887,99
TIC 993975034,993975034,99
TIC 993987053,993987053,99
TIC 994017689,994017689,99
TIC 994168088,994168088,99
TIC 994191655,994191655,99
TIC 994495998,994495998,99
TIC 994503813,994503813,99
TIC 994530018,994530018,99
TIC 994689840,994689840,99
TIC 994721112,994721112,99
TIC 994727320,994727320,99
TIC 994819022,994819022,99
TIC 994827529,994827529,99
TIC 994845660,994845660,99
TIC 994904703,994904703,99
TIC 994961543,994961543,99
TIC 994971285,994971285,99
TIC 994974781,994974781,99
TIC 994981467,994981467,99
TIC 994995418,994995418,99
TIC 995070571,995070571,99
TIC 995080602,995080602,99
TIC 995123771,995123771,99
TIC 995150561,995150561,99
TIC 995163975,995163975,99
TIC 995166527,995166527,99
TIC 995167982,995167982,99
TIC 995214075,995214075,99
TIC 995294332,995294332,99
TIC 995322285,995322285,99
TIC 995322287,995322287,99
TIC 995377218,995377218,99
TIC 995402918,995402918,99
TIC 995413199,995413199,99
TIC 995416624,995416624,99
TIC 995456853,995456853,99
TIC 995517527,995517527,99
TIC 995517852,995517852,99
TIC 995543911,995543911,99
TIC 995545317,995545317,99
TIC 995593688,995593688,99
TIC 995651464,995651464,99
TIC 995695233,995695233,99
TIC 995696862,995696862,99
TIC 995810399,995810399,99
TIC 995859247,995859247,99
TIC 995889205,995889205,99
TIC 995925868,995925868,99
TIC 995951814,995951814,99
TIC 995956303,995956303,99
TIC 995961798,995961798,99
TIC 995984300,995984300,99
TIC 995987412,995987412,99
TIC 996044830,996044830,99
TIC 996056114,996056114,99
TIC 996078748,996078748,99
TIC 996129369,996129369,99
TIC 996136727,996136727,99
TIC 996142710,996142710,99
TIC 996176863,996176863,99
TIC 996203198,996203198,99
TIC 996301658,996301658,99
TIC 996301855,996301855,99
TIC 996304379,996304379,99
TIC 996304652,996304652,99
TIC 996345773,996345773,99
TIC 997368523,997368523,99
TIC 997372427,997372427,99
TIC 997372864,997372864,99
TIC 997387168,997387168,99
TIC 997397778,997397778,99
TIC 997427585,997427585,99
TIC 997427636,997427636,99
TIC 997448111,997448111,99
TIC 997450250,997450250,99
TIC 997455580,997455580,99
TIC 997461100,997461100,99
TIC 997477827,997477827,99
TIC 997479839,997479839,99
TIC 997483751,997483751,99
TIC 997484079,997484079,99
TIC 997499769,997499769,99
TIC 997527774,997527774,99
TIC 997548193,997548193,99
TIC 997568208,997568208,99
TIC 997569067,997569067,99
TIC 997584995,997584995,99
TIC 997597446,997597446,99
TIC 997893642,997893642,99
TIC 997894852,997894852,99
TIC 997902788,997902788,99
TIC 997913180,997913180,99
TIC 997917431,997917431,99
TIC 1004119790,1004119790,99
TIC 1004232295,1004232295,99
TIC 1004384891,1004384891,99
TIC 1004603272,1004603272,99
TIC 1004633564,1004633564,99
TIC 1004675512,1004675512,99
TIC 1004704397,1004704397,99
TIC 1004761491,1004761491,99
TIC 1004766921,1004766921,99
TIC 1004814228,1004814228,99
TIC 1004836148,1004836148,99
TIC 1004909410,1004909410,99
TIC 1004931209,1004931209,99
TIC 1005105227,1005105227,99
TIC 1005111962,1005111962,99
TIC 1005178292,1005178292,99
TIC 1005311861,1005311861,99
TIC 1005391943,1005391943,99
TIC 1005407467,1005407467,99
TIC 1005474830,1005474830,99
TIC 1005577936,1005577936,99
TIC 1005618022,1005618022,99
TIC 1005722423,1005722423,99
TIC 1005788536,1005788536,99
TIC 1005920818,1005920818,99
TIC 1005963203,1005963203,99
TIC 1006175739,1006175739,99
TIC 1006288903,1006288903,99
TIC 1007673440,1007673440,99
TIC 1007688457,1007688457,99
TIC 1008015941,1008015941,99
TIC 1008151655,1008151655,99
TIC 1008171775,1008171775,99
TIC 1008431389,1008431389,99
TIC 1008472631,1008472631,99
TIC 1008631942,1008631942,99
TIC 1008961907,1008961907,99
TIC 1009492409,1009492409,99
TIC 1009967994,1009967994,99
TIC 1010136993,1010136993,99
TIC 1010143444,1010143444,99
TIC 1010268101,1010268101,99
TIC 1011975395,1011975395,99
TIC 1012369190,1012369190,99
TIC 1013105904,1013105904,99
TIC 1014345755,1014345755,99
TIC 1014642775,1014642775,99
TIC 1014878427,1014878427,99
TIC 1015743991,1015743991,99
TIC 1015865163,1015865163,99
TIC 1016451816,1016451816,99
TIC 1019213457,1019213457,99
TIC 1020180152,1020180152,99
TIC 1021022453,1021022453,99
TIC 1021048217,1021048217,99
TIC 1021070736,1021070736,99
TIC 1021094731,1021094731,99
TIC 1021098857,1021098857,99
TIC 1023824714,1023824714,99
TIC 1024220941,1024220941,99
TIC 1024812054,1024812054,99
TIC 1025494015,1025494015,99
TIC 1025511535,1025511535,99
TIC 1026460964,1026460964,99
TIC 1027247023,1027247023,99
TIC 1027282812,1027282812,99
TIC 1027470798,1027470798,99
TIC 1027691209,1027691209,99
TIC 1027878532,1027878532,99
TIC 1027892192,1027892192,99
TIC 1029025705,1029025705,99
TIC 1029483523,1029483523,99
TIC 1030334118,1030334118,99
TIC 1030475718,1030475718,99
TIC 1030971374,1030971374,99
TIC 1031353397,1031353397,99
TIC 1031896593,1031896593,99
TIC 1033337776,1033337776,99
TIC 1033374971,1033374971,99
TIC 1033537942,1033537942,99
TIC 1034816398,1034816398,99
TIC 1034919592,1034919592,99
TIC 1035067426,1035067426,99
TIC 1035122395,1035122395,99
TIC 1035506505,1035506505,99
TIC 1036144604,1036144604,99
TIC 1036787264,1036787264,99
TIC 1036881425,1036881425,99
TIC 1037283714,1037283714,99
TIC 1037373089,1037373089,99
TIC 1037657155,1037657155,99
TIC 1038166243,1038166243,99
TIC 1038933478,1038933478,99
TIC 1039012860,1039012860,99
TIC 1039502757,1039502757,99
TIC 1039740967,1039740967,99
TIC 1039866065,1039866065,99
TIC 1040118833,1040118833,99
TIC 1040210347,1040210347,99
TIC 1040889374,1040889374,99
TIC 1041068042,1041068042,99
TIC 1041339747,1041339747,99
TIC 1041608591,1041608591,99
TIC 1041634458,1041634458,99
TIC 1041659960,1041659960,99
TIC 1041776522,1041776522,99
TIC 1042096225,1042096225,99
TIC 1042134753,1042134753,99
TIC 1042208394,1042208394,99
TIC 1042277199,1042277199,99
TIC 1042422555,1042422555,99
TIC 1042535545,1042535545,99
TIC 1042555221,1042555221,99
TIC 1042567360,1042567360,99
TIC 1042640023,1042640023,99
TIC 1042843089,1042843089,99
TIC 1042876519,1042876519,99
TIC 1043996843,1043996843,99
TIC 1044263939,1044263939,99
TIC 1044416496,1044416496,99
TIC 1044877096,1044877096,99
TIC 1044897635,1044897635,99
TIC 1045059014,1045059014,99
TIC 1045234918,1045234918,99
TIC 1045258287,1045258287,99
TIC 1045484110,1045484110,99
TIC 1045713529,1045713529,99
TIC 1045859826,1045859826,99
TIC 1045911076,1045911076,99
TIC 1045937257,1045937257,99
TIC 1045984502,1045984502,99
TIC 1046037194,1046037194,99
TIC 1046192943,1046192943,99
TIC 1046205453,1046205453,99
TIC 1046208792,1046208792,99
TIC 1046211270,1046211270,99
TIC 1046284977,1046284977,99
TIC 1046304889,1046304889,99
TIC 1046355888,1046355888,99
TIC 1046396436,1046396436,99
TIC 1046441947,1046441947,99
TIC 1046449910,1046449910,99
TIC 1046453176,1046453176,99
TIC 1046485709,1046485709,99
TIC 1046516381,1046516381,99
TIC 1046542839,1046542839,99
TIC 1046570059,1046570059,99
TIC 1046648048,1046648048,99
TIC 1046695891,1046695891,99
TIC 1046725230,1046725230,99
TIC 1046819420,1046819420,99
TIC 1046883981,1046883981,99
TIC 1046911311,1046911311,99
TIC 1047023194,1047023194,99
TIC 1047165962,1047165962,99
TIC 1047192978,1047192978,99
TIC 1047207697,1047207697,99
TIC 1047256010,1047256010,99
TIC 1047275607,1047275607,99
TIC 1047405015,1047405015,99
TIC 1047408868,1047408868,99
TIC 1047651322,1047651322,99
TIC 1048797573,1048797573,99
TIC 1048802641,1048802641,99
TIC 1049123738,1049123738,99
TIC 1049162736,1049162736,99
TIC 1104631060,1104631060,99
TIC 1104637350,1104637350,99
TIC 1105039521,1105039521,99
TIC 1105040564,1105040564,99
TIC 1105051987,1105051987,99
TIC 1105061654,1105061654,99
TIC 1105074306,1105074306,99
TIC 1105084248,1105084248,99
TIC 1105107520,1105107520,99
TIC 1105130818,1105130818,99
TIC 1105165257,1105165257,99
TIC 1105203636,1105203636,99
TIC 1105223071,1105223071,99
TIC 1105245262,1105245262,99
TIC 1105252698,1105252698,99
TIC 1105306403,1105306403,99
TIC 1105350681,1105350681,99
TIC 1105354652,1105354652,99
TIC 1105359763,1105359763,99
TIC 1105387530,1105387530,99
TIC 1105387881,1105387881,99
TIC 1105465256,1105465256,99
TIC 1105465453,1105465453,99
TIC 1105472185,1105472185,99
TIC 1105494343,1105494343,99
TIC 1105530021,1105530021,99
TIC 1105620413,1105620413,99
TIC 1105643459,1105643459,99
TIC 1105736557,1105736557,99
TIC 1105772552,1105772552,99
TIC 1105885429,1105885429,99
TIC 1106136889,1106136889,99
TIC 1106186723,1106186723,99
TIC 1106220417,1106220417,99
TIC 1106240629,1106240629,99
TIC 1106267494,1106267494,99
TIC 1106281164,1106281164,99
TIC 1106283025,1106283025,99
TIC 1106293010,1106293010,99
TIC 1106329071,1106329071,99
TIC 1106329167,1106329167,99
TIC 1106409455,1106409455,99
TIC 1106438996,1106438996,99
TIC 1106540250,1106540250,99
TIC 1106556448,1106556448,99
TIC 1106628045,1106628045,99
TIC 1106704919,1106704919,99
TIC 1106930423,1106930423,99
TIC 1107164286,1107164286,99
TIC 1107278707,1107278707,99
TIC 1107581714,1107581714,99
TIC 1107636799,1107636799,99
TIC 1108211472,1108211472,99
TIC 1108226006,1108226006,99
TIC 1108505075,1108505075,99
TIC 1108525154,1108525154,99
TIC 1108616604,1108616604,99
TIC 1108931365,1108931365,99
TIC 1109665584,1109665584,99
TIC 1109972470,1109972470,99
TIC 1110143127,1110143127,99
TIC 1110165770,1110165770,99
TIC 1110509057,1110509057,99
TIC 1111519224,1111519224,99
TIC 1111973897,1111973897,99
TIC 1121580389,1121580389,99
TIC 1121971996,1121971996,99
TIC 1121988319,1121988319,99
TIC 1122102213,1122102213,99
TIC 1122146657,1122146657,99
TIC 1122424855,1122424855,99
TIC 1123223292,1123223292,99
TIC 1123260073,1123260073,99
TIC 1123387395,1123387395,99
TIC 1124050687,1124050687,99
TIC 1124241044,1124241044,99
TIC 1124734938,1124734938,99
TIC 1124734939,1124734939,99
TIC 1126137983,1126137983,99
TIC 1126516977,1126516977,99
TIC 1126919040,1126919040,99
TIC 1127855161,1127855161,99
TIC 1129710440,1129710440,99
TIC 1130531924,1130531924,99
TIC 1130632653,1130632653,99
TIC 1132641511,1132641511,99
TIC 1132727684,1132727684,99
TIC 1132933214,1132933214,99
TIC 1133540849,1133540849,99
TIC 1133545338,1133545338,99
TIC 1133668218,1133668218,99
TIC 1133917349,1133917349,99
TIC 1134524773,1134524773,99
TIC 1134532520,1134532520,99
TIC 1134546895,1134546895,99
TIC 1135163498,1135163498,99
TIC 1137690952,1137690952,99
TIC 1137881225,1137881225,99
TIC 1140376603,1140376603,99
TIC 1140477485,1140477485,99
TIC 1140720537,1140720537,99
TIC 1141659379,1141659379,99
TIC 1141960248,1141960248,99
TIC 1142319787,1142319787,99
TIC 1142437067,1142437067,99
TIC 1142703367,1142703367,99
TIC 1143206746,1143206746,99
TIC 1143228115,1143228115,99
TIC 1145871972,1145871972,99
TIC 1148829197,1148829197,99
TIC 1148921821,1148921821,99
TIC 1149078006,1149078006,99
TIC 1149231818,1149231818,99
TIC 1149463133,1149463133,99
TIC 1149570621,1149570621,99
TIC 1149696980,1149696980,99
TIC 1150228586,1150228586,99
TIC 1150237026,1150237026,99
TIC 1150352346,1150352346,99
TIC 1150698905,1150698905,99
