target,tic_id,sectors
TIC 1025507,1025507,97
TIC 1028586,1028586,97
TIC 1028594,1028594,97
TIC 1028614,1028614,97
TIC 1028751,1028751,97
TIC 1028794,1028794,97
TIC 1028795,1028795,97
TIC 1028816,1028816,97
TIC 1028829,1028829,97
TIC 1030004,1030004,97
TIC 1030078,1030078,97
TIC 1031299,1031299,97
TIC 1031383,1031383,97
TIC 1031421,1031421,97
TIC 1032642,1032642,97
TIC 1032644,1032644,97
TIC 1034048,1034048,97
TIC 1034389,1034389,97
TIC 1045526,1045526,97
TIC 1045737,1045737,97
TIC 1068428,1068428,97
TIC 1068955,1068955,97
TIC 1098205,1098205,97
TIC 1098494,1098494,97
TIC 1098952,1098952,97
TIC 1111717,1111717,97
TIC 1112857,1112857,97
TIC 1114066,1114066,97
TIC 1114115,1114115,97
TIC 1114345,1114345,97
TIC 1117332,1117332,97
TIC 1119071,1119071,97
TIC 1119096,1119096,97
TIC 1119294,1119294,97
TIC 1119459,1119459,97
TIC 1123472,1123472,97
TIC 1124942,1124942,97
TIC 1127460,1127460,97
TIC 1127571,1127571,97
TIC 1129777,1129777,97
TIC 1130183,1130183,97
TIC 1150453,1150453,97
TIC 3816260,3816260,97
TIC 3836756,3836756,97
TIC 3836983,3836983,97
TIC 3886485,3886485,97
TIC 3888550,3888550,97
TIC 3888769,3888769,97
TIC 3892205,3892205,97
TIC 3894294,3894294,97
TIC 3898381,3898381,97
TIC 3898553,3898553,97
TIC 3899410,3899410,97
TIC 3899738,3899738,97
TIC 3903299,3903299,97
TIC 3904628,3904628,97
TIC 3904662,3904662,97
TIC 3905906,3905906,97
TIC 3921576,3921576,97
TIC 3921746,3921746,97
TIC 3921762,3921762,97
TIC 3922529,3922529,97
TIC 3922848,3922848,97
TIC 3923889,3923889,97
TIC 3924509,3924509,97
TIC 3957601,3957601,97
TIC 3958684,3958684,97
TIC 3959220,3959220,97
TIC 3962869,3962869,97
TIC 3963507,3963507,97
TIC 3964964,3964964,97
TIC 3988388,3988388,97
TIC 3988400,3988400,97
TIC 3988401,3988401,97
TIC 3988786,3988786,97
TIC 3989422,3989422,97
TIC 3990402,3990402,97
TIC 3990629,3990629,97
TIC 3990686,3990686,97
TIC 4007712,4007712,97
TIC 4008073,4008073,97
TIC 4008098,4008098,97
TIC 4008174,4008174,97
TIC 4008360,4008360,97
TIC 4627123,4627123,97
TIC 4627575,4627575,97
TIC 7205332,7205332,97
TIC 7219876,7219876,97
TIC 7220927,7220927,97
TIC 7222091,7222091,97
TIC 7244910,7244910,97
TIC 7262234,7262234,97
TIC 7265098,7265098,97
TIC 7295738,7295738,97
TIC 10784960,10784960,97
TIC 10785357,10785357,97
TIC 10785492,10785492,97
TIC 10786436,10786436,97
TIC 10787001,10787001,97
TIC 10787002,10787002,97
TIC 10787084,10787084,97
TIC 10802452,10802452,97
TIC 10802503,10802503,97
TIC 10803442,10803442,97
TIC 10819021,10819021,97
TIC 10820352,10820352,97
TIC 10820870,10820870,97
TIC 10821149,10821149,97
TIC 10835598,10835598,97
TIC 10835890,10835890,97
TIC 10837041,10837041,97
TIC 10838226,10838226,97
TIC 10838265,10838265,97
TIC 10838592,10838592,97
TIC 10839014,10839014,97
TIC 10839173,10839173,97
TIC 10839729,10839729,97
TIC 10839990,10839990,97
TIC 10841335,10841335,97
TIC 10842216,10842216,97
TIC 10843303,10843303,97
TIC 10862194,10862194,97
TIC 10862913,10862913,97
TIC 10863087,10863087,97
TIC 10863225,10863225,97
TIC 10864146,10864146,97
TIC 10864406,10864406,97
TIC 10879648,10879648,97
TIC 10879912,10879912,97
TIC 10880161,10880161,97
TIC 10880669,10880669,97
TIC 10880783,10880783,97
TIC 10880919,10880919,97
TIC 10881375,10881375,97
TIC 10929818,10929818,97
TIC 11488299,11488299,97
TIC 11489563,11489563,97
TIC 11518046,11518046,97
TIC 11518056,11518056,97
TIC 11518057,11518057,97
TIC 11519779,11519779,97
TIC 11519781,11519781,97
TIC 11528274,11528274,97
TIC 11528365,11528365,97
TIC 11529003,11529003,97
TIC 11555844,11555844,97
TIC 11555893,11555893,97
TIC 11557292,11557292,97
TIC 11557436,11557436,97
TIC 11558146,11558146,97
TIC 11558750,11558750,97
TIC 11568164,11568164,97
TIC 11568422,11568422,97
TIC 11568476,11568476,97
TIC 11568615,11568615,97
TIC 11569593,11569593,97
TIC 11569594,11569594,97
TIC 11569869,11569869,97
TIC 11598511,11598511,97
TIC 11599080,11599080,97
TIC 11613069,11613069,97
TIC 11613593,11613593,97
TIC 11614280,11614280,97
TIC 11614297,11614297,97
TIC 11614485,11614485,97
TIC 11637334,11637334,97
TIC 11637549,11637549,97
TIC 11638054,11638054,97
TIC 11645419,11645419,97
TIC 11645757,11645757,97
TIC 11645758,11645758,97
TIC 11645994,11645994,97
TIC 11646278,11646278,97
TIC 11646496,11646496,97
TIC 11646610,11646610,97
TIC 11647020,11647020,97
TIC 11648089,11648089,97
TIC 11648090,11648090,97
TIC 11649826,11649826,97
TIC 11650529,11650529,97
TIC 11650843,11650843,97
TIC 11652076,11652076,97
TIC 11652229,11652229,97
TIC 11652846,11652846,97
TIC 11652849,11652849,97
TIC 11652986,11652986,97
TIC 11653014,11653014,97
TIC 11688264,11688264,97
TIC 11688606,11688606,97
TIC 24186999,24186999,97
TIC 24207200,24207200,97
TIC 24207247,24207247,97
TIC 24208171,24208171,97
TIC 24208577,24208577,97
TIC 24225890,24225890,97
TIC 24226684,24226684,97
TIC 24226766,24226766,97
TIC 24227072,24227072,97
TIC 24227217,24227217,97
TIC 24247955,24247955,97
TIC 24247970,24247970,97
TIC 24247972,24247972,97
TIC 24248404,24248404,97
TIC 24248926,24248926,97
TIC 24249170,24249170,97
TIC 24250134,24250134,97
TIC 24250351,24250351,97
TIC 24250771,24250771,97
TIC 24250773,24250773,97
TIC 24251953,24251953,97
TIC 24252344,24252344,97
TIC 24268748,24268748,97
TIC 24270013,24270013,97
TIC 24270405,24270405,97
TIC 24295724,24295724,97
TIC 24884883,24884883,97
TIC 24908871,24908871,97
TIC 24908875,24908875,97
TIC 24908944,24908944,97
TIC 24908945,24908945,97
TIC 24909374,24909374,97
TIC 24910325,24910325,97
TIC 24910326,24910326,97
TIC 24910401,24910401,97
TIC 24910593,24910593,97
TIC 24910738,24910738,97
TIC 24921216,24921216,97
TIC 24921351,24921351,97
TIC 24921603,24921603,97
TIC 24921718,24921718,97
TIC 24922044,24922044,97
TIC 24923308,24923308,97
TIC 24923821,24923821,97
TIC 24924016,24924016,97
TIC 24925021,24925021,97
TIC 24925732,24925732,97
TIC 24926306,24926306,97
TIC 24926308,24926308,97
TIC 24926326,24926326,97
TIC 24926329,24926329,97
TIC 24926727,24926727,97
TIC 24927235,24927235,97
TIC 24927833,24927833,97
TIC 24941598,24941598,97
TIC 24941601,24941601,97
TIC 24942376,24942376,97
TIC 24954856,24954856,97
TIC 24955141,24955141,97
TIC 24955396,24955396,97
TIC 24978373,24978373,97
TIC 24979702,24979702,97
TIC 24979811,24979811,97
TIC 24980244,24980244,97
TIC 24980421,24980421,97
TIC 25001358,25001358,97
TIC 25001474,25001474,97
TIC 25002134,25002134,97
TIC 25002411,25002411,97
TIC 25003158,25003158,97
TIC 25003448,25003448,97
TIC 25003871,25003871,97
TIC 25004100,25004100,97
TIC 25004643,25004643,97
TIC 25004866,25004866,97
TIC 25030847,25030847,97
TIC 25030985,25030985,97
TIC 25031408,25031408,97
TIC 25031798,25031798,97
TIC 25031800,25031800,97
TIC 25034169,25034169,97
TIC 25062277,25062277,97
TIC 25062534,25062534,97
TIC 25063314,25063314,97
TIC 25064632,25064632,97
TIC 25080230,25080230,97
TIC 25080437,25080437,97
TIC 25117804,25117804,97
TIC 25117837,25117837,97
TIC 25118083,25118083,97
TIC 25118084,25118084,97
TIC 25132265,25132265,97
TIC 25152787,25152787,97
TIC 25155713,25155713,97
TIC 25195904,25195904,97
TIC 25398840,25398840,97
TIC 25399365,25399365,97
TIC 28116948,28116948,97
TIC 28117051,28117051,97
TIC 28117369,28117369,97
TIC 28128147,28128147,97
TIC 28128509,28128509,97
TIC 29759042,29759042,97
TIC 29778074,29778074,97
TIC 29779122,29779122,97
TIC 29779603,29779603,97
TIC 29781099,29781099,97
TIC 29833542,29833542,97
TIC 29833543,29833543,97
TIC 29836061,29836061,97
TIC 29845237,29845237,97
TIC 29846670,29846670,97
TIC 29848163,29848163,97
TIC 29853290,29853290,97
TIC 29853348,29853348,97
TIC 29853772,29853772,97
TIC 29854191,29854191,97
TIC 29854339,29854339,97
TIC 29854433,29854433,97
TIC 29854488,29854488,97
TIC 29855130,29855130,97
TIC 29855342,29855342,97
TIC 29855456,29855456,97
TIC 29855600,29855600,97
TIC 29856554,29856554,97
TIC 29856557,29856557,97
TIC 29862344,29862344,97
TIC 29900813,29900813,97
TIC 29903974,29903974,97
TIC 29904349,29904349,97
TIC 29918916,29918916,97
TIC 29918917,29918917,97
TIC 29919137,29919137,97
TIC 29919288,29919288,97
TIC 29919341,29919341,97
TIC 29920336,29920336,97
TIC 29921357,29921357,97
TIC 29921919,29921919,97
TIC 29922261,29922261,97
TIC 29923458,29923458,97
TIC 29923559,29923559,97
TIC 29927671,29927671,97
TIC 29928567,29928567,97
TIC 29929287,29929287,97
TIC 29930110,29930110,97
TIC 29939923,29939923,97
TIC 29989204,29989204,97
TIC 30033946,30033946,97
TIC 30103695,30103695,97
TIC 30192558,30192558,97
TIC 30268024,30268024,97
TIC 30408670,30408670,97
TIC 30527366,30527366,97
TIC 30527625,30527625,97
TIC 30531851,30531851,97
TIC 30718807,30718807,97
TIC 30718811,30718811,97
TIC 30719871,30719871,97
TIC 30764640,30764640,97
TIC 30848631,30848631,97
TIC 30853953,30853953,97
TIC 30939038,30939038,97
TIC 31006657,31006657,97
TIC 31017680,31017680,97
TIC 31180464,31180464,97
TIC 31181095,31181095,97
TIC 31315591,31315591,97
TIC 31380847,31380847,97
TIC 31635050,31635050,97
TIC 31672729,31672729,97
TIC 31672757,31672757,97
TIC 31704728,31704728,97
TIC 31740375,31740375,97
TIC 31740719,31740719,97
TIC 31780245,31780245,97
TIC 31780319,31780319,97
TIC 31798074,31798074,97
TIC 31798732,31798732,97
TIC 31798926,31798926,97
TIC 31814089,31814089,97
TIC 31816207,31816207,97
TIC 31816208,31816208,97
TIC 31816792,31816792,97
TIC 31817072,31817072,97
TIC 31852076,31852076,97
TIC 31852565,31852565,97
TIC 31853578,31853578,97
TIC 31869488,31869488,97
TIC 31870361,31870361,97
TIC 31871186,31871186,97
TIC 31925114,31925114,97
TIC 31927353,31927353,97
TIC 31942864,31942864,97
TIC 31945753,31945753,97
TIC 31997926,31997926,97
TIC 31998499,31998499,97
TIC 32032816,32032816,97
TIC 32052114,32052114,97
TIC 32052764,32052764,97
TIC 32072079,32072079,97
TIC 32089223,32089223,97
TIC 32091721,32091721,97
TIC 32092484,32092484,97
TIC 32092485,32092485,97
TIC 32150999,32150999,97
TIC 32152978,32152978,97
TIC 32153296,32153296,97
TIC 32154307,32154307,97
TIC 32154760,32154760,97
TIC 32256994,32256994,97
TIC 32257224,32257224,97
TIC 32257259,32257259,97
TIC 32257424,32257424,97
TIC 32265123,32265123,97
TIC 32268449,32268449,97
TIC 32283608,32283608,97
TIC 32283653,32283653,97
TIC 32283654,32283654,97
TIC 32283664,32283664,97
TIC 32284043,32284043,97
TIC 32291440,32291440,97
TIC 32307141,32307141,97
TIC 32307206,32307206,97
TIC 32307244,32307244,97
TIC 32354173,32354173,97
TIC 32354769,32354769,97
TIC 32395981,32395981,97
TIC 32396169,32396169,97
TIC 32420712,32420712,97
TIC 32432193,32432193,97
TIC 32433365,32433365,97
TIC 32532698,32532698,97
TIC 32533837,32533837,97
TIC 32535054,32535054,97
TIC 32535649,32535649,97
TIC 32535669,32535669,97
TIC 32535758,32535758,97
TIC 32535846,32535846,97
TIC 32536039,32536039,97
TIC 32536772,32536772,97
TIC 32537147,32537147,97
TIC 32548931,32548931,97
TIC 32549233,32549233,97
TIC 32549722,32549722,97
TIC 32550424,32550424,97
TIC 32551162,32551162,97
TIC 32551452,32551452,97
TIC 32551698,32551698,97
TIC 32551881,32551881,97
TIC 32552036,32552036,97
TIC 32552155,32552155,97
TIC 32552492,32552492,97
TIC 32552495,32552495,97
TIC 32552496,32552496,97
TIC 32553191,32553191,97
TIC 32553192,32553192,97
TIC 32553278,32553278,97
TIC 32553282,32553282,97
TIC 32557656,32557656,97
TIC 32573380,32573380,97
TIC 32580288,32580288,97
TIC 33426484,33426484,97
TIC 33444032,33444032,97
TIC 33444592,33444592,97
TIC 33444753,33444753,97
TIC 33445709,33445709,97
TIC 33445712,33445712,97
TIC 33464864,33464864,97
TIC 33465112,33465112,97
TIC 33465383,33465383,97
TIC 33466447,33466447,97
TIC 33466448,33466448,97
TIC 33475633,33475633,97
TIC 33476588,33476588,97
TIC 33476602,33476602,97
TIC 33490589,33490589,97
TIC 33490778,33490778,97
TIC 33491978,33491978,97
TIC 33492406,33492406,97
TIC 33492996,33492996,97
TIC 33493217,33493217,97
TIC 33493389,33493389,97
TIC 33494267,33494267,97
TIC 33494455,33494455,97
TIC 33495101,33495101,97
TIC 33523628,33523628,97
TIC 33524869,33524869,97
TIC 33525005,33525005,97
TIC 33525135,33525135,97
TIC 33525286,33525286,97
TIC 33525679,33525679,97
TIC 33525681,33525681,97
TIC 33525887,33525887,97
TIC 33526048,33526048,97
TIC 33526685,33526685,97
TIC 33526761,33526761,97
TIC 33526769,33526769,97
TIC 33527574,33527574,97
TIC 33547201,33547201,97
TIC 33547560,33547560,97
TIC 33547941,33547941,97
TIC 33547942,33547942,97
TIC 33548480,33548480,97
TIC 33575914,33575914,97
TIC 33576349,33576349,97
TIC 33590498,33590498,97
TIC 33590609,33590609,97
TIC 33591034,33591034,97
TIC 33591202,33591202,97
TIC 33594074,33594074,97
TIC 33594761,33594761,97
TIC 33594839,33594839,97
TIC 33595467,33595467,97
TIC 33596593,33596593,97
TIC 33625362,33625362,97
TIC 33625968,33625968,97
TIC 33626294,33626294,97
TIC 33626295,33626295,97
TIC 33627183,33627183,97
TIC 33649994,33649994,97
TIC 33663818,33663818,97
TIC 33664569,33664569,97
TIC 33715192,33715192,97
TIC 33716034,33716034,97
TIC 33736628,33736628,97
TIC 33766463,33766463,97
TIC 33769592,33769592,97
TIC 33831807,33831807,97
TIC 33864849,33864849,97
TIC 33878334,33878334,97
TIC 35099532,35099532,97
TIC 35099569,35099569,97
TIC 35101904,35101904,97
TIC 35101923,35101923,97
TIC 35119324,35119324,97
TIC 35119746,35119746,97
TIC 35119986,35119986,97
TIC 35120010,35120010,97
TIC 35121456,35121456,97
TIC 35121538,35121538,97
TIC 35649663,35649663,97
TIC 35649890,35649890,97
TIC 35649892,35649892,97
TIC 35650010,35650010,97
TIC 35650212,35650212,97
TIC 35650258,35650258,97
TIC 35650410,35650410,97
TIC 35664237,35664237,97
TIC 35664974,35664974,97
TIC 35666218,35666218,97
TIC 35666262,35666262,97
TIC 35666543,35666543,97
TIC 35704569,35704569,97
TIC 35705900,35705900,97
TIC 35705915,35705915,97
TIC 35707104,35707104,97
TIC 38314851,38314851,97
TIC 38350168,38350168,97
TIC 38350427,38350427,97
TIC 38350583,38350583,97
TIC 38350596,38350596,97
TIC 38350956,38350956,97
TIC 38377077,38377077,97
TIC 38396980,38396980,97
TIC 38423858,38423858,97
TIC 38459395,38459395,97
TIC 38468778,38468778,97
TIC 38469983,38469983,97
TIC 38507902,38507902,97
TIC 38509799,38509799,97
TIC 38574883,38574883,97
TIC 38586526,38586526,97
TIC 38603976,38603976,97
TIC 38632900,38632900,97
TIC 38633445,38633445,97
TIC 38634082,38634082,97
TIC 38634790,38634790,97
TIC 38698671,38698671,97
TIC 38763168,38763168,97
TIC 38813940,38813940,97
TIC 38841851,38841851,97
TIC 38909432,38909432,97
TIC 38942993,38942993,97
TIC 38943091,38943091,97
TIC 40336038,40336038,97
TIC 40345412,40345412,97
TIC 40347835,40347835,97
TIC 40406922,40406922,97
TIC 40514802,40514802,97
TIC 40515236,40515236,97
TIC 40607686,40607686,97
TIC 40607751,40607751,97
TIC 40611402,40611402,97
TIC 40719527,40719527,97
TIC 40802886,40802886,97
TIC 40904953,40904953,97
TIC 40969363,40969363,97
TIC 40969520,40969520,97
TIC 40969904,40969904,97
TIC 41031721,41031721,97
TIC 41032824,41032824,97
TIC 41034828,41034828,97
TIC 41111632,41111632,97
TIC 41113181,41113181,97
TIC 41170704,41170704,97
TIC 41170706,41170706,97
TIC 41228464,41228464,97
TIC 41230546,41230546,97
TIC 41259321,41259321,97
TIC 41460255,41460255,97
TIC 41460755,41460755,97
TIC 41464478,41464478,97
TIC 41483738,41483738,97
TIC 41486441,41486441,97
TIC 41531803,41531803,97
TIC 41589179,41589179,97
TIC 41595212,41595212,97
TIC 41897608,41897608,97
TIC 41955746,41955746,97
TIC 41955938,41955938,97
TIC 41957491,41957491,97
TIC 41958232,41958232,97
TIC 41973424,41973424,97
TIC 41974311,41974311,97
TIC 41976025,41976025,97
TIC 41995222,41995222,97
TIC 42013007,42013007,97
TIC 42013785,42013785,97
TIC 42014978,42014978,97
TIC 42015601,42015601,97
TIC 42055006,42055006,97
TIC 42056775,42056775,97
TIC 42070706,42070706,97
TIC 42071772,42071772,97
TIC 42073120,42073120,97
TIC 42073410,42073410,97
TIC 49593774,49593774,97
TIC 49594951,49594951,97
TIC 49595281,49595281,97
TIC 49616335,49616335,97
TIC 49616420,49616420,97
TIC 49616423,49616423,97
TIC 49617072,49617072,97
TIC 49617284,49617284,97
TIC 49617590,49617590,97
TIC 49623860,49623860,97
TIC 54002165,54002165,97
TIC 54002166,54002166,97
TIC 54002556,54002556,97
TIC 54002825,54002825,97
TIC 54003009,54003009,97
TIC 54003038,54003038,97
TIC 54003343,54003343,97
TIC 54003409,54003409,97
TIC 54017033,54017033,97
TIC 54017655,54017655,97
TIC 54018090,54018090,97
TIC 54018471,54018471,97
TIC 54071288,54071288,97
TIC 54071353,54071353,97
TIC 54071627,54071627,97
TIC 55272512,55272512,97
TIC 55296451,55296451,97
TIC 55300451,55300451,97
TIC 55363480,55363480,97
TIC 55364588,55364588,97
TIC 55386323,55386323,97
TIC 55400043,55400043,97
TIC 55453446,55453446,97
TIC 55478827,55478827,97
TIC 55523160,55523160,97
TIC 55526024,55526024,97
TIC 55526478,55526478,97
TIC 55557417,55557417,97
TIC 55559135,55559135,97
TIC 55602559,55602559,97
TIC 55603841,55603841,97
TIC 55604005,55604005,97
TIC 55650810,55650810,97
TIC 55652397,55652397,97
TIC 55652398,55652398,97
TIC 55742740,55742740,97
TIC 55755220,55755220,97
TIC 55783426,55783426,97
TIC 55854133,55854133,97
TIC 55854943,55854943,97
TIC 55855870,55855870,97
TIC 55855898,55855898,97
TIC 55856062,55856062,97
TIC 55856292,55856292,97
TIC 55856762,55856762,97
TIC 55856763,55856763,97
TIC 55857159,55857159,97
TIC 55857787,55857787,97
TIC 62380991,62380991,97
TIC 62380992,62380992,97
TIC 62381039,62381039,97
TIC 62381958,62381958,97
TIC 62383330,62383330,97
TIC 62422756,62422756,97
TIC 62422999,62422999,97
TIC 62423348,62423348,97
TIC 62423405,62423405,97
TIC 62423870,62423870,97
TIC 62425115,62425115,97
TIC 63940120,63940120,97
TIC 63940333,63940333,97
TIC 63940522,63940522,97
TIC 63940523,63940523,97
TIC 63941352,63941352,97
TIC 63941625,63941625,97
TIC 63941626,63941626,97
TIC 63941686,63941686,97
TIC 63941689,63941689,97
TIC 63942245,63942245,97
TIC 63942369,63942369,97
TIC 63942370,63942370,97
TIC 63942577,63942577,97
TIC 63943868,63943868,97
TIC 63957607,63957607,97
TIC 63958035,63958035,97
TIC 63958517,63958517,97
TIC 63958930,63958930,97
TIC 63974991,63974991,97
TIC 63975017,63975017,97
TIC 63976452,63976452,97
TIC 64008380,64008380,97
TIC 64008790,64008790,97
TIC 64009050,64009050,97
TIC 64009051,64009051,97
TIC 64009091,64009091,97
TIC 64009547,64009547,97
TIC 64010008,64010008,97
TIC 64010439,64010439,97
TIC 64030982,64030982,97
TIC 64031281,64031281,97
TIC 64034196,64034196,97
TIC 64034282,64034282,97
TIC 64034479,64034479,97
TIC 64034715,64034715,97
TIC 64052303,64052303,97
TIC 64052597,64052597,97
TIC 64053673,64053673,97
TIC 64053674,64053674,97
TIC 64053930,64053930,97
TIC 64054033,64054033,97
TIC 64069047,64069047,97
TIC 64069722,64069722,97
TIC 64070180,64070180,97
TIC 64070972,64070972,97
TIC 64072675,64072675,97
TIC 64105644,64105644,97
TIC 64106027,64106027,97
TIC 64106729,64106729,97
TIC 64106747,64106747,97
TIC 64106809,64106809,97
TIC 64107454,64107454,97
TIC 64107645,64107645,97
TIC 64108266,64108266,97
TIC 64108432,64108432,97
TIC 64109713,64109713,97
TIC 64111698,64111698,97
TIC 64111842,64111842,97
TIC 64112207,64112207,97
TIC 64144847,64144847,97
TIC 64176289,64176289,97
TIC 65290229,65290229,97
TIC 65291439,65291439,97
TIC 65322009,65322009,97
TIC 65324009,65324009,97
TIC 65344134,65344134,97
TIC 65344135,65344135,97
TIC 65344847,65344847,97
TIC 65345033,65345033,97
TIC 65345077,65345077,97
TIC 65345801,65345801,97
TIC 65346941,65346941,97
TIC 65347751,65347751,97
TIC 65347864,65347864,97
TIC 65360756,65360756,97
TIC 65397469,65397469,97
TIC 65398079,65398079,97
TIC 65398804,65398804,97
TIC 65414117,65414117,97
TIC 65414535,65414535,97
TIC 65415364,65415364,97
TIC 65416162,65416162,97
TIC 65416379,65416379,97
TIC 65416950,65416950,97
TIC 65417799,65417799,97
TIC 65447137,65447137,97
TIC 65449543,65449543,97
TIC 65449725,65449725,97
TIC 65451641,65451641,97
TIC 65451772,65451772,97
TIC 65452228,65452228,97
TIC 65479645,65479645,97
TIC 65480713,65480713,97
TIC 65481704,65481704,97
TIC 65482751,65482751,97
TIC 65484424,65484424,97
TIC 66534227,66534227,97
TIC 66534229,66534229,97
TIC 66534879,66534879,97
TIC 66550650,66550650,97
TIC 66551180,66551180,97
TIC 66551222,66551222,97
TIC 66551667,66551667,97
TIC 66552481,66552481,97
TIC 66554116,66554116,97
TIC 66554315,66554315,97
TIC 66555044,66555044,97
TIC 66555593,66555593,97
TIC 66555802,66555802,97
TIC 66572802,66572802,97
TIC 66572840,66572840,97
TIC 66573018,66573018,97
TIC 66604375,66604375,97
TIC 66604391,66604391,97
TIC 66604971,66604971,97
TIC 66605369,66605369,97
TIC 66606102,66606102,97
TIC 66606212,66606212,97
TIC 66626552,66626552,97
TIC 66626624,66626624,97
TIC 66626651,66626651,97
TIC 66626921,66626921,97
TIC 66645462,66645462,97
TIC 66646031,66646031,97
TIC 66646623,66646623,97
TIC 66667689,66667689,97
TIC 66667835,66667835,97
TIC 67654818,67654818,97
TIC 70489756,70489756,97
TIC 70490044,70490044,97
TIC 70490045,70490045,97
TIC 70491006,70491006,97
TIC 70502653,70502653,97
TIC 70502867,70502867,97
TIC 70502921,70502921,97
TIC 70503081,70503081,97
TIC 70525154,70525154,97
TIC 70552338,70552338,97
TIC 70552917,70552917,97
TIC 70552979,70552979,97
TIC 70557022,70557022,97
TIC 72583005,72583005,97
TIC 72583034,72583034,97
TIC 72583035,72583035,97
TIC 72583730,72583730,97
TIC 72586907,72586907,97
TIC 72587044,72587044,97
TIC 72587179,72587179,97
TIC 72622303,72622303,97
TIC 72622413,72622413,97
TIC 72623066,72623066,97
TIC 72623487,72623487,97
TIC 72623761,72623761,97
TIC 72637474,72637474,97
TIC 72637749,72637749,97
TIC 72638611,72638611,97
TIC 72644360,72644360,97
TIC 72647340,72647340,97
TIC 72651891,72651891,97
TIC 72651897,72651897,97
TIC 72652429,72652429,97
TIC 72652829,72652829,97
TIC 72653210,72653210,97
TIC 72667488,72667488,97
TIC 72667734,72667734,97
TIC 72669116,72669116,97
TIC 72689550,72689550,97
TIC 72689806,72689806,97
TIC 72706345,72706345,97
TIC 72706632,72706632,97
TIC 72729239,72729239,97
TIC 72729337,72729337,97
TIC 72730452,72730452,97
TIC 72730839,72730839,97
TIC 72731086,72731086,97
TIC 72748794,72748794,97
TIC 72763826,72763826,97
TIC 72764138,72764138,97
TIC 72764846,72764846,97
TIC 77110479,77110479,97
TIC 77112042,77112042,97
TIC 77112464,77112464,97
TIC 77486203,77486203,97
TIC 77487703,77487703,97
TIC 79531204,79531204,97
TIC 79531376,79531376,97
TIC 79531640,79531640,97
TIC 79546846,79546846,97
TIC 79547096,79547096,97
TIC 79548858,79548858,97
TIC 79567114,79567114,97
TIC 79567251,79567251,97
TIC 79568009,79568009,97
TIC 79569022,79569022,97
TIC 79569261,79569261,97
TIC 79569775,79569775,97
TIC 79570081,79570081,97
TIC 79570263,79570263,97
TIC 79589697,79589697,97
TIC 79591433,79591433,97
TIC 79611981,79611981,97
TIC 79612338,79612338,97
TIC 88337888,88337888,97
TIC 88337963,88337963,97
TIC 88338008,88338008,97
TIC 88347117,88347117,97
TIC 88347716,88347716,97
TIC 88365427,88365427,97
TIC 88379311,88379311,97
TIC 88380516,88380516,97
TIC 88381400,88381400,97
TIC 88405751,88405751,97
TIC 88408879,88408879,97
TIC 88417452,88417452,97
TIC 88455201,88455201,97
TIC 88462007,88462007,97
TIC 88464292,88464292,97
TIC 88478795,88478795,97
TIC 88481036,88481036,97
TIC 88482433,88482433,97
TIC 88482660,88482660,97
TIC 88523071,88523071,97
TIC 88532300,88532300,97
TIC 88532484,88532484,97
TIC 88532487,88532487,97
TIC 88570432,88570432,97
TIC 89044739,89044739,97
TIC 89045042,89045042,97
TIC 91529289,91529289,97
TIC 91529455,91529455,97
TIC 91542412,91542412,97
TIC 91542943,91542943,97
TIC 91542972,91542972,97
TIC 91543187,91543187,97
TIC 91590618,91590618,97
TIC 91590976,91590976,97
TIC 91591103,91591103,97
TIC 91591144,91591144,97
TIC 91591605,91591605,97
TIC 91591889,91591889,97
TIC 91592246,91592246,97
TIC 91592498,91592498,97
TIC 91592810,91592810,97
TIC 91612834,91612834,97
TIC 91636890,91636890,97
TIC 91636891,91636891,97
TIC 91636979,91636979,97
TIC 91638523,91638523,97
TIC 91640598,91640598,97
TIC 91640633,91640633,97
TIC 91642066,91642066,97
TIC 91642293,91642293,97
TIC 92982777,92982777,97
TIC 92982786,92982786,97
TIC 92982886,92982886,97
TIC 92982944,92982944,97
TIC 92983281,92983281,97
TIC 92983560,92983560,97
TIC 92983695,92983695,97
TIC 92983696,92983696,97
TIC 92983952,92983952,97
TIC 92984390,92984390,97
TIC 92984630,92984630,97
TIC 92984690,92984690,97
TIC 92992944,92992944,97
TIC 92993104,92993104,97
TIC 92994182,92994182,97
TIC 92994199,92994199,97
TIC 92994201,92994201,97
TIC 92994866,92994866,97
TIC 93017098,93017098,97
TIC 93017596,93017596,97
TIC 93018393,93018393,97
TIC 93018395,93018395,97
TIC 94942983,94942983,97
TIC 97467706,97467706,97
TIC 97467784,97467784,97
TIC 97467799,97467799,97
TIC 97468415,97468415,97
TIC 97468416,97468416,97
TIC 97468763,97468763,97
TIC 97468867,97468867,97
TIC 97469225,97469225,97
TIC 97469729,97469729,97
TIC 97469843,97469843,97
TIC 97469844,97469844,97
TIC 97470230,97470230,97
TIC 97473479,97473479,97
TIC 97474160,97474160,97
TIC 97475019,97475019,97
TIC 97475066,97475066,97
TIC 97475280,97475280,97
TIC 97484036,97484036,97
TIC 97507947,97507947,97
TIC 97507956,97507956,97
TIC 97508002,97508002,97
TIC 100105078,100105078,97
TIC 100105097,100105097,97
TIC 100907176,100907176,97
TIC 100908125,100908125,97
TIC 100918677,100918677,97
TIC 100918678,100918678,97
TIC 100921399,100921399,97
TIC 100921768,100921768,97
TIC 100974694,100974694,97
TIC 100975974,100975974,97
TIC 100976023,100976023,97
TIC 100976120,100976120,97
TIC 100989588,100989588,97
TIC 100990000,100990000,97
TIC 100991578,100991578,97
TIC 100992702,100992702,97
TIC 100992748,100992748,97
TIC 100993465,100993465,97
TIC 100993643,100993643,97
TIC 101001806,101001806,97
TIC 101001991,101001991,97
TIC 101002071,101002071,97
TIC 101003375,101003375,97
TIC 101003412,101003412,97
TIC 101013454,101013454,97
TIC 101013663,101013663,97
TIC 101014719,101014719,97
TIC 101014997,101014997,97
TIC 101015833,101015833,97
TIC 101016100,101016100,97
TIC 101016202,101016202,97
TIC 101016472,101016472,97
TIC 101017159,101017159,97
TIC 101017410,101017410,97
TIC 101017638,101017638,97
TIC 101039305,101039305,97
TIC 101057510,101057510,97
TIC 101057571,101057571,97
TIC 101058021,101058021,97
TIC 101058193,101058193,97
TIC 101058750,101058750,97
TIC 101059217,101059217,97
TIC 101059220,101059220,97
TIC 101068946,101068946,97
TIC 101069735,101069735,97
TIC 101098749,101098749,97
TIC 101099411,101099411,97
TIC 101099412,101099412,97
TIC 101100320,101100320,97
TIC 101100431,101100431,97
TIC 101100533,101100533,97
TIC 101100543,101100543,97
TIC 101100599,101100599,97
TIC 101100600,101100600,97
TIC 101101415,101101415,97
TIC 101101702,101101702,97
TIC 101101786,101101786,97
TIC 101101936,101101936,97
TIC 101102327,101102327,97
TIC 101103091,101103091,97
TIC 101103417,101103417,97
TIC 101103443,101103443,97
TIC 101103444,101103444,97
TIC 101103807,101103807,97
TIC 101125235,101125235,97
TIC 101125732,101125732,97
TIC 101126405,101126405,97
TIC 101126528,101126528,97
TIC 101139364,101139364,97
TIC 101139453,101139453,97
TIC 101140173,101140173,97
TIC 101140660,101140660,97
TIC 111227711,111227711,97
TIC 111242351,111242351,97
TIC 111243506,111243506,97
TIC 111244302,111244302,97
TIC 111244760,111244760,97
TIC 111245241,111245241,97
TIC 111363395,111363395,97
TIC 115271591,115271591,97
TIC 115272975,115272975,97
TIC 115273655,115273655,97
TIC 115284458,115284458,97
TIC 115284588,115284588,97
TIC 115318198,115318198,97
TIC 115319029,115319029,97
TIC 115347503,115347503,97
TIC 115349676,115349676,97
TIC 115356770,115356770,97
TIC 115357491,115357491,97
TIC 115378668,115378668,97
TIC 120916680,120916680,97
TIC 120916706,120916706,97
TIC 120932152,120932152,97
TIC 120932155,120932155,97
TIC 122504826,122504826,97
TIC 122506121,122506121,97
TIC 122521574,122521574,97
TIC 122541607,122541607,97
TIC 122542342,122542342,97
TIC 122542393,122542393,97
TIC 122542963,122542963,97
TIC 122543145,122543145,97
TIC 122555033,122555033,97
TIC 122555698,122555698,97
TIC 122556844,122556844,97
TIC 122559155,122559155,97
TIC 122575441,122575441,97
TIC 122575536,122575536,97
TIC 122577480,122577480,97
TIC 122608292,122608292,97
TIC 122609546,122609546,97
TIC 122612529,122612529,97
TIC 122613463,122613463,97
TIC 122616070,122616070,97
TIC 122616612,122616612,97
TIC 122617674,122617674,97
TIC 122669329,122669329,97
TIC 122669366,122669366,97
TIC 122670952,122670952,97
TIC 122671212,122671212,97
TIC 122686154,122686154,97
TIC 123267820,123267820,97
TIC 123270975,123270975,97
TIC 123289928,123289928,97
TIC 123291548,123291548,97
TIC 123319494,123319494,97
TIC 123322772,123322772,97
TIC 123322876,123322876,97
TIC 123368127,123368127,97
TIC 123368773,123368773,97
TIC 123370437,123370437,97
TIC 123404506,123404506,97
TIC 129737651,129737651,97
TIC 129739340,129739340,97
TIC 129741696,129741696,97
TIC 129764870,129764870,97
TIC 129766612,129766612,97
TIC 129767557,129767557,97
TIC 129781877,129781877,97
TIC 129782156,129782156,97
TIC 129783741,129783741,97
TIC 129783770,129783770,97
TIC 129808209,129808209,97
TIC 129810103,129810103,97
TIC 129810445,129810445,97
TIC 129810820,129810820,97
TIC 129813168,129813168,97
TIC 129813215,129813215,97
TIC 129814912,129814912,97
TIC 129815209,129815209,97
TIC 129836151,129836151,97
TIC 129836189,129836189,97
TIC 129837235,129837235,97
TIC 129838335,129838335,97
TIC 129839547,129839547,97
TIC 129862725,129862725,97
TIC 129862935,129862935,97
TIC 129863016,129863016,97
TIC 129863096,129863096,97
TIC 129886924,129886924,97
TIC 129887706,129887706,97
TIC 129887847,129887847,97
TIC 129888334,129888334,97
TIC 129888385,129888385,97
TIC 136842396,136842396,97
TIC 136844168,136844168,97
TIC 136885277,136885277,97
TIC 136885683,136885683,97
TIC 138733537,138733537,97
TIC 138733661,138733661,97
TIC 138734144,138734144,97
TIC 138740090,138740090,97
TIC 138740189,138740189,97
TIC 139371718,139371718,97
TIC 139482969,139482969,97
TIC 139483877,139483877,97
TIC 139485032,139485032,97
TIC 139523946,139523946,97
TIC 140072520,140072520,97
TIC 140072522,140072522,97
TIC 140072708,140072708,97
TIC 140072758,140072758,97
TIC 140073180,140073180,97
TIC 140073521,140073521,97
TIC 140075438,140075438,97
TIC 140075700,140075700,97
TIC 140121542,140121542,97
TIC 140121699,140121699,97
TIC 140123264,140123264,97
TIC 140123544,140123544,97
TIC 140138627,140138627,97
TIC 140140235,140140235,97
TIC 140143053,140143053,97
TIC 140143122,140143122,97
TIC 140143250,140143250,97
TIC 140143368,140143368,97
TIC 140143506,140143506,97
TIC 140143657,140143657,97
TIC 140206797,140206797,97
TIC 140431598,140431598,97
TIC 140459480,140459480,97
TIC 140460161,140460161,97
TIC 140461108,140461108,97
TIC 140476743,140476743,97
TIC 140477430,140477430,97
TIC 140492931,140492931,97
TIC 140493225,140493225,97
TIC 140493236,140493236,97
TIC 140493740,140493740,97
TIC 140494440,140494440,97
TIC 140494803,140494803,97
TIC 140494804,140494804,97
TIC 140496768,140496768,97
TIC 140497146,140497146,97
TIC 140527022,140527022,97
TIC 140580595,140580595,97
TIC 140581031,140581031,97
TIC 140597969,140597969,97
TIC 140599471,140599471,97
TIC 140608854,140608854,97
TIC 140609384,140609384,97
TIC 140635306,140635306,97
TIC 140797524,140797524,97
TIC 140803836,140803836,97
TIC 140895946,140895946,97
TIC 140938218,140938218,97
TIC 140939464,140939464,97
TIC 140941087,140941087,97
TIC 140941994,140941994,97
TIC 140968117,140968117,97
TIC 140972694,140972694,97
TIC 141028819,141028819,97
TIC 141094861,141094861,97
TIC 141094874,141094874,97
TIC 141121080,141121080,97
TIC 141182443,141182443,97
TIC 141186325,141186325,97
TIC 141187082,141187082,97
TIC 141212720,141212720,97
TIC 141268605,141268605,97
TIC 141280342,141280342,97
TIC 141333676,141333676,97
TIC 141410886,141410886,97
TIC 141410887,141410887,97
TIC 141422340,141422340,97
TIC 141424643,141424643,97
TIC 141435632,141435632,97
TIC 141469740,141469740,97
TIC 141470599,141470599,97
TIC 141482802,141482802,97
TIC 141483184,141483184,97
TIC 141483186,141483186,97
TIC 141543318,141543318,97
TIC 141610473,141610473,97
TIC 141611237,141611237,97
TIC 141611985,141611985,97
TIC 141612221,141612221,97
TIC 141621733,141621733,97
TIC 141624979,141624979,97
TIC 141625605,141625605,97
TIC 141627846,141627846,97
TIC 141682921,141682921,97
TIC 141713380,141713380,97
TIC 141714269,141714269,97
TIC 141754325,141754325,97
TIC 141756821,141756821,97
TIC 141806292,141806292,97
TIC 141808675,141808675,97
TIC 141828614,141828614,97
TIC 141867742,141867742,97
TIC 141909912,141909912,97
TIC 141941365,141941365,97
TIC 141944921,141944921,97
TIC 141945750,141945750,97
TIC 141977086,141977086,97
TIC 142014932,142014932,97
TIC 142015833,142015833,97
TIC 142081602,142081602,97
TIC 142081623,142081623,97
TIC 142082604,142082604,97
TIC 142084958,142084958,97
TIC 142085618,142085618,97
TIC 142087047,142087047,97
TIC 142087622,142087622,97
TIC 142106257,142106257,97
TIC 142106818,142106818,97
TIC 142107618,142107618,97
TIC 142110536,142110536,97
TIC 142143426,142143426,97
TIC 142144729,142144729,97
TIC 142146250,142146250,97
TIC 142148973,142148973,97
TIC 142151076,142151076,97
TIC 142163272,142163272,97
TIC 142163992,142163992,97
TIC 142178597,142178597,97
TIC 142206468,142206468,97
TIC 142218548,142218548,97
TIC 142240350,142240350,97
TIC 142242212,142242212,97
TIC 142268253,142268253,97
TIC 142274336,142274336,97
TIC 142275448,142275448,97
TIC 142298067,142298067,97
TIC 142300097,142300097,97
TIC 142300190,142300190,97
TIC 142304245,142304245,97
TIC 142305375,142305375,97
TIC 142306008,142306008,97
TIC 142306027,142306027,97
TIC 142314939,142314939,97
TIC 142316375,142316375,97
TIC 142316877,142316877,97
TIC 142851561,142851561,97
TIC 142852373,142852373,97
TIC 142852451,142852451,97
TIC 142865437,142865437,97
TIC 142865864,142865864,97
TIC 142867278,142867278,97
TIC 142867581,142867581,97
TIC 142868366,142868366,97
TIC 142869894,142869894,97
TIC 142869937,142869937,97
TIC 142870397,142870397,97
TIC 142874516,142874516,97
TIC 142874517,142874517,97
TIC 142874534,142874534,97
TIC 142874605,142874605,97
TIC 142874685,142874685,97
TIC 142874733,142874733,97
TIC 142874735,142874735,97
TIC 142874848,142874848,97
TIC 142874857,142874857,97
TIC 142875364,142875364,97
TIC 142885831,142885831,97
TIC 142885904,142885904,97
TIC 142888990,142888990,97
TIC 142889216,142889216,97
TIC 142889318,142889318,97
TIC 142889338,142889338,97
TIC 142930396,142930396,97
TIC 142930829,142930829,97
TIC 142930920,142930920,97
TIC 142930997,142930997,97
TIC 142938489,142938489,97
TIC 142938655,142938655,97
TIC 142938659,142938659,97
TIC 142945271,142945271,97
TIC 142945545,142945545,97
TIC 142960439,142960439,97
TIC 142977668,142977668,97
TIC 144103127,144103127,97
TIC 144103139,144103139,97
TIC 144103275,144103275,97
TIC 144103371,144103371,97
TIC 144103667,144103667,97
TIC 144103942,144103942,97
TIC 144104164,144104164,97
TIC 144109151,144109151,97
TIC 144109644,144109644,97
TIC 144110297,144110297,97
TIC 144110354,144110354,97
TIC 144119516,144119516,97
TIC 144120662,144120662,97
TIC 144121726,144121726,97
TIC 144126052,144126052,97
TIC 144126053,144126053,97
TIC 144126379,144126379,97
TIC 144126724,144126724,97
TIC 144141491,144141491,97
TIC 144142133,144142133,97
TIC 144142847,144142847,97
TIC 144143230,144143230,97
TIC 144147750,144147750,97
TIC 144148719,144148719,97
TIC 144148925,144148925,97
TIC 144149047,144149047,97
TIC 144149320,144149320,97
TIC 144149848,144149848,97
TIC 144161606,144161606,97
TIC 144161810,144161810,97
TIC 144161964,144161964,97
TIC 144162550,144162550,97
TIC 144162567,144162567,97
TIC 144162568,144162568,97
TIC 144163112,144163112,97
TIC 144163151,144163151,97
TIC 144163192,144163192,97
TIC 144164198,144164198,97
TIC 144166226,144166226,97
TIC 144180670,144180670,97
TIC 144465332,144465332,97
TIC 144480615,144480615,97
TIC 146246251,146246251,97
TIC 146246734,146246734,97
TIC 146249551,146249551,97
TIC 146250001,146250001,97
TIC 146251691,146251691,97
TIC 146281075,146281075,97
TIC 146282411,146282411,97
TIC 146282446,146282446,97
TIC 146283699,146283699,97
TIC 146636025,146636025,97
TIC 146637912,146637912,97
TIC 146688411,146688411,97
TIC 146690824,146690824,97
TIC 146692203,146692203,97
TIC 146710057,146710057,97
TIC 146712645,146712645,97
TIC 146725387,146725387,97
TIC 146725602,146725602,97
TIC 146731015,146731015,97
TIC 146732878,146732878,97
TIC 147455258,147455258,97
TIC 147459238,147459238,97
TIC 147470042,147470042,97
TIC 149105516,149105516,97
TIC 149124218,149124218,97
TIC 149126671,149126671,97
TIC 149175633,149175633,97
TIC 149175911,149175911,97
TIC 149217342,149217342,97
TIC 149218350,149218350,97
TIC 149218890,149218890,97
TIC 149269166,149269166,97
TIC 149271247,149271247,97
TIC 149273299,149273299,97
TIC 149274310,149274310,97
TIC 149303312,149303312,97
TIC 149303648,149303648,97
TIC 149350447,149350447,97
TIC 149391878,149391878,97
TIC 149423305,149423305,97
TIC 149444545,149444545,97
TIC 149445580,149445580,97
TIC 149449814,149449814,97
TIC 149450458,149450458,97
TIC 149450465,149450465,97
TIC 149478361,149478361,97
TIC 149570686,149570686,97
TIC 149575810,149575810,97
TIC 149598676,149598676,97
TIC 149600141,149600141,97
TIC 149600738,149600738,97
TIC 149627702,149627702,97
TIC 149914622,149914622,97
TIC 149930020,149930020,97
TIC 149930193,149930193,97
TIC 149930748,149930748,97
TIC 149934667,149934667,97
TIC 149971875,149971875,97
TIC 149971941,149971941,97
TIC 149973526,149973526,97
TIC 149993720,149993720,97
TIC 150034894,150034894,97
TIC 150063055,150063055,97
TIC 150063580,150063580,97
TIC 150063885,150063885,97
TIC 150064737,150064737,97
TIC 150065441,150065441,97
TIC 150103472,150103472,97
TIC 150106601,150106601,97
TIC 150106888,150106888,97
TIC 150107176,150107176,97
TIC 150107645,150107645,97
TIC 150110391,150110391,97
TIC 150139263,150139263,97
TIC 150143209,150143209,97
TIC 150144121,150144121,97
TIC 150145337,150145337,97
TIC 150145456,150145456,97
TIC 150165810,150165810,97
TIC 150185574,150185574,97
TIC 150185581,150185581,97
TIC 150186152,150186152,97
TIC 150188953,150188953,97
TIC 150247093,150247093,97
TIC 150249543,150249543,97
TIC 150250528,150250528,97
TIC 150250959,150250959,97
TIC 150270094,150270094,97
TIC 150271326,150271326,97
TIC 150272148,150272148,97
TIC 150272656,150272656,97
TIC 150272892,150272892,97
TIC 150272965,150272965,97
TIC 150274071,150274071,97
TIC 150300190,150300190,97
TIC 150301002,150301002,97
TIC 150301802,150301802,97
TIC 150321230,150321230,97
TIC 150321663,150321663,97
TIC 150322286,150322286,97
TIC 150322322,150322322,97
TIC 150356967,150356967,97
TIC 150356968,150356968,97
TIC 150359982,150359982,97
TIC 150391386,150391386,97
TIC 150391483,150391483,97
TIC 150391710,150391710,97
TIC 150391740,150391740,97
TIC 150393064,150393064,97
TIC 150429987,150429987,97
TIC 150431787,150431787,97
TIC 150432514,150432514,97
TIC 150432543,150432543,97
TIC 150433270,150433270,97
TIC 150437909,150437909,97
TIC 150439846,150439846,97
TIC 152308886,152308886,97
TIC 152318517,152318517,97
TIC 152318833,152318833,97
TIC 152319110,152319110,97
TIC 152357420,152357420,97
TIC 152358298,152358298,97
TIC 152358468,152358468,97
TIC 152358912,152358912,97
TIC 152360534,152360534,97
TIC 152469805,152469805,97
TIC 152470268,152470268,97
TIC 152471777,152471777,97
TIC 152471978,152471978,97
TIC 152472386,152472386,97
TIC 152472413,152472413,97
TIC 152472475,152472475,97
TIC 152473159,152473159,97
TIC 152473485,152473485,97
TIC 152474215,152474215,97
TIC 152475130,152475130,97
TIC 152475154,152475154,97
TIC 152475194,152475194,97
TIC 152475404,152475404,97
TIC 152476657,152476657,97
TIC 152477165,152477165,97
TIC 152477897,152477897,97
TIC 152478456,152478456,97
TIC 152502261,152502261,97
TIC 152502424,152502424,97
TIC 152502833,152502833,97
TIC 152503179,152503179,97
TIC 152503460,152503460,97
TIC 152504097,152504097,97
TIC 152504414,152504414,97
TIC 152506942,152506942,97
TIC 152507565,152507565,97
TIC 152537370,152537370,97
TIC 152539152,152539152,97
TIC 152560209,152560209,97
TIC 152571918,152571918,97
TIC 152574751,152574751,97
TIC 152589104,152589104,97
TIC 152589463,152589463,97
TIC 152589904,152589904,97
TIC 152590034,152590034,97
TIC 152591224,152591224,97
TIC 152592764,152592764,97
TIC 152972531,152972531,97
TIC 152973378,152973378,97
TIC 152983471,152983471,97
TIC 152985042,152985042,97
TIC 153027837,153027837,97
TIC 153028160,153028160,97
TIC 153045512,153045512,97
TIC 153046347,153046347,97
TIC 153066956,153066956,97
TIC 153066958,153066958,97
TIC 153066978,153066978,97
TIC 153078576,153078576,97
TIC 153079172,153079172,97
TIC 153094003,153094003,97
TIC 153708460,153708460,97
TIC 153708912,153708912,97
TIC 153710618,153710618,97
TIC 153710759,153710759,97
TIC 153722995,153722995,97
TIC 153723224,153723224,97
TIC 153723228,153723228,97
TIC 153723304,153723304,97
TIC 153723399,153723399,97
TIC 153724306,153724306,97
TIC 153741139,153741139,97
TIC 153741428,153741428,97
TIC 153742356,153742356,97
TIC 153796557,153796557,97
TIC 153797277,153797277,97
TIC 153797480,153797480,97
TIC 153799468,153799468,97
TIC 153835092,153835092,97
TIC 153835390,153835390,97
TIC 153836724,153836724,97
TIC 153836831,153836831,97
TIC 153836876,153836876,97
TIC 153838077,153838077,97
TIC 153838290,153838290,97
TIC 153838558,153838558,97
TIC 153838791,153838791,97
TIC 153838963,153838963,97
TIC 159894126,159894126,97
TIC 159895008,159895008,97
TIC 159895674,159895674,97
TIC 159895908,159895908,97
TIC 159897819,159897819,97
TIC 159923675,159923675,97
TIC 159924070,159924070,97
TIC 159937246,159937246,97
TIC 159950457,159950457,97
TIC 159966544,159966544,97
TIC 159966566,159966566,97
TIC 159966591,159966591,97
TIC 159966592,159966592,97
TIC 159966677,159966677,97
TIC 159966765,159966765,97
TIC 159966883,159966883,97
TIC 159973152,159973152,97
TIC 159973521,159973521,97
TIC 159974183,159974183,97
TIC 159984133,159984133,97
TIC 159984849,159984849,97
TIC 159985215,159985215,97
TIC 159985931,159985931,97
TIC 159989004,159989004,97
TIC 159989026,159989026,97
TIC 159989289,159989289,97
TIC 159990048,159990048,97
TIC 160004042,160004042,97
TIC 160004049,160004049,97
TIC 160004720,160004720,97
TIC 160009226,160009226,97
TIC 160009695,160009695,97
TIC 160009706,160009706,97
TIC 160191386,160191386,97
TIC 160196160,160196160,97
TIC 160196217,160196217,97
TIC 160220486,160220486,97
TIC 160220653,160220653,97
TIC 160222069,160222069,97
TIC 160226383,160226383,97
TIC 160226536,160226536,97
TIC 164680951,164680951,97
TIC 164681783,164681783,97
TIC 164681986,164681986,97
TIC 164682222,164682222,97
TIC 164695231,164695231,97
TIC 164695417,164695417,97
TIC 164696103,164696103,97
TIC 164696496,164696496,97
TIC 164696698,164696698,97
TIC 164696761,164696761,97
TIC 164697023,164697023,97
TIC 164697903,164697903,97
TIC 164698149,164698149,97
TIC 164719361,164719361,97
TIC 164719501,164719501,97
TIC 164720205,164720205,97
TIC 164720249,164720249,97
TIC 164720678,164720678,97
TIC 164720937,164720937,97
TIC 164752884,164752884,97
TIC 164754672,164754672,97
TIC 164754858,164754858,97
TIC 164766841,164766841,97
TIC 164767175,164767175,97
TIC 164769229,164769229,97
TIC 164769704,164769704,97
TIC 164769890,164769890,97
TIC 164772507,164772507,97
TIC 164772643,164772643,97
TIC 164772696,164772696,97
TIC 164773113,164773113,97
TIC 164774228,164774228,97
TIC 164774734,164774734,97
TIC 164775178,164775178,97
TIC 164777021,164777021,97
TIC 164777035,164777035,97
TIC 164789185,164789185,97
TIC 164789350,164789350,97
TIC 164789799,164789799,97
TIC 164790787,164790787,97
TIC 164792335,164792335,97
TIC 164792342,164792342,97
TIC 165143363,165143363,97
TIC 165145322,165145322,97
TIC 165162467,165162467,97
TIC 165183320,165183320,97
TIC 165184122,165184122,97
TIC 165184539,165184539,97
TIC 165190615,165190615,97
TIC 165191661,165191661,97
TIC 165193011,165193011,97
TIC 165193206,165193206,97
TIC 165199850,165199850,97
TIC 165201455,165201455,97
TIC 165202476,165202476,97
TIC 165214376,165214376,97
TIC 165216260,165216260,97
TIC 165217025,165217025,97
TIC 165217585,165217585,97
TIC 165219537,165219537,97
TIC 165219666,165219666,97
TIC 165918423,165918423,97
TIC 165940959,165940959,97
TIC 166739932,166739932,97
TIC 166743309,166743309,97
TIC 166745840,166745840,97
TIC 166761226,166761226,97
TIC 166761227,166761227,97
TIC 166765594,166765594,97
TIC 166801438,166801438,97
TIC 166801471,166801471,97
TIC 166806973,166806973,97
TIC 166809949,166809949,97
TIC 166835568,166835568,97
TIC 166835718,166835718,97
TIC 166838425,166838425,97
TIC 166838959,166838959,97
TIC 166852312,166852312,97
TIC 166852313,166852313,97
TIC 166852906,166852906,97
TIC 166853169,166853169,97
TIC 166853853,166853853,97
TIC 166921810,166921810,97
TIC 166975595,166975595,97
TIC 167006919,167006919,97
TIC 167007554,167007554,97
TIC 167084349,167084349,97
TIC 167084916,167084916,97
TIC 167088985,167088985,97
TIC 167119232,167119232,97
TIC 167166031,167166031,97
TIC 167167788,167167788,97
TIC 167251459,167251459,97
TIC 167305187,167305187,97
TIC 167306166,167306166,97
TIC 167340913,167340913,97
TIC 167341135,167341135,97
TIC 167341235,167341235,97
TIC 167341298,167341298,97
TIC 167342678,167342678,97
TIC 167362472,167362472,97
TIC 167366620,167366620,97
TIC 167416896,167416896,97
TIC 167419371,167419371,97
TIC 167421672,167421672,97
TIC 167450793,167450793,97
TIC 167450832,167450832,97
TIC 167450834,167450834,97
TIC 167451011,167451011,97
TIC 167451564,167451564,97
TIC 167452139,167452139,97
TIC 167452350,167452350,97
TIC 167452509,167452509,97
TIC 167455821,167455821,97
TIC 167456185,167456185,97
TIC 167456593,167456593,97
TIC 167456967,167456967,97
TIC 167457145,167457145,97
TIC 167457708,167457708,97
TIC 167457709,167457709,97
TIC 167457891,167457891,97
TIC 167458584,167458584,97
TIC 167458680,167458680,97
TIC 167459261,167459261,97
TIC 167459833,167459833,97
TIC 167459966,167459966,97
TIC 167524052,167524052,97
TIC 167524310,167524310,97
TIC 167524859,167524859,97
TIC 167527312,167527312,97
TIC 167549188,167549188,97
TIC 167550658,167550658,97
TIC 167550966,167550966,97
TIC 167551097,167551097,97
TIC 167551825,167551825,97
TIC 167553074,167553074,97
TIC 167569866,167569866,97
TIC 167570550,167570550,97
TIC 167571765,167571765,97
TIC 167572869,167572869,97
TIC 167651161,167651161,97
TIC 167651835,167651835,97
TIC 167652576,167652576,97
TIC 167653123,167653123,97
TIC 167653452,167653452,97
TIC 167653632,167653632,97
TIC 167691898,167691898,97
TIC 167692257,167692257,97
TIC 167693392,167693392,97
TIC 167694392,167694392,97
TIC 167695122,167695122,97
TIC 167695360,167695360,97
TIC 167696013,167696013,97
TIC 167696256,167696256,97
TIC 167697196,167697196,97
TIC 167718742,167718742,97
TIC 167719068,167719068,97
TIC 167720361,167720361,97
TIC 167720533,167720533,97
TIC 167750105,167750105,97
TIC 167750147,167750147,97
TIC 167750893,167750893,97
TIC 167755384,167755384,97
TIC 167793568,167793568,97
TIC 167794690,167794690,97
TIC 167794692,167794692,97
TIC 167795230,167795230,97
TIC 167797530,167797530,97
TIC 167798483,167798483,97
TIC 167809385,167809385,97
TIC 167809752,167809752,97
TIC 167811096,167811096,97
TIC 167812923,167812923,97
TIC 167814315,167814315,97
TIC 167887603,167887603,97
TIC 167888888,167888888,97
TIC 167890419,167890419,97
TIC 167891080,167891080,97
TIC 167892392,167892392,97
TIC 167893998,167893998,97
TIC 167894006,167894006,97
TIC 167894988,167894988,97
TIC 175492488,175492488,97
TIC 175493040,175493040,97
TIC 175532686,175532686,97
TIC 175533813,175533813,97
TIC 175534222,175534222,97
TIC 176776516,176776516,97
TIC 176776950,176776950,97
TIC 176778240,176778240,97
TIC 176778397,176778397,97
TIC 176778751,176778751,97
TIC 176778920,176778920,97
TIC 176779253,176779253,97
TIC 176779461,176779461,97
TIC 176780019,176780019,97
TIC 176780031,176780031,97
TIC 176780116,176780116,97
TIC 176780325,176780325,97
TIC 176780832,176780832,97
TIC 176796893,176796893,97
TIC 176797707,176797707,97
TIC 176798599,176798599,97
TIC 176832633,176832633,97
TIC 176841012,176841012,97
TIC 176841480,176841480,97
TIC 176842135,176842135,97
TIC 176842310,176842310,97
TIC 176843204,176843204,97
TIC 176843311,176843311,97
TIC 176851245,176851245,97
TIC 176852837,176852837,97
TIC 176931465,176931465,97
TIC 176931894,176931894,97
TIC 176932873,176932873,97
TIC 176935047,176935047,97
TIC 176935877,176935877,97
TIC 176936634,176936634,97
TIC 176954354,176954354,97
TIC 176957161,176957161,97
TIC 176957188,176957188,97
TIC 176957796,176957796,97
TIC 176959360,176959360,97
TIC 176983727,176983727,97
TIC 176984236,176984236,97
TIC 177016777,177016777,97
TIC 177018587,177018587,97
TIC 177019236,177019236,97
TIC 177037007,177037007,97
TIC 177075293,177075293,97
TIC 177077137,177077137,97
TIC 177078574,177078574,97
TIC 177079960,177079960,97
TIC 177080598,177080598,97
TIC 177080853,177080853,97
TIC 177081244,177081244,97
TIC 177082035,177082035,97
TIC 177117681,177117681,97
TIC 177118942,177118942,97
TIC 177118944,177118944,97
TIC 177160238,177160238,97
TIC 177160459,177160459,97
TIC 177160805,177160805,97
TIC 177162787,177162787,97
TIC 177163343,177163343,97
TIC 177164743,177164743,97
TIC 177165867,177165867,97
TIC 177166353,177166353,97
TIC 177166359,177166359,97
TIC 177166465,177166465,97
TIC 177167109,177167109,97
TIC 177176102,177176102,97
TIC 177178113,177178113,97
TIC 177181511,177181511,97
TIC 177238312,177238312,97
TIC 177239146,177239146,97
TIC 177239153,177239153,97
TIC 177252917,177252917,97
TIC 177285937,177285937,97
TIC 177285938,177285938,97
TIC 177308676,177308676,97
TIC 177349463,177349463,97
TIC 177354242,177354242,97
TIC 178153166,178153166,97
TIC 178153333,178153333,97
TIC 178154168,178154168,97
TIC 178154701,178154701,97
TIC 178155000,178155000,97
TIC 178155533,178155533,97
TIC 178155665,178155665,97
TIC 178155732,178155732,97
TIC 178170643,178170643,97
TIC 178170802,178170802,97
TIC 178170828,178170828,97
TIC 178170982,178170982,97
TIC 178198307,178198307,97
TIC 179038909,179038909,97
TIC 179039591,179039591,97
TIC 179041174,179041174,97
TIC 179041254,179041254,97
TIC 179122049,179122049,97
TIC 179122482,179122482,97
TIC 179204401,179204401,97
TIC 179204713,179204713,97
TIC 179241385,179241385,97
TIC 179248858,179248858,97
TIC 179304683,179304683,97
TIC 179307922,179307922,97
TIC 179381768,179381768,97
TIC 179438227,179438227,97
TIC 179440946,179440946,97
TIC 179445380,179445380,97
TIC 179503771,179503771,97
TIC 179508685,179508685,97
TIC 179508746,179508746,97
TIC 179635715,179635715,97
TIC 179637675,179637675,97
TIC 184240509,184240509,97
TIC 184397946,184397946,97
TIC 184398872,184398872,97
TIC 184398891,184398891,97
TIC 184399488,184399488,97
TIC 184533570,184533570,97
TIC 184533614,184533614,97
TIC 184534427,184534427,97
TIC 184688747,184688747,97
TIC 184688874,184688874,97
TIC 184818899,184818899,97
TIC 197787708,197787708,97
TIC 197790801,197790801,97
TIC 197829751,197829751,97
TIC 197843569,197843569,97
TIC 197843570,197843570,97
TIC 197845723,197845723,97
TIC 197847447,197847447,97
TIC 197847449,197847449,97
TIC 197866263,197866263,97
TIC 197866266,197866266,97
TIC 197879574,197879574,97
TIC 197879873,197879873,97
TIC 197879874,197879874,97
TIC 197880458,197880458,97
TIC 197880592,197880592,97
TIC 197881272,197881272,97
TIC 197881488,197881488,97
TIC 197881489,197881489,97
TIC 197881692,197881692,97
TIC 197882909,197882909,97
TIC 197884260,197884260,97
TIC 197886566,197886566,97
TIC 197886895,197886895,97
TIC 197887433,197887433,97
TIC 197887436,197887436,97
TIC 197889985,197889985,97
TIC 197891050,197891050,97
TIC 197891627,197891627,97
TIC 197891854,197891854,97
TIC 197891904,197891904,97
TIC 197892084,197892084,97
TIC 197892085,197892085,97
TIC 197904448,197904448,97
TIC 197931808,197931808,97
TIC 197933481,197933481,97
TIC 198004825,198004825,97
TIC 198005084,198005084,97
TIC 198005248,198005248,97
TIC 198005929,198005929,97
TIC 198006712,198006712,97
TIC 198008002,198008002,97
TIC 198008005,198008005,97
TIC 198008790,198008790,97
TIC 198011271,198011271,97
TIC 198012311,198012311,97
TIC 198034151,198034151,97
TIC 198035227,198035227,97
TIC 198037741,198037741,97
TIC 198073447,198073447,97
TIC 198077831,198077831,97
TIC 198077858,198077858,97
TIC 198078502,198078502,97
TIC 198080458,198080458,97
TIC 198081375,198081375,97
TIC 200393810,200393810,97
TIC 200394227,200394227,97
TIC 200438931,200438931,97
TIC 200698746,200698746,97
TIC 200698928,200698928,97
TIC 200698997,200698997,97
TIC 200699077,200699077,97
TIC 200699830,200699830,97
TIC 200700661,200700661,97
TIC 200701147,200701147,97
TIC 200701308,200701308,97
TIC 200702427,200702427,97
TIC 200723569,200723569,97
TIC 200723869,200723869,97
TIC 200724225,200724225,97
TIC 200724226,200724226,97
TIC 200727190,200727190,97
TIC 200727372,200727372,97
TIC 200728934,200728934,97
TIC 200729419,200729419,97
TIC 200740049,200740049,97
TIC 200741544,200741544,97
TIC 200741951,200741951,97
TIC 200743344,200743344,97
TIC 200743403,200743403,97
TIC 200743423,200743423,97
TIC 200744302,200744302,97
TIC 200745175,200745175,97
TIC 200745176,200745176,97
TIC 200745710,200745710,97
TIC 200745775,200745775,97
TIC 200746598,200746598,97
TIC 200769604,200769604,97
TIC 200769811,200769811,97
TIC 200782949,200782949,97
TIC 200782952,200782952,97
TIC 200784382,200784382,97
TIC 200787477,200787477,97
TIC 200787570,200787570,97
TIC 200788305,200788305,97
TIC 200789321,200789321,97
TIC 200790342,200790342,97
TIC 200790343,200790343,97
TIC 200802916,200802916,97
TIC 200803248,200803248,97
TIC 200803270,200803270,97
TIC 200805290,200805290,97
TIC 200805484,200805484,97
TIC 200806186,200806186,97
TIC 200806281,200806281,97
TIC 200807337,200807337,97
TIC 200807698,200807698,97
TIC 200850611,200850611,97
TIC 200851011,200851011,97
TIC 200851295,200851295,97
TIC 200851498,200851498,97
TIC 200851813,200851813,97
TIC 200863732,200863732,97
TIC 201752612,201752612,97
TIC 201776077,201776077,97
TIC 201777409,201777409,97
TIC 201794109,201794109,97
TIC 201794197,201794197,97
TIC 201795658,201795658,97
TIC 201795689,201795689,97
TIC 201795716,201795716,97
TIC 201796102,201796102,97
TIC 201796103,201796103,97
TIC 201799072,201799072,97
TIC 201799091,201799091,97
TIC 201800520,201800520,97
TIC 201857950,201857950,97
TIC 201858667,201858667,97
TIC 201875154,201875154,97
TIC 201882801,201882801,97
TIC 201883033,201883033,97
TIC 201897025,201897025,97
TIC 201897026,201897026,97
TIC 201897406,201897406,97
TIC 201897897,201897897,97
TIC 201898220,201898220,97
TIC 201899356,201899356,97
TIC 201920975,201920975,97
TIC 201923258,201923258,97
TIC 201924718,201924718,97
TIC 201924791,201924791,97
TIC 201925462,201925462,97
TIC 201925463,201925463,97
TIC 204611265,204611265,97
TIC 204612861,204612861,97
TIC 204612862,204612862,97
TIC 204613238,204613238,97
TIC 204613241,204613241,97
TIC 204613780,204613780,97
TIC 204614426,204614426,97
TIC 204617335,204617335,97
TIC 204617463,204617463,97
TIC 206384979,206384979,97
TIC 206385554,206385554,97
TIC 206385591,206385591,97
TIC 206385626,206385626,97
TIC 206385718,206385718,97
TIC 206386168,206386168,97
TIC 206386455,206386455,97
TIC 206387520,206387520,97
TIC 206401175,206401175,97
TIC 206401650,206401650,97
TIC 206401669,206401669,97
TIC 206402318,206402318,97
TIC 206402844,206402844,97
TIC 206403004,206403004,97
TIC 206403094,206403094,97
TIC 206406132,206406132,97
TIC 206411284,206411284,97
TIC 206412195,206412195,97
TIC 206412547,206412547,97
TIC 206412692,206412692,97
TIC 206412735,206412735,97
TIC 206433865,206433865,97
TIC 206434428,206434428,97
TIC 206434512,206434512,97
TIC 206434758,206434758,97
TIC 206434857,206434857,97
TIC 206435532,206435532,97
TIC 206435662,206435662,97
TIC 206456219,206456219,97
TIC 206456491,206456491,97
TIC 206457093,206457093,97
TIC 206458503,206458503,97
TIC 206465936,206465936,97
TIC 206466430,206466430,97
TIC 206467013,206467013,97
TIC 206469237,206469237,97
TIC 206469610,206469610,97
TIC 206469812,206469812,97
TIC 206474443,206474443,97
TIC 206474937,206474937,97
TIC 206475217,206475217,97
TIC 206475263,206475263,97
TIC 206478549,206478549,97
TIC 206485061,206485061,97
TIC 206485185,206485185,97
TIC 206485616,206485616,97
TIC 206491848,206491848,97
TIC 206492386,206492386,97
TIC 206492505,206492505,97
TIC 206493069,206493069,97
TIC 206494439,206494439,97
TIC 206496046,206496046,97
TIC 207109256,207109256,97
TIC 207110385,207110385,97
TIC 207110936,207110936,97
TIC 207111243,207111243,97
TIC 207132076,207132076,97
TIC 207135880,207135880,97
TIC 207137189,207137189,97
TIC 207140426,207140426,97
TIC 207140650,207140650,97
TIC 207141127,207141127,97
TIC 207142605,207142605,97
TIC 207144236,207144236,97
TIC 207144538,207144538,97
TIC 207144544,207144544,97
TIC 207169757,207169757,97
TIC 207169822,207169822,97
TIC 207171025,207171025,97
TIC 207171294,207171294,97
TIC 207172814,207172814,97
TIC 207172859,207172859,97
TIC 207199350,207199350,97
TIC 207199948,207199948,97
TIC 207204049,207204049,97
TIC 207206666,207206666,97
TIC 207208753,207208753,97
TIC 207210176,207210176,97
TIC 207210177,207210177,97
TIC 207211254,207211254,97
TIC 207211255,207211255,97
TIC 207213457,207213457,97
TIC 209405036,209405036,97
TIC 209405100,209405100,97
TIC 209405101,209405101,97
TIC 209405817,209405817,97
TIC 209406184,209406184,97
TIC 209406257,209406257,97
TIC 209406979,209406979,97
TIC 209429132,209429132,97
TIC 209429812,209429812,97
TIC 209431286,209431286,97
TIC 209449868,209449868,97
TIC 209451845,209451845,97
TIC 209451929,209451929,97
TIC 209452074,209452074,97
TIC 209452383,209452383,97
TIC 209452922,209452922,97
TIC 209452923,209452923,97
TIC 209453665,209453665,97
TIC 209455451,209455451,97
TIC 209456365,209456365,97
TIC 209456587,209456587,97
TIC 209456925,209456925,97
TIC 209457450,209457450,97
TIC 209458391,209458391,97
TIC 209458730,209458730,97
TIC 209459060,209459060,97
TIC 209459318,209459318,97
TIC 209459358,209459358,97
TIC 209460929,209460929,97
TIC 209460934,209460934,97
TIC 209461116,209461116,97
TIC 209461627,209461627,97
TIC 209461632,209461632,97
TIC 209461634,209461634,97
TIC 209462580,209462580,97
TIC 209462764,209462764,97
TIC 209464063,209464063,97
TIC 212375566,212375566,97
TIC 212375686,212375686,97
TIC 212375873,212375873,97
TIC 212376204,212376204,97
TIC 212376527,212376527,97
TIC 212376926,212376926,97
TIC 212377968,212377968,97
TIC 212378403,212378403,97
TIC 212378583,212378583,97
TIC 212378678,212378678,97
TIC 212378706,212378706,97
TIC 212379831,212379831,97
TIC 212381464,212381464,97
TIC 212381865,212381865,97
TIC 212382348,212382348,97
TIC 212383776,212383776,97
TIC 212384324,212384324,97
TIC 212958709,212958709,97
TIC 212961103,212961103,97
TIC 212962526,212962526,97
TIC 212963294,212963294,97
TIC 212963433,212963433,97
TIC 212979592,212979592,97
TIC 212980300,212980300,97
TIC 212980421,212980421,97
TIC 212980422,212980422,97
TIC 212982053,212982053,97
TIC 212982939,212982939,97
TIC 213004239,213004239,97
TIC 213004473,213004473,97
TIC 213004747,213004747,97
TIC 213004754,213004754,97
TIC 213004795,213004795,97
TIC 213006761,213006761,97
TIC 213006879,213006879,97
TIC 213008100,213008100,97
TIC 213008788,213008788,97
TIC 213009118,213009118,97
TIC 213009462,213009462,97
TIC 213010839,213010839,97
TIC 213012817,213012817,97
TIC 213014168,213014168,97
TIC 213014726,213014726,97
TIC 213014743,213014743,97
TIC 215256883,215256883,97
TIC 215335227,215335227,97
TIC 215336148,215336148,97
TIC 215336156,215336156,97
TIC 215476716,215476716,97
TIC 215480963,215480963,97
TIC 218987651,218987651,97
TIC 219001266,219001266,97
TIC 219001856,219001856,97
TIC 219216081,219216081,97
TIC 219217331,219217331,97
TIC 219218697,219218697,97
TIC 219218965,219218965,97
TIC 219219101,219219101,97
TIC 219220277,219220277,97
TIC 219221189,219221189,97
TIC 219221580,219221580,97
TIC 219222201,219222201,97
TIC 219222228,219222228,97
TIC 219222584,219222584,97
TIC 219223439,219223439,97
TIC 219223683,219223683,97
TIC 219223742,219223742,97
TIC 219223878,219223878,97
TIC 219223879,219223879,97
TIC 219225205,219225205,97
TIC 219225319,219225319,97
TIC 219225635,219225635,97
TIC 219225833,219225833,97
TIC 219226662,219226662,97
TIC 219226986,219226986,97
TIC 219226987,219226987,97
TIC 219229275,219229275,97
TIC 219229644,219229644,97
TIC 219230140,219230140,97
TIC 219230230,219230230,97
TIC 219230677,219230677,97
TIC 219231889,219231889,97
TIC 219231977,219231977,97
TIC 219232158,219232158,97
TIC 219232245,219232245,97
TIC 219232957,219232957,97
TIC 219233386,219233386,97
TIC 219233388,219233388,97
TIC 219234021,219234021,97
TIC 219234564,219234564,97
TIC 219234987,219234987,97
TIC 219235147,219235147,97
TIC 219235216,219235216,97
TIC 219236088,219236088,97
TIC 219236432,219236432,97
TIC 219237079,219237079,97
TIC 219237222,219237222,97
TIC 219237485,219237485,97
TIC 219238493,219238493,97
TIC 219238496,219238496,97
TIC 219239128,219239128,97
TIC 219239739,219239739,97
TIC 219239945,219239945,97
TIC 219240002,219240002,97
TIC 219240148,219240148,97
TIC 219242158,219242158,97
TIC 219242518,219242518,97
TIC 219242534,219242534,97
TIC 219243144,219243144,97
TIC 219243890,219243890,97
TIC 219244444,219244444,97
TIC 219244541,219244541,97
TIC 219251200,219251200,97
TIC 219251369,219251369,97
TIC 219251645,219251645,97
TIC 219253008,219253008,97
TIC 219253671,219253671,97
TIC 219254920,219254920,97
TIC 219256155,219256155,97
TIC 219256156,219256156,97
TIC 219256496,219256496,97
TIC 219256709,219256709,97
TIC 219257563,219257563,97
TIC 219257923,219257923,97
TIC 219258100,219258100,97
TIC 219258986,219258986,97
TIC 219345200,219345200,97
TIC 219362727,219362727,97
TIC 219364699,219364699,97
TIC 219365916,219365916,97
TIC 219365985,219365985,97
TIC 219368159,219368159,97
TIC 219368301,219368301,97
TIC 219373983,219373983,97
TIC 219376854,219376854,97
TIC 219377538,219377538,97
TIC 219378103,219378103,97
TIC 219388865,219388865,97
TIC 219389319,219389319,97
TIC 219393828,219393828,97
TIC 219394066,219394066,97
TIC 219394387,219394387,97
TIC 219397708,219397708,97
TIC 219398031,219398031,97
TIC 219398128,219398128,97
TIC 219401954,219401954,97
TIC 219410662,219410662,97
TIC 219411762,219411762,97
TIC 219414904,219414904,97
TIC 219418910,219418910,97
TIC 219419128,219419128,97
TIC 219419204,219419204,97
TIC 219423316,219423316,97
TIC 219428075,219428075,97
TIC 219987206,219987206,97
TIC 219990717,219990717,97
TIC 220018661,220018661,97
TIC 220019750,220019750,97
TIC 220389469,220389469,97
TIC 220390354,220390354,97
TIC 220390356,220390356,97
TIC 220392350,220392350,97
TIC 220392703,220392703,97
TIC 220393543,220393543,97
TIC 220394317,220394317,97
TIC 220395102,220395102,97
TIC 220395389,220395389,97
TIC 220395392,220395392,97
TIC 220396893,220396893,97
TIC 220396914,220396914,97
TIC 220397236,220397236,97
TIC 220398217,220398217,97
TIC 220398218,220398218,97
TIC 220399619,220399619,97
TIC 220399820,220399820,97
TIC 220400193,220400193,97
TIC 220401419,220401419,97
TIC 220404357,220404357,97
TIC 220407099,220407099,97
TIC 220409421,220409421,97
TIC 220409997,220409997,97
TIC 220410978,220410978,97
TIC 220413105,220413105,97
TIC 220416336,220416336,97
TIC 220417260,220417260,97
TIC 220421421,220421421,97
TIC 220422226,220422226,97
TIC 220426507,220426507,97
TIC 220427658,220427658,97
TIC 220430530,220430530,97
TIC 220430546,220430546,97
TIC 220431298,220431298,97
TIC 220433338,220433338,97
TIC 220438568,220438568,97
TIC 220455309,220455309,97
TIC 220459909,220459909,97
TIC 220460948,220460948,97
TIC 220471204,220471204,97
TIC 220472237,220472237,97
TIC 220475265,220475265,97
TIC 220475970,220475970,97
TIC 220476532,220476532,97
TIC 220476930,220476930,97
TIC 220478335,220478335,97
TIC 220479919,220479919,97
TIC 220513299,220513299,97
TIC 220521704,220521704,97
TIC 220521706,220521706,97
TIC 220524896,220524896,97
TIC 220536598,220536598,97
TIC 220536599,220536599,97
TIC 220537366,220537366,97
TIC 220537672,220537672,97
TIC 220537674,220537674,97
TIC 220538513,220538513,97
TIC 220538514,220538514,97
TIC 220538891,220538891,97
TIC 220539110,220539110,97
TIC 220539281,220539281,97
TIC 220553618,220553618,97
TIC 220556639,220556639,97
TIC 220557560,220557560,97
TIC 220561845,220561845,97
TIC 220565224,220565224,97
TIC 220572079,220572079,97
TIC 220578641,220578641,97
TIC 220596308,220596308,97
TIC 220596564,220596564,97
TIC 220596971,220596971,97
TIC 220597716,220597716,97
TIC 220597985,220597985,97
TIC 229098983,229098983,97
TIC 229099027,229099027,97
TIC 229100768,229100768,97
TIC 229101104,229101104,97
TIC 229102529,229102529,97
TIC 229156509,229156509,97
TIC 229156531,229156531,97
TIC 231067680,231067680,97
TIC 231072603,231072603,97
TIC 231080784,231080784,97
TIC 231095842,231095842,97
TIC 231124169,231124169,97
TIC 231273588,231273588,97
TIC 231274898,231274898,97
TIC 231275247,231275247,97
TIC 231275990,231275990,97
TIC 231277216,231277216,97
TIC 231277305,231277305,97
TIC 231277551,231277551,97
TIC 231282309,231282309,97
TIC 231282583,231282583,97
TIC 231283310,231283310,97
TIC 231283890,231283890,97
TIC 231285383,231285383,97
TIC 231286390,231286390,97
TIC 231286443,231286443,97
TIC 231286445,231286445,97
TIC 231286446,231286446,97
TIC 231286568,231286568,97
TIC 231289457,231289457,97
TIC 231290299,231290299,97
TIC 231290300,231290300,97
TIC 231291069,231291069,97
TIC 231291070,231291070,97
TIC 231292500,231292500,97
TIC 231292765,231292765,97
TIC 231293602,231293602,97
TIC 231294802,231294802,97
TIC 231297123,231297123,97
TIC 231298004,231298004,97
TIC 231300661,231300661,97
TIC 231300748,231300748,97
TIC 231720407,231720407,97
TIC 231721550,231721550,97
TIC 231724815,231724815,97
TIC 231730076,231730076,97
TIC 231745259,231745259,97
TIC 231745843,231745843,97
TIC 231801885,231801885,97
TIC 231810457,231810457,97
TIC 231810586,231810586,97
TIC 231815218,231815218,97
TIC 231825008,231825008,97
TIC 235048188,235048188,97
TIC 235052242,235052242,97
TIC 235056836,235056836,97
TIC 237340793,237340793,97
TIC 237340839,237340839,97
TIC 237341238,237341238,97
TIC 237341529,237341529,97
TIC 237341924,237341924,97
TIC 237341925,237341925,97
TIC 237342147,237342147,97
TIC 237342298,237342298,97
TIC 237355959,237355959,97
TIC 237356491,237356491,97
TIC 237356492,237356492,97
TIC 237358490,237358490,97
TIC 237359474,237359474,97
TIC 237914860,237914860,97
TIC 237917228,237917228,97
TIC 237917413,237917413,97
TIC 237917740,237917740,97
TIC 237923056,237923056,97
TIC 237925149,237925149,97
TIC 237928028,237928028,97
TIC 237934066,237934066,97
TIC 238189388,238189388,97
TIC 238193323,238193323,97
TIC 238196990,238196990,97
TIC 238202376,238202376,97
TIC 238202377,238202377,97
TIC 238226181,238226181,97
TIC 238226644,238226644,97
TIC 238227405,238227405,97
TIC 241392829,241392829,97
TIC 241392838,241392838,97
TIC 241392886,241392886,97
TIC 241392984,241392984,97
TIC 241394505,241394505,97
TIC 241445772,241445772,97
TIC 241445773,241445773,97
TIC 241445923,241445923,97
TIC 241445974,241445974,97
TIC 241484586,241484586,97
TIC 241484680,241484680,97
TIC 241485963,241485963,97
TIC 241485981,241485981,97
TIC 241485999,241485999,97
TIC 241486154,241486154,97
TIC 241486158,241486158,97
TIC 241486179,241486179,97
TIC 241537481,241537481,97
TIC 241537483,241537483,97
TIC 241539111,241539111,97
TIC 241539526,241539526,97
TIC 241577311,241577311,97
TIC 241577459,241577459,97
TIC 241577470,241577470,97
TIC 241577591,241577591,97
TIC 241578848,241578848,97
TIC 241579057,241579057,97
TIC 241630725,241630725,97
TIC 241630746,241630746,97
TIC 241630798,241630798,97
TIC 241632348,241632348,97
TIC 241632478,241632478,97
TIC 241671547,241671547,97
TIC 241671685,241671685,97
TIC 241672928,241672928,97
TIC 241672964,241672964,97
TIC 241673022,241673022,97
TIC 241673139,241673139,97
TIC 241711969,241711969,97
TIC 241712502,241712502,97
TIC 241713072,241713072,97
TIC 241713534,241713534,97
TIC 241765429,241765429,97
TIC 241765538,241765538,97
TIC 241765561,241765561,97
TIC 241766979,241766979,97
TIC 241806286,241806286,97
TIC 241807468,241807468,97
TIC 241807559,241807559,97
TIC 241807670,241807670,97
TIC 241807728,241807728,97
TIC 248341858,248341858,97
TIC 248342016,248342016,97
TIC 248343011,248343011,97
TIC 248343237,248343237,97
TIC 248343789,248343789,97
TIC 248345324,248345324,97
TIC 248345334,248345334,97
TIC 248346556,248346556,97
TIC 248346844,248346844,97
TIC 248347454,248347454,97
TIC 248348544,248348544,97
TIC 248349373,248349373,97
TIC 248349401,248349401,97
TIC 248349830,248349830,97
TIC 248350202,248350202,97
TIC 248350746,248350746,97
TIC 248351163,248351163,97
TIC 248351345,248351345,97
TIC 248351386,248351386,97
TIC 248351948,248351948,97
TIC 248352760,248352760,97
TIC 248352761,248352761,97
TIC 248353420,248353420,97
TIC 248354268,248354268,97
TIC 248354492,248354492,97
TIC 248354845,248354845,97
TIC 248354858,248354858,97
TIC 248355362,248355362,97
TIC 248355782,248355782,97
TIC 248355949,248355949,97
TIC 248356871,248356871,97
TIC 248376572,248376572,97
TIC 248379725,248379725,97
TIC 248380149,248380149,97
TIC 248380423,248380423,97
TIC 248380517,248380517,97
TIC 248381133,248381133,97
TIC 248381643,248381643,97
TIC 248381694,248381694,97
TIC 248382312,248382312,97
TIC 248382514,248382514,97
TIC 248382748,248382748,97
TIC 248383125,248383125,97
TIC 248383238,248383238,97
TIC 248383658,248383658,97
TIC 248383662,248383662,97
TIC 248384263,248384263,97
TIC 248384559,248384559,97
TIC 248384560,248384560,97
TIC 248385930,248385930,97
TIC 248386350,248386350,97
TIC 248386711,248386711,97
TIC 248386767,248386767,97
TIC 248387177,248387177,97
TIC 248387334,248387334,97
TIC 248387428,248387428,97
TIC 248387630,248387630,97
TIC 248387672,248387672,97
TIC 248388493,248388493,97
TIC 248388494,248388494,97
TIC 248389586,248389586,97
TIC 248390187,248390187,97
TIC 248391319,248391319,97
TIC 248391428,248391428,97
TIC 248391508,248391508,97
TIC 248391646,248391646,97
TIC 248391647,248391647,97
TIC 248391903,248391903,97
TIC 248391904,248391904,97
TIC 248392114,248392114,97
TIC 248392199,248392199,97
TIC 248393031,248393031,97
TIC 248393040,248393040,97
TIC 248393078,248393078,97
TIC 248942163,248942163,97
TIC 248942339,248942339,97
TIC 248942346,248942346,97
TIC 248942571,248942571,97
TIC 248942618,248942618,97
TIC 248943767,248943767,97
TIC 248943839,248943839,97
TIC 248944100,248944100,97
TIC 248944412,248944412,97
TIC 248944413,248944413,97
TIC 248945315,248945315,97
TIC 248945338,248945338,97
TIC 248945350,248945350,97
TIC 248946257,248946257,97
TIC 248948050,248948050,97
TIC 248949419,248949419,97
TIC 248949520,248949520,97
TIC 248949857,248949857,97
TIC 248952247,248952247,97
TIC 248952652,248952652,97
TIC 248952761,248952761,97
TIC 248952901,248952901,97
TIC 248953598,248953598,97
TIC 248953763,248953763,97
TIC 248954240,248954240,97
TIC 248957130,248957130,97
TIC 248957172,248957172,97
TIC 248957256,248957256,97
TIC 248957655,248957655,97
TIC 248961470,248961470,97
TIC 248961534,248961534,97
TIC 248962073,248962073,97
TIC 248962112,248962112,97
TIC 248963902,248963902,97
TIC 248963994,248963994,97
TIC 248964429,248964429,97
TIC 248983244,248983244,97
TIC 248983806,248983806,97
TIC 248985409,248985409,97
TIC 248987025,248987025,97
TIC 248987026,248987026,97
TIC 248987282,248987282,97
TIC 248988295,248988295,97
TIC 248988911,248988911,97
TIC 248989799,248989799,97
TIC 248989816,248989816,97
TIC 250363092,250363092,97
TIC 250363198,250363198,97
TIC 250379983,250379983,97
TIC 250380101,250380101,97
TIC 250380344,250380344,97
TIC 250380619,250380619,97
TIC 250383070,250383070,97
TIC 250383685,250383685,97
TIC 250383689,250383689,97
TIC 250383785,250383785,97
TIC 250383940,250383940,97
TIC 250386407,250386407,97
TIC 250386526,250386526,97
TIC 250386603,250386603,97
TIC 250386662,250386662,97
TIC 250387433,250387433,97
TIC 250388764,250388764,97
TIC 250390933,250390933,97
TIC 250392210,250392210,97
TIC 250392698,250392698,97
TIC 250392953,250392953,97
TIC 250393406,250393406,97
TIC 250394135,250394135,97
TIC 250394854,250394854,97
TIC 250409756,250409756,97
TIC 250410026,250410026,97
TIC 250410255,250410255,97
TIC 250410439,250410439,97
TIC 250411180,250411180,97
TIC 250411552,250411552,97
TIC 250411597,250411597,97
TIC 250413096,250413096,97
TIC 250413411,250413411,97
TIC 250413989,250413989,97
TIC 250415097,250415097,97
TIC 250416939,250416939,97
TIC 250416977,250416977,97
TIC 250417875,250417875,97
TIC 250418487,250418487,97
TIC 250418488,250418488,97
TIC 250418771,250418771,97
TIC 250418774,250418774,97
TIC 250418837,250418837,97
TIC 250419029,250419029,97
TIC 250419448,250419448,97
TIC 250419731,250419731,97
TIC 250419748,250419748,97
TIC 250420100,250420100,97
TIC 250420135,250420135,97
TIC 250437610,250437610,97
TIC 257395606,257395606,97
TIC 257395987,257395987,97
TIC 257396059,257396059,97
TIC 257396673,257396673,97
TIC 257396674,257396674,97
TIC 257397199,257397199,97
TIC 257397333,257397333,97
TIC 257420015,257420015,97
TIC 257420281,257420281,97
TIC 257420925,257420925,97
TIC 257421563,257421563,97
TIC 257421999,257421999,97
TIC 257433980,257433980,97
TIC 257434075,257434075,97
TIC 257434109,257434109,97
TIC 257434657,257434657,97
TIC 257437391,257437391,97
TIC 257437952,257437952,97
TIC 257439461,257439461,97
TIC 257439987,257439987,97
TIC 257459954,257459954,97
TIC 257459955,257459955,97
TIC 257460055,257460055,97
TIC 257460056,257460056,97
TIC 257461655,257461655,97
TIC 257461656,257461656,97
TIC 257461698,257461698,97
TIC 257482141,257482141,97
TIC 257482669,257482669,97
TIC 257484024,257484024,97
TIC 257484148,257484148,97
TIC 257484286,257484286,97
TIC 257484292,257484292,97
TIC 257484419,257484419,97
TIC 257484757,257484757,97
TIC 257485599,257485599,97
TIC 257485686,257485686,97
TIC 257486140,257486140,97
TIC 257499602,257499602,97
TIC 257500129,257500129,97
TIC 257500475,257500475,97
TIC 257500720,257500720,97
TIC 257505109,257505109,97
TIC 257505110,257505110,97
TIC 257505374,257505374,97
TIC 257505425,257505425,97
TIC 257506060,257506060,97
TIC 257516123,257516123,97
TIC 257516353,257516353,97
TIC 257516512,257516512,97
TIC 257719040,257719040,97
TIC 257720226,257720226,97
TIC 257722735,257722735,97
TIC 257724009,257724009,97
TIC 259292312,259292312,97
TIC 259317756,259317756,97
TIC 259318185,259318185,97
TIC 259319165,259319165,97
TIC 259319915,259319915,97
TIC 259373187,259373187,97
TIC 259373313,259373313,97
TIC 259373626,259373626,97
TIC 259373684,259373684,97
TIC 259375570,259375570,97
TIC 259376845,259376845,97
TIC 259376846,259376846,97
TIC 259377017,259377017,97
TIC 259377427,259377427,97
TIC 259377461,259377461,97
TIC 259377843,259377843,97
TIC 259377975,259377975,97
TIC 259377985,259377985,97
TIC 259378043,259378043,97
TIC 259378275,259378275,97
TIC 259388243,259388243,97
TIC 259389555,259389555,97
TIC 259390606,259390606,97
TIC 259392878,259392878,97
TIC 259393692,259393692,97
TIC 259394088,259394088,97
TIC 259407451,259407451,97
TIC 259407892,259407892,97
TIC 259407960,259407960,97
TIC 259408109,259408109,97
TIC 259443543,259443543,97
TIC 259443859,259443859,97
TIC 259444174,259444174,97
TIC 259470701,259470701,97
TIC 259470997,259470997,97
TIC 259471603,259471603,97
TIC 259471719,259471719,97
TIC 259472888,259472888,97
TIC 259475214,259475214,97
TIC 259475775,259475775,97
TIC 259477022,259477022,97
TIC 259477845,259477845,97
TIC 259511357,259511357,97
TIC 259512080,259512080,97
TIC 259513779,259513779,97
TIC 259514226,259514226,97
TIC 259514327,259514327,97
TIC 259516270,259516270,97
TIC 259517011,259517011,97
TIC 259539930,259539930,97
TIC 259540147,259540147,97
TIC 259540732,259540732,97
TIC 259541040,259541040,97
TIC 259542176,259542176,97
TIC 259542669,259542669,97
TIC 259543079,259543079,97
TIC 259543158,259543158,97
TIC 259543408,259543408,97
TIC 259543590,259543590,97
TIC 259573373,259573373,97
TIC 259573397,259573397,97
TIC 259573505,259573505,97
TIC 259573619,259573619,97
TIC 259574637,259574637,97
TIC 259586708,259586708,97
TIC 259587315,259587315,97
TIC 259588659,259588659,97
TIC 259589049,259589049,97
TIC 259589520,259589520,97
TIC 259589759,259589759,97
TIC 259589791,259589791,97
TIC 259592542,259592542,97
TIC 259592543,259592543,97
TIC 259592689,259592689,97
TIC 259593261,259593261,97
TIC 259593290,259593290,97
TIC 259593708,259593708,97
TIC 259594408,259594408,97
TIC 259594539,259594539,97
TIC 259594997,259594997,97
TIC 259595737,259595737,97
TIC 259644164,259644164,97
TIC 259645014,259645014,97
TIC 259645733,259645733,97
TIC 259646312,259646312,97
TIC 259646412,259646412,97
TIC 259675295,259675295,97
TIC 259675399,259675399,97
TIC 259677317,259677317,97
TIC 259677319,259677319,97
TIC 259698601,259698601,97
TIC 259700298,259700298,97
TIC 259700926,259700926,97
TIC 259701450,259701450,97
TIC 259703409,259703409,97
TIC 259703453,259703453,97
TIC 260004559,260004559,97
TIC 260004707,260004707,97
TIC 260041998,260041998,97
TIC 260042077,260042077,97
TIC 260043005,260043005,97
TIC 260043906,260043906,97
TIC 260074999,260074999,97
TIC 260078574,260078574,97
TIC 260079846,260079846,97
TIC 260080062,260080062,97
TIC 260128957,260128957,97
TIC 260131693,260131693,97
TIC 260160014,260160014,97
TIC 260162930,260162930,97
TIC 260164397,260164397,97
TIC 260189377,260189377,97
TIC 260239413,260239413,97
TIC 260241010,260241010,97
TIC 260243057,260243057,97
TIC 260243059,260243059,97
TIC 260266534,260266534,97
TIC 260266552,260266552,97
TIC 260266773,260266773,97
TIC 260271164,260271164,97
TIC 260304642,260304642,97
TIC 260351897,260351897,97
TIC 260369281,260369281,97
TIC 260369704,260369704,97
TIC 260420853,260420853,97
TIC 260472890,260472890,97
TIC 260476129,260476129,97
TIC 260476322,260476322,97
TIC 260502759,260502759,97
TIC 260537783,260537783,97
TIC 260541189,260541189,97
TIC 260542039,260542039,97
TIC 260605153,260605153,97
TIC 260605154,260605154,97
TIC 260609072,260609072,97
TIC 260609330,260609330,97
TIC 260635563,260635563,97
TIC 260637237,260637237,97
TIC 260637238,260637238,97
TIC 260637374,260637374,97
TIC 260654201,260654201,97
TIC 260655044,260655044,97
TIC 260655247,260655247,97
TIC 260659412,260659412,97
TIC 261205179,261205179,97
TIC 261263273,261263273,97
TIC 261328627,261328627,97
TIC 261333700,261333700,97
TIC 261417728,261417728,97
TIC 261417900,261417900,97
TIC 262497063,262497063,97
TIC 262497206,262497206,97
TIC 262497948,262497948,97
TIC 262573661,262573661,97
TIC 262573936,262573936,97
TIC 262575497,262575497,97
TIC 262575578,262575578,97
TIC 262575858,262575858,97
TIC 262576203,262576203,97
TIC 262576677,262576677,97
TIC 262610117,262610117,97
TIC 262612567,262612567,97
TIC 262612636,262612636,97
TIC 262613151,262613151,97
TIC 262614380,262614380,97
TIC 262615921,262615921,97
TIC 262809788,262809788,97
TIC 262819551,262819551,97
TIC 262820364,262820364,97
TIC 262820393,262820393,97
TIC 262820529,262820529,97
TIC 262837804,262837804,97
TIC 262838323,262838323,97
TIC 262839890,262839890,97
TIC 262840487,262840487,97
TIC 262842348,262842348,97
TIC 262843173,262843173,97
TIC 262843256,262843256,97
TIC 262844245,262844245,97
TIC 262844246,262844246,97
TIC 262845475,262845475,97
TIC 262846506,262846506,97
TIC 262874398,262874398,97
TIC 262874475,262874475,97
TIC 262874477,262874477,97
TIC 262878706,262878706,97
TIC 262882919,262882919,97
TIC 262884852,262884852,97
TIC 262884853,262884853,97
TIC 262925988,262925988,97
TIC 264767366,264767366,97
TIC 264767454,264767454,97
TIC 264768010,264768010,97
TIC 264768011,264768011,97
TIC 264768896,264768896,97
TIC 264769094,264769094,97
TIC 264866377,264866377,97
TIC 264869365,264869365,97
TIC 264869702,264869702,97
TIC 264870043,264870043,97
TIC 264870477,264870477,97
TIC 264872589,264872589,97
TIC 264874230,264874230,97
TIC 264932667,264932667,97
TIC 266679681,266679681,97
TIC 266679787,266679787,97
TIC 266680732,266680732,97
TIC 266716154,266716154,97
TIC 266716587,266716587,97
TIC 266725019,266725019,97
TIC 266725271,266725271,97
TIC 266734906,266734906,97
TIC 266735031,266735031,97
TIC 266735160,266735160,97
TIC 266735356,266735356,97
TIC 266735453,266735453,97
TIC 266736348,266736348,97
TIC 266736349,266736349,97
TIC 266769531,266769531,97
TIC 266769586,266769586,97
TIC 266769744,266769744,97
TIC 266770186,266770186,97
TIC 266770286,266770286,97
TIC 266783926,266783926,97
TIC 266785677,266785677,97
TIC 266786359,266786359,97
TIC 266786360,266786360,97
TIC 266787143,266787143,97
TIC 266787533,266787533,97
TIC 266788465,266788465,97
TIC 266816160,266816160,97
TIC 266817168,266817168,97
TIC 266817257,266817257,97
TIC 266817258,266817258,97
TIC 266854868,266854868,97
TIC 266855160,266855160,97
TIC 266855631,266855631,97
TIC 266877378,266877378,97
TIC 268532007,268532007,97
TIC 268533978,268533978,97
TIC 268534259,268534259,97
TIC 268535832,268535832,97
TIC 268587456,268587456,97
TIC 268617034,268617034,97
TIC 268633181,268633181,97
TIC 268633473,268633473,97
TIC 268633574,268633574,97
TIC 268634769,268634769,97
TIC 268635135,268635135,97
TIC 268635349,268635349,97
TIC 268636197,268636197,97
TIC 268636502,268636502,97
TIC 268637115,268637115,97
TIC 268637378,268637378,97
TIC 268637449,268637449,97
TIC 268638121,268638121,97
TIC 268638709,268638709,97
TIC 268639026,268639026,97
TIC 268639053,268639053,97
TIC 268651510,268651510,97
TIC 268651718,268651718,97
TIC 268651896,268651896,97
TIC 268652078,268652078,97
TIC 268686251,268686251,97
TIC 268686254,268686254,97
TIC 268687113,268687113,97
TIC 268687248,268687248,97
TIC 268687574,268687574,97
TIC 268687866,268687866,97
TIC 268688070,268688070,97
TIC 268715928,268715928,97
TIC 268716351,268716351,97
TIC 268717977,268717977,97
TIC 268718018,268718018,97
TIC 268731286,268731286,97
TIC 268732622,268732622,97
TIC 268751602,268751602,97
TIC 268752025,268752025,97
TIC 268752640,268752640,97
TIC 268752991,268752991,97
TIC 268765554,268765554,97
TIC 268765670,268765670,97
TIC 268765671,268765671,97
TIC 268766053,268766053,97
TIC 268766594,268766594,97
TIC 268767637,268767637,97
TIC 268767639,268767639,97
TIC 268768081,268768081,97
TIC 268768437,268768437,97
TIC 268768566,268768566,97
TIC 268769082,268769082,97
TIC 268769168,268769168,97
TIC 268770477,268770477,97
TIC 268784292,268784292,97
TIC 268784417,268784417,97
TIC 268785005,268785005,97
TIC 268785954,268785954,97
TIC 268804003,268804003,97
TIC 268804144,268804144,97
TIC 268804174,268804174,97
TIC 268805416,268805416,97
TIC 268805757,268805757,97
TIC 268854345,268854345,97
TIC 268855656,268855656,97
TIC 268858663,268858663,97
TIC 268859450,268859450,97
TIC 268859453,268859453,97
TIC 268859658,268859658,97
TIC 268859820,268859820,97
TIC 268860764,268860764,97
TIC 268862124,268862124,97
TIC 268862454,268862454,97
TIC 268862474,268862474,97
TIC 268862481,268862481,97
TIC 268863859,268863859,97
TIC 269486678,269486678,97
TIC 269486681,269486681,97
TIC 269503904,269503904,97
TIC 269503906,269503906,97
TIC 269504094,269504094,97
TIC 269504950,269504950,97
TIC 269505631,269505631,97
TIC 269505917,269505917,97
TIC 269531447,269531447,97
TIC 269531663,269531663,97
TIC 269532571,269532571,97
TIC 269533234,269533234,97
TIC 269533563,269533563,97
TIC 269555614,269555614,97
TIC 269555616,269555616,97
TIC 269558487,269558487,97
TIC 269558518,269558518,97
TIC 269559324,269559324,97
TIC 269570767,269570767,97
TIC 269570953,269570953,97
TIC 269572487,269572487,97
TIC 269573233,269573233,97
TIC 269592029,269592029,97
TIC 269592186,269592186,97
TIC 269592188,269592188,97
TIC 269592384,269592384,97
TIC 269592754,269592754,97
TIC 269612606,269612606,97
TIC 269613013,269613013,97
TIC 270344835,270344835,97
TIC 270344855,270344855,97
TIC 270345114,270345114,97
TIC 270345177,270345177,97
TIC 270354000,270354000,97
TIC 270372368,270372368,97
TIC 270379095,270379095,97
TIC 270406920,270406920,97
TIC 270557339,270557339,97
TIC 270557366,270557366,97
TIC 270578379,270578379,97
TIC 271594996,271594996,97
TIC 271597374,271597374,97
TIC 271640350,271640350,97
TIC 271641819,271641819,97
TIC 271642689,271642689,97
TIC 271643155,271643155,97
TIC 271693287,271693287,97
TIC 271695150,271695150,97
TIC 271697042,271697042,97
TIC 271723108,271723108,97
TIC 271796176,271796176,97
TIC 271806632,271806632,97
TIC 271807733,271807733,97
TIC 271887753,271887753,97
TIC 271888952,271888952,97
TIC 271890182,271890182,97
TIC 271891098,271891098,97
TIC 271891505,271891505,97
TIC 271891933,271891933,97
TIC 271893066,271893066,97
TIC 271900390,271900390,97
TIC 271901181,271901181,97
TIC 271901182,271901182,97
TIC 271971296,271971296,97
TIC 271972359,271972359,97
TIC 271976756,271976756,97
TIC 271999170,271999170,97
TIC 272001553,272001553,97
TIC 272002652,272002652,97
TIC 272085246,272085246,97
TIC 272085563,272085563,97
TIC 272085858,272085858,97
TIC 272086282,272086282,97
TIC 272087305,272087305,97
TIC 272090065,272090065,97
TIC 272127949,272127949,97
TIC 272130671,272130671,97
TIC 272132059,272132059,97
TIC 272132302,272132302,97
TIC 272188971,272188971,97
TIC 272191479,272191479,97
TIC 272195531,272195531,97
TIC 272232034,272232034,97
TIC 272233240,272233240,97
TIC 272286605,272286605,97
TIC 272288323,272288323,97
TIC 272288915,272288915,97
TIC 272316507,272316507,97
TIC 272319861,272319861,97
TIC 272319879,272319879,97
TIC 272321075,272321075,97
TIC 272322821,272322821,97
TIC 272358101,272358101,97
TIC 272362508,272362508,97
TIC 272362823,272362823,97
TIC 272428251,272428251,97
TIC 272430494,272430494,97
TIC 272430995,272430995,97
TIC 272431254,272431254,97
TIC 272431262,272431262,97
TIC 272466542,272466542,97
TIC 272466578,272466578,97
TIC 272466581,272466581,97
TIC 272466963,272466963,97
TIC 272467216,272467216,97
TIC 272467626,272467626,97
TIC 272468731,272468731,97
TIC 272470241,272470241,97
TIC 272470243,272470243,97
TIC 272470805,272470805,97
TIC 272471005,272471005,97
TIC 272546919,272546919,97
TIC 272548519,272548519,97
TIC 272549686,272549686,97
TIC 272550198,272550198,97
TIC 272550631,272550631,97
TIC 273879592,273879592,97
TIC 273879812,273879812,97
TIC 273880637,273880637,97
TIC 273880657,273880657,97
TIC 273881029,273881029,97
TIC 273881290,273881290,97
TIC 273881785,273881785,97
TIC 274016481,274016481,97
TIC 276787778,276787778,97
TIC 276789915,276789915,97
TIC 276793468,276793468,97
TIC 276860478,276860478,97
TIC 276864037,276864037,97
TIC 276867903,276867903,97
TIC 276869010,276869010,97
TIC 277017695,277017695,97
TIC 277020594,277020594,97
TIC 277099137,277099137,97
TIC 277101110,277101110,97
TIC 277102186,277102186,97
TIC 277104223,277104223,97
TIC 277173617,277173617,97
TIC 277176454,277176454,97
TIC 277297046,277297046,97
TIC 277300924,277300924,97
TIC 277316761,277316761,97
TIC 278051906,278051906,97
TIC 278052384,278052384,97
TIC 278078673,278078673,97
TIC 278078903,278078903,97
TIC 278142416,278142416,97
TIC 278180434,278180434,97
TIC 278198753,278198753,97
TIC 278198879,278198879,97
TIC 278269065,278269065,97
TIC 278285985,278285985,97
TIC 278286459,278286459,97
TIC 278326179,278326179,97
TIC 278328683,278328683,97
TIC 278384217,278384217,97
TIC 278408504,278408504,97
TIC 278521194,278521194,97
TIC 278591155,278591155,97
TIC 278725781,278725781,97
TIC 278729145,278729145,97
TIC 278730445,278730445,97
TIC 278775158,278775158,97
TIC 278776948,278776948,97
TIC 278777898,278777898,97
TIC 278778758,278778758,97
TIC 278779642,278779642,97
TIC 278779951,278779951,97
TIC 278821770,278821770,97
TIC 278823339,278823339,97
TIC 278823972,278823972,97
TIC 278826056,278826056,97
TIC 278861875,278861875,97
TIC 278862900,278862900,97
TIC 278863708,278863708,97
TIC 278863889,278863889,97
TIC 278864459,278864459,97
TIC 278865317,278865317,97
TIC 278897420,278897420,97
TIC 278899299,278899299,97
TIC 278955741,278955741,97
TIC 278955742,278955742,97
TIC 278957507,278957507,97
TIC 278960120,278960120,97
TIC 278988943,278988943,97
TIC 278989077,278989077,97
TIC 278990526,278990526,97
TIC 278991204,278991204,97
TIC 278991333,278991333,97
TIC 279051833,279051833,97
TIC 279051900,279051900,97
TIC 279052980,279052980,97
TIC 279053140,279053140,97
TIC 279056261,279056261,97
TIC 279088591,279088591,97
TIC 279090002,279090002,97
TIC 279091054,279091054,97
TIC 279091307,279091307,97
TIC 279091366,279091366,97
TIC 279091610,279091610,97
TIC 279092844,279092844,97
TIC 279093216,279093216,97
TIC 279157399,279157399,97
TIC 279158584,279158584,97
TIC 279159214,279159214,97
TIC 279159752,279159752,97
TIC 279161015,279161015,97
TIC 279161230,279161230,97
TIC 279161423,279161423,97
TIC 279215788,279215788,97
TIC 279245106,279245106,97
TIC 279245231,279245231,97
TIC 279245505,279245505,97
TIC 279245562,279245562,97
TIC 279249190,279249190,97
TIC 279251357,279251357,97
TIC 279251858,279251858,97
TIC 279321702,279321702,97
TIC 279322216,279322216,97
TIC 279322315,279322315,97
TIC 279323613,279323613,97
TIC 279339218,279339218,97
TIC 279339318,279339318,97
TIC 279340370,279340370,97
TIC 279342801,279342801,97
TIC 279342892,279342892,97
TIC 279343190,279343190,97
TIC 279343302,279343302,97
TIC 279343323,279343323,97
TIC 279356932,279356932,97
TIC 279359960,279359960,97
TIC 279368535,279368535,97
TIC 279369393,279369393,97
TIC 279370312,279370312,97
TIC 279424977,279424977,97
TIC 279425539,279425539,97
TIC 279426213,279426213,97
TIC 279429303,279429303,97
TIC 279430331,279430331,97
TIC 279431011,279431011,97
TIC 279475335,279475335,97
TIC 279477611,279477611,97
TIC 279482019,279482019,97
TIC 279482092,279482092,97
TIC 279511281,279511281,97
TIC 279511563,279511563,97
TIC 279511692,279511692,97
TIC 279513227,279513227,97
TIC 279569711,279569711,97
TIC 279569859,279569859,97
TIC 279572569,279572569,97
TIC 279572692,279572692,97
TIC 279573011,279573011,97
TIC 279613513,279613513,97
TIC 279614130,279614130,97
TIC 279615005,279615005,97
TIC 279617630,279617630,97
TIC 279636984,279636984,97
TIC 279637399,279637399,97
TIC 279637761,279637761,97
TIC 279639068,279639068,97
TIC 279650130,279650130,97
TIC 279673034,279673034,97
TIC 279673038,279673038,97
TIC 279673832,279673832,97
TIC 279726713,279726713,97
TIC 279726914,279726914,97
TIC 279727997,279727997,97
TIC 279737780,279737780,97
TIC 279739006,279739006,97
TIC 279740439,279740439,97
TIC 279741526,279741526,97
TIC 279742103,279742103,97
TIC 279742586,279742586,97
TIC 279834304,279834304,97
TIC 279834305,279834305,97
TIC 279856449,279856449,97
TIC 279856450,279856450,97
TIC 279950423,279950423,97
TIC 279952228,279952228,97
TIC 279957784,279957784,97
TIC 280037554,280037554,97
TIC 280046713,280046713,97
TIC 280788277,280788277,97
TIC 280788785,280788785,97
TIC 280789283,280789283,97
TIC 280789378,280789378,97
TIC 280864997,280864997,97
TIC 280865582,280865582,97
TIC 280910638,280910638,97
TIC 280910766,280910766,97
TIC 281494100,281494100,97
TIC 281494581,281494581,97
TIC 281494746,281494746,97
TIC 281575671,281575671,97
TIC 281575843,281575843,97
TIC 281575978,281575978,97
TIC 281576168,281576168,97
TIC 281576197,281576197,97
TIC 281576271,281576271,97
TIC 281576629,281576629,97
TIC 281576882,281576882,97
TIC 281577051,281577051,97
TIC 281577115,281577115,97
TIC 281577258,281577258,97
TIC 281578622,281578622,97
TIC 281581467,281581467,97
TIC 281581625,281581625,97
TIC 281582696,281582696,97
TIC 281582802,281582802,97
TIC 281635411,281635411,97
TIC 281636697,281636697,97
TIC 281637229,281637229,97
TIC 284081057,284081057,97
TIC 284081258,284081258,97
TIC 284081757,284081757,97
TIC 284082013,284082013,97
TIC 284082359,284082359,97
TIC 284082637,284082637,97
TIC 284120070,284120070,97
TIC 284120761,284120761,97
TIC 284121349,284121349,97
TIC 284121687,284121687,97
TIC 284155978,284155978,97
TIC 284155980,284155980,97
TIC 284194018,284194018,97
TIC 284194062,284194062,97
TIC 284195158,284195158,97
TIC 287120224,287120224,97
TIC 287154097,287154097,97
TIC 287154774,287154774,97
TIC 287154823,287154823,97
TIC 287166736,287166736,97
TIC 287173997,287173997,97
TIC 287174089,287174089,97
TIC 287187400,287187400,97
TIC 287187481,287187481,97
TIC 287187603,287187603,97
TIC 287187634,287187634,97
TIC 287188106,287188106,97
TIC 287188478,287188478,97
TIC 287203477,287203477,97
TIC 287204096,287204096,97
TIC 287204371,287204371,97
TIC 287222160,287222160,97
TIC 287222264,287222264,97
TIC 287222785,287222785,97
TIC 287223949,287223949,97
TIC 287271497,287271497,97
TIC 287273300,287273300,97
TIC 287326696,287326696,97
TIC 287330542,287330542,97
TIC 287348908,287348908,97
TIC 287350119,287350119,97
TIC 287350461,287350461,97
TIC 287350462,287350462,97
TIC 287350667,287350667,97
TIC 287350801,287350801,97
TIC 287352377,287352377,97
TIC 287353218,287353218,97
TIC 287354013,287354013,97
TIC 287354014,287354014,97
TIC 287354092,287354092,97
TIC 287405065,287405065,97
TIC 287426689,287426689,97
TIC 287427126,287427126,97
TIC 287428985,287428985,97
TIC 287491062,287491062,97
TIC 287492109,287492109,97
TIC 287494667,287494667,97
TIC 287495893,287495893,97
TIC 287496048,287496048,97
TIC 287496163,287496163,97
TIC 287496443,287496443,97
TIC 287529691,287529691,97
TIC 287531789,287531789,97
TIC 287531799,287531799,97
TIC 287532010,287532010,97
TIC 287533544,287533544,97
TIC 287534359,287534359,97
TIC 287535518,287535518,97
TIC 287535527,287535527,97
TIC 287586236,287586236,97
TIC 287586237,287586237,97
TIC 287589266,287589266,97
TIC 287589666,287589666,97
TIC 287635063,287635063,97
TIC 287639548,287639548,97
TIC 287640015,287640015,97
TIC 287640017,287640017,97
TIC 287723398,287723398,97
TIC 287724191,287724191,97
TIC 287769002,287769002,97
TIC 287769668,287769668,97
TIC 287833876,287833876,97
TIC 287870438,287870438,97
TIC 289719858,289719858,97
TIC 289719891,289719891,97
TIC 289719940,289719940,97
TIC 289720545,289720545,97
TIC 289721074,289721074,97
TIC 289730067,289730067,97
TIC 289730802,289730802,97
TIC 289730842,289730842,97
TIC 289730892,289730892,97
TIC 289731195,289731195,97
TIC 289731220,289731220,97
TIC 289731700,289731700,97
TIC 289732137,289732137,97
TIC 289732270,289732270,97
TIC 289732276,289732276,97
TIC 290168275,290168275,97
TIC 290168561,290168561,97
TIC 290170018,290170018,97
TIC 290170195,290170195,97
TIC 290170658,290170658,97
TIC 290170765,290170765,97
TIC 290170830,290170830,97
TIC 290177073,290177073,97
TIC 290177074,290177074,97
TIC 290177703,290177703,97
TIC 290178078,290178078,97
TIC 290178137,290178137,97
TIC 290654478,290654478,97
TIC 293163031,293163031,97
TIC 293163456,293163456,97
TIC 293163459,293163459,97
TIC 293163956,293163956,97
TIC 293164461,293164461,97
TIC 293165962,293165962,97
TIC 293165964,293165964,97
TIC 293166471,293166471,97
TIC 293166952,293166952,97
TIC 293166958,293166958,97
TIC 293218107,293218107,97
TIC 293222240,293222240,97
TIC 293223295,293223295,97
TIC 293271137,293271137,97
TIC 293271569,293271569,97
TIC 293273044,293273044,97
TIC 293286598,293286598,97
TIC 293287010,293287010,97
TIC 293287014,293287014,97
TIC 293345718,293345718,97
TIC 293432942,293432942,97
TIC 293434196,293434196,97
TIC 293435082,293435082,97
TIC 293435276,293435276,97
TIC 293435307,293435307,97
TIC 293435336,293435336,97
TIC 293456091,293456091,97
TIC 293457754,293457754,97
TIC 293458637,293458637,97
TIC 293467403,293467403,97
TIC 293467691,293467691,97
TIC 293468457,293468457,97
TIC 293469589,293469589,97
TIC 293478903,293478903,97
TIC 293479069,293479069,97
TIC 293479263,293479263,97
TIC 293479403,293479403,97
TIC 293502807,293502807,97
TIC 293503053,293503053,97
TIC 293516628,293516628,97
TIC 293517536,293517536,97
TIC 293518685,293518685,97
TIC 293518714,293518714,97
TIC 293518771,293518771,97
TIC 293518937,293518937,97
TIC 293519096,293519096,97
TIC 293561262,293561262,97
TIC 293561794,293561794,97
TIC 293562039,293562039,97
TIC 293565926,293565926,97
TIC 293620786,293620786,97
TIC 293970607,293970607,97
TIC 293970810,293970810,97
TIC 293970814,293970814,97
TIC 293971038,293971038,97
TIC 293971821,293971821,97
TIC 293971824,293971824,97
TIC 293973056,293973056,97
TIC 293974254,293974254,97
TIC 293974798,293974798,97
TIC 293975762,293975762,97
TIC 294052326,294052326,97
TIC 294052632,294052632,97
TIC 294052905,294052905,97
TIC 294053466,294053466,97
TIC 294055107,294055107,97
TIC 294055242,294055242,97
TIC 294092998,294092998,97
TIC 294094040,294094040,97
TIC 294094234,294094234,97
TIC 294098106,294098106,97
TIC 294099075,294099075,97
TIC 294152383,294152383,97
TIC 294154491,294154491,97
TIC 294154844,294154844,97
TIC 294159534,294159534,97
TIC 294204835,294204835,97
TIC 294207190,294207190,97
TIC 294207272,294207272,97
TIC 294208369,294208369,97
TIC 294208377,294208377,97
TIC 294270749,294270749,97
TIC 294271229,294271229,97
TIC 294271590,294271590,97
TIC 294271993,294271993,97
TIC 294272467,294272467,97
TIC 294272610,294272610,97
TIC 294275131,294275131,97
TIC 294326578,294326578,97
TIC 294326609,294326609,97
TIC 294327081,294327081,97
TIC 294327083,294327083,97
TIC 294327127,294327127,97
TIC 294328328,294328328,97
TIC 294328604,294328604,97
TIC 294396371,294396371,97
TIC 294397067,294397067,97
TIC 294399554,294399554,97
TIC 294786073,294786073,97
TIC 294873015,294873015,97
TIC 294873470,294873470,97
TIC 294873918,294873918,97
TIC 294922857,294922857,97
TIC 294977451,294977451,97
TIC 294978051,294978051,97
TIC 299099378,299099378,97
TIC 299099679,299099679,97
TIC 299099849,299099849,97
TIC 299099903,299099903,97
TIC 299100968,299100968,97
TIC 299101175,299101175,97
TIC 299101176,299101176,97
TIC 299101463,299101463,97
TIC 299102346,299102346,97
TIC 299120460,299120460,97
TIC 299120835,299120835,97
TIC 299120888,299120888,97
TIC 299121262,299121262,97
TIC 299121431,299121431,97
TIC 299121497,299121497,97
TIC 299121767,299121767,97
TIC 299133742,299133742,97
TIC 299135660,299135660,97
TIC 299135916,299135916,97
TIC 299176263,299176263,97
TIC 299176311,299176311,97
TIC 299176653,299176653,97
TIC 299177660,299177660,97
TIC 299177896,299177896,97
TIC 299178185,299178185,97
TIC 299198645,299198645,97
TIC 299199031,299199031,97
TIC 299200024,299200024,97
TIC 299200155,299200155,97
TIC 299200167,299200167,97
TIC 299886569,299886569,97
TIC 299886628,299886628,97
TIC 299887289,299887289,97
TIC 299898372,299898372,97
TIC 299939258,299939258,97
TIC 299941037,299941037,97
TIC 299941410,299941410,97
TIC 299942872,299942872,97
TIC 300012921,300012921,97
TIC 300013902,300013902,97
TIC 300033585,300033585,97
TIC 300036332,300036332,97
TIC 300037992,300037992,97
TIC 300038884,300038884,97
TIC 300039476,300039476,97
TIC 300084921,300084921,97
TIC 300086355,300086355,97
TIC 300087894,300087894,97
TIC 300136031,300136031,97
TIC 300136077,300136077,97
TIC 300137648,300137648,97
TIC 300137988,300137988,97
TIC 300139645,300139645,97
TIC 300142103,300142103,97
TIC 300160742,300160742,97
TIC 300161962,300161962,97
TIC 300163456,300163456,97
TIC 300164230,300164230,97
TIC 300238558,300238558,97
TIC 300238572,300238572,97
TIC 300286853,300286853,97
TIC 300287049,300287049,97
TIC 300292127,300292127,97
TIC 300324031,300324031,97
TIC 300328740,300328740,97
TIC 300380739,300380739,97
TIC 300381517,300381517,97
TIC 300381643,300381643,97
TIC 300442826,300442826,97
TIC 300443201,300443201,97
TIC 300444383,300444383,97
TIC 300446218,300446218,97
TIC 300449994,300449994,97
TIC 300449995,300449995,97
TIC 300509139,300509139,97
TIC 300510057,300510057,97
TIC 300557276,300557276,97
TIC 300561485,300561485,97
TIC 300562712,300562712,97
TIC 300600556,300600556,97
TIC 300605380,300605380,97
TIC 300651179,300651179,97
TIC 300651539,300651539,97
TIC 300655160,300655160,97
TIC 300707872,300707872,97
TIC 300707873,300707873,97
TIC 300739537,300739537,97
TIC 300741565,300741565,97
TIC 300741570,300741570,97
TIC 300743889,300743889,97
TIC 300809629,300809629,97
TIC 300864382,300864382,97
TIC 300865505,300865505,97
TIC 300865607,300865607,97
TIC 300870244,300870244,97
TIC 300870282,300870282,97
TIC 300933103,300933103,97
TIC 300933128,300933128,97
TIC 300937813,300937813,97
TIC 300937923,300937923,97
TIC 300939255,300939255,97
TIC 300939265,300939265,97
TIC 300969635,300969635,97
TIC 300997818,300997818,97
TIC 301020037,301020037,97
TIC 301021757,301021757,97
TIC 301022138,301022138,97
TIC 301022374,301022374,97
TIC 301049767,301049767,97
TIC 301051051,301051051,97
TIC 301057712,301057712,97
TIC 301084138,301084138,97
TIC 301084139,301084139,97
TIC 301084634,301084634,97
TIC 302378519,302378519,97
TIC 302378646,302378646,97
TIC 302381748,302381748,97
TIC 302382692,302382692,97
TIC 302382936,302382936,97
TIC 302383502,302383502,97
TIC 302384263,302384263,97
TIC 302411696,302411696,97
TIC 302413390,302413390,97
TIC 302413707,302413707,97
TIC 302437646,302437646,97
TIC 302438166,302438166,97
TIC 302438986,302438986,97
TIC 302439498,302439498,97
TIC 302439949,302439949,97
TIC 302457168,302457168,97
TIC 302457492,302457492,97
TIC 302457612,302457612,97
TIC 302458773,302458773,97
TIC 302459510,302459510,97
TIC 302463428,302463428,97
TIC 302464332,302464332,97
TIC 302465470,302465470,97
TIC 302498974,302498974,97
TIC 302512634,302512634,97
TIC 302512930,302512930,97
TIC 302513444,302513444,97
TIC 302514873,302514873,97
TIC 302514966,302514966,97
TIC 302515452,302515452,97
TIC 302515524,302515524,97
TIC 302515531,302515531,97
TIC 302515596,302515596,97
TIC 302988562,302988562,97
TIC 306337790,306337790,97
TIC 306337838,306337838,97
TIC 306338207,306338207,97
TIC 306338882,306338882,97
TIC 306343677,306343677,97
TIC 306344182,306344182,97
TIC 306391975,306391975,97
TIC 306506977,306506977,97
TIC 306508587,306508587,97
TIC 306510711,306510711,97
TIC 306510777,306510777,97
TIC 306573413,306573413,97
TIC 306573442,306573442,97
TIC 306575669,306575669,97
TIC 306576483,306576483,97
TIC 306578077,306578077,97
TIC 306633279,306633279,97
TIC 306634426,306634426,97
TIC 306635025,306635025,97
TIC 306636137,306636137,97
TIC 306638170,306638170,97
TIC 306638187,306638187,97
TIC 306665218,306665218,97
TIC 306669628,306669628,97
TIC 306735585,306735585,97
TIC 306736802,306736802,97
TIC 306737999,306737999,97
TIC 306738947,306738947,97
TIC 306740027,306740027,97
TIC 306741075,306741075,97
TIC 306777659,306777659,97
TIC 306777729,306777729,97
TIC 306778203,306778203,97
TIC 306779173,306779173,97
TIC 306779322,306779322,97
TIC 306779521,306779521,97
TIC 306821856,306821856,97
TIC 306822067,306822067,97
TIC 306824373,306824373,97
TIC 306893752,306893752,97
TIC 306894507,306894507,97
TIC 306894526,306894526,97
TIC 306895791,306895791,97
TIC 306896026,306896026,97
TIC 306896445,306896445,97
TIC 307035655,307035655,97
TIC 308225363,308225363,97
TIC 308226011,308226011,97
TIC 308226686,308226686,97
TIC 308226840,308226840,97
TIC 308241590,308241590,97
TIC 308243463,308243463,97
TIC 308244519,308244519,97
TIC 308244879,308244879,97
TIC 308245314,308245314,97
TIC 308245513,308245513,97
TIC 308245856,308245856,97
TIC 308245909,308245909,97
TIC 308245986,308245986,97
TIC 308265608,308265608,97
TIC 308265697,308265697,97
TIC 308266061,308266061,97
TIC 308266063,308266063,97
TIC 308266360,308266360,97
TIC 308305105,308305105,97
TIC 308305138,308305138,97
TIC 308305340,308305340,97
TIC 308305341,308305341,97
TIC 308305542,308305542,97
TIC 308305734,308305734,97
TIC 308305775,308305775,97
TIC 308397453,308397453,97
TIC 308397454,308397454,97
TIC 309616776,309616776,97
TIC 309617010,309617010,97
TIC 309618094,309618094,97
TIC 309655359,309655359,97
TIC 309655718,309655718,97
TIC 309656728,309656728,97
TIC 309658702,309658702,97
TIC 309658809,309658809,97
TIC 309658811,309658811,97
TIC 311185624,311185624,97
TIC 311403358,311403358,97
TIC 311410991,311410991,97
TIC 311864665,311864665,97
TIC 311864730,311864730,97
TIC 311864780,311864780,97
TIC 311865732,311865732,97
TIC 311865831,311865831,97
TIC 311883977,311883977,97
TIC 311884863,311884863,97
TIC 311885176,311885176,97
TIC 311885822,311885822,97
TIC 311886800,311886800,97
TIC 313936941,313936941,97
TIC 313936958,313936958,97
TIC 313938887,313938887,97
TIC 313938945,313938945,97
TIC 313940354,313940354,97
TIC 314865827,314865827,97
TIC 316976676,316976676,97
TIC 321043515,321043515,97
TIC 321044201,321044201,97
TIC 321044537,321044537,97
TIC 321067241,321067241,97
TIC 321067487,321067487,97
TIC 321068326,321068326,97
TIC 321068946,321068946,97
TIC 321087975,321087975,97
TIC 321100026,321100026,97
TIC 321100028,321100028,97
TIC 321100228,321100228,97
TIC 321124770,321124770,97
TIC 322212552,322212552,97
TIC 322212838,322212838,97
TIC 322512367,322512367,97
TIC 322512443,322512443,97
TIC 322512633,322512633,97
TIC 322569826,322569826,97
TIC 322737077,322737077,97
TIC 322901324,322901324,97
TIC 322951803,322951803,97
TIC 322954739,322954739,97
TIC 322955124,322955124,97
TIC 323132691,323132691,97
TIC 323132914,323132914,97
TIC 323172801,323172801,97
TIC 323245448,323245448,97
TIC 323245561,323245561,97
TIC 323283392,323283392,97
TIC 323296223,323296223,97
TIC 323296309,323296309,97
TIC 323296890,323296890,97
TIC 325640392,325640392,97
TIC 325640505,325640505,97
TIC 325680684,325680684,97
TIC 325681386,325681386,97
TIC 325682357,325682357,97
TIC 325682504,325682504,97
TIC 325682877,325682877,97
TIC 325683351,325683351,97
TIC 325683918,325683918,97
TIC 326196003,326196003,97
TIC 326196055,326196055,97
TIC 326210486,326210486,97
TIC 326241978,326241978,97
TIC 326242565,326242565,97
TIC 326262353,326262353,97
TIC 326262576,326262576,97
TIC 328099647,328099647,97
TIC 328099902,328099902,97
TIC 328100489,328100489,97
TIC 328101272,328101272,97
TIC 328101735,328101735,97
TIC 328114883,328114883,97
TIC 328116802,328116802,97
TIC 328116807,328116807,97
TIC 328117157,328117157,97
TIC 328159625,328159625,97
TIC 328159739,328159739,97
TIC 328161261,328161261,97
TIC 332707753,332707753,97
TIC 332708317,332708317,97
TIC 332714671,332714671,97
TIC 332714723,332714723,97
TIC 332715158,332715158,97
TIC 332715376,332715376,97
TIC 332715726,332715726,97
TIC 332716035,332716035,97
TIC 332716401,332716401,97
TIC 332740776,332740776,97
TIC 332741295,332741295,97
TIC 332741781,332741781,97
TIC 332742020,332742020,97
TIC 332742816,332742816,97
TIC 332743270,332743270,97
TIC 332744099,332744099,97
TIC 332746279,332746279,97
TIC 332799681,332799681,97
TIC 332799726,332799726,97
TIC 332800044,332800044,97
TIC 332801316,332801316,97
TIC 332801620,332801620,97
TIC 332802359,332802359,97
TIC 332819165,332819165,97
TIC 332819192,332819192,97
TIC 332819239,332819239,97
TIC 332819410,332819410,97
TIC 332819995,332819995,97
TIC 332820338,332820338,97
TIC 332825272,332825272,97
TIC 332843989,332843989,97
TIC 332843990,332843990,97
TIC 332862003,332862003,97
TIC 332862658,332862658,97
TIC 332864335,332864335,97
TIC 332889941,332889941,97
TIC 332892253,332892253,97
TIC 332912548,332912548,97
TIC 333492752,333492752,97
TIC 333541164,333541164,97
TIC 333542040,333542040,97
TIC 333542376,333542376,97
TIC 333542464,333542464,97
TIC 333556998,333556998,97
TIC 333557017,333557017,97
TIC 333557388,333557388,97
TIC 333557389,333557389,97
TIC 333557396,333557396,97
TIC 333557762,333557762,97
TIC 333558471,333558471,97
TIC 333558634,333558634,97
TIC 333558655,333558655,97
TIC 333558811,333558811,97
TIC 333559130,333559130,97
TIC 333564305,333564305,97
TIC 333564306,333564306,97
TIC 333565163,333565163,97
TIC 333603501,333603501,97
TIC 333604659,333604659,97
TIC 333605244,333605244,97
TIC 333605856,333605856,97
TIC 333606239,333606239,97
TIC 333606285,333606285,97
TIC 333606576,333606576,97
TIC 333640011,333640011,97
TIC 333640020,333640020,97
TIC 333640055,333640055,97
TIC 333640813,333640813,97
TIC 333640820,333640820,97
TIC 333641428,333641428,97
TIC 333641478,333641478,97
TIC 336872595,336872595,97
TIC 336873668,336873668,97
TIC 336874323,336874323,97
TIC 336891719,336891719,97
TIC 336891720,336891720,97
TIC 336891721,336891721,97
TIC 336956726,336956726,97
TIC 339598472,339598472,97
TIC 339598499,339598499,97
TIC 339598800,339598800,97
TIC 339599929,339599929,97
TIC 339599994,339599994,97
TIC 339633166,339633166,97
TIC 339634201,339634201,97
TIC 339668421,339668421,97
TIC 339668599,339668599,97
TIC 339668854,339668854,97
TIC 339671392,339671392,97
TIC 339671398,339671398,97
TIC 339672509,339672509,97
TIC 339730016,339730016,97
TIC 339731288,339731288,97
TIC 339770739,339770739,97
TIC 339770787,339770787,97
TIC 339770925,339770925,97
TIC 339771169,339771169,97
TIC 339771357,339771357,97
TIC 339859095,339859095,97
TIC 339860159,339860159,97
TIC 339885023,339885023,97
TIC 339890073,339890073,97
TIC 339891469,339891469,97
TIC 339891473,339891473,97
TIC 339962704,339962704,97
TIC 340005121,340005121,97
TIC 340006894,340006894,97
TIC 340007162,340007162,97
TIC 340058509,340058509,97
TIC 340059565,340059565,97
TIC 340064340,340064340,97
TIC 340065094,340065094,97
TIC 340065358,340065358,97
TIC 340065447,340065447,97
TIC 340065646,340065646,97
TIC 340136263,340136263,97
TIC 340136655,340136655,97
TIC 340137027,340137027,97
TIC 340137203,340137203,97
TIC 340137320,340137320,97
TIC 340137826,340137826,97
TIC 340137832,340137832,97
TIC 340137894,340137894,97
TIC 340138829,340138829,97
TIC 340139035,340139035,97
TIC 340144226,340144226,97
TIC 340144245,340144245,97
TIC 340173834,340173834,97
TIC 340174451,340174451,97
TIC 340174525,340174525,97
TIC 340174803,340174803,97
TIC 340175166,340175166,97
TIC 340175442,340175442,97
TIC 340177036,340177036,97
TIC 340177097,340177097,97
TIC 340177102,340177102,97
TIC 340178270,340178270,97
TIC 340178287,340178287,97
TIC 340178726,340178726,97
TIC 340215783,340215783,97
TIC 340216382,340216382,97
TIC 340216384,340216384,97
TIC 340216762,340216762,97
TIC 340216882,340216882,97
TIC 340217560,340217560,97
TIC 340217687,340217687,97
TIC 340218584,340218584,97
TIC 340254907,340254907,97
TIC 340255874,340255874,97
TIC 340256115,340256115,97
TIC 340256702,340256702,97
TIC 340256957,340256957,97
TIC 340312003,340312003,97
TIC 340312272,340312272,97
TIC 340312909,340312909,97
TIC 340314249,340314249,97
TIC 340314970,340314970,97
TIC 340315237,340315237,97
TIC 340315791,340315791,97
TIC 340315854,340315854,97
TIC 340354034,340354034,97
TIC 340355161,340355161,97
TIC 340355164,340355164,97
TIC 340356251,340356251,97
TIC 340356640,340356640,97
TIC 340357339,340357339,97
TIC 340357600,340357600,97
TIC 340357755,340357755,97
TIC 340358141,340358141,97
TIC 340358522,340358522,97
TIC 340358553,340358553,97
TIC 340358596,340358596,97
TIC 340358801,340358801,97
TIC 340358808,340358808,97
TIC 340359252,340359252,97
TIC 340360094,340360094,97
TIC 340456343,340456343,97
TIC 340458220,340458220,97
TIC 340458797,340458797,97
TIC 340459075,340459075,97
TIC 340459227,340459227,97
TIC 340460560,340460560,97
TIC 340461336,340461336,97
TIC 340461586,340461586,97
TIC 340461828,340461828,97
TIC 340487383,340487383,97
TIC 340487521,340487521,97
TIC 340487632,340487632,97
TIC 340561622,340561622,97
TIC 340633517,340633517,97
TIC 340633943,340633943,97
TIC 340635701,340635701,97
TIC 340637509,340637509,97
TIC 340638186,340638186,97
TIC 340640973,340640973,97
TIC 340641180,340641180,97
TIC 340699824,340699824,97
TIC 340700241,340700241,97
TIC 340700487,340700487,97
TIC 340701548,340701548,97
TIC 340702107,340702107,97
TIC 340702469,340702469,97
TIC 340784974,340784974,97
TIC 341041223,341041223,97
TIC 344279390,344279390,97
TIC 344279424,344279424,97
TIC 344283215,344283215,97
TIC 344283272,344283272,97
TIC 344297465,344297465,97
TIC 344297533,344297533,97
TIC 344297583,344297583,97
TIC 344298746,344298746,97
TIC 344301251,344301251,97
TIC 344319320,344319320,97
TIC 344369070,344369070,97
TIC 344370064,344370064,97
TIC 344370084,344370084,97
TIC 344370235,344370235,97
TIC 344771708,344771708,97
TIC 344773831,344773831,97
TIC 348838734,348838734,97
TIC 348839726,348839726,97
TIC 348839880,348839880,97
TIC 348841032,348841032,97
TIC 348841866,348841866,97
TIC 348844681,348844681,97
TIC 348894229,348894229,97
TIC 348895354,348895354,97
TIC 348895432,348895432,97
TIC 348896634,348896634,97
TIC 348899545,348899545,97
TIC 348900538,348900538,97
TIC 348957573,348957573,97
TIC 348957574,348957574,97
TIC 348957754,348957754,97
TIC 348958631,348958631,97
TIC 348959921,348959921,97
TIC 348991122,348991122,97
TIC 348991689,348991689,97
TIC 348994437,348994437,97
TIC 348996978,348996978,97
TIC 348998165,348998165,97
TIC 349057976,349057976,97
TIC 349061976,349061976,97
TIC 349152386,349152386,97
TIC 349152558,349152558,97
TIC 349156874,349156874,97
TIC 349192998,349192998,97
TIC 349194348,349194348,97
TIC 349194398,349194398,97
TIC 349196599,349196599,97
TIC 349268719,349268719,97
TIC 349271581,349271581,97
TIC 349271979,349271979,97
TIC 349273278,349273278,97
TIC 349273495,349273495,97
TIC 349274819,349274819,97
TIC 349305647,349305647,97
TIC 349309931,349309931,97
TIC 349311172,349311172,97
TIC 349311186,349311186,97
TIC 349370044,349370044,97
TIC 349370907,349370907,97
TIC 349409441,349409441,97
TIC 349409844,349409844,97
TIC 349410765,349410765,97
TIC 349412213,349412213,97
TIC 349412351,349412351,97
TIC 349413022,349413022,97
TIC 349477941,349477941,97
TIC 349478154,349478154,97
TIC 349478600,349478600,97
TIC 349478601,349478601,97
TIC 349480220,349480220,97
TIC 349481800,349481800,97
TIC 349483065,349483065,97
TIC 349483320,349483320,97
TIC 349518300,349518300,97
TIC 349519164,349519164,97
TIC 349520813,349520813,97
TIC 349521703,349521703,97
TIC 349522753,349522753,97
TIC 349523578,349523578,97
TIC 349524244,349524244,97
TIC 349572861,349572861,97
TIC 349576044,349576044,97
TIC 349643750,349643750,97
TIC 349676593,349676593,97
TIC 349676594,349676594,97
TIC 349679366,349679366,97
TIC 349679528,349679528,97
TIC 349680479,349680479,97
TIC 349680922,349680922,97
TIC 349681561,349681561,97
TIC 349683158,349683158,97
TIC 349683917,349683917,97
TIC 349761522,349761522,97
TIC 349764234,349764234,97
TIC 349765272,349765272,97
TIC 349765571,349765571,97
TIC 349767411,349767411,97
TIC 349768620,349768620,97
TIC 349784000,349784000,97
TIC 349790110,349790110,97
TIC 349790569,349790569,97
TIC 349830208,349830208,97
TIC 349831366,349831366,97
TIC 349904435,349904435,97
TIC 349904557,349904557,97
TIC 349906467,349906467,97
TIC 349907611,349907611,97
TIC 349966433,349966433,97
TIC 349968061,349968061,97
TIC 349969967,349969967,97
TIC 349970529,349970529,97
TIC 349972148,349972148,97
TIC 349972151,349972151,97
TIC 350024996,350024996,97
TIC 350025177,350025177,97
TIC 350030102,350030102,97
TIC 350030327,350030327,97
TIC 350030740,350030740,97
TIC 350031742,350031742,97
TIC 350031755,350031755,97
TIC 350091779,350091779,97
TIC 350096788,350096788,97
TIC 350097841,350097841,97
TIC 350097941,350097941,97
TIC 350139592,350139592,97
TIC 350141300,350141300,97
TIC 350143739,350143739,97
TIC 350181456,350181456,97
TIC 350181983,350181983,97
TIC 350182080,350182080,97
TIC 350182408,350182408,97
TIC 350182527,350182527,97
TIC 350182625,350182625,97
TIC 350182755,350182755,97
TIC 350296414,350296414,97
TIC 350332540,350332540,97
TIC 350334198,350334198,97
TIC 350336617,350336617,97
TIC 350341428,350341428,97
TIC 350345533,350345533,97
TIC 350431308,350431308,97
TIC 350431708,350431708,97
TIC 350432766,350432766,97
TIC 350433379,350433379,97
TIC 350443738,350443738,97
TIC 350445929,350445929,97
TIC 350479753,350479753,97
TIC 350480750,350480750,97
TIC 350521023,350521023,97
TIC 350563345,350563345,97
TIC 350564232,350564232,97
TIC 350581860,350581860,97
TIC 350581967,350581967,97
TIC 350584436,350584436,97
TIC 350584803,350584803,97
TIC 350584807,350584807,97
TIC 350584814,350584814,97
TIC 350585450,350585450,97
TIC 350620269,350620269,97
TIC 350621055,350621055,97
TIC 350621057,350621057,97
TIC 350621525,350621525,97
TIC 350623578,350623578,97
TIC 350653074,350653074,97
TIC 350657718,350657718,97
TIC 350710006,350710006,97
TIC 350711233,350711233,97
TIC 350740905,350740905,97
TIC 350742965,350742965,97
TIC 350745299,350745299,97
TIC 350763703,350763703,97
TIC 350763904,350763904,97
TIC 350820344,350820344,97
TIC 350820965,350820965,97
TIC 350823717,350823717,97
TIC 350824806,350824806,97
TIC 350841132,350841132,97
TIC 350841389,350841389,97
TIC 350841880,350841880,97
TIC 350842353,350842353,97
TIC 350845025,350845025,97
TIC 350857591,350857591,97
TIC 350859290,350859290,97
TIC 350861442,350861442,97
TIC 350931185,350931185,97
TIC 350931342,350931342,97
TIC 350934338,350934338,97
TIC 350953631,350953631,97
TIC 350954481,350954481,97
TIC 350954515,350954515,97
TIC 354777099,354777099,97
TIC 354823087,354823087,97
TIC 358070298,358070298,97
TIC 358179272,358179272,97
TIC 358180414,358180414,97
TIC 358248157,358248157,97
TIC 358288221,358288221,97
TIC 358289302,358289302,97
TIC 358290364,358290364,97
TIC 358290367,358290367,97
TIC 358335407,358335407,97
TIC 358459207,358459207,97
TIC 358461560,358461560,97
TIC 358462028,358462028,97
TIC 358462181,358462181,97
TIC 358463011,358463011,97
TIC 358463627,358463627,97
TIC 358508842,358508842,97
TIC 358509438,358509438,97
TIC 358512020,358512020,97
TIC 358513436,358513436,97
TIC 358579498,358579498,97
TIC 364264680,364264680,97
TIC 364264865,364264865,97
TIC 364264866,364264866,97
TIC 364264948,364264948,97
TIC 364264949,364264949,97
TIC 364264979,364264979,97
TIC 364266655,364266655,97
TIC 364267207,364267207,97
TIC 364267306,364267306,97
TIC 364267799,364267799,97
TIC 364268264,364268264,97
TIC 364268504,364268504,97
TIC 364268508,364268508,97
TIC 364269455,364269455,97
TIC 364303107,364303107,97
TIC 364324970,364324970,97
TIC 364327160,364327160,97
TIC 364327221,364327221,97
TIC 364327598,364327598,97
TIC 364328259,364328259,97
TIC 364394607,364394607,97
TIC 364395878,364395878,97
TIC 364396051,364396051,97
TIC 364422623,364422623,97
TIC 364424661,364424661,97
TIC 364542433,364542433,97
TIC 364542645,364542645,97
TIC 364979563,364979563,97
TIC 365003116,365003116,97
TIC 369362212,369362212,97
TIC 369364873,369364873,97
TIC 369370804,369370804,97
TIC 369371091,369371091,97
TIC 369373203,369373203,97
TIC 369375501,369375501,97
TIC 369377600,369377600,97
TIC 369392672,369392672,97
TIC 369392676,369392676,97
TIC 369481062,369481062,97
TIC 369481465,369481465,97
TIC 369481716,369481716,97
TIC 369490606,369490606,97
TIC 369490815,369490815,97
TIC 369533163,369533163,97
TIC 369534451,369534451,97
TIC 369534655,369534655,97
TIC 369534703,369534703,97
TIC 369554427,369554427,97
TIC 369555560,369555560,97
TIC 369555740,369555740,97
TIC 370038641,370038641,97
TIC 370040345,370040345,97
TIC 370101426,370101426,97
TIC 370112122,370112122,97
TIC 370112123,370112123,97
TIC 370112960,370112960,97
TIC 370115640,370115640,97
TIC 370117637,370117637,97
TIC 370224285,370224285,97
TIC 370227166,370227166,97
TIC 372816629,372816629,97
TIC 372817671,372817671,97
TIC 372819054,372819054,97
TIC 372819266,372819266,97
TIC 372848598,372848598,97
TIC 372848820,372848820,97
TIC 372849306,372849306,97
TIC 372850169,372850169,97
TIC 372851026,372851026,97
TIC 372908449,372908449,97
TIC 372909999,372909999,97
TIC 373431012,373431012,97
TIC 373431017,373431017,97
TIC 373521228,373521228,97
TIC 373523051,373523051,97
TIC 373530669,373530669,97
TIC 373593938,373593938,97
TIC 373602410,373602410,97
TIC 373607032,373607032,97
TIC 373686775,373686775,97
TIC 373839861,373839861,97
TIC 373843899,373843899,97
TIC 373846053,373846053,97
TIC 374829238,374829238,97
TIC 374859744,374859744,97
TIC 374908396,374908396,97
TIC 374943422,374943422,97
TIC 374943423,374943423,97
TIC 374945558,374945558,97
TIC 375034607,375034607,97
TIC 375035936,375035936,97
TIC 375036426,375036426,97
TIC 375036945,375036945,97
TIC 375037734,375037734,97
TIC 375055494,375055494,97
TIC 375057226,375057226,97
TIC 375057753,375057753,97
TIC 375062518,375062518,97
TIC 375089514,375089514,97
TIC 380436218,380436218,97
TIC 380436457,380436457,97
TIC 380436621,380436621,97
TIC 380879796,380879796,97
TIC 380879821,380879821,97
TIC 380880016,380880016,97
TIC 380880358,380880358,97
TIC 380880776,380880776,97
TIC 380882089,380882089,97
TIC 380883019,380883019,97
TIC 380886534,380886534,97
TIC 380886593,380886593,97
TIC 380907845,380907845,97
TIC 381190543,381190543,97
TIC 381924968,381924968,97
TIC 381948738,381948738,97
TIC 381975895,381975895,97
TIC 381976323,381976323,97
TIC 381977551,381977551,97
TIC 381979471,381979471,97
TIC 382030201,382030201,97
TIC 382032129,382032129,97
TIC 382032265,382032265,97
TIC 382032289,382032289,97
TIC 382042904,382042904,97
TIC 382043269,382043269,97
TIC 382067649,382067649,97
TIC 382068877,382068877,97
TIC 382145265,382145265,97
TIC 382145558,382145558,97
TIC 382145619,382145619,97
TIC 382147080,382147080,97
TIC 382157483,382157483,97
TIC 382158127,382158127,97
TIC 382158202,382158202,97
TIC 382186170,382186170,97
TIC 382189362,382189362,97
TIC 382190257,382190257,97
TIC 382201870,382201870,97
TIC 382246151,382246151,97
TIC 382256863,382256863,97
TIC 382260142,382260142,97
TIC 382268018,382268018,97
TIC 382306185,382306185,97
TIC 382307690,382307690,97
TIC 382307962,382307962,97
TIC 382308248,382308248,97
TIC 382308313,382308313,97
TIC 382308346,382308346,97
TIC 382323697,382323697,97
TIC 382323829,382323829,97
TIC 382324724,382324724,97
TIC 382325923,382325923,97
TIC 382328609,382328609,97
TIC 382340591,382340591,97
TIC 382340650,382340650,97
TIC 382418877,382418877,97
TIC 382420080,382420080,97
TIC 382424280,382424280,97
TIC 382435832,382435832,97
TIC 382437732,382437732,97
TIC 382438257,382438257,97
TIC 382508606,382508606,97
TIC 382513740,382513740,97
TIC 382516709,382516709,97
TIC 382517468,382517468,97
TIC 382519085,382519085,97
TIC 382520415,382520415,97
TIC 382527238,382527238,97
TIC 382527709,382527709,97
TIC 382527814,382527814,97
TIC 382528519,382528519,97
TIC 382528981,382528981,97
TIC 382529142,382529142,97
TIC 382529144,382529144,97
TIC 382572125,382572125,97
TIC 382572403,382572403,97
TIC 382572599,382572599,97
TIC 382572768,382572768,97
TIC 382573461,382573461,97
TIC 382574347,382574347,97
TIC 382574881,382574881,97
TIC 382575683,382575683,97
TIC 382575759,382575759,97
TIC 382575852,382575852,97
TIC 382575864,382575864,97
TIC 382575905,382575905,97
TIC 382575951,382575951,97
TIC 382575977,382575977,97
TIC 382576068,382576068,97
TIC 382577458,382577458,97
TIC 382577777,382577777,97
TIC 382577807,382577807,97
TIC 382577823,382577823,97
TIC 382577844,382577844,97
TIC 382577871,382577871,97
TIC 382578010,382578010,97
TIC 382578027,382578027,97
TIC 382578098,382578098,97
TIC 382578162,382578162,97
TIC 382578167,382578167,97
TIC 382603333,382603333,97
TIC 382625522,382625522,97
TIC 382625643,382625643,97
TIC 382628154,382628154,97
TIC 382629248,382629248,97
TIC 382631141,382631141,97
TIC 382631439,382631439,97
TIC 382631603,382631603,97
TIC 382631711,382631711,97
TIC 382635553,382635553,97
TIC 388105183,388105183,97
TIC 388106735,388106735,97
TIC 388106740,388106740,97
TIC 388128070,388128070,97
TIC 388181293,388181293,97
TIC 388181837,388181837,97
TIC 388202334,388202334,97
TIC 388204750,388204750,97
TIC 388205206,388205206,97
TIC 388801950,388801950,97
TIC 388810146,388810146,97
TIC 388814426,388814426,97
TIC 388814538,388814538,97
TIC 388816604,388816604,97
TIC 388816797,388816797,97
TIC 389328766,389328766,97
TIC 389328772,389328772,97
TIC 389371565,389371565,97
TIC 389563717,389563717,97
TIC 389671047,389671047,97
TIC 389672553,389672553,97
TIC 389865008,389865008,97
TIC 389869337,389869337,97
TIC 389922308,389922308,97
TIC 389922504,389922504,97
TIC 391454774,391454774,97
TIC 391474560,391474560,97
TIC 391474625,391474625,97
TIC 391477949,391477949,97
TIC 391809671,391809671,97
TIC 391810001,391810001,97
TIC 391810774,391810774,97
TIC 391811655,391811655,97
TIC 391887988,391887988,97
TIC 391890417,391890417,97
TIC 391891604,391891604,97
TIC 391893497,391893497,97
TIC 391893633,391893633,97
TIC 391893635,391893635,97
TIC 391893797,391893797,97
TIC 391903060,391903060,97
TIC 391904211,391904211,97
TIC 391923864,391923864,97
TIC 391926086,391926086,97
TIC 392011985,392011985,97
TIC 393482866,393482866,97
TIC 393483049,393483049,97
TIC 393483683,393483683,97
TIC 393489017,393489017,97
TIC 393489565,393489565,97
TIC 393490564,393490564,97
TIC 396695965,396695965,97
TIC 396720998,396720998,97
TIC 396731889,396731889,97
TIC 396731925,396731925,97
TIC 396731926,396731926,97
TIC 398569617,398569617,97
TIC 398570220,398570220,97
TIC 398570236,398570236,97
TIC 398570703,398570703,97
TIC 398570754,398570754,97
TIC 398571094,398571094,97
TIC 398571258,398571258,97
TIC 398572078,398572078,97
TIC 398668857,398668857,97
TIC 398669153,398669153,97
TIC 398671433,398671433,97
TIC 398672117,398672117,97
TIC 398672234,398672234,97
TIC 398672531,398672531,97
TIC 398673449,398673449,97
TIC 398673781,398673781,97
TIC 398673798,398673798,97
TIC 398703802,398703802,97
TIC 398704120,398704120,97
TIC 398704220,398704220,97
TIC 398704596,398704596,97
TIC 398704710,398704710,97
TIC 398704910,398704910,97
TIC 398705394,398705394,97
TIC 398705714,398705714,97
TIC 398716817,398716817,97
TIC 398717224,398717224,97
TIC 398718046,398718046,97
TIC 398718437,398718437,97
TIC 398733009,398733009,97
TIC 398733428,398733428,97
TIC 398734889,398734889,97
TIC 398735709,398735709,97
TIC 398735711,398735711,97
TIC 398736298,398736298,97
TIC 398736713,398736713,97
TIC 398737380,398737380,97
TIC 399672918,399672918,97
TIC 399702475,399702475,97
TIC 399702497,399702497,97
TIC 399702725,399702725,97
TIC 399702726,399702726,97
TIC 399702910,399702910,97
TIC 399722652,399722652,97
TIC 399722928,399722928,97
TIC 399722930,399722930,97
TIC 399724647,399724647,97
TIC 399724949,399724949,97
TIC 399731211,399731211,97
TIC 399735573,399735573,97
TIC 401867918,401867918,97
TIC 401868617,401868617,97
TIC 401869636,401869636,97
TIC 401869869,401869869,97
TIC 401869914,401869914,97
TIC 401871494,401871494,97
TIC 401871652,401871652,97
TIC 401888774,401888774,97
TIC 401890017,401890017,97
TIC 401890271,401890271,97
TIC 401912252,401912252,97
TIC 401912869,401912869,97
TIC 401913214,401913214,97
TIC 401913504,401913504,97
TIC 402025967,402025967,97
TIC 404452391,404452391,97
TIC 404460906,404460906,97
TIC 404461532,404461532,97
TIC 404462163,404462163,97
TIC 404465750,404465750,97
TIC 404466241,404466241,97
TIC 404467810,404467810,97
TIC 404476565,404476565,97
TIC 404477044,404477044,97
TIC 404477181,404477181,97
TIC 404484537,404484537,97
TIC 404517988,404517988,97
TIC 404518666,404518666,97
TIC 404746428,404746428,97
TIC 404746990,404746990,97
TIC 404747310,404747310,97
TIC 404768475,404768475,97
TIC 404768652,404768652,97
TIC 404800309,404800309,97
TIC 404854872,404854872,97
TIC 406430078,406430078,97
TIC 406430082,406430082,97
TIC 406430692,406430692,97
TIC 406430808,406430808,97
TIC 406447793,406447793,97
TIC 406448202,406448202,97
TIC 406448758,406448758,97
TIC 406448943,406448943,97
TIC 406449066,406449066,97
TIC 406449768,406449768,97
TIC 406449790,406449790,97
TIC 406450121,406450121,97
TIC 406450511,406450511,97
TIC 406450513,406450513,97
TIC 406450564,406450564,97
TIC 406450721,406450721,97
TIC 406450972,406450972,97
TIC 406451090,406451090,97
TIC 407585308,407585308,97
TIC 407616185,407616185,97
TIC 408015562,408015562,97
TIC 408015814,408015814,97
TIC 408016281,408016281,97
TIC 408016320,408016320,97
TIC 408016357,408016357,97
TIC 408017128,408017128,97
TIC 408036428,408036428,97
TIC 408036728,408036728,97
TIC 408037920,408037920,97
TIC 408048143,408048143,97
TIC 408048857,408048857,97
TIC 408049569,408049569,97
TIC 408066384,408066384,97
TIC 408068720,408068720,97
TIC 408069339,408069339,97
TIC 408083839,408083839,97
TIC 408084295,408084295,97
TIC 408087383,408087383,97
TIC 408108433,408108433,97
TIC 408108815,408108815,97
TIC 408109833,408109833,97
TIC 408110150,408110150,97
TIC 408110461,408110461,97
TIC 408118225,408118225,97
TIC 408118241,408118241,97
TIC 408118455,408118455,97
TIC 408118468,408118468,97
TIC 408119143,408119143,97
TIC 408119750,408119750,97
TIC 408119925,408119925,97
TIC 408127503,408127503,97
TIC 408128462,408128462,97
TIC 408128468,408128468,97
TIC 408128722,408128722,97
TIC 408128928,408128928,97
TIC 408130113,408130113,97
TIC 408130257,408130257,97
TIC 408130663,408130663,97
TIC 408131016,408131016,97
TIC 408131017,408131017,97
TIC 408131298,408131298,97
TIC 408155748,408155748,97
TIC 408156735,408156735,97
TIC 408156736,408156736,97
TIC 408156855,408156855,97
TIC 409890457,409890457,97
TIC 410447306,410447306,97
TIC 410447353,410447353,97
TIC 410449472,410449472,97
TIC 410449843,410449843,97
TIC 410450006,410450006,97
TIC 410450432,410450432,97
TIC 415973458,415973458,97
TIC 415974305,415974305,97
TIC 415983377,415983377,97
TIC 415984928,415984928,97
TIC 419013508,419013508,97
TIC 419013654,419013654,97
TIC 419014110,419014110,97
TIC 419014711,419014711,97
TIC 419014949,419014949,97
TIC 419015703,419015703,97
TIC 419015728,419015728,97
TIC 419050977,419050977,97
TIC 419940538,419940538,97
TIC 419940635,419940635,97
TIC 419940799,419940799,97
TIC 419942387,419942387,97
TIC 419954453,419954453,97
TIC 419955858,419955858,97
TIC 419956625,419956625,97
TIC 419956636,419956636,97
TIC 419957314,419957314,97
TIC 419957393,419957393,97
TIC 419992982,419992982,97
TIC 422631972,422631972,97
TIC 422632279,422632279,97
TIC 422651027,422651027,97
TIC 422651186,422651186,97
TIC 422651413,422651413,97
TIC 422652632,422652632,97
TIC 422653075,422653075,97
TIC 422653412,422653412,97
TIC 422655451,422655451,97
TIC 422655579,422655579,97
TIC 422673880,422673880,97
TIC 422674950,422674950,97
TIC 422675651,422675651,97
TIC 422675715,422675715,97
TIC 422676032,422676032,97
TIC 422676578,422676578,97
TIC 422677030,422677030,97
TIC 422677298,422677298,97
TIC 422677299,422677299,97
TIC 422677575,422677575,97
TIC 422679172,422679172,97
TIC 422679659,422679659,97
TIC 422679971,422679971,97
TIC 422680202,422680202,97
TIC 422681602,422681602,97
TIC 422688794,422688794,97
TIC 422688997,422688997,97
TIC 422689517,422689517,97
TIC 422692360,422692360,97
TIC 422692632,422692632,97
TIC 422692635,422692635,97
TIC 423357754,423357754,97
TIC 423358225,423358225,97
TIC 423358322,423358322,97
TIC 423358377,423358377,97
TIC 423358769,423358769,97
TIC 423358837,423358837,97
TIC 423358955,423358955,97
TIC 423359549,423359549,97
TIC 423359939,423359939,97
TIC 423360102,423360102,97
TIC 423360323,423360323,97
TIC 423360429,423360429,97
TIC 423360488,423360488,97
TIC 423360492,423360492,97
TIC 423360793,423360793,97
TIC 423385698,423385698,97
TIC 423385799,423385799,97
TIC 423386354,423386354,97
TIC 423386494,423386494,97
TIC 423386705,423386705,97
TIC 423387353,423387353,97
TIC 423387510,423387510,97
TIC 423387588,423387588,97
TIC 423387652,423387652,97
TIC 423388033,423388033,97
TIC 423389014,423389014,97
TIC 423389422,423389422,97
TIC 423397106,423397106,97
TIC 423397343,423397343,97
TIC 423398081,423398081,97
TIC 423398357,423398357,97
TIC 423431807,423431807,97
TIC 423432430,423432430,97
TIC 423439146,423439146,97
TIC 423439315,423439315,97
TIC 423672208,423672208,97
TIC 423699193,423699193,97
TIC 423699300,423699300,97
TIC 423699302,423699302,97
TIC 423699529,423699529,97
TIC 423699772,423699772,97
TIC 423700466,423700466,97
TIC 423702121,423702121,97
TIC 423702143,423702143,97
TIC 423703387,423703387,97
TIC 423703638,423703638,97
TIC 423724394,423724394,97
TIC 423724935,423724935,97
TIC 423725456,423725456,97
TIC 423725667,423725667,97
TIC 423748550,423748550,97
TIC 423749203,423749203,97
TIC 423749345,423749345,97
TIC 423750380,423750380,97
TIC 423750384,423750384,97
TIC 423752030,423752030,97
TIC 423761655,423761655,97
TIC 425077133,425077133,97
TIC 425081512,425081512,97
TIC 425083634,425083634,97
TIC 427543167,427543167,97
TIC 427543467,427543467,97
TIC 427544839,427544839,97
TIC 429051032,429051032,97
TIC 429051149,429051149,97
TIC 429051305,429051305,97
TIC 429051445,429051445,97
TIC 439400768,439400768,97
TIC 439400854,439400854,97
TIC 439401143,439401143,97
TIC 439401323,439401323,97
TIC 439401687,439401687,97
TIC 439401829,439401829,97
TIC 439402367,439402367,97
TIC 439402949,439402949,97
TIC 439403362,439403362,97
TIC 439404052,439404052,97
TIC 439404053,439404053,97
TIC 439404145,439404145,97
TIC 439404318,439404318,97
TIC 439404889,439404889,97
TIC 439405530,439405530,97
TIC 439406558,439406558,97
TIC 439408031,439408031,97
TIC 439408999,439408999,97
TIC 439409473,439409473,97
TIC 439410158,439410158,97
TIC 439411447,439411447,97
TIC 439411449,439411449,97
TIC 439456712,439456712,97
TIC 439456714,439456714,97
TIC 439456794,439456794,97
TIC 439456824,439456824,97
TIC 439457434,439457434,97
TIC 439457765,439457765,97
TIC 439458059,439458059,97
TIC 439458255,439458255,97
TIC 439458950,439458950,97
TIC 439458951,439458951,97
TIC 439459097,439459097,97
TIC 439461084,439461084,97
TIC 439461184,439461184,97
TIC 439461504,439461504,97
TIC 439462713,439462713,97
TIC 439463188,439463188,97
TIC 439463373,439463373,97
TIC 439464854,439464854,97
TIC 439466093,439466093,97
TIC 439466970,439466970,97
TIC 439467067,439467067,97
TIC 439467938,439467938,97
TIC 439468243,439468243,97
TIC 439468674,439468674,97
TIC 439468768,439468768,97
TIC 439468853,439468853,97
TIC 439469159,439469159,97
TIC 439469160,439469160,97
TIC 439469225,439469225,97
TIC 439488901,439488901,97
TIC 439490465,439490465,97
TIC 439490708,439490708,97
TIC 439490987,439490987,97
TIC 439491244,439491244,97
TIC 439493113,439493113,97
TIC 439493390,439493390,97
TIC 439495292,439495292,97
TIC 439495617,439495617,97
TIC 439496342,439496342,97
TIC 439496453,439496453,97
TIC 439496630,439496630,97
TIC 439496950,439496950,97
TIC 439496994,439496994,97
TIC 439497052,439497052,97
TIC 439498499,439498499,97
TIC 439498608,439498608,97
TIC 439499818,439499818,97
TIC 439500072,439500072,97
TIC 439501458,439501458,97
TIC 439501591,439501591,97
TIC 439501914,439501914,97
TIC 439501915,439501915,97
TIC 441127437,441127437,97
TIC 441128932,441128932,97
TIC 441129058,441129058,97
TIC 441131056,441131056,97
TIC 441131540,441131540,97
TIC 441133146,441133146,97
TIC 441133415,441133415,97
TIC 441134867,441134867,97
TIC 441135051,441135051,97
TIC 441151459,441151459,97
TIC 441491515,441491515,97
TIC 441492130,441492130,97
TIC 441492393,441492393,97
TIC 441492394,441492394,97
TIC 441492822,441492822,97
TIC 441492977,441492977,97
TIC 441492979,441492979,97
TIC 441493882,441493882,97
TIC 441494927,441494927,97
TIC 441495895,441495895,97
TIC 441497175,441497175,97
TIC 441498355,441498355,97
TIC 445581470,445581470,97
TIC 445586413,445586413,97
TIC 445586520,445586520,97
TIC 445586600,445586600,97
TIC 445587887,445587887,97
TIC 445589439,445589439,97
TIC 445648378,445648378,97
TIC 445655739,445655739,97
TIC 453079295,453079295,97
TIC 453079813,453079813,97
TIC 453079880,453079880,97
TIC 453096345,453096345,97
TIC 453096666,453096666,97
TIC 453098705,453098705,97
TIC 453100638,453100638,97
TIC 469968513,469968513,97
TIC 469969504,469969504,97
TIC 469969840,469969840,97
TIC 469970022,469970022,97
TIC 469974958,469974958,97
TIC 471012330,471012330,97
TIC 471012687,471012687,97
TIC 471012790,471012790,97
TIC 471013461,471013461,97
TIC 471013524,471013524,97
TIC 471013692,471013692,97
TIC 471013822,471013822,97
TIC 471013823,471013823,97
TIC 471014005,471014005,97
TIC 471014115,471014115,97
TIC 471015264,471015264,97
TIC 471015514,471015514,97
TIC 471015673,471015673,97
TIC 471016688,471016688,97
TIC 471016753,471016753,97
TIC 500931215,500931215,97
TIC 516200991,516200991,97
TIC 522415725,522415725,97
TIC 610153485,610153485,97
TIC 610155961,610155961,97
TIC 610156347,610156347,97
TIC 610156806,610156806,97
TIC 610157704,610157704,97
TIC 610160212,610160212,97
TIC 610160360,610160360,97
TIC 610160984,610160984,97
TIC 610168931,610168931,97
TIC 610171153,610171153,97
TIC 610173223,610173223,97
TIC 610173740,610173740,97
TIC 610174184,610174184,97
TIC 610174211,610174211,97
TIC 610176984,610176984,97
TIC 610177109,610177109,97
TIC 610178573,610178573,97
TIC 610178740,610178740,97
TIC 610179281,610179281,97
TIC 610179398,610179398,97
TIC 610180356,610180356,97
TIC 610181043,610181043,97
TIC 610181374,610181374,97
TIC 610181635,610181635,97
TIC 610181807,610181807,97
TIC 610182663,610182663,97
TIC 610189251,610189251,97
TIC 610190884,610190884,97
TIC 610192131,610192131,97
TIC 610192680,610192680,97
TIC 610199251,610199251,97
TIC 610199595,610199595,97
TIC 610203222,610203222,97
TIC 610204108,610204108,97
TIC 610205107,610205107,97
TIC 610205343,610205343,97
TIC 610205672,610205672,97
TIC 610205925,610205925,97
TIC 610207544,610207544,97
TIC 610207908,610207908,97
TIC 610208204,610208204,97
TIC 610208704,610208704,97
TIC 610208955,610208955,97
TIC 610209168,610209168,97
TIC 610209777,610209777,97
TIC 610210690,610210690,97
TIC 610210976,610210976,97
TIC 610212022,610212022,97
TIC 610212967,610212967,97
TIC 610216281,610216281,97
TIC 610217352,610217352,97
TIC 610217353,610217353,97
TIC 610217435,610217435,97
TIC 610218129,610218129,97
TIC 610218612,610218612,97
TIC 610218888,610218888,97
TIC 610219692,610219692,97
TIC 610221166,610221166,97
TIC 610221862,610221862,97
TIC 610222065,610222065,97
TIC 610332841,610332841,97
TIC 610333911,610333911,97
TIC 610335412,610335412,97
TIC 610337553,610337553,97
TIC 610339668,610339668,97
TIC 610339910,610339910,97
TIC 610339921,610339921,97
TIC 610340906,610340906,97
TIC 610341120,610341120,97
TIC 610341386,610341386,97
TIC 610341708,610341708,97
TIC 610342580,610342580,97
TIC 610343589,610343589,97
TIC 610346001,610346001,97
TIC 610354781,610354781,97
TIC 610377986,610377986,97
TIC 610382040,610382040,97
TIC 610382837,610382837,97
TIC 610384166,610384166,97
TIC 610384261,610384261,97
TIC 610386274,610386274,97
TIC 610396823,610396823,97
TIC 610397037,610397037,97
TIC 610561141,610561141,97
TIC 610561839,610561839,97
TIC 610562527,610562527,97
TIC 610563429,610563429,97
TIC 610563472,610563472,97
TIC 610564289,610564289,97
TIC 610565073,610565073,97
TIC 610565693,610565693,97
TIC 610566278,610566278,97
TIC 610567800,610567800,97
TIC 610568057,610568057,97
TIC 610568991,610568991,97
TIC 610569272,610569272,97
TIC 610570482,610570482,97
TIC 610572005,610572005,97
TIC 610572934,610572934,97
TIC 610573182,610573182,97
TIC 610573547,610573547,97
TIC 610574759,610574759,97
TIC 610577317,610577317,97
TIC 610578392,610578392,97
TIC 610579318,610579318,97
TIC 610580955,610580955,97
TIC 610582326,610582326,97
TIC 610587693,610587693,97
TIC 610589108,610589108,97
TIC 610591356,610591356,97
TIC 610591430,610591430,97
TIC 610591636,610591636,97
TIC 610593453,610593453,97
TIC 610593831,610593831,97
TIC 610593846,610593846,97
TIC 610596462,610596462,97
TIC 610596508,610596508,97
TIC 610598080,610598080,97
TIC 610601285,610601285,97
TIC 610601348,610601348,97
TIC 610601862,610601862,97
TIC 610601952,610601952,97
TIC 610604153,610604153,97
TIC 610604291,610604291,97
TIC 610605806,610605806,97
TIC 610606307,610606307,97
TIC 610607536,610607536,97
TIC 610611145,610611145,97
TIC 610612090,610612090,97
TIC 610612657,610612657,97
TIC 610612686,610612686,97
TIC 610613569,610613569,97
TIC 610614638,610614638,97
TIC 610616843,610616843,97
TIC 610618392,610618392,97
TIC 610620967,610620967,97
TIC 610621423,610621423,97
TIC 610622131,610622131,97
TIC 610622176,610622176,97
TIC 610627155,610627155,97
TIC 610627844,610627844,97
TIC 610629260,610629260,97
TIC 610630210,610630210,97
TIC 610630569,610630569,97
TIC 610631441,610631441,97
TIC 610631946,610631946,97
TIC 610633545,610633545,97
TIC 610633565,610633565,97
TIC 610633945,610633945,97
TIC 610634140,610634140,97
TIC 610636358,610636358,97
TIC 610636530,610636530,97
TIC 610636639,610636639,97
TIC 610641063,610641063,97
TIC 610641082,610641082,97
TIC 610641314,610641314,97
TIC 610641401,610641401,97
TIC 610642120,610642120,97
TIC 610643529,610643529,97
TIC 610645190,610645190,97
TIC 610645278,610645278,97
TIC 610646403,610646403,97
TIC 610646974,610646974,97
TIC 610647254,610647254,97
TIC 610647318,610647318,97
TIC 610647451,610647451,97
TIC 610649232,610649232,97
TIC 610649574,610649574,97
TIC 610649787,610649787,97
TIC 610651130,610651130,97
TIC 610651369,610651369,97
TIC 610651740,610651740,97
TIC 610651774,610651774,97
TIC 610652043,610652043,97
TIC 610652567,610652567,97
TIC 610652995,610652995,97
TIC 610654305,610654305,97
TIC 610655499,610655499,97
TIC 610655625,610655625,97
TIC 610657252,610657252,97
TIC 610659633,610659633,97
TIC 610659770,610659770,97
TIC 610660727,610660727,97
TIC 610660769,610660769,97
TIC 610663006,610663006,97
TIC 610663289,610663289,97
TIC 610663568,610663568,97
TIC 610664507,610664507,97
TIC 610664551,610664551,97
TIC 610672995,610672995,97
TIC 610673583,610673583,97
TIC 610678231,610678231,97
TIC 610678864,610678864,97
TIC 610679298,610679298,97
TIC 610680033,610680033,97
TIC 610680154,610680154,97
TIC 610680611,610680611,97
TIC 610680782,610680782,97
TIC 610681391,610681391,97
TIC 610681689,610681689,97
TIC 610682527,610682527,97
TIC 610683099,610683099,97
TIC 610683708,610683708,97
TIC 610685835,610685835,97
TIC 610687761,610687761,97
TIC 610687821,610687821,97
TIC 610688185,610688185,97
TIC 610690503,610690503,97
TIC 610691593,610691593,97
TIC 610693698,610693698,97
TIC 610693848,610693848,97
TIC 610693877,610693877,97
TIC 610693907,610693907,97
TIC 610694814,610694814,97
TIC 610695752,610695752,97
TIC 610696155,610696155,97
TIC 610696164,610696164,97
TIC 610701905,610701905,97
TIC 610703281,610703281,97
TIC 610706257,610706257,97
TIC 610706393,610706393,97
TIC 610706394,610706394,97
TIC 610718107,610718107,97
TIC 610718181,610718181,97
TIC 610718443,610718443,97
TIC 610719997,610719997,97
TIC 610721330,610721330,97
TIC 610722682,610722682,97
TIC 610724460,610724460,97
TIC 610727048,610727048,97
TIC 610731357,610731357,97
TIC 610731801,610731801,97
TIC 610737296,610737296,97
TIC 610737918,610737918,97
TIC 610738067,610738067,97
TIC 610738305,610738305,97
TIC 610738882,610738882,97
TIC 610738954,610738954,97
TIC 610739357,610739357,97
TIC 610739948,610739948,97
TIC 610739951,610739951,97
TIC 610744799,610744799,97
TIC 610745227,610745227,97
TIC 610746141,610746141,97
TIC 610747520,610747520,97
TIC 610747897,610747897,97
TIC 610749117,610749117,97
TIC 610749320,610749320,97
TIC 610749992,610749992,97
TIC 610750594,610750594,97
TIC 610751202,610751202,97
TIC 610751376,610751376,97
TIC 610752109,610752109,97
TIC 610752826,610752826,97
TIC 610754150,610754150,97
TIC 610754439,610754439,97
TIC 610754544,610754544,97
TIC 610754811,610754811,97
TIC 610754849,610754849,97
TIC 610754879,610754879,97
TIC 610756194,610756194,97
TIC 610757570,610757570,97
TIC 610757744,610757744,97
TIC 610758002,610758002,97
TIC 610759414,610759414,97
TIC 610760753,610760753,97
TIC 610760992,610760992,97
TIC 610763360,610763360,97
TIC 610764090,610764090,97
TIC 610767528,610767528,97
TIC 610767718,610767718,97
TIC 610768664,610768664,97
TIC 610769534,610769534,97
TIC 610770257,610770257,97
TIC 610770647,610770647,97
TIC 610772072,610772072,97
TIC 616636564,616636564,97
TIC 616637112,616637112,97
TIC 616638715,616638715,97
TIC 616638883,616638883,97
TIC 616644980,616644980,97
TIC 616645321,616645321,97
TIC 616672498,616672498,97
TIC 616674773,616674773,97
TIC 616675182,616675182,97
TIC 616675307,616675307,97
TIC 616675812,616675812,97
TIC 616683073,616683073,97
TIC 616686059,616686059,97
TIC 616687234,616687234,97
TIC 616688052,616688052,97
TIC 616689373,616689373,97
TIC 616689599,616689599,97
TIC 616689785,616689785,97
TIC 616689889,616689889,97
TIC 616690248,616690248,97
TIC 616690468,616690468,97
TIC 616690978,616690978,97
TIC 616692538,616692538,97
TIC 616692680,616692680,97
TIC 616692981,616692981,97
TIC 616695584,616695584,97
TIC 616695964,616695964,97
TIC 629960995,629960995,97
TIC 629961382,629961382,97
TIC 629962754,629962754,97
TIC 629964573,629964573,97
TIC 629964582,629964582,97
TIC 629965538,629965538,97
TIC 629966832,629966832,97
TIC 629967687,629967687,97
TIC 629967703,629967703,97
TIC 629968092,629968092,97
TIC 629969579,629969579,97
TIC 629970086,629970086,97
TIC 629970930,629970930,97
TIC 629971435,629971435,97
TIC 629973705,629973705,97
TIC 629974546,629974546,97
TIC 629975005,629975005,97
TIC 629975343,629975343,97
TIC 629976909,629976909,97
TIC 629977306,629977306,97
TIC 629978955,629978955,97
TIC 629979393,629979393,97
TIC 629979514,629979514,97
TIC 629981488,629981488,97
TIC 629983566,629983566,97
TIC 629984801,629984801,97
TIC 629987698,629987698,97
TIC 629988008,629988008,97
TIC 629988418,629988418,97
TIC 629988510,629988510,97
TIC 629989417,629989417,97
TIC 629990097,629990097,97
TIC 629990309,629990309,97
TIC 629990527,629990527,97
TIC 629992426,629992426,97
TIC 629993379,629993379,97
TIC 629997003,629997003,97
TIC 629998489,629998489,97
TIC 629998950,629998950,97
TIC 630000252,630000252,97
TIC 630002018,630002018,97
TIC 630002079,630002079,97
TIC 630002716,630002716,97
TIC 630003069,630003069,97
TIC 630005840,630005840,97
TIC 630005927,630005927,97
TIC 630008781,630008781,97
TIC 630008861,630008861,97
TIC 630009105,630009105,97
TIC 630014610,630014610,97
TIC 630014932,630014932,97
TIC 630015078,630015078,97
TIC 630017074,630017074,97
TIC 630019626,630019626,97
TIC 630022431,630022431,97
TIC 630024062,630024062,97
TIC 630024634,630024634,97
TIC 630024857,630024857,97
TIC 630024898,630024898,97
TIC 630025039,630025039,97
TIC 630025233,630025233,97
TIC 630025861,630025861,97
TIC 630025862,630025862,97
TIC 630028857,630028857,97
TIC 630029125,630029125,97
TIC 630029804,630029804,97
TIC 630032060,630032060,97
TIC 630032367,630032367,97
TIC 630036255,630036255,97
TIC 630037243,630037243,97
TIC 630037245,630037245,97
TIC 630037497,630037497,97
TIC 630038630,630038630,97
TIC 630038652,630038652,97
TIC 630038793,630038793,97
TIC 630040128,630040128,97
TIC 630041030,630041030,97
TIC 630042448,630042448,97
TIC 630042564,630042564,97
TIC 630044162,630044162,97
TIC 630044283,630044283,97
TIC 630044604,630044604,97
TIC 630044901,630044901,97
TIC 630045750,630045750,97
TIC 630046307,630046307,97
TIC 630047389,630047389,97
TIC 630047758,630047758,97
TIC 630047928,630047928,97
TIC 630048489,630048489,97
TIC 630049179,630049179,97
TIC 630050422,630050422,97
TIC 630050678,630050678,97
TIC 630050971,630050971,97
TIC 630050988,630050988,97
TIC 630052406,630052406,97
TIC 630053288,630053288,97
TIC 630053987,630053987,97
TIC 630055523,630055523,97
TIC 630055847,630055847,97
TIC 630057648,630057648,97
TIC 630058468,630058468,97
TIC 630059538,630059538,97
TIC 630061001,630061001,97
TIC 630061217,630061217,97
TIC 630061611,630061611,97
TIC 630062030,630062030,97
TIC 630062077,630062077,97
TIC 630062361,630062361,97
TIC 630062451,630062451,97
TIC 630063233,630063233,97
TIC 630066477,630066477,97
TIC 630066503,630066503,97
TIC 630068324,630068324,97
TIC 630068440,630068440,97
TIC 630068827,630068827,97
TIC 630070038,630070038,97
TIC 630071558,630071558,97
TIC 630071609,630071609,97
TIC 630071619,630071619,97
TIC 630071809,630071809,97
TIC 630072823,630072823,97
TIC 630079363,630079363,97
TIC 630080012,630080012,97
TIC 630081658,630081658,97
TIC 630081677,630081677,97
TIC 630084378,630084378,97
TIC 630086149,630086149,97
TIC 630086968,630086968,97
TIC 630087000,630087000,97
TIC 630087738,630087738,97
TIC 630090154,630090154,97
TIC 630091485,630091485,97
TIC 630094152,630094152,97
TIC 630094194,630094194,97
TIC 630097383,630097383,97
TIC 630097448,630097448,97
TIC 630103182,630103182,97
TIC 630103626,630103626,97
TIC 630105115,630105115,97
TIC 630105682,630105682,97
TIC 630106222,630106222,97
TIC 630107271,630107271,97
TIC 630107583,630107583,97
TIC 630109821,630109821,97
TIC 630110111,630110111,97
TIC 630110181,630110181,97
TIC 630110507,630110507,97
TIC 630111558,630111558,97
TIC 630112291,630112291,97
TIC 630112511,630112511,97
TIC 630113471,630113471,97
TIC 630114089,630114089,97
TIC 630118645,630118645,97
TIC 630118659,630118659,97
TIC 630119632,630119632,97
TIC 630120251,630120251,97
TIC 630121329,630121329,97
TIC 630122507,630122507,97
TIC 630126941,630126941,97
TIC 630127128,630127128,97
TIC 630127410,630127410,97
TIC 630128086,630128086,97
TIC 630128206,630128206,97
TIC 630130396,630130396,97
TIC 630134277,630134277,97
TIC 630135816,630135816,97
TIC 630136880,630136880,97
TIC 630136897,630136897,97
TIC 630136984,630136984,97
TIC 630137752,630137752,97
TIC 630137856,630137856,97
TIC 630138637,630138637,97
TIC 630139559,630139559,97
TIC 630139960,630139960,97
TIC 630140017,630140017,97
TIC 630141810,630141810,97
TIC 630142273,630142273,97
TIC 630142685,630142685,97
TIC 630143233,630143233,97
TIC 630147064,630147064,97
TIC 630148751,630148751,97
TIC 630149787,630149787,97
TIC 630153733,630153733,97
TIC 630155101,630155101,97
TIC 630155857,630155857,97
TIC 630156412,630156412,97
TIC 630156711,630156711,97
TIC 630156886,630156886,97
TIC 630157724,630157724,97
TIC 630157986,630157986,97
TIC 630158232,630158232,97
TIC 630159245,630159245,97
TIC 630159249,630159249,97
TIC 630159259,630159259,97
TIC 630159369,630159369,97
TIC 630160508,630160508,97
TIC 630164169,630164169,97
TIC 630164771,630164771,97
TIC 630166452,630166452,97
TIC 630166966,630166966,97
TIC 630167348,630167348,97
TIC 630168263,630168263,97
TIC 630168986,630168986,97
TIC 630169289,630169289,97
TIC 630169843,630169843,97
TIC 630169949,630169949,97
TIC 630170502,630170502,97
TIC 630170522,630170522,97
TIC 630170930,630170930,97
TIC 630171546,630171546,97
TIC 630171874,630171874,97
TIC 630172425,630172425,97
TIC 630172523,630172523,97
TIC 630174666,630174666,97
TIC 630175032,630175032,97
TIC 630177637,630177637,97
TIC 630177925,630177925,97
TIC 630178822,630178822,97
TIC 630180690,630180690,97
TIC 630181081,630181081,97
TIC 630182132,630182132,97
TIC 630182272,630182272,97
TIC 630182431,630182431,97
TIC 630182744,630182744,97
TIC 630182832,630182832,97
TIC 630192639,630192639,97
TIC 630195548,630195548,97
TIC 630201026,630201026,97
TIC 630202997,630202997,97
TIC 630204049,630204049,97
TIC 630204231,630204231,97
TIC 630204577,630204577,97
TIC 630206320,630206320,97
TIC 630206933,630206933,97
TIC 630208438,630208438,97
TIC 630209443,630209443,97
TIC 630210465,630210465,97
TIC 630210950,630210950,97
TIC 630211472,630211472,97
TIC 630212486,630212486,97
TIC 630212543,630212543,97
TIC 630212657,630212657,97
TIC 630214867,630214867,97
TIC 630215579,630215579,97
TIC 630215670,630215670,97
TIC 630216624,630216624,97
TIC 630217611,630217611,97
TIC 630217657,630217657,97
TIC 630219936,630219936,97
TIC 630220490,630220490,97
TIC 630220972,630220972,97
TIC 630221700,630221700,97
TIC 630221991,630221991,97
TIC 630227242,630227242,97
TIC 630228894,630228894,97
TIC 630230890,630230890,97
TIC 630232078,630232078,97
TIC 630234475,630234475,97
TIC 630279163,630279163,97
TIC 630279474,630279474,97
TIC 630279619,630279619,97
TIC 630279759,630279759,97
TIC 630280172,630280172,97
TIC 630280762,630280762,97
TIC 630281635,630281635,97
TIC 630281651,630281651,97
TIC 630282330,630282330,97
TIC 630282639,630282639,97
TIC 630282706,630282706,97
TIC 630283431,630283431,97
TIC 630285038,630285038,97
TIC 630285358,630285358,97
TIC 630286267,630286267,97
TIC 630286652,630286652,97
TIC 630286947,630286947,97
TIC 630287061,630287061,97
TIC 630287507,630287507,97
TIC 630287528,630287528,97
TIC 630288777,630288777,97
TIC 630289220,630289220,97
TIC 630290340,630290340,97
TIC 630291526,630291526,97
TIC 630292724,630292724,97
TIC 630292998,630292998,97
TIC 630293068,630293068,97
TIC 630293404,630293404,97
TIC 630293658,630293658,97
TIC 630293737,630293737,97
TIC 630293957,630293957,97
TIC 630294319,630294319,97
TIC 630295374,630295374,97
TIC 630295834,630295834,97
TIC 630297791,630297791,97
TIC 630297991,630297991,97
TIC 630298109,630298109,97
TIC 630298143,630298143,97
TIC 630298555,630298555,97
TIC 630299281,630299281,97
TIC 630300049,630300049,97
TIC 630301405,630301405,97
TIC 630301639,630301639,97
TIC 630302354,630302354,97
TIC 630304174,630304174,97
TIC 630304345,630304345,97
TIC 630304921,630304921,97
TIC 630305030,630305030,97
TIC 630305616,630305616,97
TIC 630308771,630308771,97
TIC 630309010,630309010,97
TIC 630309146,630309146,97
TIC 630311518,630311518,97
TIC 630313424,630313424,97
TIC 630313547,630313547,97
TIC 630314200,630314200,97
TIC 630314437,630314437,97
TIC 630315645,630315645,97
TIC 630315790,630315790,97
TIC 630316464,630316464,97
TIC 630317396,630317396,97
TIC 630317477,630317477,97
TIC 630318606,630318606,97
TIC 630319513,630319513,97
TIC 630320118,630320118,97
TIC 630322289,630322289,97
TIC 630322675,630322675,97
TIC 630324744,630324744,97
TIC 630325066,630325066,97
TIC 630326435,630326435,97
TIC 630326893,630326893,97
TIC 630327159,630327159,97
TIC 630328484,630328484,97
TIC 630328825,630328825,97
TIC 630333044,630333044,97
TIC 630335538,630335538,97
TIC 630335896,630335896,97
TIC 630339387,630339387,97
TIC 630339667,630339667,97
TIC 630340142,630340142,97
TIC 630340408,630340408,97
TIC 630342731,630342731,97
TIC 630343400,630343400,97
TIC 630343591,630343591,97
TIC 630343942,630343942,97
TIC 630344066,630344066,97
TIC 630345209,630345209,97
TIC 630345216,630345216,97
TIC 630345574,630345574,97
TIC 630346147,630346147,97
TIC 630347873,630347873,97
TIC 630357925,630357925,97
TIC 630385590,630385590,97
TIC 630385913,630385913,97
TIC 630386237,630386237,97
TIC 630389048,630389048,97
TIC 630394437,630394437,97
TIC 630395305,630395305,97
TIC 630396709,630396709,97
TIC 630399364,630399364,97
TIC 630426257,630426257,97
TIC 630427251,630427251,97
TIC 630427311,630427311,97
TIC 630429417,630429417,97
TIC 630430081,630430081,97
TIC 630430218,630430218,97
TIC 630430378,630430378,97
TIC 630432496,630432496,97
TIC 630432757,630432757,97
TIC 630432764,630432764,97
TIC 630434805,630434805,97
TIC 630435305,630435305,97
TIC 630435338,630435338,97
TIC 630437364,630437364,97
TIC 630437541,630437541,97
TIC 630438732,630438732,97
TIC 630442447,630442447,97
TIC 630445756,630445756,97
TIC 630446401,630446401,97
TIC 630447725,630447725,97
TIC 630448345,630448345,97
TIC 631355386,631355386,97
TIC 631355630,631355630,97
TIC 631512208,631512208,97
TIC 631514185,631514185,97
TIC 631514696,631514696,97
TIC 631519726,631519726,97
TIC 631520380,631520380,97
TIC 631524033,631524033,97
TIC 631525941,631525941,97
TIC 631533291,631533291,97
TIC 631535087,631535087,97
TIC 631535320,631535320,97
TIC 631538903,631538903,97
TIC 631540679,631540679,97
TIC 631541926,631541926,97
TIC 631544516,631544516,97
TIC 631545390,631545390,97
TIC 631546023,631546023,97
TIC 631548496,631548496,97
TIC 631549089,631549089,97
TIC 631549508,631549508,97
TIC 631549847,631549847,97
TIC 631549898,631549898,97
TIC 631550950,631550950,97
TIC 631552448,631552448,97
TIC 631553010,631553010,97
TIC 631554780,631554780,97
TIC 631557782,631557782,97
TIC 631558925,631558925,97
TIC 631559347,631559347,97
TIC 631560202,631560202,97
TIC 631561253,631561253,97
TIC 631563252,631563252,97
TIC 631563301,631563301,97
TIC 631564397,631564397,97
TIC 631564908,631564908,97
TIC 631568315,631568315,97
TIC 631570816,631570816,97
TIC 631574487,631574487,97
TIC 631577994,631577994,97
TIC 631578274,631578274,97
TIC 631579751,631579751,97
TIC 631579807,631579807,97
TIC 631581835,631581835,97
TIC 631582227,631582227,97
TIC 631584441,631584441,97
TIC 631585694,631585694,97
TIC 631586566,631586566,97
TIC 631587090,631587090,97
TIC 631588692,631588692,97
TIC 631589025,631589025,97
TIC 631590514,631590514,97
TIC 631590590,631590590,97
TIC 631592930,631592930,97
TIC 631596839,631596839,97
TIC 631598086,631598086,97
TIC 631599985,631599985,97
TIC 631600240,631600240,97
TIC 631601802,631601802,97
TIC 631602191,631602191,97
TIC 631603684,631603684,97
TIC 631604078,631604078,97
TIC 631604645,631604645,97
TIC 631607173,631607173,97
TIC 631608217,631608217,97
TIC 631609159,631609159,97
TIC 631609493,631609493,97
TIC 631609609,631609609,97
TIC 631610161,631610161,97
TIC 631737193,631737193,97
TIC 631740307,631740307,97
TIC 631740693,631740693,97
TIC 631741332,631741332,97
TIC 631741509,631741509,97
TIC 631743126,631743126,97
TIC 631744381,631744381,97
TIC 631744544,631744544,97
TIC 631745807,631745807,97
TIC 631752299,631752299,97
TIC 631755123,631755123,97
TIC 631756622,631756622,97
TIC 631756837,631756837,97
TIC 631756907,631756907,97
TIC 631761263,631761263,97
TIC 631762296,631762296,97
TIC 631762601,631762601,97
TIC 631765814,631765814,97
TIC 631767658,631767658,97
TIC 631769128,631769128,97
TIC 631769793,631769793,97
TIC 631771346,631771346,97
TIC 631771430,631771430,97
TIC 631771721,631771721,97
TIC 631772471,631772471,97
TIC 631774439,631774439,97
TIC 631776473,631776473,97
TIC 631777281,631777281,97
TIC 631777464,631777464,97
TIC 631777491,631777491,97
TIC 631778019,631778019,97
TIC 631778586,631778586,97
TIC 631778587,631778587,97
TIC 631778708,631778708,97
TIC 631778761,631778761,97
TIC 631779286,631779286,97
TIC 631779786,631779786,97
TIC 631781055,631781055,97
TIC 631781056,631781056,97
TIC 631781740,631781740,97
TIC 631781991,631781991,97
TIC 631782302,631782302,97
TIC 631783935,631783935,97
TIC 631786587,631786587,97
TIC 631789231,631789231,97
TIC 631789691,631789691,97
TIC 631791211,631791211,97
TIC 631792849,631792849,97
TIC 631792906,631792906,97
TIC 631801463,631801463,97
TIC 631802513,631802513,97
TIC 631807856,631807856,97
TIC 631809417,631809417,97
TIC 631810366,631810366,97
TIC 631811426,631811426,97
TIC 631811555,631811555,97
TIC 631811924,631811924,97
TIC 631812641,631812641,97
TIC 631813587,631813587,97
TIC 631813671,631813671,97
TIC 631815650,631815650,97
TIC 631815884,631815884,97
TIC 631816313,631816313,97
TIC 631816368,631816368,97
TIC 631818319,631818319,97
TIC 631820365,631820365,97
TIC 631820552,631820552,97
TIC 631824825,631824825,97
TIC 631825430,631825430,97
TIC 631825722,631825722,97
TIC 631826199,631826199,97
TIC 631828219,631828219,97
TIC 631829458,631829458,97
TIC 631829482,631829482,97
TIC 631830429,631830429,97
TIC 631831513,631831513,97
TIC 631833672,631833672,97
TIC 631834066,631834066,97
TIC 631834067,631834067,97
TIC 631836403,631836403,97
TIC 631838426,631838426,97
TIC 631838677,631838677,97
TIC 631840975,631840975,97
TIC 631841818,631841818,97
TIC 631842136,631842136,97
TIC 631842459,631842459,97
TIC 631842994,631842994,97
TIC 631843188,631843188,97
TIC 631843498,631843498,97
TIC 631846181,631846181,97
TIC 631847204,631847204,97
TIC 631847481,631847481,97
TIC 631848383,631848383,97
TIC 631848447,631848447,97
TIC 631849191,631849191,97
TIC 631851086,631851086,97
TIC 631853927,631853927,97
TIC 631853949,631853949,97
TIC 631854032,631854032,97
TIC 631854102,631854102,97
TIC 631854368,631854368,97
TIC 631854794,631854794,97
TIC 631861379,631861379,97
TIC 631862675,631862675,97
TIC 631863367,631863367,97
TIC 631864116,631864116,97
TIC 631866824,631866824,97
TIC 631867258,631867258,97
TIC 631867397,631867397,97
TIC 631867449,631867449,97
TIC 631867632,631867632,97
TIC 631867964,631867964,97
TIC 631869181,631869181,97
TIC 631869335,631869335,97
TIC 631870105,631870105,97
TIC 631871846,631871846,97
TIC 631874357,631874357,97
TIC 631876410,631876410,97
TIC 631879408,631879408,97
TIC 631882764,631882764,97
TIC 631882815,631882815,97
TIC 631883233,631883233,97
TIC 631884340,631884340,97
TIC 631885234,631885234,97
TIC 631888237,631888237,97
TIC 631891240,631891240,97
TIC 631894675,631894675,97
TIC 631895031,631895031,97
TIC 631895925,631895925,97
TIC 631896614,631896614,97
TIC 631898592,631898592,97
TIC 631910334,631910334,97
TIC 631910944,631910944,97
TIC 631910960,631910960,97
TIC 631910991,631910991,97
TIC 631912595,631912595,97
TIC 631913736,631913736,97
TIC 631914962,631914962,97
TIC 631916240,631916240,97
TIC 631917495,631917495,97
TIC 631917921,631917921,97
TIC 631919800,631919800,97
TIC 631919813,631919813,97
TIC 631920126,631920126,97
TIC 631920390,631920390,97
TIC 631920414,631920414,97
TIC 631920568,631920568,97
TIC 631920720,631920720,97
TIC 631921194,631921194,97
TIC 631922991,631922991,97
TIC 631923968,631923968,97
TIC 631924199,631924199,97
TIC 631926519,631926519,97
TIC 631927056,631927056,97
TIC 631927175,631927175,97
TIC 631927514,631927514,97
TIC 631928221,631928221,97
TIC 631929598,631929598,97
TIC 631930336,631930336,97
TIC 631930636,631930636,97
TIC 631930921,631930921,97
TIC 631933047,631933047,97
TIC 631933613,631933613,97
TIC 631935855,631935855,97
TIC 631936177,631936177,97
TIC 631936396,631936396,97
TIC 631938355,631938355,97
TIC 631938919,631938919,97
TIC 631941471,631941471,97
TIC 631943545,631943545,97
TIC 631944062,631944062,97
TIC 631946427,631946427,97
TIC 631948849,631948849,97
TIC 631951526,631951526,97
TIC 631952701,631952701,97
TIC 631953687,631953687,97
TIC 631955002,631955002,97
TIC 631955457,631955457,97
TIC 631957676,631957676,97
TIC 631958594,631958594,97
TIC 631961621,631961621,97
TIC 631962911,631962911,97
TIC 631963889,631963889,97
TIC 631964055,631964055,97
TIC 631964225,631964225,97
TIC 631964359,631964359,97
TIC 631964972,631964972,97
TIC 631965035,631965035,97
TIC 631969961,631969961,97
TIC 631971249,631971249,97
TIC 631973876,631973876,97
TIC 631974110,631974110,97
TIC 631974740,631974740,97
TIC 631974901,631974901,97
TIC 631976644,631976644,97
TIC 631978110,631978110,97
TIC 631978141,631978141,97
TIC 631979612,631979612,97
TIC 631980651,631980651,97
TIC 631981198,631981198,97
TIC 631981350,631981350,97
TIC 631982051,631982051,97
TIC 631983878,631983878,97
TIC 631986168,631986168,97
TIC 631986509,631986509,97
TIC 631986723,631986723,97
TIC 631987859,631987859,97
TIC 631988436,631988436,97
TIC 631989014,631989014,97
TIC 631990645,631990645,97
TIC 631992485,631992485,97
TIC 631992526,631992526,97
TIC 631993190,631993190,97
TIC 631995090,631995090,97
TIC 631995108,631995108,97
TIC 631995772,631995772,97
TIC 631995843,631995843,97
TIC 631996984,631996984,97
TIC 631997132,631997132,97
TIC 631997235,631997235,97
TIC 631997644,631997644,97
TIC 631998039,631998039,97
TIC 631998073,631998073,97
TIC 631998358,631998358,97
TIC 631998438,631998438,97
TIC 631999131,631999131,97
TIC 631999808,631999808,97
TIC 631999948,631999948,97
TIC 632000129,632000129,97
TIC 632001767,632001767,97
TIC 632002275,632002275,97
TIC 632003635,632003635,97
TIC 632004344,632004344,97
TIC 632005713,632005713,97
TIC 632006477,632006477,97
TIC 632007106,632007106,97
TIC 632008382,632008382,97
TIC 632008397,632008397,97
TIC 632009766,632009766,97
TIC 632009923,632009923,97
TIC 632012837,632012837,97
TIC 632014406,632014406,97
TIC 632015276,632015276,97
TIC 632018056,632018056,97
TIC 632018826,632018826,97
TIC 632019487,632019487,97
TIC 632020938,632020938,97
TIC 632023282,632023282,97
TIC 632023535,632023535,97
TIC 632023986,632023986,97
TIC 632024789,632024789,97
TIC 632026798,632026798,97
TIC 632027469,632027469,97
TIC 632029429,632029429,97
TIC 632030829,632030829,97
TIC 632030890,632030890,97
TIC 632031102,632031102,97
TIC 632033544,632033544,97
TIC 632033781,632033781,97
TIC 632033821,632033821,97
TIC 632034159,632034159,97
TIC 632035689,632035689,97
TIC 632036098,632036098,97
TIC 632036558,632036558,97
TIC 632038483,632038483,97
TIC 632038852,632038852,97
TIC 632038902,632038902,97
TIC 632039923,632039923,97
TIC 632041115,632041115,97
TIC 632041853,632041853,97
TIC 632042419,632042419,97
TIC 632043590,632043590,97
TIC 632045560,632045560,97
TIC 632046658,632046658,97
TIC 632049578,632049578,97
TIC 632050664,632050664,97
TIC 632051108,632051108,97
TIC 632051333,632051333,97
TIC 632051391,632051391,97
TIC 632057150,632057150,97
TIC 632057167,632057167,97
TIC 632071278,632071278,97
TIC 632071860,632071860,97
TIC 632071939,632071939,97
TIC 632072671,632072671,97
TIC 632073590,632073590,97
TIC 632073614,632073614,97
TIC 632073836,632073836,97
TIC 632074413,632074413,97
TIC 632074735,632074735,97
TIC 632081447,632081447,97
TIC 632081944,632081944,97
TIC 632082601,632082601,97
TIC 632085278,632085278,97
TIC 632086227,632086227,97
TIC 632087263,632087263,97
TIC 632087798,632087798,97
TIC 632089561,632089561,97
TIC 632091252,632091252,97
TIC 632091325,632091325,97
TIC 632091922,632091922,97
TIC 632092792,632092792,97
TIC 632094892,632094892,97
TIC 632095763,632095763,97
TIC 632096130,632096130,97
TIC 632096339,632096339,97
TIC 632096914,632096914,97
TIC 632097365,632097365,97
TIC 632098156,632098156,97
TIC 632100098,632100098,97
TIC 632100116,632100116,97
TIC 632102153,632102153,97
TIC 632103802,632103802,97
TIC 632104541,632104541,97
TIC 632104569,632104569,97
TIC 632104571,632104571,97
TIC 632104675,632104675,97
TIC 632104676,632104676,97
TIC 632111196,632111196,97
TIC 632111868,632111868,97
TIC 632112445,632112445,97
TIC 632113493,632113493,97
TIC 632114450,632114450,97
TIC 632114653,632114653,97
TIC 632115725,632115725,97
TIC 632115859,632115859,97
TIC 632117273,632117273,97
TIC 632117723,632117723,97
TIC 632118789,632118789,97
TIC 632120663,632120663,97
TIC 632120719,632120719,97
TIC 632121588,632121588,97
TIC 632121684,632121684,97
TIC 632122163,632122163,97
TIC 632122843,632122843,97
TIC 632125934,632125934,97
TIC 632126222,632126222,97
TIC 632127225,632127225,97
TIC 632127505,632127505,97
TIC 632127613,632127613,97
TIC 632127732,632127732,97
TIC 632128331,632128331,97
TIC 632129991,632129991,97
TIC 632131106,632131106,97
TIC 632133453,632133453,97
TIC 632133654,632133654,97
TIC 632139029,632139029,97
TIC 632139422,632139422,97
TIC 632140310,632140310,97
TIC 632142050,632142050,97
TIC 632142294,632142294,97
TIC 632146853,632146853,97
TIC 632149938,632149938,97
TIC 632150130,632150130,97
TIC 632150163,632150163,97
TIC 632150474,632150474,97
TIC 632152432,632152432,97
TIC 632152621,632152621,97
TIC 632152622,632152622,97
TIC 632153406,632153406,97
TIC 632153688,632153688,97
TIC 632155637,632155637,97
TIC 632156266,632156266,97
TIC 632156718,632156718,97
TIC 632157863,632157863,97
TIC 632159100,632159100,97
TIC 632161674,632161674,97
TIC 632162097,632162097,97
TIC 632164116,632164116,97
TIC 632164836,632164836,97
TIC 632165589,632165589,97
TIC 632165592,632165592,97
TIC 632167587,632167587,97
TIC 632167602,632167602,97
TIC 632167876,632167876,97
TIC 632168003,632168003,97
TIC 632169197,632169197,97
TIC 632170041,632170041,97
TIC 632171075,632171075,97
TIC 632171205,632171205,97
TIC 632172572,632172572,97
TIC 632172759,632172759,97
TIC 632172825,632172825,97
TIC 632173685,632173685,97
TIC 632176040,632176040,97
TIC 632177765,632177765,97
TIC 632178297,632178297,97
TIC 632179380,632179380,97
TIC 632179393,632179393,97
TIC 632179573,632179573,97
TIC 632183350,632183350,97
TIC 632184531,632184531,97
TIC 632184588,632184588,97
TIC 632185107,632185107,97
TIC 632185491,632185491,97
TIC 632185669,632185669,97
TIC 632185829,632185829,97
TIC 632187072,632187072,97
TIC 632187548,632187548,97
TIC 632188404,632188404,97
TIC 632190249,632190249,97
TIC 632190921,632190921,97
TIC 632191126,632191126,97
TIC 632191421,632191421,97
TIC 632194405,632194405,97
TIC 632194640,632194640,97
TIC 632197126,632197126,97
TIC 632197696,632197696,97
TIC 632199439,632199439,97
TIC 632200361,632200361,97
TIC 632202232,632202232,97
TIC 632202901,632202901,97
TIC 632203302,632203302,97
TIC 632203387,632203387,97
TIC 632203567,632203567,97
TIC 632204450,632204450,97
TIC 632204990,632204990,97
TIC 632205323,632205323,97
TIC 632207669,632207669,97
TIC 632208091,632208091,97
TIC 632208907,632208907,97
TIC 632209011,632209011,97
TIC 632209799,632209799,97
TIC 632211556,632211556,97
TIC 632211903,632211903,97
TIC 632212309,632212309,97
TIC 632212603,632212603,97
TIC 632212960,632212960,97
TIC 632213507,632213507,97
TIC 632213540,632213540,97
TIC 632213914,632213914,97
TIC 632213976,632213976,97
TIC 632216934,632216934,97
TIC 632217032,632217032,97
TIC 632217089,632217089,97
TIC 632217913,632217913,97
TIC 632219072,632219072,97
TIC 632219283,632219283,97
TIC 632219284,632219284,97
TIC 632220470,632220470,97
TIC 632224505,632224505,97
TIC 632225045,632225045,97
TIC 632226222,632226222,97
TIC 632226375,632226375,97
TIC 632226643,632226643,97
TIC 632226669,632226669,97
TIC 632226754,632226754,97
TIC 632227164,632227164,97
TIC 632227192,632227192,97
TIC 632228221,632228221,97
TIC 632228309,632228309,97
TIC 632228597,632228597,97
TIC 632229085,632229085,97
TIC 632229980,632229980,97
TIC 632231028,632231028,97
TIC 632232310,632232310,97
TIC 632233351,632233351,97
TIC 632233387,632233387,97
TIC 632233746,632233746,97
TIC 632233823,632233823,97
TIC 632234113,632234113,97
TIC 632234677,632234677,97
TIC 632234743,632234743,97
TIC 632235475,632235475,97
TIC 632235755,632235755,97
TIC 632237129,632237129,97
TIC 632239026,632239026,97
TIC 632239063,632239063,97
TIC 632240633,632240633,97
TIC 632241446,632241446,97
TIC 632242311,632242311,97
TIC 632244046,632244046,97
TIC 632244091,632244091,97
TIC 632244554,632244554,97
TIC 632244665,632244665,97
TIC 632244832,632244832,97
TIC 632244836,632244836,97
TIC 632245294,632245294,97
TIC 632245370,632245370,97
TIC 632246422,632246422,97
TIC 632246850,632246850,97
TIC 632246973,632246973,97
TIC 632247404,632247404,97
TIC 632248419,632248419,97
TIC 632248431,632248431,97
TIC 632249662,632249662,97
TIC 632249903,632249903,97
TIC 632250336,632250336,97
TIC 632250651,632250651,97
TIC 632251134,632251134,97
TIC 632251149,632251149,97
TIC 632251951,632251951,97
TIC 632254512,632254512,97
TIC 632257031,632257031,97
TIC 632257892,632257892,97
TIC 632258583,632258583,97
TIC 632261024,632261024,97
TIC 632261658,632261658,97
TIC 632264447,632264447,97
TIC 632264614,632264614,97
TIC 632267218,632267218,97
TIC 632268537,632268537,97
TIC 632268584,632268584,97
TIC 632268983,632268983,97
TIC 632269435,632269435,97
TIC 632269657,632269657,97
TIC 632270254,632270254,97
TIC 632270464,632270464,97
TIC 632301344,632301344,97
TIC 632302557,632302557,97
TIC 632303697,632303697,97
TIC 632304023,632304023,97
TIC 632304437,632304437,97
TIC 632305219,632305219,97
TIC 632305287,632305287,97
TIC 632306317,632306317,97
TIC 632307133,632307133,97
TIC 632308514,632308514,97
TIC 632309160,632309160,97
TIC 632309167,632309167,97
TIC 632311145,632311145,97
TIC 632312523,632312523,97
TIC 632313373,632313373,97
TIC 632313975,632313975,97
TIC 632316190,632316190,97
TIC 632316556,632316556,97
TIC 632317646,632317646,97
TIC 632318243,632318243,97
TIC 632320197,632320197,97
TIC 632320635,632320635,97
TIC 632325050,632325050,97
TIC 632325082,632325082,97
TIC 632327262,632327262,97
TIC 632327497,632327497,97
TIC 632327628,632327628,97
TIC 632327783,632327783,97
TIC 632328880,632328880,97
TIC 632330102,632330102,97
TIC 632331095,632331095,97
TIC 632331122,632331122,97
TIC 632332228,632332228,97
TIC 632332425,632332425,97
TIC 632333250,632333250,97
TIC 632333301,632333301,97
TIC 632333493,632333493,97
TIC 632334909,632334909,97
TIC 632335447,632335447,97
TIC 632335521,632335521,97
TIC 632336729,632336729,97
TIC 632337845,632337845,97
TIC 632337951,632337951,97
TIC 632338022,632338022,97
TIC 632338303,632338303,97
TIC 632338860,632338860,97
TIC 632339626,632339626,97
TIC 632339642,632339642,97
TIC 632340350,632340350,97
TIC 632341549,632341549,97
TIC 632341912,632341912,97
TIC 632342076,632342076,97
TIC 632342257,632342257,97
TIC 632343815,632343815,97
TIC 632344235,632344235,97
TIC 632344580,632344580,97
TIC 632344692,632344692,97
TIC 632347223,632347223,97
TIC 632347957,632347957,97
TIC 632350194,632350194,97
TIC 632351223,632351223,97
TIC 632351415,632351415,97
TIC 632353074,632353074,97
TIC 632354506,632354506,97
TIC 632354561,632354561,97
TIC 632354757,632354757,97
TIC 632354903,632354903,97
TIC 632355016,632355016,97
TIC 632355773,632355773,97
TIC 632357594,632357594,97
TIC 632359928,632359928,97
TIC 632360043,632360043,97
TIC 632360769,632360769,97
TIC 632361799,632361799,97
TIC 632362562,632362562,97
TIC 632365826,632365826,97
TIC 632366621,632366621,97
TIC 632368159,632368159,97
TIC 632368397,632368397,97
TIC 632369110,632369110,97
TIC 632369999,632369999,97
TIC 632370805,632370805,97
TIC 632370986,632370986,97
TIC 632371188,632371188,97
TIC 632371784,632371784,97
TIC 632373655,632373655,97
TIC 632373929,632373929,97
TIC 632374591,632374591,97
TIC 632375232,632375232,97
TIC 632375289,632375289,97
TIC 632375304,632375304,97
TIC 632375837,632375837,97
TIC 632376250,632376250,97
TIC 632376843,632376843,97
TIC 632377658,632377658,97
TIC 632377723,632377723,97
TIC 632378078,632378078,97
TIC 632378481,632378481,97
TIC 632378733,632378733,97
TIC 632379220,632379220,97
TIC 632379895,632379895,97
TIC 632379990,632379990,97
TIC 632380377,632380377,97
TIC 632381005,632381005,97
TIC 632382270,632382270,97
TIC 632383494,632383494,97
TIC 632385416,632385416,97
TIC 632386014,632386014,97
TIC 632388614,632388614,97
TIC 632388814,632388814,97
TIC 632389022,632389022,97
TIC 632390036,632390036,97
TIC 632390237,632390237,97
TIC 632390470,632390470,97
TIC 632390740,632390740,97
TIC 632391707,632391707,97
TIC 632392597,632392597,97
TIC 632392907,632392907,97
TIC 632393101,632393101,97
TIC 632393197,632393197,97
TIC 632393556,632393556,97
TIC 632395467,632395467,97
TIC 632397325,632397325,97
TIC 632397927,632397927,97
TIC 632399291,632399291,97
TIC 632401274,632401274,97
TIC 632402566,632402566,97
TIC 632402686,632402686,97
TIC 632402730,632402730,97
TIC 632403470,632403470,97
TIC 632403982,632403982,97
TIC 632404103,632404103,97
TIC 632404135,632404135,97
TIC 632404831,632404831,97
TIC 632406868,632406868,97
TIC 632408384,632408384,97
TIC 632411426,632411426,97
TIC 632411447,632411447,97
TIC 632411454,632411454,97
TIC 632411506,632411506,97
TIC 632412241,632412241,97
TIC 632412563,632412563,97
TIC 632413048,632413048,97
TIC 632415035,632415035,97
TIC 632415183,632415183,97
TIC 632416256,632416256,97
TIC 632416384,632416384,97
TIC 632417085,632417085,97
TIC 632417095,632417095,97
TIC 632417815,632417815,97
TIC 632417825,632417825,97
TIC 632418178,632418178,97
TIC 632418386,632418386,97
TIC 632418926,632418926,97
TIC 632420546,632420546,97
TIC 632421172,632421172,97
TIC 632421478,632421478,97
TIC 632421540,632421540,97
TIC 632422270,632422270,97
TIC 632423641,632423641,97
TIC 632424379,632424379,97
TIC 632425483,632425483,97
TIC 632426897,632426897,97
TIC 632427011,632427011,97
TIC 632427124,632427124,97
TIC 632427494,632427494,97
TIC 632427960,632427960,97
TIC 632428986,632428986,97
TIC 632429890,632429890,97
TIC 632429913,632429913,97
TIC 632429988,632429988,97
TIC 632430465,632430465,97
TIC 632430983,632430983,97
TIC 632432703,632432703,97
TIC 632432750,632432750,97
TIC 632432821,632432821,97
TIC 632433594,632433594,97
TIC 632433804,632433804,97
TIC 632434694,632434694,97
TIC 632435910,632435910,97
TIC 632436109,632436109,97
TIC 632437282,632437282,97
TIC 632437401,632437401,97
TIC 632438548,632438548,97
TIC 632438942,632438942,97
TIC 632439352,632439352,97
TIC 632439588,632439588,97
TIC 632440392,632440392,97
TIC 632440420,632440420,97
TIC 632440446,632440446,97
TIC 632440447,632440447,97
TIC 632442406,632442406,97
TIC 632442637,632442637,97
TIC 632444111,632444111,97
TIC 632445186,632445186,97
TIC 632446050,632446050,97
TIC 632446208,632446208,97
TIC 632446380,632446380,97
TIC 632447534,632447534,97
TIC 632447642,632447642,97
TIC 632447761,632447761,97
TIC 632448397,632448397,97
TIC 632449094,632449094,97
TIC 632449167,632449167,97
TIC 632450879,632450879,97
TIC 632451357,632451357,97
TIC 632452005,632452005,97
TIC 632453199,632453199,97
TIC 632453624,632453624,97
TIC 632453914,632453914,97
TIC 632454266,632454266,97
TIC 632454634,632454634,97
TIC 632455507,632455507,97
TIC 632455701,632455701,97
TIC 632455879,632455879,97
TIC 632456741,632456741,97
TIC 632457082,632457082,97
TIC 632457557,632457557,97
TIC 632458384,632458384,97
TIC 632458733,632458733,97
TIC 632458834,632458834,97
TIC 632459417,632459417,97
TIC 632460795,632460795,97
TIC 632462595,632462595,97
TIC 632462659,632462659,97
TIC 632462806,632462806,97
TIC 632463543,632463543,97
TIC 632463859,632463859,97
TIC 632464851,632464851,97
TIC 632465428,632465428,97
TIC 632465835,632465835,97
TIC 632467905,632467905,97
TIC 632468844,632468844,97
TIC 632469006,632469006,97
TIC 632469238,632469238,97
TIC 632469629,632469629,97
TIC 632471337,632471337,97
TIC 632472015,632472015,97
TIC 632472115,632472115,97
TIC 632472371,632472371,97
TIC 632472952,632472952,97
TIC 632472967,632472967,97
TIC 632473653,632473653,97
TIC 632474152,632474152,97
TIC 632474415,632474415,97
TIC 632477148,632477148,97
TIC 632480250,632480250,97
TIC 632481611,632481611,97
TIC 632481833,632481833,97
TIC 632482421,632482421,97
TIC 632482999,632482999,97
TIC 632483015,632483015,97
TIC 632485244,632485244,97
TIC 632485463,632485463,97
TIC 632485639,632485639,97
TIC 632485730,632485730,97
TIC 632488340,632488340,97
TIC 632489430,632489430,97
TIC 632489608,632489608,97
TIC 632490408,632490408,97
TIC 632491554,632491554,97
TIC 632492598,632492598,97
TIC 632492651,632492651,97
TIC 632494783,632494783,97
TIC 632495459,632495459,97
TIC 632495486,632495486,97
TIC 632495601,632495601,97
TIC 632495838,632495838,97
TIC 632496702,632496702,97
TIC 632496887,632496887,97
TIC 632497302,632497302,97
TIC 632497346,632497346,97
TIC 632497829,632497829,97
TIC 632499595,632499595,97
TIC 632499823,632499823,97
TIC 632501369,632501369,97
TIC 632501370,632501370,97
TIC 632502739,632502739,97
TIC 632503308,632503308,97
TIC 632504708,632504708,97
TIC 632504919,632504919,97
TIC 632505592,632505592,97
TIC 632506450,632506450,97
TIC 632506457,632506457,97
TIC 632509197,632509197,97
TIC 632509245,632509245,97
TIC 632509596,632509596,97
TIC 632509685,632509685,97
TIC 632510662,632510662,97
TIC 632512110,632512110,97
TIC 632512343,632512343,97
TIC 632517088,632517088,97
TIC 632517295,632517295,97
TIC 632518524,632518524,97
TIC 632520793,632520793,97
TIC 632521010,632521010,97
TIC 632521095,632521095,97
TIC 632521130,632521130,97
TIC 632522283,632522283,97
TIC 632522351,632522351,97
TIC 632523622,632523622,97
TIC 632523822,632523822,97
TIC 632523857,632523857,97
TIC 632524062,632524062,97
TIC 632524394,632524394,97
TIC 632524458,632524458,97
TIC 632525338,632525338,97
TIC 632525340,632525340,97
TIC 632525932,632525932,97
TIC 632526182,632526182,97
TIC 632527401,632527401,97
TIC 632528243,632528243,97
TIC 632529467,632529467,97
TIC 632530267,632530267,97
TIC 632530644,632530644,97
TIC 632530872,632530872,97
TIC 632531930,632531930,97
TIC 632531999,632531999,97
TIC 632532314,632532314,97
TIC 632532857,632532857,97
TIC 632533348,632533348,97
TIC 632534373,632534373,97
TIC 632534558,632534558,97
TIC 632535077,632535077,97
TIC 632535867,632535867,97
TIC 632536213,632536213,97
TIC 632536442,632536442,97
TIC 632536598,632536598,97
TIC 632539834,632539834,97
TIC 632539835,632539835,97
TIC 632540604,632540604,97
TIC 632540612,632540612,97
TIC 632541034,632541034,97
TIC 632541222,632541222,97
TIC 632541910,632541910,97
TIC 632542067,632542067,97
TIC 632542242,632542242,97
TIC 632543879,632543879,97
TIC 632544848,632544848,97
TIC 632548830,632548830,97
TIC 632550199,632550199,97
TIC 632550712,632550712,97
TIC 632550745,632550745,97
TIC 632551412,632551412,97
TIC 632551516,632551516,97
TIC 632551777,632551777,97
TIC 632552585,632552585,97
TIC 632552675,632552675,97
TIC 632552887,632552887,97
TIC 632552891,632552891,97
TIC 632553279,632553279,97
TIC 632554847,632554847,97
TIC 632555691,632555691,97
TIC 632555922,632555922,97
TIC 632556204,632556204,97
TIC 632556410,632556410,97
TIC 632557009,632557009,97
TIC 632557148,632557148,97
TIC 632557291,632557291,97
TIC 632558812,632558812,97
TIC 632559922,632559922,97
TIC 632560203,632560203,97
TIC 632560336,632560336,97
TIC 632561355,632561355,97
TIC 632562881,632562881,97
TIC 632562928,632562928,97
TIC 632563106,632563106,97
TIC 632563290,632563290,97
TIC 632563780,632563780,97
TIC 632564702,632564702,97
TIC 632565150,632565150,97
TIC 632565455,632565455,97
TIC 632565796,632565796,97
TIC 632568986,632568986,97
TIC 632569582,632569582,97
TIC 632569878,632569878,97
TIC 632569974,632569974,97
TIC 632571096,632571096,97
TIC 632572250,632572250,97
TIC 632573582,632573582,97
TIC 632575341,632575341,97
TIC 632576510,632576510,97
TIC 632579543,632579543,97
TIC 632579899,632579899,97
TIC 632581611,632581611,97
TIC 632581909,632581909,97
TIC 632584851,632584851,97
TIC 632586263,632586263,97
TIC 632591069,632591069,97
TIC 632592910,632592910,97
TIC 632593077,632593077,97
TIC 632593769,632593769,97
TIC 632593892,632593892,97
TIC 632594114,632594114,97
TIC 632600440,632600440,97
TIC 632601291,632601291,97
TIC 632601404,632601404,97
TIC 632601522,632601522,97
TIC 632602071,632602071,97
TIC 632602492,632602492,97
TIC 632604367,632604367,97
TIC 632605959,632605959,97
TIC 632606299,632606299,97
TIC 632606467,632606467,97
TIC 650147391,650147391,97
TIC 650227547,650227547,97
TIC 650229448,650229448,97
TIC 650232307,650232307,97
TIC 650234959,650234959,97
TIC 650236316,650236316,97
TIC 650236463,650236463,97
TIC 650236602,650236602,97
TIC 650239851,650239851,97
TIC 650258230,650258230,97
TIC 650260153,650260153,97
TIC 650260763,650260763,97
TIC 650262800,650262800,97
TIC 650264354,650264354,97
TIC 650267139,650267139,97
TIC 650300054,650300054,97
TIC 650303748,650303748,97
TIC 650325382,650325382,97
TIC 650327355,650327355,97
TIC 650333764,650333764,97
TIC 650336123,650336123,97
TIC 650338525,650338525,97
TIC 650339549,650339549,97
TIC 650340826,650340826,97
TIC 650344369,650344369,97
TIC 650344407,650344407,97
TIC 650349500,650349500,97
TIC 650349748,650349748,97
TIC 650352443,650352443,97
TIC 650354998,650354998,97
TIC 650356369,650356369,97
TIC 650357828,650357828,97
TIC 650359623,650359623,97
TIC 650363126,650363126,97
TIC 650365132,650365132,97
TIC 650375752,650375752,97
TIC 650377243,650377243,97
TIC 650379503,650379503,97
TIC 650381114,650381114,97
TIC 650381445,650381445,97
TIC 650388125,650388125,97
TIC 650390479,650390479,97
TIC 650392773,650392773,97
TIC 650395013,650395013,97
TIC 650402069,650402069,97
TIC 650404450,650404450,97
TIC 650406414,650406414,97
TIC 650406668,650406668,97
TIC 650406925,650406925,97
TIC 650408030,650408030,97
TIC 650409564,650409564,97
TIC 650410722,650410722,97
TIC 650410806,650410806,97
TIC 650410819,650410819,97
TIC 650415727,650415727,97
TIC 650417064,650417064,97
TIC 650417793,650417793,97
TIC 650422425,650422425,97
TIC 650423579,650423579,97
TIC 650424406,650424406,97
TIC 650425390,650425390,97
TIC 650426643,650426643,97
TIC 650435340,650435340,97
TIC 650435990,650435990,97
TIC 650438310,650438310,97
TIC 650440743,650440743,97
TIC 650442038,650442038,97
TIC 650445165,650445165,97
TIC 650445257,650445257,97
TIC 650446011,650446011,97
TIC 650450402,650450402,97
TIC 650451995,650451995,97
TIC 650453312,650453312,97
TIC 650454484,650454484,97
TIC 650455804,650455804,97
TIC 650456231,650456231,97
TIC 650456303,650456303,97
TIC 650459607,650459607,97
TIC 650462057,650462057,97
TIC 650462931,650462931,97
TIC 650463831,650463831,97
TIC 650463974,650463974,97
TIC 650464486,650464486,97
TIC 650466998,650466998,97
TIC 650467690,650467690,97
TIC 650469313,650469313,97
TIC 650470310,650470310,97
TIC 650470836,650470836,97
TIC 650473926,650473926,97
TIC 650478947,650478947,97
TIC 650478948,650478948,97
TIC 650479713,650479713,97
TIC 650481823,650481823,97
TIC 650482730,650482730,97
TIC 650483623,650483623,97
TIC 650498473,650498473,97
TIC 650499409,650499409,97
TIC 650508917,650508917,97
TIC 650510615,650510615,97
TIC 650514601,650514601,97
TIC 650514996,650514996,97
TIC 650518222,650518222,97
TIC 650518223,650518223,97
TIC 650520874,650520874,97
TIC 650521078,650521078,97
TIC 650521318,650521318,97
TIC 650522428,650522428,97
TIC 650523537,650523537,97
TIC 650523564,650523564,97
TIC 650525056,650525056,97
TIC 650525378,650525378,97
TIC 650526923,650526923,97
TIC 650527209,650527209,97
TIC 650528592,650528592,97
TIC 650531215,650531215,97
TIC 650531244,650531244,97
TIC 650533344,650533344,97
TIC 650535447,650535447,97
TIC 650538514,650538514,97
TIC 650542189,650542189,97
TIC 650542202,650542202,97
TIC 650545207,650545207,97
TIC 650548034,650548034,97
TIC 650548706,650548706,97
TIC 650550452,650550452,97
TIC 650552306,650552306,97
TIC 650556074,650556074,97
TIC 650556507,650556507,97
TIC 650556552,650556552,97
TIC 650558826,650558826,97
TIC 650560322,650560322,97
TIC 650560631,650560631,97
TIC 650561764,650561764,97
TIC 650564931,650564931,97
TIC 650565683,650565683,97
TIC 650566099,650566099,97
TIC 650567219,650567219,97
TIC 650569892,650569892,97
TIC 650570114,650570114,97
TIC 650574372,650574372,97
TIC 650575007,650575007,97
TIC 650575468,650575468,97
TIC 650578425,650578425,97
TIC 650581616,650581616,97
TIC 650590615,650590615,97
TIC 650592878,650592878,97
TIC 650594428,650594428,97
TIC 650596774,650596774,97
TIC 650599193,650599193,97
TIC 650599351,650599351,97
TIC 650604034,650604034,97
TIC 650605125,650605125,97
TIC 650613006,650613006,97
TIC 650613153,650613153,97
TIC 650613396,650613396,97
TIC 650614540,650614540,97
TIC 650615700,650615700,97
TIC 650617278,650617278,97
TIC 650617819,650617819,97
TIC 650617907,650617907,97
TIC 650619129,650619129,97
TIC 650625726,650625726,97
TIC 650626444,650626444,97
TIC 650629833,650629833,97
TIC 650629944,650629944,97
TIC 650630684,650630684,97
TIC 650631226,650631226,97
TIC 650632303,650632303,97
TIC 650632813,650632813,97
TIC 650640087,650640087,97
TIC 650646291,650646291,97
TIC 650650166,650650166,97
TIC 650656993,650656993,97
TIC 650659486,650659486,97
TIC 650660521,650660521,97
TIC 650661060,650661060,97
TIC 650661869,650661869,97
TIC 650661945,650661945,97
TIC 650662475,650662475,97
TIC 650663579,650663579,97
TIC 650665997,650665997,97
TIC 650666097,650666097,97
TIC 650668104,650668104,97
TIC 650672088,650672088,97
TIC 650678984,650678984,97
TIC 650679424,650679424,97
TIC 650679692,650679692,97
TIC 650681160,650681160,97
TIC 650681270,650681270,97
TIC 650682078,650682078,97
TIC 650682531,650682531,97
TIC 650684343,650684343,97
TIC 650688615,650688615,97
TIC 650691184,650691184,97
TIC 650694121,650694121,97
TIC 650694503,650694503,97
TIC 650696337,650696337,97
TIC 650696360,650696360,97
TIC 650698282,650698282,97
TIC 650699697,650699697,97
TIC 650700595,650700595,97
TIC 650702667,650702667,97
TIC 650703395,650703395,97
TIC 650717119,650717119,97
TIC 650717580,650717580,97
TIC 650717783,650717783,97
TIC 650718071,650718071,97
TIC 650718494,650718494,97
TIC 650719901,650719901,97
TIC 650722463,650722463,97
TIC 650722969,650722969,97
TIC 650723584,650723584,97
TIC 650725064,650725064,97
TIC 650725298,650725298,97
TIC 650729416,650729416,97
TIC 650730692,650730692,97
TIC 650731115,650731115,97
TIC 650736511,650736511,97
TIC 650736556,650736556,97
TIC 650737254,650737254,97
TIC 650738069,650738069,97
TIC 650738835,650738835,97
TIC 650739494,650739494,97
TIC 650742161,650742161,97
TIC 650743187,650743187,97
TIC 650747329,650747329,97
TIC 650747858,650747858,97
TIC 650748000,650748000,97
TIC 650748041,650748041,97
TIC 650752029,650752029,97
TIC 650752683,650752683,97
TIC 650755486,650755486,97
TIC 650757372,650757372,97
TIC 650759630,650759630,97
TIC 650759675,650759675,97
TIC 650760145,650760145,97
TIC 650760962,650760962,97
TIC 650761142,650761142,97
TIC 650761176,650761176,97
TIC 650761645,650761645,97
TIC 650761689,650761689,97
TIC 650762240,650762240,97
TIC 650762895,650762895,97
TIC 650764037,650764037,97
TIC 650767804,650767804,97
TIC 650776179,650776179,97
TIC 650778492,650778492,97
TIC 650780239,650780239,97
TIC 650781894,650781894,97
TIC 650782553,650782553,97
TIC 650782682,650782682,97
TIC 650783769,650783769,97
TIC 650784242,650784242,97
TIC 650785009,650785009,97
TIC 650786706,650786706,97
TIC 650787454,650787454,97
TIC 650793522,650793522,97
TIC 650795791,650795791,97
TIC 650796269,650796269,97
TIC 650797697,650797697,97
TIC 650798516,650798516,97
TIC 650800626,650800626,97
TIC 650800833,650800833,97
TIC 650801082,650801082,97
TIC 650801509,650801509,97
TIC 650802715,650802715,97
TIC 650803356,650803356,97
TIC 650804510,650804510,97
TIC 650807414,650807414,97
TIC 650807968,650807968,97
TIC 650808175,650808175,97
TIC 650809978,650809978,97
TIC 650810177,650810177,97
TIC 650810501,650810501,97
TIC 650811133,650811133,97
TIC 650814523,650814523,97
TIC 650815809,650815809,97
TIC 650819452,650819452,97
TIC 650819817,650819817,97
TIC 650824266,650824266,97
TIC 650824678,650824678,97
TIC 650825604,650825604,97
TIC 650825647,650825647,97
TIC 650827519,650827519,97
TIC 650827572,650827572,97
TIC 650827916,650827916,97
TIC 650831141,650831141,97
TIC 650832124,650832124,97
TIC 650832760,650832760,97
TIC 650833794,650833794,97
TIC 650837081,650837081,97
TIC 650837745,650837745,97
TIC 650837846,650837846,97
TIC 650839981,650839981,97
TIC 650841315,650841315,97
TIC 650842483,650842483,97
TIC 650844967,650844967,97
TIC 650845138,650845138,97
TIC 650846135,650846135,97
TIC 650846568,650846568,97
TIC 650849151,650849151,97
TIC 650849677,650849677,97
TIC 650851212,650851212,97
TIC 650852898,650852898,97
TIC 650853699,650853699,97
TIC 650854283,650854283,97
TIC 650854785,650854785,97
TIC 650855682,650855682,97
TIC 650855855,650855855,97
TIC 650856252,650856252,97
TIC 650856548,650856548,97
TIC 650857438,650857438,97
TIC 650858107,650858107,97
TIC 650858589,650858589,97
TIC 650858639,650858639,97
TIC 650858835,650858835,97
TIC 650859079,650859079,97
TIC 650859919,650859919,97
TIC 650860344,650860344,97
TIC 650860857,650860857,97
TIC 650861172,650861172,97
TIC 650862820,650862820,97
TIC 650864361,650864361,97
TIC 650864664,650864664,97
TIC 650867147,650867147,97
TIC 650871887,650871887,97
TIC 650873893,650873893,97
TIC 650874349,650874349,97
TIC 650875987,650875987,97
TIC 650878672,650878672,97
TIC 650879332,650879332,97
TIC 650879881,650879881,97
TIC 650884253,650884253,97
TIC 650886636,650886636,97
TIC 650888830,650888830,97
TIC 650889227,650889227,97
TIC 650889738,650889738,97
TIC 650893620,650893620,97
TIC 650894094,650894094,97
TIC 650894607,650894607,97
TIC 650896735,650896735,97
TIC 650897167,650897167,97
TIC 650897455,650897455,97
TIC 650897605,650897605,97
TIC 650897734,650897734,97
TIC 650900445,650900445,97
TIC 650904741,650904741,97
TIC 650905012,650905012,97
TIC 650906621,650906621,97
TIC 650906675,650906675,97
TIC 650908509,650908509,97
TIC 650908988,650908988,97
TIC 650911601,650911601,97
TIC 650913542,650913542,97
TIC 650915008,650915008,97
TIC 650915832,650915832,97
TIC 650915949,650915949,97
TIC 650916872,650916872,97
TIC 650916912,650916912,97
TIC 650922029,650922029,97
TIC 650925102,650925102,97
TIC 650926321,650926321,97
TIC 650926372,650926372,97
TIC 650926410,650926410,97
TIC 650926548,650926548,97
TIC 650928689,650928689,97
TIC 650929860,650929860,97
TIC 650931702,650931702,97
TIC 650936614,650936614,97
TIC 650937066,650937066,97
TIC 650937400,650937400,97
TIC 650940789,650940789,97
TIC 650942408,650942408,97
TIC 650945274,650945274,97
TIC 650945277,650945277,97
TIC 650947509,650947509,97
TIC 650949159,650949159,97
TIC 650949688,650949688,97
TIC 650950317,650950317,97
TIC 650950461,650950461,97
TIC 650950727,650950727,97
TIC 650951924,650951924,97
TIC 650953707,650953707,97
TIC 650955702,650955702,97
TIC 650955790,650955790,97
TIC 650957546,650957546,97
TIC 650961568,650961568,97
TIC 650963140,650963140,97
TIC 650963638,650963638,97
TIC 650964448,650964448,97
TIC 650964717,650964717,97
TIC 650965014,650965014,97
TIC 650966167,650966167,97
TIC 650969920,650969920,97
TIC 650969988,650969988,97
TIC 650970569,650970569,97
TIC 650972264,650972264,97
TIC 650973516,650973516,97
TIC 650977367,650977367,97
TIC 650978681,650978681,97
TIC 650982542,650982542,97
TIC 650983847,650983847,97
TIC 650985101,650985101,97
TIC 650985613,650985613,97
TIC 650986183,650986183,97
TIC 650986443,650986443,97
TIC 650986913,650986913,97
TIC 650988360,650988360,97
TIC 650988471,650988471,97
TIC 650988824,650988824,97
TIC 650990276,650990276,97
TIC 650990783,650990783,97
TIC 650991839,650991839,97
TIC 650992426,650992426,97
TIC 650993986,650993986,97
TIC 650996635,650996635,97
TIC 650998025,650998025,97
TIC 650999054,650999054,97
TIC 650999114,650999114,97
TIC 650999219,650999219,97
TIC 651003459,651003459,97
TIC 651003898,651003898,97
TIC 651004678,651004678,97
TIC 651005355,651005355,97
TIC 651006757,651006757,97
TIC 651008413,651008413,97
TIC 651008503,651008503,97
TIC 651010141,651010141,97
TIC 651010159,651010159,97
TIC 651013477,651013477,97
TIC 651013593,651013593,97
TIC 651013751,651013751,97
TIC 651013942,651013942,97
TIC 651016498,651016498,97
TIC 651017408,651017408,97
TIC 651018205,651018205,97
TIC 651018318,651018318,97
TIC 651021088,651021088,97
TIC 651021785,651021785,97
TIC 651022284,651022284,97
TIC 651022347,651022347,97
TIC 651023292,651023292,97
TIC 651024002,651024002,97
TIC 651024749,651024749,97
TIC 651030655,651030655,97
TIC 651031031,651031031,97
TIC 651031336,651031336,97
TIC 651033037,651033037,97
TIC 651033164,651033164,97
TIC 651034058,651034058,97
TIC 651034734,651034734,97
TIC 651034929,651034929,97
TIC 651036043,651036043,97
TIC 651036478,651036478,97
TIC 651038958,651038958,97
TIC 651039682,651039682,97
TIC 651040564,651040564,97
TIC 651042147,651042147,97
TIC 651043347,651043347,97
TIC 651043928,651043928,97
TIC 651045650,651045650,97
TIC 651045669,651045669,97
TIC 651048266,651048266,97
TIC 651049506,651049506,97
TIC 651050564,651050564,97
TIC 651050713,651050713,97
TIC 651051447,651051447,97
TIC 651053277,651053277,97
TIC 651054539,651054539,97
TIC 651057060,651057060,97
TIC 651059205,651059205,97
TIC 651059473,651059473,97
TIC 651059545,651059545,97
TIC 651059631,651059631,97
TIC 651060535,651060535,97
TIC 651063057,651063057,97
TIC 651064648,651064648,97
TIC 651065367,651065367,97
TIC 651065411,651065411,97
TIC 651065485,651065485,97
TIC 651068403,651068403,97
TIC 651068635,651068635,97
TIC 651068872,651068872,97
TIC 651069004,651069004,97
TIC 651070902,651070902,97
TIC 651072090,651072090,97
TIC 651072324,651072324,97
TIC 651073280,651073280,97
TIC 651073846,651073846,97
TIC 651074960,651074960,97
TIC 651075952,651075952,97
TIC 651076057,651076057,97
TIC 651078615,651078615,97
TIC 651085578,651085578,97
TIC 651087612,651087612,97
TIC 651087770,651087770,97
TIC 651089052,651089052,97
TIC 651089400,651089400,97
TIC 651089643,651089643,97
TIC 651090333,651090333,97
TIC 651091287,651091287,97
TIC 651091636,651091636,97
TIC 651092599,651092599,97
TIC 651092946,651092946,97
TIC 651093582,651093582,97
TIC 651094695,651094695,97
TIC 651095207,651095207,97
TIC 651097229,651097229,97
TIC 651098553,651098553,97
TIC 651098749,651098749,97
TIC 651099425,651099425,97
TIC 651101920,651101920,97
TIC 651102603,651102603,97
TIC 651104010,651104010,97
TIC 651106535,651106535,97
TIC 651106641,651106641,97
TIC 651106793,651106793,97
TIC 651106984,651106984,97
TIC 651131733,651131733,97
TIC 651131875,651131875,97
TIC 651133135,651133135,97
TIC 651133743,651133743,97
TIC 651133926,651133926,97
TIC 651134506,651134506,97
TIC 651135338,651135338,97
TIC 651135763,651135763,97
TIC 651137984,651137984,97
TIC 651138747,651138747,97
TIC 651140508,651140508,97
TIC 651140610,651140610,97
TIC 651144780,651144780,97
TIC 651146263,651146263,97
TIC 651146928,651146928,97
TIC 651147139,651147139,97
TIC 651147214,651147214,97
TIC 651147363,651147363,97
TIC 651147505,651147505,97
TIC 651203611,651203611,97
TIC 651205450,651205450,97
TIC 651206484,651206484,97
TIC 651207073,651207073,97
TIC 651208795,651208795,97
TIC 651211207,651211207,97
TIC 651211305,651211305,97
TIC 651211779,651211779,97
TIC 651211849,651211849,97
TIC 651214292,651214292,97
TIC 651214560,651214560,97
TIC 651215040,651215040,97
TIC 651215635,651215635,97
TIC 651216697,651216697,97
TIC 651216886,651216886,97
TIC 651217870,651217870,97
TIC 651220110,651220110,97
TIC 651222799,651222799,97
TIC 651223031,651223031,97
TIC 651223312,651223312,97
TIC 651223313,651223313,97
TIC 651224154,651224154,97
TIC 651225508,651225508,97
TIC 651226077,651226077,97
TIC 651229047,651229047,97
TIC 651230043,651230043,97
TIC 651230515,651230515,97
TIC 651231098,651231098,97
TIC 651231301,651231301,97
TIC 651234777,651234777,97
TIC 651235008,651235008,97
TIC 651235565,651235565,97
TIC 651236339,651236339,97
TIC 651236930,651236930,97
TIC 651239140,651239140,97
TIC 651239773,651239773,97
TIC 651240503,651240503,97
TIC 651242448,651242448,97
TIC 651243138,651243138,97
TIC 651243200,651243200,97
TIC 651244590,651244590,97
TIC 651247748,651247748,97
TIC 651247979,651247979,97
TIC 651248464,651248464,97
TIC 651249193,651249193,97
TIC 651249405,651249405,97
TIC 651249651,651249651,97
TIC 651250539,651250539,97
TIC 651251082,651251082,97
TIC 651253559,651253559,97
TIC 651253822,651253822,97
TIC 651254524,651254524,97
TIC 651257835,651257835,97
TIC 651257847,651257847,97
TIC 651259663,651259663,97
TIC 651259996,651259996,97
TIC 651261206,651261206,97
TIC 651263682,651263682,97
TIC 651264074,651264074,97
TIC 651264181,651264181,97
TIC 651265032,651265032,97
TIC 651265079,651265079,97
TIC 651265174,651265174,97
TIC 651265810,651265810,97
TIC 651266325,651266325,97
TIC 651266406,651266406,97
TIC 651267422,651267422,97
TIC 651268100,651268100,97
TIC 651268364,651268364,97
TIC 651268515,651268515,97
TIC 651268931,651268931,97
TIC 651269338,651269338,97
TIC 651270080,651270080,97
TIC 651270799,651270799,97
TIC 651271525,651271525,97
TIC 651272846,651272846,97
TIC 651273402,651273402,97
TIC 651273830,651273830,97
TIC 651273884,651273884,97
TIC 651274587,651274587,97
TIC 651274618,651274618,97
TIC 651275718,651275718,97
TIC 651276003,651276003,97
TIC 651277892,651277892,97
TIC 651279291,651279291,97
TIC 651281038,651281038,97
TIC 651282754,651282754,97
TIC 651283988,651283988,97
TIC 651284284,651284284,97
TIC 651285168,651285168,97
TIC 651286351,651286351,97
TIC 651291003,651291003,97
TIC 651294028,651294028,97
TIC 651294176,651294176,97
TIC 651294268,651294268,97
TIC 651296354,651296354,97
TIC 651296784,651296784,97
TIC 651297868,651297868,97
TIC 651298657,651298657,97
TIC 651299714,651299714,97
TIC 651304835,651304835,97
TIC 651305930,651305930,97
TIC 651306018,651306018,97
TIC 651307070,651307070,97
TIC 651307733,651307733,97
TIC 651308616,651308616,97
TIC 651309596,651309596,97
TIC 651309899,651309899,97
TIC 651310511,651310511,97
TIC 651310517,651310517,97
TIC 651310858,651310858,97
TIC 651311203,651311203,97
TIC 651312912,651312912,97
TIC 651313061,651313061,97
TIC 651313774,651313774,97
TIC 651315324,651315324,97
TIC 651316448,651316448,97
TIC 651318975,651318975,97
TIC 651319301,651319301,97
TIC 651321033,651321033,97
TIC 651321037,651321037,97
TIC 651321299,651321299,97
TIC 651322429,651322429,97
TIC 651322828,651322828,97
TIC 651322997,651322997,97
TIC 651323811,651323811,97
TIC 651323942,651323942,97
TIC 651328964,651328964,97
TIC 651329771,651329771,97
TIC 651329818,651329818,97
TIC 651331086,651331086,97
TIC 651332078,651332078,97
TIC 651332489,651332489,97
TIC 651332662,651332662,97
TIC 651334798,651334798,97
TIC 651335305,651335305,97
TIC 651337051,651337051,97
TIC 651337198,651337198,97
TIC 651337309,651337309,97
TIC 651337335,651337335,97
TIC 651338693,651338693,97
TIC 651363428,651363428,97
TIC 651364854,651364854,97
TIC 651366300,651366300,97
TIC 651370909,651370909,97
TIC 651371222,651371222,97
TIC 651372366,651372366,97
TIC 651374593,651374593,97
TIC 651374759,651374759,97
TIC 651375989,651375989,97
TIC 651376672,651376672,97
TIC 651376753,651376753,97
TIC 651376850,651376850,97
TIC 651376917,651376917,97
TIC 651377476,651377476,97
TIC 651378218,651378218,97
TIC 651378798,651378798,97
TIC 651379528,651379528,97
TIC 651379879,651379879,97
TIC 651379880,651379880,97
TIC 651380565,651380565,97
TIC 651381542,651381542,97
TIC 651383705,651383705,97
TIC 651384089,651384089,97
TIC 651408881,651408881,97
TIC 651426997,651426997,97
TIC 651428208,651428208,97
TIC 651428659,651428659,97
TIC 651428942,651428942,97
TIC 651429620,651429620,97
TIC 651429622,651429622,97
TIC 651429741,651429741,97
TIC 651431005,651431005,97
TIC 651431623,651431623,97
TIC 651435087,651435087,97
TIC 651435633,651435633,97
TIC 651436327,651436327,97
TIC 651436400,651436400,97
TIC 651436821,651436821,97
TIC 651438430,651438430,97
TIC 651438615,651438615,97
TIC 651438681,651438681,97
TIC 651439080,651439080,97
TIC 651439460,651439460,97
TIC 651439863,651439863,97
TIC 651440062,651440062,97
TIC 651441499,651441499,97
TIC 651442086,651442086,97
TIC 651443051,651443051,97
TIC 651443805,651443805,97
TIC 651444068,651444068,97
TIC 651444659,651444659,97
TIC 651445290,651445290,97
TIC 651446756,651446756,97
TIC 651447534,651447534,97
TIC 651449565,651449565,97
TIC 651453458,651453458,97
TIC 651454716,651454716,97
TIC 651454901,651454901,97
TIC 651455390,651455390,97
TIC 651456226,651456226,97
TIC 651456968,651456968,97
TIC 651458567,651458567,97
TIC 651460871,651460871,97
TIC 651461497,651461497,97
TIC 651461505,651461505,97
TIC 651461531,651461531,97
TIC 651462582,651462582,97
TIC 651462942,651462942,97
TIC 651463265,651463265,97
TIC 651464481,651464481,97
TIC 651464573,651464573,97
TIC 651464591,651464591,97
TIC 651465230,651465230,97
TIC 651471167,651471167,97
TIC 651471212,651471212,97
TIC 651474069,651474069,97
TIC 651474380,651474380,97
TIC 651485884,651485884,97
TIC 651487664,651487664,97
TIC 651487752,651487752,97
TIC 651488044,651488044,97
TIC 651488115,651488115,97
TIC 651495342,651495342,97
TIC 651496584,651496584,97
TIC 651500511,651500511,97
TIC 651500975,651500975,97
TIC 651501491,651501491,97
TIC 651502550,651502550,97
TIC 651505314,651505314,97
TIC 651506562,651506562,97
TIC 651506563,651506563,97
TIC 651506779,651506779,97
TIC 651507328,651507328,97
TIC 651507679,651507679,97
TIC 651508013,651508013,97
TIC 651509397,651509397,97
TIC 651509569,651509569,97
TIC 651510223,651510223,97
TIC 651510386,651510386,97
TIC 651510403,651510403,97
TIC 651510774,651510774,97
TIC 651511587,651511587,97
TIC 651513608,651513608,97
TIC 651514098,651514098,97
TIC 651520044,651520044,97
TIC 651520087,651520087,97
TIC 651521548,651521548,97
TIC 651521618,651521618,97
TIC 651788858,651788858,97
TIC 651789026,651789026,97
TIC 651789426,651789426,97
TIC 651789830,651789830,97
TIC 651789944,651789944,97
TIC 651790407,651790407,97
TIC 651790751,651790751,97
TIC 651791885,651791885,97
TIC 651794376,651794376,97
TIC 651794473,651794473,97
TIC 651794748,651794748,97
TIC 651794866,651794866,97
TIC 651795546,651795546,97
TIC 651801131,651801131,97
TIC 651801359,651801359,97
TIC 651802062,651802062,97
TIC 651802301,651802301,97
TIC 651802492,651802492,97
TIC 651803581,651803581,97
TIC 651803610,651803610,97
TIC 651804623,651804623,97
TIC 651808626,651808626,97
TIC 651808931,651808931,97
TIC 651811840,651811840,97
TIC 675139491,675139491,97
TIC 675155971,675155971,97
TIC 675165798,675165798,97
TIC 675199610,675199610,97
TIC 675223586,675223586,97
TIC 675230048,675230048,97
TIC 675245194,675245194,97
TIC 675245900,675245900,97
TIC 675252925,675252925,97
TIC 675255876,675255876,97
TIC 675256511,675256511,97
TIC 675256958,675256958,97
TIC 675261390,675261390,97
TIC 675262555,675262555,97
TIC 675262917,675262917,97
TIC 675270883,675270883,97
TIC 675352003,675352003,97
TIC 675382179,675382179,97
TIC 675398438,675398438,97
TIC 675651482,675651482,97
TIC 675837058,675837058,97
TIC 675878578,675878578,97
TIC 675988677,675988677,97
TIC 676089721,676089721,97
TIC 676114434,676114434,97
TIC 676229465,676229465,97
TIC 676440308,676440308,97
TIC 676651151,676651151,97
TIC 676681349,676681349,97
TIC 676927071,676927071,97
TIC 677018690,677018690,97
TIC 677081317,677081317,97
TIC 677125656,677125656,97
TIC 677233431,677233431,97
TIC 677272500,677272500,97
TIC 677327253,677327253,97
TIC 677356862,677356862,97
TIC 677381055,677381055,97
TIC 677389467,677389467,97
TIC 677397896,677397896,97
TIC 677416909,677416909,97
TIC 677440752,677440752,97
TIC 677599337,677599337,97
TIC 677650107,677650107,97
TIC 677786294,677786294,97
TIC 677885582,677885582,97
TIC 677932910,677932910,97
TIC 677952345,677952345,97
TIC 678042898,678042898,97
TIC 678058715,678058715,97
TIC 678197870,678197870,97
TIC 678323932,678323932,97
TIC 679118465,679118465,97
TIC 679485017,679485017,97
TIC 679521815,679521815,97
TIC 679539442,679539442,97
TIC 679555225,679555225,97
TIC 679598759,679598759,97
TIC 679616919,679616919,97
TIC 679620869,679620869,97
TIC 679645294,679645294,97
TIC 679727235,679727235,97
TIC 679739286,679739286,97
TIC 679755547,679755547,97
TIC 679828014,679828014,97
TIC 679861309,679861309,97
TIC 679861951,679861951,97
TIC 680690344,680690344,97
TIC 680695557,680695557,97
TIC 680801201,680801201,97
TIC 681206685,681206685,97
TIC 681367053,681367053,97
TIC 681414792,681414792,97
TIC 681933101,681933101,97
TIC 682032683,682032683,97
TIC 682055687,682055687,97
TIC 682153385,682153385,97
TIC 682367873,682367873,97
TIC 682721660,682721660,97
TIC 682769459,682769459,97
TIC 683007660,683007660,97
TIC 683048853,683048853,97
TIC 683107132,683107132,97
TIC 683336368,683336368,97
TIC 683426555,683426555,97
TIC 683510844,683510844,97
TIC 683596094,683596094,97
TIC 683850347,683850347,97
TIC 683887418,683887418,97
TIC 683889201,683889201,97
TIC 683928879,683928879,97
TIC 684054322,684054322,97
TIC 684069271,684069271,97
TIC 684128910,684128910,97
TIC 684129481,684129481,97
TIC 684132680,684132680,97
TIC 684154347,684154347,97
TIC 684155724,684155724,97
TIC 684218616,684218616,97
TIC 684241504,684241504,97
TIC 684320059,684320059,97
TIC 684478568,684478568,97
TIC 684644430,684644430,97
TIC 684675172,684675172,97
TIC 684676458,684676458,97
TIC 684737983,684737983,97
TIC 684764093,684764093,97
TIC 684776094,684776094,97
TIC 684779242,684779242,97
TIC 684798583,684798583,97
TIC 684804590,684804590,97
TIC 684804856,684804856,97
TIC 684810594,684810594,97
TIC 684827308,684827308,97
TIC 684833374,684833374,97
TIC 684834815,684834815,97
TIC 684834822,684834822,97
TIC 684841815,684841815,97
TIC 684845179,684845179,97
TIC 684849206,684849206,97
TIC 684850397,684850397,97
TIC 684852739,684852739,97
TIC 684872135,684872135,97
TIC 684880191,684880191,97
TIC 684880599,684880599,97
TIC 684881945,684881945,97
TIC 684884178,684884178,97
TIC 684884580,684884580,97
TIC 684889568,684889568,97
TIC 684894726,684894726,97
TIC 684901638,684901638,97
TIC 684908011,684908011,97
TIC 684913320,684913320,97
TIC 684916411,684916411,97
TIC 684918479,684918479,97
TIC 684918706,684918706,97
TIC 684919378,684919378,97
TIC 684920181,684920181,97
TIC 684924002,684924002,97
TIC 684924022,684924022,97
TIC 684926008,684926008,97
TIC 684931651,684931651,97
TIC 684937757,684937757,97
TIC 684939424,684939424,97
TIC 684944248,684944248,97
TIC 684947246,684947246,97
TIC 684947387,684947387,97
TIC 684948318,684948318,97
TIC 684958419,684958419,97
TIC 684958423,684958423,97
TIC 684958953,684958953,97
TIC 684960305,684960305,97
TIC 684964461,684964461,97
TIC 684967842,684967842,97
TIC 684970238,684970238,97
TIC 684970294,684970294,97
TIC 684977802,684977802,97
TIC 684993689,684993689,97
TIC 684996651,684996651,97
TIC 684998287,684998287,97
TIC 684999126,684999126,97
TIC 685000505,685000505,97
TIC 685000540,685000540,97
TIC 685001663,685001663,97
TIC 685006135,685006135,97
TIC 685006957,685006957,97
TIC 685006994,685006994,97
TIC 685007171,685007171,97
TIC 685007687,685007687,97
TIC 685009698,685009698,97
TIC 685014900,685014900,97
TIC 685023346,685023346,97
TIC 685025720,685025720,97
TIC 685025971,685025971,97
TIC 685035814,685035814,97
TIC 685036551,685036551,97
TIC 685081710,685081710,97
TIC 685086771,685086771,97
TIC 685088389,685088389,97
TIC 685093140,685093140,97
TIC 685096235,685096235,97
TIC 685096371,685096371,97
TIC 685099661,685099661,97
TIC 685102200,685102200,97
TIC 685104136,685104136,97
TIC 685107047,685107047,97
TIC 685113403,685113403,97
TIC 685116280,685116280,97
TIC 685119822,685119822,97
TIC 685124655,685124655,97
TIC 685125790,685125790,97
TIC 685129331,685129331,97
TIC 685139131,685139131,97
TIC 685144623,685144623,97
TIC 685144667,685144667,97
TIC 685146276,685146276,97
TIC 685146363,685146363,97
TIC 685150205,685150205,97
TIC 685150587,685150587,97
TIC 685152432,685152432,97
TIC 685155852,685155852,97
TIC 685158436,685158436,97
TIC 685160970,685160970,97
TIC 685163885,685163885,97
TIC 685164804,685164804,97
TIC 685167150,685167150,97
TIC 685167949,685167949,97
TIC 685168705,685168705,97
TIC 685169039,685169039,97
TIC 685173077,685173077,97
TIC 685174061,685174061,97
TIC 685174211,685174211,97
TIC 685178154,685178154,97
TIC 685181739,685181739,97
TIC 685190528,685190528,97
TIC 685191454,685191454,97
TIC 685192793,685192793,97
TIC 685194261,685194261,97
TIC 685202291,685202291,97
TIC 685215451,685215451,97
TIC 685218610,685218610,97
TIC 685218614,685218614,97
TIC 685223273,685223273,97
TIC 685223419,685223419,97
TIC 685224744,685224744,97
TIC 685226642,685226642,97
TIC 685239046,685239046,97
TIC 685239955,685239955,97
TIC 685242195,685242195,97
TIC 685249292,685249292,97
TIC 685256589,685256589,97
TIC 685256635,685256635,97
TIC 685257601,685257601,97
TIC 685257915,685257915,97
TIC 685259873,685259873,97
TIC 685261754,685261754,97
TIC 685264070,685264070,97
TIC 685264826,685264826,97
TIC 685267357,685267357,97
TIC 685267894,685267894,97
TIC 685272489,685272489,97
TIC 685276182,685276182,97
TIC 685276477,685276477,97
TIC 685276620,685276620,97
TIC 685277018,685277018,97
TIC 685280487,685280487,97
TIC 685283053,685283053,97
TIC 685283177,685283177,97
TIC 685289401,685289401,97
TIC 685290517,685290517,97
TIC 685297431,685297431,97
TIC 685301112,685301112,97
TIC 685304362,685304362,97
TIC 685304521,685304521,97
TIC 685305826,685305826,97
TIC 685307189,685307189,97
TIC 685307922,685307922,97
TIC 685308459,685308459,97
TIC 685309190,685309190,97
TIC 685314067,685314067,97
TIC 685315565,685315565,97
TIC 685316418,685316418,97
TIC 685317863,685317863,97
TIC 685318317,685318317,97
TIC 685319424,685319424,97
TIC 685322757,685322757,97
TIC 685324466,685324466,97
TIC 685325344,685325344,97
TIC 685326326,685326326,97
TIC 685327217,685327217,97
TIC 685327382,685327382,97
TIC 685327823,685327823,97
TIC 685332679,685332679,97
TIC 685334327,685334327,97
TIC 685335660,685335660,97
TIC 685335855,685335855,97
TIC 685337464,685337464,97
TIC 685337645,685337645,97
TIC 685338789,685338789,97
TIC 685339591,685339591,97
TIC 685339909,685339909,97
TIC 685340275,685340275,97
TIC 685341634,685341634,97
TIC 685345678,685345678,97
TIC 685346678,685346678,97
TIC 685346979,685346979,97
TIC 685347178,685347178,97
TIC 685347409,685347409,97
TIC 685348122,685348122,97
TIC 685349210,685349210,97
TIC 685351630,685351630,97
TIC 685351858,685351858,97
TIC 685352438,685352438,97
TIC 685353608,685353608,97
TIC 685354239,685354239,97
TIC 685355472,685355472,97
TIC 685358477,685358477,97
TIC 685358934,685358934,97
TIC 685361489,685361489,97
TIC 685361579,685361579,97
TIC 685361738,685361738,97
TIC 685362208,685362208,97
TIC 685363619,685363619,97
TIC 685365535,685365535,97
TIC 685367516,685367516,97
TIC 685370413,685370413,97
TIC 685371058,685371058,97
TIC 685371175,685371175,97
TIC 685371708,685371708,97
TIC 685373070,685373070,97
TIC 685373110,685373110,97
TIC 685373522,685373522,97
TIC 685374410,685374410,97
TIC 685376228,685376228,97
TIC 685377358,685377358,97
TIC 685379803,685379803,97
TIC 685380913,685380913,97
TIC 685381216,685381216,97
TIC 685385677,685385677,97
TIC 685385779,685385779,97
TIC 685386477,685386477,97
TIC 685389009,685389009,97
TIC 685390266,685390266,97
TIC 685391420,685391420,97
TIC 685394273,685394273,97
TIC 685395339,685395339,97
TIC 685397524,685397524,97
TIC 685398223,685398223,97
TIC 685399326,685399326,97
TIC 685400279,685400279,97
TIC 685402284,685402284,97
TIC 685402798,685402798,97
TIC 685403223,685403223,97
TIC 685404059,685404059,97
TIC 685404233,685404233,97
TIC 685407617,685407617,97
TIC 685408158,685408158,97
TIC 685410570,685410570,97
TIC 685410994,685410994,97
TIC 685410997,685410997,97
TIC 685411145,685411145,97
TIC 685411306,685411306,97
TIC 685412522,685412522,97
TIC 685412552,685412552,97
TIC 685413853,685413853,97
TIC 685415370,685415370,97
TIC 685417058,685417058,97
TIC 685419981,685419981,97
TIC 685419983,685419983,97
TIC 685423164,685423164,97
TIC 685423232,685423232,97
TIC 685423909,685423909,97
TIC 685425934,685425934,97
TIC 685427019,685427019,97
TIC 685427126,685427126,97
TIC 685427207,685427207,97
TIC 685428352,685428352,97
TIC 685431249,685431249,97
TIC 685432238,685432238,97
TIC 685433041,685433041,97
TIC 685435835,685435835,97
TIC 685435876,685435876,97
TIC 685437878,685437878,97
TIC 685440847,685440847,97
TIC 685442068,685442068,97
TIC 685454933,685454933,97
TIC 685459655,685459655,97
TIC 685460930,685460930,97
TIC 685461096,685461096,97
TIC 685461449,685461449,97
TIC 685473804,685473804,97
TIC 685475790,685475790,97
TIC 685477270,685477270,97
TIC 685478902,685478902,97
TIC 685479359,685479359,97
TIC 685480832,685480832,97
TIC 685485099,685485099,97
TIC 685485527,685485527,97
TIC 685491502,685491502,97
TIC 685494389,685494389,97
TIC 685494882,685494882,97
TIC 685495184,685495184,97
TIC 685496719,685496719,97
TIC 685498369,685498369,97
TIC 685498751,685498751,97
TIC 685500805,685500805,97
TIC 685501125,685501125,97
TIC 685504889,685504889,97
TIC 685505656,685505656,97
TIC 685505841,685505841,97
TIC 685506930,685506930,97
TIC 685512694,685512694,97
TIC 685526215,685526215,97
TIC 685529657,685529657,97
TIC 685530830,685530830,97
TIC 685847868,685847868,97
TIC 685848157,685848157,97
TIC 685850911,685850911,97
TIC 685853155,685853155,97
TIC 685854491,685854491,97
TIC 685854816,685854816,97
TIC 685854915,685854915,97
TIC 685855484,685855484,97
TIC 685856205,685856205,97
TIC 685856964,685856964,97
TIC 685857145,685857145,97
TIC 685858119,685858119,97
TIC 685858214,685858214,97
TIC 685861117,685861117,97
TIC 685861295,685861295,97
TIC 685861598,685861598,97
TIC 685861872,685861872,97
TIC 685862774,685862774,97
TIC 685865586,685865586,97
TIC 685866120,685866120,97
TIC 685866913,685866913,97
TIC 685867091,685867091,97
TIC 685870335,685870335,97
TIC 685872970,685872970,97
TIC 685873251,685873251,97
TIC 685875436,685875436,97
TIC 685877083,685877083,97
TIC 685877426,685877426,97
TIC 685877672,685877672,97
TIC 685878935,685878935,97
TIC 685880645,685880645,97
TIC 685880870,685880870,97
TIC 685880952,685880952,97
TIC 685883580,685883580,97
TIC 685883692,685883692,97
TIC 685887065,685887065,97
TIC 685887199,685887199,97
TIC 685887725,685887725,97
TIC 685887945,685887945,97
TIC 685889349,685889349,97
TIC 685889704,685889704,97
TIC 685896859,685896859,97
TIC 685897015,685897015,97
TIC 685897452,685897452,97
TIC 685897712,685897712,97
TIC 685898172,685898172,97
TIC 685898244,685898244,97
TIC 685898264,685898264,97
TIC 685900451,685900451,97
TIC 685900821,685900821,97
TIC 685900938,685900938,97
TIC 685901405,685901405,97
TIC 685905286,685905286,97
TIC 685905346,685905346,97
TIC 685905819,685905819,97
TIC 685935076,685935076,97
TIC 685935289,685935289,97
TIC 685936432,685936432,97
TIC 685936473,685936473,97
TIC 685937223,685937223,97
TIC 685937245,685937245,97
TIC 685937838,685937838,97
TIC 685939396,685939396,97
TIC 724159928,724159928,97
TIC 724160630,724160630,97
TIC 724166151,724166151,97
TIC 724178193,724178193,97
TIC 724199946,724199946,97
TIC 724200852,724200852,97
TIC 724237961,724237961,97
TIC 724240548,724240548,97
TIC 724258059,724258059,97
TIC 724266959,724266959,97
TIC 724266970,724266970,97
TIC 724311842,724311842,97
TIC 724363846,724363846,97
TIC 724412946,724412946,97
TIC 724441905,724441905,97
TIC 724442806,724442806,97
TIC 724487497,724487497,97
TIC 724647401,724647401,97
TIC 724651543,724651543,97
TIC 724656943,724656943,97
TIC 724807602,724807602,97
TIC 724922777,724922777,97
TIC 724961885,724961885,97
TIC 725472684,725472684,97
TIC 725576079,725576079,97
TIC 725711504,725711504,97
TIC 725773960,725773960,97
TIC 726201011,726201011,97
TIC 726293043,726293043,97
TIC 726365972,726365972,97
TIC 726423126,726423126,97
TIC 726809107,726809107,97
TIC 726825448,726825448,97
TIC 726858258,726858258,97
TIC 727463411,727463411,97
TIC 727541450,727541450,97
TIC 727658821,727658821,97
TIC 727777603,727777603,97
TIC 728165073,728165073,97
TIC 728165166,728165166,97
TIC 728165189,728165189,97
TIC 728320999,728320999,97
TIC 728327411,728327411,97
TIC 728404865,728404865,97
TIC 728682217,728682217,97
TIC 728997344,728997344,97
TIC 729568115,729568115,97
TIC 729660543,729660543,97
TIC 730548289,730548289,97
TIC 730679931,730679931,97
TIC 730764381,730764381,97
TIC 730910674,730910674,97
TIC 731049630,731049630,97
TIC 731409195,731409195,97
TIC 731553199,731553199,97
TIC 731803377,731803377,97
TIC 732011069,732011069,97
TIC 732024053,732024053,97
TIC 732070494,732070494,97
TIC 732284619,732284619,97
TIC 732298289,732298289,97
TIC 732427912,732427912,97
TIC 732450541,732450541,97
TIC 732467525,732467525,97
TIC 732536135,732536135,97
TIC 732690221,732690221,97
TIC 732694840,732694840,97
TIC 732706262,732706262,97
TIC 732758116,732758116,97
TIC 732807587,732807587,97
TIC 733158106,733158106,97
TIC 733363472,733363472,97
TIC 733368361,733368361,97
TIC 733565930,733565930,97
TIC 733664700,733664700,97
TIC 733682229,733682229,97
TIC 733747792,733747792,97
TIC 733841897,733841897,97
TIC 733852443,733852443,97
TIC 733856022,733856022,97
TIC 733859627,733859627,97
TIC 733909078,733909078,97
TIC 733925043,733925043,97
TIC 734196322,734196322,97
TIC 734269698,734269698,97
TIC 734286640,734286640,97
TIC 734303634,734303634,97
TIC 734315873,734315873,97
TIC 734330623,734330623,97
TIC 734359283,734359283,97
TIC 734359695,734359695,97
TIC 734361854,734361854,97
TIC 734367677,734367677,97
TIC 734371082,734371082,97
TIC 734377447,734377447,97
TIC 734377970,734377970,97
TIC 734378428,734378428,97
TIC 734395414,734395414,97
TIC 734403539,734403539,97
TIC 734405939,734405939,97
TIC 734411839,734411839,97
TIC 734414453,734414453,97
TIC 734426336,734426336,97
TIC 734430959,734430959,97
TIC 734432210,734432210,97
TIC 734435118,734435118,97
TIC 734436767,734436767,97
TIC 734437171,734437171,97
TIC 734441302,734441302,97
TIC 734448782,734448782,97
TIC 734471897,734471897,97
TIC 734477143,734477143,97
TIC 734478525,734478525,97
TIC 734480726,734480726,97
TIC 734490886,734490886,97
TIC 734493259,734493259,97
TIC 734494041,734494041,97
TIC 734494722,734494722,97
TIC 734497762,734497762,97
TIC 734498675,734498675,97
TIC 734503308,734503308,97
TIC 734503658,734503658,97
TIC 734505586,734505586,97
TIC 734510928,734510928,97
TIC 734515801,734515801,97
TIC 734520706,734520706,97
TIC 734521675,734521675,97
TIC 734525969,734525969,97
TIC 734536579,734536579,97
TIC 734546572,734546572,97
TIC 734549109,734549109,97
TIC 734552473,734552473,97
TIC 734554445,734554445,97
TIC 734557704,734557704,97
TIC 734558701,734558701,97
TIC 734558730,734558730,97
TIC 734559763,734559763,97
TIC 734560944,734560944,97
TIC 734569653,734569653,97
TIC 734576932,734576932,97
TIC 734580757,734580757,97
TIC 734581283,734581283,97
TIC 734583110,734583110,97
TIC 734585567,734585567,97
TIC 734586354,734586354,97
TIC 734587561,734587561,97
TIC 734593113,734593113,97
TIC 734596722,734596722,97
TIC 734597559,734597559,97
TIC 734598707,734598707,97
TIC 734600130,734600130,97
TIC 734602331,734602331,97
TIC 734605407,734605407,97
TIC 734605999,734605999,97
TIC 734606486,734606486,97
TIC 734607437,734607437,97
TIC 734607788,734607788,97
TIC 734607940,734607940,97
TIC 734608085,734608085,97
TIC 734609374,734609374,97
TIC 734609375,734609375,97
TIC 734610699,734610699,97
TIC 734614861,734614861,97
TIC 734618753,734618753,97
TIC 734620247,734620247,97
TIC 734620815,734620815,97
TIC 734637010,734637010,97
TIC 735159888,735159888,97
TIC 735162662,735162662,97
TIC 735165904,735165904,97
TIC 735168363,735168363,97
TIC 735172189,735172189,97
TIC 735174639,735174639,97
TIC 735175285,735175285,97
TIC 735177332,735177332,97
TIC 735181619,735181619,97
TIC 735188665,735188665,97
TIC 735196167,735196167,97
TIC 735197822,735197822,97
TIC 735199432,735199432,97
TIC 735201284,735201284,97
TIC 735202443,735202443,97
TIC 735204743,735204743,97
TIC 735224431,735224431,97
TIC 735229757,735229757,97
TIC 735234639,735234639,97
TIC 735235818,735235818,97
TIC 735239994,735239994,97
TIC 735252300,735252300,97
TIC 735258569,735258569,97
TIC 735268846,735268846,97
TIC 735270821,735270821,97
TIC 735287154,735287154,97
TIC 735362903,735362903,97
TIC 735499807,735499807,97
TIC 735530374,735530374,97
TIC 735599397,735599397,97
TIC 735829780,735829780,97
TIC 735860015,735860015,97
TIC 735872603,735872603,97
TIC 735949135,735949135,97
TIC 735966989,735966989,97
TIC 736180783,736180783,97
TIC 736192880,736192880,97
TIC 736208168,736208168,97
TIC 736214416,736214416,97
TIC 736217607,736217607,97
TIC 736279492,736279492,97
TIC 736345131,736345131,97
TIC 736349815,736349815,97
TIC 736435467,736435467,97
TIC 736592934,736592934,97
TIC 736601469,736601469,97
TIC 736603891,736603891,97
TIC 736614648,736614648,97
TIC 736617999,736617999,97
TIC 736627638,736627638,97
TIC 736633653,736633653,97
TIC 736771811,736771811,97
TIC 736778775,736778775,97
TIC 736843876,736843876,97
TIC 736849078,736849078,97
TIC 736904326,736904326,97
TIC 736941827,736941827,97
TIC 736943162,736943162,97
TIC 736944934,736944934,97
TIC 736960860,736960860,97
TIC 736961160,736961160,97
TIC 736965245,736965245,97
TIC 737046844,737046844,97
TIC 737056427,737056427,97
TIC 737056520,737056520,97
TIC 737069493,737069493,97
TIC 737125138,737125138,97
TIC 737135975,737135975,97
TIC 737152794,737152794,97
TIC 737154519,737154519,97
TIC 737158261,737158261,97
TIC 737169802,737169802,97
TIC 737171476,737171476,97
TIC 737220668,737220668,97
TIC 737239616,737239616,97
TIC 737251862,737251862,97
TIC 737252597,737252597,97
TIC 737253112,737253112,97
TIC 737254948,737254948,97
TIC 737256127,737256127,97
TIC 737258621,737258621,97
TIC 737264229,737264229,97
TIC 737264926,737264926,97
TIC 737266646,737266646,97
TIC 737267477,737267477,97
TIC 737267528,737267528,97
TIC 737269137,737269137,97
TIC 737273781,737273781,97
TIC 737277425,737277425,97
TIC 737278103,737278103,97
TIC 737285991,737285991,97
TIC 737287152,737287152,97
TIC 737297264,737297264,97
TIC 737311088,737311088,97
TIC 737320592,737320592,97
TIC 737328043,737328043,97
TIC 737328126,737328126,97
TIC 737330499,737330499,97
TIC 737331592,737331592,97
TIC 737348082,737348082,97
TIC 737349782,737349782,97
TIC 737350255,737350255,97
TIC 737350280,737350280,97
TIC 737356734,737356734,97
TIC 737357865,737357865,97
TIC 737369807,737369807,97
TIC 737372792,737372792,97
TIC 737385469,737385469,97
TIC 737396162,737396162,97
TIC 737398692,737398692,97
TIC 737404424,737404424,97
TIC 737406048,737406048,97
TIC 737406871,737406871,97
TIC 737408729,737408729,97
TIC 737410990,737410990,97
TIC 737413214,737413214,97
TIC 737414071,737414071,97
TIC 737416332,737416332,97
TIC 737425029,737425029,97
TIC 737432551,737432551,97
TIC 737433394,737433394,97
TIC 737435093,737435093,97
TIC 737437708,737437708,97
TIC 737446619,737446619,97
TIC 737451427,737451427,97
TIC 737462592,737462592,97
TIC 737466128,737466128,97
TIC 737470610,737470610,97
TIC 737471155,737471155,97
TIC 737473742,737473742,97
TIC 737477750,737477750,97
TIC 737487040,737487040,97
TIC 737495943,737495943,97
TIC 737496847,737496847,97
TIC 737516948,737516948,97
TIC 737516990,737516990,97
TIC 737517709,737517709,97
TIC 737526939,737526939,97
TIC 737529103,737529103,97
TIC 737529394,737529394,97
TIC 737543991,737543991,97
TIC 737553615,737553615,97
TIC 737563161,737563161,97
TIC 764479102,764479102,97
TIC 764498909,764498909,97
TIC 764507540,764507540,97
TIC 764529883,764529883,97
TIC 764571324,764571324,97
TIC 764574276,764574276,97
TIC 764584492,764584492,97
TIC 764592266,764592266,97
TIC 764599868,764599868,97
TIC 764603588,764603588,97
TIC 764609968,764609968,97
TIC 764612333,764612333,97
TIC 764627861,764627861,97
TIC 764640926,764640926,97
TIC 764662817,764662817,97
TIC 764666260,764666260,97
TIC 764666338,764666338,97
TIC 764680528,764680528,97
TIC 764704688,764704688,97
TIC 764719558,764719558,97
TIC 764733840,764733840,97
TIC 764734430,764734430,97
TIC 764744015,764744015,97
TIC 764754333,764754333,97
TIC 764761043,764761043,97
TIC 764771500,764771500,97
TIC 764773501,764773501,97
TIC 764797680,764797680,97
TIC 764800499,764800499,97
TIC 764807943,764807943,97
TIC 764835131,764835131,97
TIC 764836159,764836159,97
TIC 764838033,764838033,97
TIC 764841602,764841602,97
TIC 764844688,764844688,97
TIC 764847763,764847763,97
TIC 764848733,764848733,97
TIC 764850391,764850391,97
TIC 764852741,764852741,97
TIC 764871487,764871487,97
TIC 764883444,764883444,97
TIC 764886949,764886949,97
TIC 764890927,764890927,97
TIC 764905728,764905728,97
TIC 764912284,764912284,97
TIC 764927731,764927731,97
TIC 764930245,764930245,97
TIC 764934935,764934935,97
TIC 764951944,764951944,97
TIC 764953482,764953482,97
TIC 764958705,764958705,97
TIC 764965914,764965914,97
TIC 764965954,764965954,97
TIC 764966501,764966501,97
TIC 764968379,764968379,97
TIC 764968382,764968382,97
TIC 764976021,764976021,97
TIC 764993985,764993985,97
TIC 765000132,765000132,97
TIC 765012710,765012710,97
TIC 765027461,765027461,97
TIC 765035325,765035325,97
TIC 765037045,765037045,97
TIC 765042131,765042131,97
TIC 765053089,765053089,97
TIC 765093219,765093219,97
TIC 765096316,765096316,97
TIC 765104599,765104599,97
TIC 765109356,765109356,97
TIC 765112707,765112707,97
TIC 765120040,765120040,97
TIC 765120993,765120993,97
TIC 765122937,765122937,97
TIC 765125250,765125250,97
TIC 765147970,765147970,97
TIC 765151642,765151642,97
TIC 765153957,765153957,97
TIC 765158428,765158428,97
TIC 765160500,765160500,97
TIC 765166221,765166221,97
TIC 765180733,765180733,97
TIC 765186987,765186987,97
TIC 765188155,765188155,97
TIC 765194406,765194406,97
TIC 765194910,765194910,97
TIC 765201677,765201677,97
TIC 765208081,765208081,97
TIC 765209266,765209266,97
TIC 765210307,765210307,97
TIC 765210939,765210939,97
TIC 765217199,765217199,97
TIC 765220618,765220618,97
TIC 765228176,765228176,97
TIC 765238074,765238074,97
TIC 765238850,765238850,97
TIC 765239797,765239797,97
TIC 765250340,765250340,97
TIC 765252021,765252021,97
TIC 765253080,765253080,97
TIC 765253081,765253081,97
TIC 765254853,765254853,97
TIC 765272897,765272897,97
TIC 765285609,765285609,97
TIC 765287702,765287702,97
TIC 765298128,765298128,97
TIC 765310516,765310516,97
TIC 765315999,765315999,97
TIC 765317252,765317252,97
TIC 765328752,765328752,97
TIC 765338895,765338895,97
TIC 765354869,765354869,97
TIC 765356210,765356210,97
TIC 765360596,765360596,97
TIC 765371252,765371252,97
TIC 765371256,765371256,97
TIC 765371594,765371594,97
TIC 765377995,765377995,97
TIC 765380762,765380762,97
TIC 765380928,765380928,97
TIC 765400864,765400864,97
TIC 765410551,765410551,97
TIC 765412461,765412461,97
TIC 765414721,765414721,97
TIC 765416264,765416264,97
TIC 765426794,765426794,97
TIC 765441007,765441007,97
TIC 765444116,765444116,97
TIC 765447354,765447354,97
TIC 765463418,765463418,97
TIC 765469490,765469490,97
TIC 765470518,765470518,97
TIC 765483790,765483790,97
TIC 765518632,765518632,97
TIC 765519546,765519546,97
TIC 765522245,765522245,97
TIC 765535086,765535086,97
TIC 765540304,765540304,97
TIC 765554821,765554821,97
TIC 765565354,765565354,97
TIC 765565360,765565360,97
TIC 765565765,765565765,97
TIC 765566256,765566256,97
TIC 765572219,765572219,97
TIC 765574275,765574275,97
TIC 765576866,765576866,97
TIC 765577027,765577027,97
TIC 765578587,765578587,97
TIC 765582484,765582484,97
TIC 765599252,765599252,97
TIC 765601840,765601840,97
TIC 765614262,765614262,97
TIC 765619509,765619509,97
TIC 765622615,765622615,97
TIC 765642143,765642143,97
TIC 765642782,765642782,97
TIC 765647421,765647421,97
TIC 765664468,765664468,97
TIC 765664743,765664743,97
TIC 765691692,765691692,97
TIC 765694984,765694984,97
TIC 765695392,765695392,97
TIC 765697595,765697595,97
TIC 765707287,765707287,97
TIC 765721081,765721081,97
TIC 765722352,765722352,97
TIC 765722918,765722918,97
TIC 765726875,765726875,97
TIC 765736259,765736259,97
TIC 765742207,765742207,97
TIC 765756222,765756222,97
TIC 765758302,765758302,97
TIC 765759358,765759358,97
TIC 765763304,765763304,97
TIC 765768189,765768189,97
TIC 765772936,765772936,97
TIC 765782097,765782097,97
TIC 765786463,765786463,97
TIC 765794936,765794936,97
TIC 765804440,765804440,97
TIC 765806214,765806214,97
TIC 765817815,765817815,97
TIC 765831937,765831937,97
TIC 765832525,765832525,97
TIC 765838373,765838373,97
TIC 765872823,765872823,97
TIC 765873340,765873340,97
TIC 765905588,765905588,97
TIC 765936331,765936331,97
TIC 765946107,765946107,97
TIC 765950280,765950280,97
TIC 765954182,765954182,97
TIC 766009867,766009867,97
TIC 766020250,766020250,97
TIC 766022861,766022861,97
TIC 766028110,766028110,97
TIC 766035107,766035107,97
TIC 766037102,766037102,97
TIC 766040448,766040448,97
TIC 766044315,766044315,97
TIC 766045803,766045803,97
TIC 766055529,766055529,97
TIC 766067615,766067615,97
TIC 766068146,766068146,97
TIC 766069885,766069885,97
TIC 766070810,766070810,97
TIC 766089004,766089004,97
TIC 766094500,766094500,97
TIC 766095837,766095837,97
TIC 766096468,766096468,97
TIC 766101823,766101823,97
TIC 766107235,766107235,97
TIC 766110512,766110512,97
TIC 766113864,766113864,97
TIC 766122851,766122851,97
TIC 766131618,766131618,97
TIC 766132215,766132215,97
TIC 766142340,766142340,97
TIC 766143316,766143316,97
TIC 766143691,766143691,97
TIC 766143761,766143761,97
TIC 766145772,766145772,97
TIC 766145773,766145773,97
TIC 766147663,766147663,97
TIC 766165175,766165175,97
TIC 766174494,766174494,97
TIC 766175608,766175608,97
TIC 766177239,766177239,97
TIC 766179690,766179690,97
TIC 766180864,766180864,97
TIC 766206635,766206635,97
TIC 766211697,766211697,97
TIC 766216692,766216692,97
TIC 766221761,766221761,97
TIC 766223038,766223038,97
TIC 766226087,766226087,97
TIC 766231174,766231174,97
TIC 766245002,766245002,97
TIC 766257010,766257010,97
TIC 766261886,766261886,97
TIC 766276084,766276084,97
TIC 766276102,766276102,97
TIC 766278399,766278399,97
TIC 766285566,766285566,97
TIC 766295302,766295302,97
TIC 766297855,766297855,97
TIC 766313961,766313961,97
TIC 766316189,766316189,97
TIC 766316633,766316633,97
TIC 766340227,766340227,97
TIC 766368142,766368142,97
TIC 766613957,766613957,97
TIC 766621046,766621046,97
TIC 766634449,766634449,97
TIC 767018059,767018059,97
TIC 804664988,804664988,97
TIC 804679764,804679764,97
TIC 804680311,804680311,97
TIC 804681938,804681938,97
TIC 804695501,804695501,97
TIC 804695546,804695546,97
TIC 804702083,804702083,97
TIC 804719647,804719647,97
TIC 804720685,804720685,97
TIC 804721580,804721580,97
TIC 804721739,804721739,97
TIC 804734910,804734910,97
TIC 804736525,804736525,97
TIC 804737146,804737146,97
TIC 804742845,804742845,97
TIC 804762481,804762481,97
TIC 804769814,804769814,97
TIC 804771999,804771999,97
TIC 804782257,804782257,97
TIC 804785051,804785051,97
TIC 805100888,805100888,97
TIC 805180284,805180284,97
TIC 805202958,805202958,97
TIC 805776575,805776575,97
TIC 805805708,805805708,97
TIC 805862085,805862085,97
TIC 805869419,805869419,97
TIC 806234429,806234429,97
TIC 10000259393,10000259393,97
TIC 10001493334,10001493334,97
TIC 10001673212,10001673212,97
TIC 10002219191,10002219191,97
