target,tic_id,sectors
TIC 6286534,6286534,94
TIC 6288424,6288424,94
TIC 6350228,6350228,94
TIC 6402381,6402381,94
TIC 6404965,6404965,94
TIC 6406215,6406215,94
TIC 6406550,6406550,94
TIC 6408097,6408097,94
TIC 6524232,6524232,94
TIC 6526871,6526871,94
TIC 6593029,6593029,94
TIC 6593243,6593243,94
TIC 6595696,6595696,94
TIC 6663331,6663331,94
TIC 6665844,6665844,94
TIC 6667908,6667908,94
TIC 6668335,6668335,94
TIC 6669806,6669806,94
TIC 6670156,6670156,94
TIC 6725846,6725846,94
TIC 6727178,6727178,94
TIC 6728857,6728857,94
TIC 6764171,6764171,94
TIC 6766943,6766943,94
TIC 6898572,6898572,94
TIC 6898578,6898578,94
TIC 6940755,6940755,94
TIC 6942142,6942142,94
TIC 6943013,6943013,94
TIC 6943833,6943833,94
TIC 6945699,6945699,94
TIC 7014733,7014733,94
TIC 7015521,7015521,94
TIC 7015571,7015571,94
TIC 7018768,7018768,94
TIC 7084946,7084946,94
TIC 7088082,7088082,94
TIC 7088246,7088246,94
TIC 8194633,8194633,94
TIC 8196058,8196058,94
TIC 24693667,24693667,94
TIC 24695044,24695044,94
TIC 24703769,24703769,94
TIC 24706089,24706089,94
TIC 24706893,24706893,94
TIC 24750915,24750915,94
TIC 24751229,24751229,94
TIC 25063296,25063296,94
TIC 25063986,25063986,94
TIC 25064377,25064377,94
TIC 25064731,25064731,94
TIC 25064848,25064848,94
TIC 25065471,25065471,94
TIC 25077654,25077654,94
TIC 25077712,25077712,94
TIC 25078120,25078120,94
TIC 25078523,25078523,94
TIC 25078597,25078597,94
TIC 25078674,25078674,94
TIC 25078884,25078884,94
TIC 25078924,25078924,94
TIC 25079689,25079689,94
TIC 25079777,25079777,94
TIC 25079928,25079928,94
TIC 25080362,25080362,94
TIC 25080435,25080435,94
TIC 25080787,25080787,94
TIC 25080867,25080867,94
TIC 25081005,25081005,94
TIC 25081091,25081091,94
TIC 25081407,25081407,94
TIC 25081575,25081575,94
TIC 25081629,25081629,94
TIC 25081729,25081729,94
TIC 25081845,25081845,94
TIC 25116119,25116119,94
TIC 25116373,25116373,94
TIC 25116423,25116423,94
TIC 25116563,25116563,94
TIC 25116696,25116696,94
TIC 25116870,25116870,94
TIC 25117242,25117242,94
TIC 25117273,25117273,94
TIC 25117645,25117645,94
TIC 25117741,25117741,94
TIC 25117756,25117756,94
TIC 25118098,25118098,94
TIC 25118739,25118739,94
TIC 25118797,25118797,94
TIC 25118964,25118964,94
TIC 25131718,25131718,94
TIC 25131760,25131760,94
TIC 25131889,25131889,94
TIC 25131892,25131892,94
TIC 25132222,25132222,94
TIC 25132314,25132314,94
TIC 25132694,25132694,94
TIC 25132720,25132720,94
TIC 25132754,25132754,94
TIC 25132832,25132832,94
TIC 25132893,25132893,94
TIC 25132999,25132999,94
TIC 25133016,25133016,94
TIC 25133052,25133052,94
TIC 25133068,25133068,94
TIC 25133286,25133286,94
TIC 25133604,25133604,94
TIC 25133636,25133636,94
TIC 25134054,25134054,94
TIC 25134105,25134105,94
TIC 25134376,25134376,94
TIC 25134377,25134377,94
TIC 25134567,25134567,94
TIC 25153041,25153041,94
TIC 25153109,25153109,94
TIC 25153167,25153167,94
TIC 25153316,25153316,94
TIC 25153404,25153404,94
TIC 25153635,25153635,94
TIC 25153759,25153759,94
TIC 25154170,25154170,94
TIC 25154301,25154301,94
TIC 25154831,25154831,94
TIC 25155310,25155310,94
TIC 25155340,25155340,94
TIC 25155464,25155464,94
TIC 25155510,25155510,94
TIC 25155654,25155654,94
TIC 25155698,25155698,94
TIC 25155984,25155984,94
TIC 25155998,25155998,94
TIC 25156036,25156036,94
TIC 25194865,25194865,94
TIC 25194908,25194908,94
TIC 25194993,25194993,94
TIC 25195362,25195362,94
TIC 25195446,25195446,94
TIC 25195455,25195455,94
TIC 25195623,25195623,94
TIC 25195850,25195850,94
TIC 25195864,25195864,94
TIC 25196278,25196278,94
TIC 25196356,25196356,94
TIC 27971915,27971915,94
TIC 29758859,29758859,94
TIC 29759170,29759170,94
TIC 29759268,29759268,94
TIC 29759435,29759435,94
TIC 29759557,29759557,94
TIC 29759800,29759800,94
TIC 29759938,29759938,94
TIC 29760053,29760053,94
TIC 29760316,29760316,94
TIC 29760441,29760441,94
TIC 29760913,29760913,94
TIC 29761349,29761349,94
TIC 29761402,29761402,94
TIC 29761724,29761724,94
TIC 29762012,29762012,94
TIC 29762078,29762078,94
TIC 29777922,29777922,94
TIC 29778064,29778064,94
TIC 29778225,29778225,94
TIC 29778239,29778239,94
TIC 29778628,29778628,94
TIC 29779237,29779237,94
TIC 29779700,29779700,94
TIC 29779873,29779873,94
TIC 29780056,29780056,94
TIC 29780270,29780270,94
TIC 29780360,29780360,94
TIC 29780451,29780451,94
TIC 29780677,29780677,94
TIC 29780740,29780740,94
TIC 29781101,29781101,94
TIC 29781207,29781207,94
TIC 29781292,29781292,94
TIC 29781308,29781308,94
TIC 29781430,29781430,94
TIC 29781832,29781832,94
TIC 29781872,29781872,94
TIC 29828780,29828780,94
TIC 29828884,29828884,94
TIC 29829265,29829265,94
TIC 29829699,29829699,94
TIC 29829735,29829735,94
TIC 29830068,29830068,94
TIC 29830830,29830830,94
TIC 29831118,29831118,94
TIC 29831208,29831208,94
TIC 29832209,29832209,94
TIC 29832379,29832379,94
TIC 29832530,29832530,94
TIC 29832604,29832604,94
TIC 29832730,29832730,94
TIC 29833504,29833504,94
TIC 29834926,29834926,94
TIC 29834988,29834988,94
TIC 29835352,29835352,94
TIC 29835586,29835586,94
TIC 29924856,29924856,94
TIC 29925675,29925675,94
TIC 29925818,29925818,94
TIC 29926262,29926262,94
TIC 29926633,29926633,94
TIC 29983149,29983149,94
TIC 29983665,29983665,94
TIC 29984014,29984014,94
TIC 29986479,29986479,94
TIC 29986496,29986496,94
TIC 29986808,29986808,94
TIC 29987134,29987134,94
TIC 29987437,29987437,94
TIC 29987668,29987668,94
TIC 29987961,29987961,94
TIC 29989691,29989691,94
TIC 29990592,29990592,94
TIC 29991309,29991309,94
TIC 29991612,29991612,94
TIC 30031510,30031510,94
TIC 30032006,30032006,94
TIC 30033581,30033581,94
TIC 30034081,30034081,94
TIC 30034266,30034266,94
TIC 30034268,30034268,94
TIC 30035035,30035035,94
TIC 30035088,30035088,94
TIC 30037565,30037565,94
TIC 30038422,30038422,94
TIC 30104033,30104033,94
TIC 30105662,30105662,94
TIC 30106140,30106140,94
TIC 30110048,30110048,94
TIC 30110465,30110465,94
TIC 30110707,30110707,94
TIC 30111936,30111936,94
TIC 30112388,30112388,94
TIC 30112625,30112625,94
TIC 30113151,30113151,94
TIC 30113318,30113318,94
TIC 30113337,30113337,94
TIC 30113381,30113381,94
TIC 30185650,30185650,94
TIC 30186108,30186108,94
TIC 30186481,30186481,94
TIC 30188536,30188536,94
TIC 30189015,30189015,94
TIC 30189775,30189775,94
TIC 30190076,30190076,94
TIC 30191789,30191789,94
TIC 30192292,30192292,94
TIC 30192406,30192406,94
TIC 30193568,30193568,94
TIC 30264466,30264466,94
TIC 30264530,30264530,94
TIC 30264850,30264850,94
TIC 30265037,30265037,94
TIC 30267198,30267198,94
TIC 30268695,30268695,94
TIC 30270183,30270183,94
TIC 30271577,30271577,94
TIC 30271757,30271757,94
TIC 30274200,30274200,94
TIC 30275662,30275662,94
TIC 30275737,30275737,94
TIC 30275777,30275777,94
TIC 30275795,30275795,94
TIC 30275829,30275829,94
TIC 30275861,30275861,94
TIC 30312104,30312104,94
TIC 30312676,30312676,94
TIC 30312711,30312711,94
TIC 30312722,30312722,94
TIC 30312800,30312800,94
TIC 30312916,30312916,94
TIC 30313007,30313007,94
TIC 30313036,30313036,94
TIC 30313682,30313682,94
TIC 30314282,30314282,94
TIC 30315586,30315586,94
TIC 30317282,30317282,94
TIC 30317301,30317301,94
TIC 30318046,30318046,94
TIC 30319402,30319402,94
TIC 30321719,30321719,94
TIC 30322012,30322012,94
TIC 30322368,30322368,94
TIC 30399823,30399823,94
TIC 30401301,30401301,94
TIC 30403638,30403638,94
TIC 30403921,30403921,94
TIC 30404026,30404026,94
TIC 30404953,30404953,94
TIC 30405752,30405752,94
TIC 30407429,30407429,94
TIC 30408386,30408386,94
TIC 30409022,30409022,94
TIC 30411741,30411741,94
TIC 30412406,30412406,94
TIC 30415110,30415110,94
TIC 30421442,30421442,94
TIC 30464053,30464053,94
TIC 30466384,30466384,94
TIC 30467068,30467068,94
TIC 30467930,30467930,94
TIC 30469011,30469011,94
TIC 30469371,30469371,94
TIC 30469454,30469454,94
TIC 30471172,30471172,94
TIC 30471979,30471979,94
TIC 30473652,30473652,94
TIC 30499203,30499203,94
TIC 30503084,30503084,94
TIC 30526897,30526897,94
TIC 30527482,30527482,94
TIC 30531417,30531417,94
TIC 30533103,30533103,94
TIC 30534618,30534618,94
TIC 30537037,30537037,94
TIC 30630877,30630877,94
TIC 30631031,30631031,94
TIC 30631332,30631332,94
TIC 30636219,30636219,94
TIC 30638473,30638473,94
TIC 30643227,30643227,94
TIC 30716342,30716342,94
TIC 30718115,30718115,94
TIC 30722080,30722080,94
TIC 30722685,30722685,94
TIC 30759304,30759304,94
TIC 30760081,30760081,94
TIC 30762052,30762052,94
TIC 30762159,30762159,94
TIC 30762498,30762498,94
TIC 30847613,30847613,94
TIC 30847954,30847954,94
TIC 30848598,30848598,94
TIC 30848801,30848801,94
TIC 30852936,30852936,94
TIC 30853028,30853028,94
TIC 30853470,30853470,94
TIC 30853990,30853990,94
TIC 30854160,30854160,94
TIC 30855727,30855727,94
TIC 30900417,30900417,94
TIC 30918149,30918149,94
TIC 30930925,30930925,94
TIC 30931370,30931370,94
TIC 30933258,30933258,94
TIC 30933383,30933383,94
TIC 30938252,30938252,94
TIC 30941184,30941184,94
TIC 30979064,30979064,94
TIC 30983315,30983315,94
TIC 31005788,31005788,94
TIC 31006009,31006009,94
TIC 31006916,31006916,94
TIC 31011838,31011838,94
TIC 31019475,31019475,94
TIC 31028580,31028580,94
TIC 31104764,31104764,94
TIC 31105402,31105402,94
TIC 31105684,31105684,94
TIC 31105740,31105740,94
TIC 31106039,31106039,94
TIC 31107108,31107108,94
TIC 31108599,31108599,94
TIC 31109583,31109583,94
TIC 31109853,31109853,94
TIC 31162691,31162691,94
TIC 31163182,31163182,94
TIC 31171037,31171037,94
TIC 31178354,31178354,94
TIC 31179797,31179797,94
TIC 31181424,31181424,94
TIC 31181554,31181554,94
TIC 31183609,31183609,94
TIC 31189964,31189964,94
TIC 31231547,31231547,94
TIC 31233320,31233320,94
TIC 31264898,31264898,94
TIC 31266926,31266926,94
TIC 31268146,31268146,94
TIC 31273263,31273263,94
TIC 31273417,31273417,94
TIC 31290143,31290143,94
TIC 31290690,31290690,94
TIC 31311109,31311109,94
TIC 31311824,31311824,94
TIC 31312657,31312657,94
TIC 31312954,31312954,94
TIC 31313085,31313085,94
TIC 31313111,31313111,94
TIC 31313288,31313288,94
TIC 31313963,31313963,94
TIC 31315185,31315185,94
TIC 31315474,31315474,94
TIC 31315611,31315611,94
TIC 31380039,31380039,94
TIC 31381302,31381302,94
TIC 31381636,31381636,94
TIC 31381651,31381651,94
TIC 31382009,31382009,94
TIC 31383402,31383402,94
TIC 31383649,31383649,94
TIC 31386156,31386156,94
TIC 31395151,31395151,94
TIC 31400171,31400171,94
TIC 31410025,31410025,94
TIC 31412505,31412505,94
TIC 31414018,31414018,94
TIC 31415131,31415131,94
TIC 31415544,31415544,94
TIC 31494313,31494313,94
TIC 31497787,31497787,94
TIC 31501035,31501035,94
TIC 31505975,31505975,94
TIC 31506338,31506338,94
TIC 31506424,31506424,94
TIC 31506617,31506617,94
TIC 31508240,31508240,94
TIC 31508405,31508405,94
TIC 31508554,31508554,94
TIC 31509222,31509222,94
TIC 31511621,31511621,94
TIC 31511729,31511729,94
TIC 31511890,31511890,94
TIC 31512254,31512254,94
TIC 31512865,31512865,94
TIC 31528286,31528286,94
TIC 31528780,31528780,94
TIC 31529035,31529035,94
TIC 31529985,31529985,94
TIC 31530164,31530164,94
TIC 31530505,31530505,94
TIC 31531129,31531129,94
TIC 31532625,31532625,94
TIC 31532870,31532870,94
TIC 31533348,31533348,94
TIC 31533454,31533454,94
TIC 31533553,31533553,94
TIC 31553893,31553893,94
TIC 31555060,31555060,94
TIC 31557506,31557506,94
TIC 31560152,31560152,94
TIC 31601457,31601457,94
TIC 31602748,31602748,94
TIC 31627825,31627825,94
TIC 31628009,31628009,94
TIC 31634579,31634579,94
TIC 31636568,31636568,94
TIC 31636688,31636688,94
TIC 31637479,31637479,94
TIC 31655134,31655134,94
TIC 31655792,31655792,94
TIC 31656118,31656118,94
TIC 31672239,31672239,94
TIC 31674330,31674330,94
TIC 31675020,31675020,94
TIC 31690331,31690331,94
TIC 31695387,31695387,94
TIC 31697707,31697707,94
TIC 31704508,31704508,94
TIC 31705248,31705248,94
TIC 31742507,31742507,94
TIC 31746672,31746672,94
TIC 31747041,31747041,94
TIC 31747723,31747723,94
TIC 31778786,31778786,94
TIC 31779649,31779649,94
TIC 31779804,31779804,94
TIC 31781736,31781736,94
TIC 31781793,31781793,94
TIC 31786438,31786438,94
TIC 31792609,31792609,94
TIC 31795900,31795900,94
TIC 31798594,31798594,94
TIC 31798927,31798927,94
TIC 31799975,31799975,94
TIC 31814200,31814200,94
TIC 31814373,31814373,94
TIC 31815637,31815637,94
TIC 31816240,31816240,94
TIC 31817437,31817437,94
TIC 31817702,31817702,94
TIC 31850842,31850842,94
TIC 31850969,31850969,94
TIC 31851192,31851192,94
TIC 31852073,31852073,94
TIC 31852879,31852879,94
TIC 31852980,31852980,94
TIC 31853965,31853965,94
TIC 31858843,31858843,94
TIC 31867144,31867144,94
TIC 31867605,31867605,94
TIC 31867746,31867746,94
TIC 31867858,31867858,94
TIC 31870141,31870141,94
TIC 31871193,31871193,94
TIC 31871311,31871311,94
TIC 31925153,31925153,94
TIC 31925538,31925538,94
TIC 31926545,31926545,94
TIC 31927068,31927068,94
TIC 31927487,31927487,94
TIC 31929199,31929199,94
TIC 31929204,31929204,94
TIC 31929205,31929205,94
TIC 31929321,31929321,94
TIC 31929460,31929460,94
TIC 31943231,31943231,94
TIC 31943299,31943299,94
TIC 31943750,31943750,94
TIC 31944460,31944460,94
TIC 31945363,31945363,94
TIC 31945490,31945490,94
TIC 31945640,31945640,94
TIC 31945773,31945773,94
TIC 31946250,31946250,94
TIC 31946252,31946252,94
TIC 31957710,31957710,94
TIC 31959467,31959467,94
TIC 31960109,31960109,94
TIC 31960529,31960529,94
TIC 31960580,31960580,94
TIC 31961002,31961002,94
TIC 31961007,31961007,94
TIC 31961121,31961121,94
TIC 31961123,31961123,94
TIC 31962066,31962066,94
TIC 31962067,31962067,94
TIC 31962715,31962715,94
TIC 31962742,31962742,94
TIC 31962935,31962935,94
TIC 31963132,31963132,94
TIC 31963524,31963524,94
TIC 31963530,31963530,94
TIC 31998168,31998168,94
TIC 31998443,31998443,94
TIC 31998581,31998581,94
TIC 31999341,31999341,94
TIC 31999683,31999683,94
TIC 31999747,31999747,94
TIC 32000460,32000460,94
TIC 32000625,32000625,94
TIC 32001054,32001054,94
TIC 32001057,32001057,94
TIC 32032672,32032672,94
TIC 32032862,32032862,94
TIC 32032865,32032865,94
TIC 32032908,32032908,94
TIC 32033224,32033224,94
TIC 32034088,32034088,94
TIC 32034254,32034254,94
TIC 32034372,32034372,94
TIC 32034867,32034867,94
TIC 32035258,32035258,94
TIC 32035475,32035475,94
TIC 32035660,32035660,94
TIC 32036415,32036415,94
TIC 32036692,32036692,94
TIC 32046665,32046665,94
TIC 32047333,32047333,94
TIC 32050155,32050155,94
TIC 32050414,32050414,94
TIC 32050485,32050485,94
TIC 32051052,32051052,94
TIC 32051091,32051091,94
TIC 32051273,32051273,94
TIC 32051546,32051546,94
TIC 32051721,32051721,94
TIC 32051872,32051872,94
TIC 32052027,32052027,94
TIC 32052059,32052059,94
TIC 32052179,32052179,94
TIC 32052607,32052607,94
TIC 32052608,32052608,94
TIC 32052779,32052779,94
TIC 32053388,32053388,94
TIC 32068210,32068210,94
TIC 32068500,32068500,94
TIC 32068637,32068637,94
TIC 32068755,32068755,94
TIC 32068898,32068898,94
TIC 32069592,32069592,94
TIC 32070390,32070390,94
TIC 32071556,32071556,94
TIC 32071753,32071753,94
TIC 32072097,32072097,94
TIC 32072196,32072196,94
TIC 32072229,32072229,94
TIC 32088907,32088907,94
TIC 32089054,32089054,94
TIC 32089522,32089522,94
TIC 32089528,32089528,94
TIC 32089857,32089857,94
TIC 32090046,32090046,94
TIC 32090208,32090208,94
TIC 32090394,32090394,94
TIC 32090407,32090407,94
TIC 32090440,32090440,94
TIC 32090581,32090581,94
TIC 32090583,32090583,94
TIC 32090960,32090960,94
TIC 32091606,32091606,94
TIC 32091784,32091784,94
TIC 32092043,32092043,94
TIC 32092280,32092280,94
TIC 32092813,32092813,94
TIC 32093027,32093027,94
TIC 32150093,32150093,94
TIC 32150270,32150270,94
TIC 32150333,32150333,94
TIC 32150334,32150334,94
TIC 32150630,32150630,94
TIC 32150672,32150672,94
TIC 32152015,32152015,94
TIC 32152605,32152605,94
TIC 32152976,32152976,94
TIC 32153165,32153165,94
TIC 32153214,32153214,94
TIC 32153309,32153309,94
TIC 32153316,32153316,94
TIC 32153468,32153468,94
TIC 32154131,32154131,94
TIC 32154146,32154146,94
TIC 32154622,32154622,94
TIC 32154687,32154687,94
TIC 32195034,32195034,94
TIC 32269756,32269756,94
TIC 32271135,32271135,94
TIC 32273560,32273560,94
TIC 32360983,32360983,94
TIC 32435868,32435868,94
TIC 32443848,32443848,94
TIC 32443914,32443914,94
TIC 32445095,32445095,94
TIC 32485714,32485714,94
TIC 33714338,33714338,94
TIC 33714406,33714406,94
TIC 33714875,33714875,94
TIC 33714944,33714944,94
TIC 33715209,33715209,94
TIC 33715210,33715210,94
TIC 33715295,33715295,94
TIC 33715651,33715651,94
TIC 33715938,33715938,94
TIC 33716196,33716196,94
TIC 33716446,33716446,94
TIC 33716474,33716474,94
TIC 33717509,33717509,94
TIC 33717565,33717565,94
TIC 33718168,33718168,94
TIC 33732017,33732017,94
TIC 33732557,33732557,94
TIC 33733052,33733052,94
TIC 33733072,33733072,94
TIC 33733169,33733169,94
TIC 33733321,33733321,94
TIC 33733359,33733359,94
TIC 33733803,33733803,94
TIC 33734143,33734143,94
TIC 33735178,33735178,94
TIC 33735229,33735229,94
TIC 33735382,33735382,94
TIC 33735626,33735626,94
TIC 33735734,33735734,94
TIC 33736201,33736201,94
TIC 33765924,33765924,94
TIC 33766129,33766129,94
TIC 33766212,33766212,94
TIC 33766245,33766245,94
TIC 33766654,33766654,94
TIC 33767134,33767134,94
TIC 33767826,33767826,94
TIC 33767929,33767929,94
TIC 33769659,33769659,94
TIC 33770579,33770579,94
TIC 33770761,33770761,94
TIC 33770766,33770766,94
TIC 33770773,33770773,94
TIC 33770863,33770863,94
TIC 33831261,33831261,94
TIC 33831637,33831637,94
TIC 33831818,33831818,94
TIC 33831980,33831980,94
TIC 33832107,33832107,94
TIC 33833289,33833289,94
TIC 33833443,33833443,94
TIC 33833498,33833498,94
TIC 33833553,33833553,94
TIC 33833790,33833790,94
TIC 33834068,33834068,94
TIC 33834253,33834253,94
TIC 33834447,33834447,94
TIC 33834484,33834484,94
TIC 33834502,33834502,94
TIC 33834564,33834564,94
TIC 33834613,33834613,94
TIC 33835660,33835660,94
TIC 33835756,33835756,94
TIC 33835925,33835925,94
TIC 33836359,33836359,94
TIC 33836833,33836833,94
TIC 33836850,33836850,94
TIC 33838777,33838777,94
TIC 33839044,33839044,94
TIC 33839220,33839220,94
TIC 33839693,33839693,94
TIC 33839723,33839723,94
TIC 33840009,33840009,94
TIC 33840683,33840683,94
TIC 33840779,33840779,94
TIC 33840951,33840951,94
TIC 33840973,33840973,94
TIC 33861444,33861444,94
TIC 33861618,33861618,94
TIC 33863199,33863199,94
TIC 33863453,33863453,94
TIC 33864178,33864178,94
TIC 33864198,33864198,94
TIC 33864387,33864387,94
TIC 33864492,33864492,94
TIC 33864821,33864821,94
TIC 33865093,33865093,94
TIC 33866070,33866070,94
TIC 33866201,33866201,94
TIC 33866571,33866571,94
TIC 33877534,33877534,94
TIC 33877753,33877753,94
TIC 33877907,33877907,94
TIC 33878145,33878145,94
TIC 33878459,33878459,94
TIC 33878688,33878688,94
TIC 33878834,33878834,94
TIC 33878971,33878971,94
TIC 33879052,33879052,94
TIC 33879312,33879312,94
TIC 33879314,33879314,94
TIC 33879345,33879345,94
TIC 33879593,33879593,94
TIC 33879639,33879639,94
TIC 33879968,33879968,94
TIC 33880242,33880242,94
TIC 33880418,33880418,94
TIC 33880674,33880674,94
TIC 33880746,33880746,94
TIC 33880864,33880864,94
TIC 33881153,33881153,94
TIC 33910266,33910266,94
TIC 33910267,33910267,94
TIC 33910322,33910322,94
TIC 33910327,33910327,94
TIC 34463960,34463960,94
TIC 34520844,34520844,94
TIC 34613661,34613661,94
TIC 34614786,34614786,94
TIC 34642763,34642763,94
TIC 34643343,34643343,94
TIC 34685480,34685480,94
TIC 34685590,34685590,94
TIC 34761716,34761716,94
TIC 34798133,34798133,94
TIC 34800060,34800060,94
TIC 34802109,34802109,94
TIC 34862340,34862340,94
TIC 34864575,34864575,94
TIC 38422961,38422961,94
TIC 38423413,38423413,94
TIC 38423834,38423834,94
TIC 38423929,38423929,94
TIC 38423974,38423974,94
TIC 38425745,38425745,94
TIC 38425946,38425946,94
TIC 38458393,38458393,94
TIC 38458938,38458938,94
TIC 38459063,38459063,94
TIC 38459103,38459103,94
TIC 38460940,38460940,94
TIC 38461205,38461205,94
TIC 38461375,38461375,94
TIC 38461400,38461400,94
TIC 38461453,38461453,94
TIC 38461578,38461578,94
TIC 38461594,38461594,94
TIC 38461883,38461883,94
TIC 38462140,38462140,94
TIC 38462360,38462360,94
TIC 38462406,38462406,94
TIC 38462407,38462407,94
TIC 38462517,38462517,94
TIC 38462643,38462643,94
TIC 38467928,38467928,94
TIC 38468130,38468130,94
TIC 38468276,38468276,94
TIC 38468952,38468952,94
TIC 38469010,38469010,94
TIC 38469159,38469159,94
TIC 38469354,38469354,94
TIC 38469560,38469560,94
TIC 38469670,38469670,94
TIC 38469694,38469694,94
TIC 38469800,38469800,94
TIC 38469934,38469934,94
TIC 38470052,38470052,94
TIC 38470115,38470115,94
TIC 38507813,38507813,94
TIC 38507842,38507842,94
TIC 38507943,38507943,94
TIC 38507951,38507951,94
TIC 38507963,38507963,94
TIC 38507980,38507980,94
TIC 38508395,38508395,94
TIC 38508526,38508526,94
TIC 38508639,38508639,94
TIC 38508644,38508644,94
TIC 38509758,38509758,94
TIC 38509907,38509907,94
TIC 38510224,38510224,94
TIC 38510324,38510324,94
TIC 38515255,38515255,94
TIC 38515329,38515329,94
TIC 38515566,38515566,94
TIC 38515801,38515801,94
TIC 38515807,38515807,94
TIC 38516117,38516117,94
TIC 38516267,38516267,94
TIC 38516338,38516338,94
TIC 38516712,38516712,94
TIC 38517036,38517036,94
TIC 38517724,38517724,94
TIC 38517744,38517744,94
TIC 38518913,38518913,94
TIC 38519052,38519052,94
TIC 38570567,38570567,94
TIC 38570700,38570700,94
TIC 38570936,38570936,94
TIC 38570985,38570985,94
TIC 38571020,38571020,94
TIC 38571268,38571268,94
TIC 38572209,38572209,94
TIC 38572873,38572873,94
TIC 38572963,38572963,94
TIC 38573074,38573074,94
TIC 38574033,38574033,94
TIC 38574220,38574220,94
TIC 38574307,38574307,94
TIC 38583375,38583375,94
TIC 38583513,38583513,94
TIC 38583536,38583536,94
TIC 38583537,38583537,94
TIC 38584357,38584357,94
TIC 38584652,38584652,94
TIC 38584681,38584681,94
TIC 38584748,38584748,94
TIC 38584799,38584799,94
TIC 38585015,38585015,94
TIC 38585033,38585033,94
TIC 38585053,38585053,94
TIC 38585160,38585160,94
TIC 38586082,38586082,94
TIC 38586127,38586127,94
TIC 38586374,38586374,94
TIC 38586416,38586416,94
TIC 38586438,38586438,94
TIC 38586707,38586707,94
TIC 38586863,38586863,94
TIC 38587180,38587180,94
TIC 38587275,38587275,94
TIC 38587506,38587506,94
TIC 38587665,38587665,94
TIC 38587743,38587743,94
TIC 38587771,38587771,94
TIC 38600576,38600576,94
TIC 38600988,38600988,94
TIC 38601129,38601129,94
TIC 38601557,38601557,94
TIC 38601878,38601878,94
TIC 38602091,38602091,94
TIC 38602305,38602305,94
TIC 38602419,38602419,94
TIC 38602626,38602626,94
TIC 38603487,38603487,94
TIC 38603673,38603673,94
TIC 38604353,38604353,94
TIC 38605815,38605815,94
TIC 38606529,38606529,94
TIC 38607156,38607156,94
TIC 38607298,38607298,94
TIC 38608850,38608850,94
TIC 38608863,38608863,94
TIC 38608928,38608928,94
TIC 38608953,38608953,94
TIC 38608972,38608972,94
TIC 38609021,38609021,94
TIC 38609671,38609671,94
TIC 38609673,38609673,94
TIC 38610352,38610352,94
TIC 38631817,38631817,94
TIC 38632201,38632201,94
TIC 38632722,38632722,94
TIC 38632809,38632809,94
TIC 38633003,38633003,94
TIC 38633243,38633243,94
TIC 38633258,38633258,94
TIC 38633459,38633459,94
TIC 38633462,38633462,94
TIC 38633493,38633493,94
TIC 38633580,38633580,94
TIC 38633847,38633847,94
TIC 38634014,38634014,94
TIC 38634033,38634033,94
TIC 38634085,38634085,94
TIC 38634087,38634087,94
TIC 38634217,38634217,94
TIC 38634757,38634757,94
TIC 38634770,38634770,94
TIC 38635270,38635270,94
TIC 38635641,38635641,94
TIC 38635760,38635760,94
TIC 38635849,38635849,94
TIC 38635856,38635856,94
TIC 38678868,38678868,94
TIC 38678931,38678931,94
TIC 38679011,38679011,94
TIC 38679045,38679045,94
TIC 38679058,38679058,94
TIC 38679209,38679209,94
TIC 38679565,38679565,94
TIC 38680052,38680052,94
TIC 38680102,38680102,94
TIC 38680132,38680132,94
TIC 38680230,38680230,94
TIC 38680567,38680567,94
TIC 38680734,38680734,94
TIC 38681518,38681518,94
TIC 38682119,38682119,94
TIC 38682869,38682869,94
TIC 38683223,38683223,94
TIC 38695861,38695861,94
TIC 38696105,38696105,94
TIC 38696111,38696111,94
TIC 38696264,38696264,94
TIC 38696355,38696355,94
TIC 38696526,38696526,94
TIC 38696814,38696814,94
TIC 38696898,38696898,94
TIC 38697111,38697111,94
TIC 38697411,38697411,94
TIC 38697412,38697412,94
TIC 38697444,38697444,94
TIC 38697821,38697821,94
TIC 38698083,38698083,94
TIC 38698680,38698680,94
TIC 38698692,38698692,94
TIC 38698751,38698751,94
TIC 38699083,38699083,94
TIC 38699470,38699470,94
TIC 38699545,38699545,94
TIC 38699578,38699578,94
TIC 38699658,38699658,94
TIC 38699825,38699825,94
TIC 38707340,38707340,94
TIC 38707423,38707423,94
TIC 38707482,38707482,94
TIC 38707633,38707633,94
TIC 38707757,38707757,94
TIC 38707774,38707774,94
TIC 38707949,38707949,94
TIC 38708042,38708042,94
TIC 38709037,38709037,94
TIC 38709112,38709112,94
TIC 38709334,38709334,94
TIC 38709365,38709365,94
TIC 38709750,38709750,94
TIC 38709988,38709988,94
TIC 38710225,38710225,94
TIC 38710712,38710712,94
TIC 38711529,38711529,94
TIC 38711614,38711614,94
TIC 38736839,38736839,94
TIC 38739424,38739424,94
TIC 38759499,38759499,94
TIC 38759628,38759628,94
TIC 38759751,38759751,94
TIC 38760605,38760605,94
TIC 38760820,38760820,94
TIC 38760904,38760904,94
TIC 38761335,38761335,94
TIC 38761384,38761384,94
TIC 38761440,38761440,94
TIC 38762657,38762657,94
TIC 38762664,38762664,94
TIC 38763021,38763021,94
TIC 38763180,38763180,94
TIC 38763320,38763320,94
TIC 38763326,38763326,94
TIC 38807464,38807464,94
TIC 38808065,38808065,94
TIC 38810787,38810787,94
TIC 38811269,38811269,94
TIC 38811498,38811498,94
TIC 38812501,38812501,94
TIC 38812653,38812653,94
TIC 38813085,38813085,94
TIC 38813141,38813141,94
TIC 38813147,38813147,94
TIC 38813176,38813176,94
TIC 38813375,38813375,94
TIC 38813816,38813816,94
TIC 38814733,38814733,94
TIC 38815302,38815302,94
TIC 38815338,38815338,94
TIC 38815522,38815522,94
TIC 38815574,38815574,94
TIC 38824192,38824192,94
TIC 38824274,38824274,94
TIC 38824311,38824311,94
TIC 38824355,38824355,94
TIC 38824524,38824524,94
TIC 38824938,38824938,94
TIC 38825084,38825084,94
TIC 38825397,38825397,94
TIC 38826026,38826026,94
TIC 38826578,38826578,94
TIC 38827175,38827175,94
TIC 38827449,38827449,94
TIC 38827910,38827910,94
TIC 38828272,38828272,94
TIC 38828284,38828284,94
TIC 38828538,38828538,94
TIC 38828619,38828619,94
TIC 38828734,38828734,94
TIC 38828908,38828908,94
TIC 38833739,38833739,94
TIC 38834597,38834597,94
TIC 38835654,38835654,94
TIC 38842265,38842265,94
TIC 38842861,38842861,94
TIC 38843381,38843381,94
TIC 38843430,38843430,94
TIC 38843695,38843695,94
TIC 38844268,38844268,94
TIC 38844392,38844392,94
TIC 38844604,38844604,94
TIC 38845336,38845336,94
TIC 38845357,38845357,94
TIC 38845575,38845575,94
TIC 38846146,38846146,94
TIC 38846471,38846471,94
TIC 38846515,38846515,94
TIC 38846531,38846531,94
TIC 38847248,38847248,94
TIC 38850860,38850860,94
TIC 38875458,38875458,94
TIC 38876195,38876195,94
TIC 38876743,38876743,94
TIC 38876968,38876968,94
TIC 38877461,38877461,94
TIC 38877496,38877496,94
TIC 38896189,38896189,94
TIC 38897607,38897607,94
TIC 38905525,38905525,94
TIC 38905538,38905538,94
TIC 38905722,38905722,94
TIC 38905773,38905773,94
TIC 38906005,38906005,94
TIC 38907305,38907305,94
TIC 38907321,38907321,94
TIC 38907328,38907328,94
TIC 38907513,38907513,94
TIC 38908257,38908257,94
TIC 38908399,38908399,94
TIC 38908752,38908752,94
TIC 38908923,38908923,94
TIC 38909083,38909083,94
TIC 38909096,38909096,94
TIC 38909361,38909361,94
TIC 38909487,38909487,94
TIC 38909490,38909490,94
TIC 38909532,38909532,94
TIC 38909586,38909586,94
TIC 38909679,38909679,94
TIC 38909740,38909740,94
TIC 38937714,38937714,94
TIC 38939275,38939275,94
TIC 38939497,38939497,94
TIC 38939536,38939536,94
TIC 38939558,38939558,94
TIC 38939585,38939585,94
TIC 38940036,38940036,94
TIC 38940308,38940308,94
TIC 38940539,38940539,94
TIC 38940541,38940541,94
TIC 38941452,38941452,94
TIC 38941653,38941653,94
TIC 38942330,38942330,94
TIC 38942483,38942483,94
TIC 38942595,38942595,94
TIC 38942653,38942653,94
TIC 38942727,38942727,94
TIC 38942878,38942878,94
TIC 38943958,38943958,94
TIC 38943971,38943971,94
TIC 38944073,38944073,94
TIC 38952678,38952678,94
TIC 38954437,38954437,94
TIC 38954454,38954454,94
TIC 38954456,38954456,94
TIC 38954528,38954528,94
TIC 38963613,38963613,94
TIC 39015747,39015747,94
TIC 39048880,39048880,94
TIC 39071101,39071101,94
TIC 39071103,39071103,94
TIC 39071873,39071873,94
TIC 39079779,39079779,94
TIC 39080180,39080180,94
TIC 39082723,39082723,94
TIC 39082835,39082835,94
TIC 39163759,39163759,94
TIC 40183989,40183989,94
TIC 40185307,40185307,94
TIC 40185978,40185978,94
TIC 40273492,40273492,94
TIC 40274375,40274375,94
TIC 40275183,40275183,94
TIC 40275791,40275791,94
TIC 40278737,40278737,94
TIC 40336359,40336359,94
TIC 40339576,40339576,94
TIC 40340867,40340867,94
TIC 40341603,40341603,94
TIC 40343782,40343782,94
TIC 40345470,40345470,94
TIC 40404470,40404470,94
TIC 40405143,40405143,94
TIC 40409739,40409739,94
TIC 40511114,40511114,94
TIC 40515514,40515514,94
TIC 40516899,40516899,94
TIC 40518041,40518041,94
TIC 40519210,40519210,94
TIC 40520168,40520168,94
TIC 40523773,40523773,94
TIC 40600964,40600964,94
TIC 40601527,40601527,94
TIC 40602710,40602710,94
TIC 40602927,40602927,94
TIC 40603917,40603917,94
TIC 40603990,40603990,94
TIC 40612150,40612150,94
TIC 40666957,40666957,94
TIC 40669144,40669144,94
TIC 40716679,40716679,94
TIC 40717315,40717315,94
TIC 40717334,40717334,94
TIC 40717365,40717365,94
TIC 40717592,40717592,94
TIC 40793484,40793484,94
TIC 40795195,40795195,94
TIC 40795915,40795915,94
TIC 40800157,40800157,94
TIC 40802388,40802388,94
TIC 40803714,40803714,94
TIC 40806371,40806371,94
TIC 40890363,40890363,94
TIC 40893005,40893005,94
TIC 40893888,40893888,94
TIC 40895175,40895175,94
TIC 40895303,40895303,94
TIC 40897656,40897656,94
TIC 41029088,41029088,94
TIC 41029133,41029133,94
TIC 41029585,41029585,94
TIC 41030714,41030714,94
TIC 41030783,41030783,94
TIC 41030824,41030824,94
TIC 41031598,41031598,94
TIC 41031676,41031676,94
TIC 41034345,41034345,94
TIC 41035485,41035485,94
TIC 41083578,41083578,94
TIC 41085097,41085097,94
TIC 41088155,41088155,94
TIC 41089123,41089123,94
TIC 41107892,41107892,94
TIC 41108576,41108576,94
TIC 41110118,41110118,94
TIC 41112771,41112771,94
TIC 41115548,41115548,94
TIC 41168549,41168549,94
TIC 41170667,41170667,94
TIC 41172972,41172972,94
TIC 41173537,41173537,94
TIC 41173667,41173667,94
TIC 41174274,41174274,94
TIC 41226271,41226271,94
TIC 41226614,41226614,94
TIC 41226621,41226621,94
TIC 41226963,41226963,94
TIC 41227743,41227743,94
TIC 41227922,41227922,94
TIC 41229199,41229199,94
TIC 41229812,41229812,94
TIC 41230564,41230564,94
TIC 41230597,41230597,94
TIC 41231040,41231040,94
TIC 41231758,41231758,94
TIC 41232189,41232189,94
TIC 41232835,41232835,94
TIC 41233160,41233160,94
TIC 41254454,41254454,94
TIC 41255491,41255491,94
TIC 41256240,41256240,94
TIC 41256266,41256266,94
TIC 41258373,41258373,94
TIC 41258782,41258782,94
TIC 41258834,41258834,94
TIC 41259424,41259424,94
TIC 41259805,41259805,94
TIC 41331819,41331819,94
TIC 41338480,41338480,94
TIC 41358832,41358832,94
TIC 41359534,41359534,94
TIC 41361145,41361145,94
TIC 41361147,41361147,94
TIC 41361917,41361917,94
TIC 41363877,41363877,94
TIC 41364284,41364284,94
TIC 41459998,41459998,94
TIC 41463056,41463056,94
TIC 41463058,41463058,94
TIC 41463262,41463262,94
TIC 41464373,41464373,94
TIC 41464376,41464376,94
TIC 41464526,41464526,94
TIC 41464859,41464859,94
TIC 41464899,41464899,94
TIC 41483281,41483281,94
TIC 41484615,41484615,94
TIC 41485573,41485573,94
TIC 41486002,41486002,94
TIC 41486474,41486474,94
TIC 41487265,41487265,94
TIC 41487605,41487605,94
TIC 41488282,41488282,94
TIC 41528411,41528411,94
TIC 41529304,41529304,94
TIC 41529307,41529307,94
TIC 41530565,41530565,94
TIC 41532123,41532123,94
TIC 41532261,41532261,94
TIC 41533313,41533313,94
TIC 41533357,41533357,94
TIC 41586558,41586558,94
TIC 41587424,41587424,94
TIC 41590169,41590169,94
TIC 41590303,41590303,94
TIC 41590715,41590715,94
TIC 41591173,41591173,94
TIC 41594564,41594564,94
TIC 41596872,41596872,94
TIC 48777312,48777312,94
TIC 48897808,48897808,94
TIC 48898087,48898087,94
TIC 48899059,48899059,94
TIC 48937336,48937336,94
TIC 48939227,48939227,94
TIC 48939546,48939546,94
TIC 48958139,48958139,94
TIC 50232454,50232454,94
TIC 50232857,50232857,94
TIC 50232941,50232941,94
TIC 50270201,50270201,94
TIC 50271271,50271271,94
TIC 50271337,50271337,94
TIC 50308200,50308200,94
TIC 50308878,50308878,94
TIC 50308940,50308940,94
TIC 50308947,50308947,94
TIC 50309953,50309953,94
TIC 50310672,50310672,94
TIC 50312495,50312495,94
TIC 50312590,50312590,94
TIC 50313426,50313426,94
TIC 50313755,50313755,94
TIC 50314288,50314288,94
TIC 50314947,50314947,94
TIC 50345884,50345884,94
TIC 50346583,50346583,94
TIC 50377750,50377750,94
TIC 50378599,50378599,94
TIC 50378837,50378837,94
TIC 50379036,50379036,94
TIC 50379749,50379749,94
TIC 50381581,50381581,94
TIC 50381770,50381770,94
TIC 50381965,50381965,94
TIC 50382764,50382764,94
TIC 50384080,50384080,94
TIC 50385872,50385872,94
TIC 50385922,50385922,94
TIC 50386332,50386332,94
TIC 50436559,50436559,94
TIC 50438635,50438635,94
TIC 50439254,50439254,94
TIC 50440486,50440486,94
TIC 50441632,50441632,94
TIC 50442262,50442262,94
TIC 50443198,50443198,94
TIC 50443345,50443345,94
TIC 50474725,50474725,94
TIC 50475099,50475099,94
TIC 50476058,50476058,94
TIC 50490785,50490785,94
TIC 50491036,50491036,94
TIC 50491957,50491957,94
TIC 50492150,50492150,94
TIC 50493502,50493502,94
TIC 50494474,50494474,94
TIC 51911353,51911353,94
TIC 51913912,51913912,94
TIC 51938745,51938745,94
TIC 51938825,51938825,94
TIC 51990579,51990579,94
TIC 52016608,52016608,94
TIC 52016801,52016801,94
TIC 52058205,52058205,94
TIC 52203368,52203368,94
TIC 52203920,52203920,94
TIC 52205815,52205815,94
TIC 52205853,52205853,94
TIC 52206436,52206436,94
TIC 52256031,52256031,94
TIC 52309406,52309406,94
TIC 52309675,52309675,94
TIC 52314627,52314627,94
TIC 52366167,52366167,94
TIC 52402679,52402679,94
TIC 55241817,55241817,94
TIC 55242082,55242082,94
TIC 55269690,55269690,94
TIC 55269822,55269822,94
TIC 55269981,55269981,94
TIC 55270025,55270025,94
TIC 55270064,55270064,94
TIC 55270123,55270123,94
TIC 55270430,55270430,94
TIC 55270896,55270896,94
TIC 55271188,55271188,94
TIC 55271423,55271423,94
TIC 55271734,55271734,94
TIC 55272169,55272169,94
TIC 55272182,55272182,94
TIC 55272262,55272262,94
TIC 55272404,55272404,94
TIC 55272549,55272549,94
TIC 55272819,55272819,94
TIC 55273215,55273215,94
TIC 55273436,55273436,94
TIC 55274473,55274473,94
TIC 55274956,55274956,94
TIC 55291546,55291546,94
TIC 55293304,55293304,94
TIC 55293484,55293484,94
TIC 55293744,55293744,94
TIC 55294570,55294570,94
TIC 55295368,55295368,94
TIC 55295497,55295497,94
TIC 55296056,55296056,94
TIC 55296811,55296811,94
TIC 55296864,55296864,94
TIC 55297320,55297320,94
TIC 55298271,55298271,94
TIC 55298744,55298744,94
TIC 55298910,55298910,94
TIC 55363479,55363479,94
TIC 55363630,55363630,94
TIC 55364939,55364939,94
TIC 55366186,55366186,94
TIC 55366779,55366779,94
TIC 55367245,55367245,94
TIC 55367248,55367248,94
TIC 55367591,55367591,94
TIC 55368519,55368519,94
TIC 55368621,55368621,94
TIC 55368744,55368744,94
TIC 55368763,55368763,94
TIC 55369219,55369219,94
TIC 55369263,55369263,94
TIC 55369613,55369613,94
TIC 55369751,55369751,94
TIC 55383814,55383814,94
TIC 55383975,55383975,94
TIC 55384838,55384838,94
TIC 55385205,55385205,94
TIC 55386818,55386818,94
TIC 55387510,55387510,94
TIC 55388535,55388535,94
TIC 55398886,55398886,94
TIC 55398925,55398925,94
TIC 55398952,55398952,94
TIC 55399276,55399276,94
TIC 55399354,55399354,94
TIC 55399441,55399441,94
TIC 55399514,55399514,94
TIC 55399549,55399549,94
TIC 55400261,55400261,94
TIC 55401458,55401458,94
TIC 55401488,55401488,94
TIC 55401489,55401489,94
TIC 55401680,55401680,94
TIC 55402580,55402580,94
TIC 55404385,55404385,94
TIC 55405087,55405087,94
TIC 55449970,55449970,94
TIC 55450156,55450156,94
TIC 55450839,55450839,94
TIC 55450888,55450888,94
TIC 55450951,55450951,94
TIC 55451697,55451697,94
TIC 55451820,55451820,94
TIC 55451838,55451838,94
TIC 55451914,55451914,94
TIC 55451918,55451918,94
TIC 55452078,55452078,94
TIC 55452212,55452212,94
TIC 55452503,55452503,94
TIC 55452577,55452577,94
TIC 55452918,55452918,94
TIC 55452935,55452935,94
TIC 55453219,55453219,94
TIC 55453391,55453391,94
TIC 55453775,55453775,94
TIC 55454149,55454149,94
TIC 55455221,55455221,94
TIC 55476806,55476806,94
TIC 55476838,55476838,94
TIC 55476866,55476866,94
TIC 55478023,55478023,94
TIC 55478102,55478102,94
TIC 55478222,55478222,94
TIC 55478372,55478372,94
TIC 55478693,55478693,94
TIC 55478825,55478825,94
TIC 55479529,55479529,94
TIC 55481208,55481208,94
TIC 55481273,55481273,94
TIC 55497576,55497576,94
TIC 55498044,55498044,94
TIC 55498515,55498515,94
TIC 55498904,55498904,94
TIC 55499867,55499867,94
TIC 55500825,55500825,94
TIC 55500832,55500832,94
TIC 55500860,55500860,94
TIC 55501140,55501140,94
TIC 55501264,55501264,94
TIC 55501315,55501315,94
TIC 55522986,55522986,94
TIC 55523180,55523180,94
TIC 55523322,55523322,94
TIC 55523390,55523390,94
TIC 55523561,55523561,94
TIC 55523582,55523582,94
TIC 55523592,55523592,94
TIC 55523840,55523840,94
TIC 55524055,55524055,94
TIC 55524640,55524640,94
TIC 55525637,55525637,94
TIC 55525781,55525781,94
TIC 55526343,55526343,94
TIC 55526602,55526602,94
TIC 55527074,55527074,94
TIC 55527351,55527351,94
TIC 55527590,55527590,94
TIC 55527661,55527661,94
TIC 55528079,55528079,94
TIC 55555122,55555122,94
TIC 55555531,55555531,94
TIC 55556127,55556127,94
TIC 55556721,55556721,94
TIC 55556732,55556732,94
TIC 55556797,55556797,94
TIC 55557135,55557135,94
TIC 55557672,55557672,94
TIC 55558113,55558113,94
TIC 55558686,55558686,94
TIC 55558734,55558734,94
TIC 55559067,55559067,94
TIC 55559079,55559079,94
TIC 55559618,55559618,94
TIC 55601455,55601455,94
TIC 55601705,55601705,94
TIC 55602946,55602946,94
TIC 55603187,55603187,94
TIC 55603433,55603433,94
TIC 55603501,55603501,94
TIC 55604222,55604222,94
TIC 55604274,55604274,94
TIC 55604328,55604328,94
TIC 55604374,55604374,94
TIC 55604441,55604441,94
TIC 55604447,55604447,94
TIC 55605417,55605417,94
TIC 55605752,55605752,94
TIC 55606568,55606568,94
TIC 55649312,55649312,94
TIC 55649929,55649929,94
TIC 55650170,55650170,94
TIC 55650407,55650407,94
TIC 55650494,55650494,94
TIC 55650590,55650590,94
TIC 55651429,55651429,94
TIC 55651765,55651765,94
TIC 55651766,55651766,94
TIC 55651790,55651790,94
TIC 55652231,55652231,94
TIC 55652594,55652594,94
TIC 55652785,55652785,94
TIC 55652825,55652825,94
TIC 55652896,55652896,94
TIC 55653157,55653157,94
TIC 55653435,55653435,94
TIC 55659311,55659311,94
TIC 55659357,55659357,94
TIC 55659416,55659416,94
TIC 55660579,55660579,94
TIC 55661346,55661346,94
TIC 55661424,55661424,94
TIC 55661674,55661674,94
TIC 55661983,55661983,94
TIC 55662510,55662510,94
TIC 55662550,55662550,94
TIC 55662942,55662942,94
TIC 55663141,55663141,94
TIC 55663484,55663484,94
TIC 55663720,55663720,94
TIC 55663810,55663810,94
TIC 55663915,55663915,94
TIC 55664730,55664730,94
TIC 55664733,55664733,94
TIC 55741018,55741018,94
TIC 55741023,55741023,94
TIC 55741025,55741025,94
TIC 55741235,55741235,94
TIC 55743520,55743520,94
TIC 55744694,55744694,94
TIC 55745150,55745150,94
TIC 55745232,55745232,94
TIC 55745413,55745413,94
TIC 55745883,55745883,94
TIC 55746262,55746262,94
TIC 55746549,55746549,94
TIC 55746724,55746724,94
TIC 55746843,55746843,94
TIC 55755059,55755059,94
TIC 55755223,55755223,94
TIC 55755266,55755266,94
TIC 55755863,55755863,94
TIC 55757565,55757565,94
TIC 55758135,55758135,94
TIC 55758201,55758201,94
TIC 55758485,55758485,94
TIC 55758992,55758992,94
TIC 55760020,55760020,94
TIC 55760319,55760319,94
TIC 55760329,55760329,94
TIC 55760351,55760351,94
TIC 55760515,55760515,94
TIC 55780996,55780996,94
TIC 55781202,55781202,94
TIC 55781680,55781680,94
TIC 55781698,55781698,94
TIC 55784567,55784567,94
TIC 55784840,55784840,94
TIC 55848001,55848001,94
TIC 55848072,55848072,94
TIC 55848273,55848273,94
TIC 55848818,55848818,94
TIC 55849446,55849446,94
TIC 55849732,55849732,94
TIC 55850237,55850237,94
TIC 55850719,55850719,94
TIC 55851108,55851108,94
TIC 55852584,55852584,94
TIC 55853438,55853438,94
TIC 61023568,61023568,94
TIC 61029108,61029108,94
TIC 61089321,61089321,94
TIC 61136774,61136774,94
TIC 61377328,61377328,94
TIC 61379646,61379646,94
TIC 61383320,61383320,94
TIC 61458992,61458992,94
TIC 61563862,61563862,94
TIC 61570853,61570853,94
TIC 61572817,61572817,94
TIC 61618828,61618828,94
TIC 61619547,61619547,94
TIC 61621625,61621625,94
TIC 61621800,61621800,94
TIC 61692011,61692011,94
TIC 61695954,61695954,94
TIC 61732312,61732312,94
TIC 61811090,61811090,94
TIC 61856320,61856320,94
TIC 61965750,61965750,94
TIC 62020670,62020670,94
TIC 62023018,62023018,94
TIC 62088112,62088112,94
TIC 62090745,62090745,94
TIC 62119727,62119727,94
TIC 62184739,62184739,94
TIC 62189739,62189739,94
TIC 62227239,62227239,94
TIC 62301521,62301521,94
TIC 62348907,62348907,94
TIC 62350237,62350237,94
TIC 62377215,62377215,94
TIC 79007128,79007128,94
TIC 79008664,79008664,94
TIC 79011221,79011221,94
TIC 79015105,79015105,94
TIC 79016952,79016952,94
TIC 79019136,79019136,94
TIC 79019461,79019461,94
TIC 79020743,79020743,94
TIC 79022033,79022033,94
TIC 79055732,79055732,94
TIC 79055849,79055849,94
TIC 79056061,79056061,94
TIC 79056222,79056222,94
TIC 79103276,79103276,94
TIC 79104313,79104313,94
TIC 79111376,79111376,94
TIC 79111499,79111499,94
TIC 79112265,79112265,94
TIC 79113016,79113016,94
TIC 79114265,79114265,94
TIC 79153687,79153687,94
TIC 79154271,79154271,94
TIC 79154375,79154375,94
TIC 79154958,79154958,94
TIC 79172641,79172641,94
TIC 79183113,79183113,94
TIC 79183127,79183127,94
TIC 79224016,79224016,94
TIC 79225438,79225438,94
TIC 79249818,79249818,94
TIC 79279665,79279665,94
TIC 79283165,79283165,94
TIC 79328997,79328997,94
TIC 79353860,79353860,94
TIC 79394645,79394645,94
TIC 79394646,79394646,94
TIC 79394883,79394883,94
TIC 79404795,79404795,94
TIC 79448767,79448767,94
TIC 79491792,79491792,94
TIC 79663291,79663291,94
TIC 79751741,79751741,94
TIC 79755479,79755479,94
TIC 79755712,79755712,94
TIC 80015851,80015851,94
TIC 80057233,80057233,94
TIC 80058398,80058398,94
TIC 80058782,80058782,94
TIC 80166955,80166955,94
TIC 80170223,80170223,94
TIC 80254759,80254759,94
TIC 90848837,90848837,94
TIC 90849797,90849797,94
TIC 90850253,90850253,94
TIC 90850770,90850770,94
TIC 90903678,90903678,94
TIC 90903695,90903695,94
TIC 90906121,90906121,94
TIC 90933797,90933797,94
TIC 90935909,90935909,94
TIC 90935995,90935995,94
TIC 90951214,90951214,94
TIC 90954303,90954303,94
TIC 90955418,90955418,94
TIC 91010657,91010657,94
TIC 91010689,91010689,94
TIC 91011464,91011464,94
TIC 91034347,91034347,94
TIC 91034492,91034492,94
TIC 91035708,91035708,94
TIC 91037873,91037873,94
TIC 91046093,91046093,94
TIC 91046109,91046109,94
TIC 91046891,91046891,94
TIC 91048865,91048865,94
TIC 91095417,91095417,94
TIC 91098095,91098095,94
TIC 91167063,91167063,94
TIC 91167330,91167330,94
TIC 91167490,91167490,94
TIC 91190426,91190426,94
TIC 91192479,91192479,94
TIC 91233741,91233741,94
TIC 91234706,91234706,94
TIC 91253653,91253653,94
TIC 91255715,91255715,94
TIC 91333468,91333468,94
TIC 91333835,91333835,94
TIC 91334084,91334084,94
TIC 91368594,91368594,94
TIC 91373286,91373286,94
TIC 91392524,91392524,94
TIC 91430917,91430917,94
TIC 91448148,91448148,94
TIC 91451212,91451212,94
TIC 96634514,96634514,94
TIC 96855460,96855460,94
TIC 97053525,97053525,94
TIC 97515725,97515725,94
TIC 97623696,97623696,94
TIC 97624857,97624857,94
TIC 97673330,97673330,94
TIC 97674100,97674100,94
TIC 97788348,97788348,94
TIC 97832294,97832294,94
TIC 97833648,97833648,94
TIC 97911340,97911340,94
TIC 97914505,97914505,94
TIC 97917892,97917892,94
TIC 97983710,97983710,94
TIC 97986726,97986726,94
TIC 98064760,98064760,94
TIC 98067467,98067467,94
TIC 98067720,98067720,94
TIC 98116868,98116868,94
TIC 98120652,98120652,94
TIC 98120806,98120806,94
TIC 98130873,98130873,94
TIC 98272946,98272946,94
TIC 98342713,98342713,94
TIC 98344396,98344396,94
TIC 98419066,98419066,94
TIC 98423184,98423184,94
TIC 98424870,98424870,94
TIC 98562558,98562558,94
TIC 98568772,98568772,94
TIC 98570548,98570548,94
TIC 100141021,100141021,94
TIC 100196956,100196956,94
TIC 100225666,100225666,94
TIC 100265261,100265261,94
TIC 100267480,100267480,94
TIC 100327647,100327647,94
TIC 100381832,100381832,94
TIC 100383266,100383266,94
TIC 100468631,100468631,94
TIC 100471358,100471358,94
TIC 100475285,100475285,94
TIC 100506111,100506111,94
TIC 100507800,100507800,94
TIC 100507856,100507856,94
TIC 100508207,100508207,94
TIC 100517945,100517945,94
TIC 100603346,100603346,94
TIC 100605324,100605324,94
TIC 100605555,100605555,94
TIC 100606047,100606047,94
TIC 100617031,100617031,94
TIC 100669012,100669012,94
TIC 100670109,100670109,94
TIC 100708841,100708841,94
TIC 100738957,100738957,94
TIC 100794584,100794584,94
TIC 100850270,100850270,94
TIC 100852555,100852555,94
TIC 101180761,101180761,94
TIC 101231568,101231568,94
TIC 101232337,101232337,94
TIC 101311292,101311292,94
TIC 101311910,101311910,94
TIC 101312169,101312169,94
TIC 101312330,101312330,94
TIC 101354316,101354316,94
TIC 101400058,101400058,94
TIC 101403951,101403951,94
TIC 101403964,101403964,94
TIC 101428455,101428455,94
TIC 101428607,101428607,94
TIC 101430261,101430261,94
TIC 101431588,101431588,94
TIC 101451923,101451923,94
TIC 101454745,101454745,94
TIC 101507892,101507892,94
TIC 101540375,101540375,94
TIC 101542345,101542345,94
TIC 101543913,101543913,94
TIC 101544150,101544150,94
TIC 101544571,101544571,94
TIC 101544662,101544662,94
TIC 101545865,101545865,94
TIC 101588050,101588050,94
TIC 101589406,101589406,94
TIC 101622280,101622280,94
TIC 101622738,101622738,94
TIC 101694231,101694231,94
TIC 101735258,101735258,94
TIC 101736917,101736917,94
TIC 101780227,101780227,94
TIC 101780528,101780528,94
TIC 101819055,101819055,94
TIC 101882563,101882563,94
TIC 101908916,101908916,94
TIC 112239407,112239407,94
TIC 112243062,112243062,94
TIC 112243846,112243846,94
TIC 112248595,112248595,94
TIC 112334565,112334565,94
TIC 112395568,112395568,94
TIC 112464324,112464324,94
TIC 112545965,112545965,94
TIC 112553108,112553108,94
TIC 112610054,112610054,94
TIC 112613272,112613272,94
TIC 112616038,112616038,94
TIC 112754799,112754799,94
TIC 112888617,112888617,94
TIC 112894321,112894321,94
TIC 112989868,112989868,94
TIC 112995114,112995114,94
TIC 113051738,113051738,94
TIC 113055663,113055663,94
TIC 113117112,113117112,94
TIC 113118441,113118441,94
TIC 113127215,113127215,94
TIC 113164011,113164011,94
TIC 113169723,113169723,94
TIC 113233475,113233475,94
TIC 113238894,113238894,94
TIC 113241060,113241060,94
TIC 113241255,113241255,94
TIC 113246307,113246307,94
TIC 113248833,113248833,94
TIC 113272022,113272022,94
TIC 113272513,113272513,94
TIC 113274213,113274213,94
TIC 113339191,113339191,94
TIC 113418343,113418343,94
TIC 113424207,113424207,94
TIC 113425037,113425037,94
TIC 113431502,113431502,94
TIC 113465151,113465151,94
TIC 113465923,113465923,94
TIC 113496913,113496913,94
TIC 113565597,113565597,94
TIC 113566079,113566079,94
TIC 113583603,113583603,94
TIC 113643828,113643828,94
TIC 113648212,113648212,94
TIC 113648563,113648563,94
TIC 113677578,113677578,94
TIC 113677629,113677629,94
TIC 113685658,113685658,94
TIC 113910177,113910177,94
TIC 113917320,113917320,94
TIC 114048530,114048530,94
TIC 114141028,114141028,94
TIC 114178837,114178837,94
TIC 114181798,114181798,94
TIC 114272274,114272274,94
TIC 114276124,114276124,94
TIC 114279396,114279396,94
TIC 114281082,114281082,94
TIC 114310438,114310438,94
TIC 114311184,114311184,94
TIC 114318345,114318345,94
TIC 114390321,114390321,94
TIC 114391324,114391324,94
TIC 114726596,114726596,94
TIC 114733031,114733031,94
TIC 114786312,114786312,94
TIC 114790360,114790360,94
TIC 114812989,114812989,94
TIC 114816470,114816470,94
TIC 120247528,120247528,94
TIC 120248356,120248356,94
TIC 120276800,120276800,94
TIC 120342455,120342455,94
TIC 120392933,120392933,94
TIC 120394371,120394371,94
TIC 120397217,120397217,94
TIC 126563324,126563324,94
TIC 126565548,126565548,94
TIC 126584063,126584063,94
TIC 126603529,126603529,94
TIC 126639377,126639377,94
TIC 126641296,126641296,94
TIC 126660367,126660367,94
TIC 126746626,126746626,94
TIC 126747366,126747366,94
TIC 126782705,126782705,94
TIC 128709723,128709723,94
TIC 128711897,128711897,94
TIC 128726280,128726280,94
TIC 128727697,128727697,94
TIC 128790255,128790255,94
TIC 128790864,128790864,94
TIC 128791834,128791834,94
TIC 128842562,128842562,94
TIC 128843747,128843747,94
TIC 128879934,128879934,94
TIC 128914682,128914682,94
TIC 128917793,128917793,94
TIC 128966326,128966326,94
TIC 129031954,129031954,94
TIC 129035524,129035524,94
TIC 129037505,129037505,94
TIC 129040603,129040603,94
TIC 129078199,129078199,94
TIC 129080830,129080830,94
TIC 129083414,129083414,94
TIC 129108435,129108435,94
TIC 129111856,129111856,94
TIC 129114265,129114265,94
TIC 129137413,129137413,94
TIC 129138057,129138057,94
TIC 129139856,129139856,94
TIC 129142922,129142922,94
TIC 129143301,129143301,94
TIC 129178510,129178510,94
TIC 129208800,129208800,94
TIC 129211288,129211288,94
TIC 129222507,129222507,94
TIC 129276723,129276723,94
TIC 129278622,129278622,94
TIC 129375962,129375962,94
TIC 129376321,129376321,94
TIC 129401598,129401598,94
TIC 129431854,129431854,94
TIC 129463749,129463749,94
TIC 129479481,129479481,94
TIC 129479892,129479892,94
TIC 129480666,129480666,94
TIC 129529715,129529715,94
TIC 129543760,129543760,94
TIC 129543945,129543945,94
TIC 129579498,129579498,94
TIC 129580852,129580852,94
TIC 139021646,139021646,94
TIC 139056239,139056239,94
TIC 139056455,139056455,94
TIC 139369107,139369107,94
TIC 139369433,139369433,94
TIC 139369436,139369436,94
TIC 139370537,139370537,94
TIC 139370701,139370701,94
TIC 139371053,139371053,94
TIC 139371265,139371265,94
TIC 139371600,139371600,94
TIC 139679488,139679488,94
TIC 140510714,140510714,94
TIC 140512085,140512085,94
TIC 140512200,140512200,94
TIC 140527781,140527781,94
TIC 140528411,140528411,94
TIC 140528494,140528494,94
TIC 140529199,140529199,94
TIC 140529399,140529399,94
TIC 140529555,140529555,94
TIC 140575980,140575980,94
TIC 140576174,140576174,94
TIC 140576650,140576650,94
TIC 140577207,140577207,94
TIC 140577672,140577672,94
TIC 140577962,140577962,94
TIC 140578242,140578242,94
TIC 140578304,140578304,94
TIC 140579674,140579674,94
TIC 140580336,140580336,94
TIC 140580482,140580482,94
TIC 140580497,140580497,94
TIC 140580717,140580717,94
TIC 140580875,140580875,94
TIC 140581045,140581045,94
TIC 140595903,140595903,94
TIC 140596513,140596513,94
TIC 140597518,140597518,94
TIC 140598047,140598047,94
TIC 140598464,140598464,94
TIC 140598542,140598542,94
TIC 140598629,140598629,94
TIC 140598653,140598653,94
TIC 140599377,140599377,94
TIC 140599972,140599972,94
TIC 140600147,140600147,94
TIC 140608230,140608230,94
TIC 140608456,140608456,94
TIC 140609648,140609648,94
TIC 140630124,140630124,94
TIC 140630635,140630635,94
TIC 140631050,140631050,94
TIC 140632080,140632080,94
TIC 140632571,140632571,94
TIC 140633473,140633473,94
TIC 140633568,140633568,94
TIC 140635285,140635285,94
TIC 140635646,140635646,94
TIC 140635667,140635667,94
TIC 140635858,140635858,94
TIC 140636189,140636189,94
TIC 140658349,140658349,94
TIC 140658982,140658982,94
TIC 140659172,140659172,94
TIC 140659331,140659331,94
TIC 140659350,140659350,94
TIC 140659978,140659978,94
TIC 140659980,140659980,94
TIC 140661368,140661368,94
TIC 140661595,140661595,94
TIC 140661916,140661916,94
TIC 140662124,140662124,94
TIC 140663057,140663057,94
TIC 140686491,140686491,94
TIC 140686839,140686839,94
TIC 140687149,140687149,94
TIC 140687214,140687214,94
TIC 140687382,140687382,94
TIC 140687446,140687446,94
TIC 140688867,140688867,94
TIC 140688941,140688941,94
TIC 140689038,140689038,94
TIC 140689204,140689204,94
TIC 140689601,140689601,94
TIC 140689653,140689653,94
TIC 140690428,140690428,94
TIC 140691308,140691308,94
TIC 140691463,140691463,94
TIC 140691843,140691843,94
TIC 140691930,140691930,94
TIC 140755216,140755216,94
TIC 140757571,140757571,94
TIC 140757590,140757590,94
TIC 140758595,140758595,94
TIC 140758831,140758831,94
TIC 140758953,140758953,94
TIC 140759141,140759141,94
TIC 140761142,140761142,94
TIC 140761239,140761239,94
TIC 140761251,140761251,94
TIC 140761409,140761409,94
TIC 140761549,140761549,94
TIC 140761609,140761609,94
TIC 140761757,140761757,94
TIC 140761948,140761948,94
TIC 140797464,140797464,94
TIC 140800765,140800765,94
TIC 140801831,140801831,94
TIC 140801898,140801898,94
TIC 140802479,140802479,94
TIC 140802488,140802488,94
TIC 140802498,140802498,94
TIC 140802749,140802749,94
TIC 140802930,140802930,94
TIC 140826438,140826438,94
TIC 140827588,140827588,94
TIC 140827974,140827974,94
TIC 140828063,140828063,94
TIC 140828333,140828333,94
TIC 140830390,140830390,94
TIC 140830874,140830874,94
TIC 140856506,140856506,94
TIC 140856686,140856686,94
TIC 140857926,140857926,94
TIC 140858140,140858140,94
TIC 140858600,140858600,94
TIC 140861025,140861025,94
TIC 140861196,140861196,94
TIC 140861548,140861548,94
TIC 140889144,140889144,94
TIC 140889223,140889223,94
TIC 140890028,140890028,94
TIC 140891159,140891159,94
TIC 140891597,140891597,94
TIC 140892243,140892243,94
TIC 140892373,140892373,94
TIC 140892453,140892453,94
TIC 140893238,140893238,94
TIC 140895983,140895983,94
TIC 140898436,140898436,94
TIC 140898575,140898575,94
TIC 140899383,140899383,94
TIC 140899825,140899825,94
TIC 140900277,140900277,94
TIC 140900726,140900726,94
TIC 140938247,140938247,94
TIC 140938580,140938580,94
TIC 140941153,140941153,94
TIC 140945145,140945145,94
TIC 140945307,140945307,94
TIC 140946237,140946237,94
TIC 140968357,140968357,94
TIC 140968408,140968408,94
TIC 140969869,140969869,94
TIC 140996334,140996334,94
TIC 140996629,140996629,94
TIC 140996654,140996654,94
TIC 140997242,140997242,94
TIC 140997818,140997818,94
TIC 140997860,140997860,94
TIC 140998116,140998116,94
TIC 140998522,140998522,94
TIC 140999455,140999455,94
TIC 141000500,141000500,94
TIC 141000738,141000738,94
TIC 141000877,141000877,94
TIC 141026903,141026903,94
TIC 141028120,141028120,94
TIC 141028164,141028164,94
TIC 141028962,141028962,94
TIC 141028966,141028966,94
TIC 141029712,141029712,94
TIC 141029787,141029787,94
TIC 141030721,141030721,94
TIC 141089230,141089230,94
TIC 141089304,141089304,94
TIC 141095359,141095359,94
TIC 141095913,141095913,94
TIC 141096071,141096071,94
TIC 141096140,141096140,94
TIC 141096229,141096229,94
TIC 141096635,141096635,94
TIC 141097027,141097027,94
TIC 141120940,141120940,94
TIC 141121044,141121044,94
TIC 141121236,141121236,94
TIC 141121335,141121335,94
TIC 141121793,141121793,94
TIC 141121890,141121890,94
TIC 141123013,141123013,94
TIC 141123049,141123049,94
TIC 141124144,141124144,94
TIC 141124793,141124793,94
TIC 141128773,141128773,94
TIC 141151755,141151755,94
TIC 141151953,141151953,94
TIC 141152400,141152400,94
TIC 141152927,141152927,94
TIC 141152931,141152931,94
TIC 141153472,141153472,94
TIC 141154236,141154236,94
TIC 141154638,141154638,94
TIC 141154669,141154669,94
TIC 141155264,141155264,94
TIC 141156752,141156752,94
TIC 141156816,141156816,94
TIC 141157161,141157161,94
TIC 141182734,141182734,94
TIC 141184207,141184207,94
TIC 141185142,141185142,94
TIC 141185270,141185270,94
TIC 141186075,141186075,94
TIC 141186513,141186513,94
TIC 141187075,141187075,94
TIC 141187126,141187126,94
TIC 141187570,141187570,94
TIC 141210448,141210448,94
TIC 141210806,141210806,94
TIC 141210949,141210949,94
TIC 141211368,141211368,94
TIC 141214102,141214102,94
TIC 141214653,141214653,94
TIC 141216398,141216398,94
TIC 141268280,141268280,94
TIC 141268301,141268301,94
TIC 141268467,141268467,94
TIC 141269217,141269217,94
TIC 141269964,141269964,94
TIC 141269997,141269997,94
TIC 141270407,141270407,94
TIC 141270589,141270589,94
TIC 141271216,141271216,94
TIC 141272004,141272004,94
TIC 141272379,141272379,94
TIC 141278810,141278810,94
TIC 141278888,141278888,94
TIC 141279552,141279552,94
TIC 141280240,141280240,94
TIC 141280255,141280255,94
TIC 141280939,141280939,94
TIC 141281495,141281495,94
TIC 141281526,141281526,94
TIC 141282136,141282136,94
TIC 141283010,141283010,94
TIC 141283921,141283921,94
TIC 141333573,141333573,94
TIC 141333677,141333677,94
TIC 141334144,141334144,94
TIC 141334293,141334293,94
TIC 141335100,141335100,94
TIC 141335886,141335886,94
TIC 141407088,141407088,94
TIC 141408295,141408295,94
TIC 141410789,141410789,94
TIC 141411009,141411009,94
TIC 141411201,141411201,94
TIC 141411713,141411713,94
TIC 141412532,141412532,94
TIC 141413219,141413219,94
TIC 141413310,141413310,94
TIC 141413706,141413706,94
TIC 141413932,141413932,94
TIC 141414217,141414217,94
TIC 141422339,141422339,94
TIC 141423416,141423416,94
TIC 141423536,141423536,94
TIC 141423634,141423634,94
TIC 141425049,141425049,94
TIC 141425349,141425349,94
TIC 141428309,141428309,94
TIC 141429030,141429030,94
TIC 141435705,141435705,94
TIC 141435758,141435758,94
TIC 141435816,141435816,94
TIC 141435818,141435818,94
TIC 141436215,141436215,94
TIC 141436267,141436267,94
TIC 141471105,141471105,94
TIC 141471357,141471357,94
TIC 141471522,141471522,94
TIC 141471755,141471755,94
TIC 141471781,141471781,94
TIC 141471870,141471870,94
TIC 141472408,141472408,94
TIC 141472622,141472622,94
TIC 141472717,141472717,94
TIC 141472777,141472777,94
TIC 141472806,141472806,94
TIC 141472911,141472911,94
TIC 141473594,141473594,94
TIC 141478854,141478854,94
TIC 141479174,141479174,94
TIC 141479190,141479190,94
TIC 141479310,141479310,94
TIC 141479547,141479547,94
TIC 141479552,141479552,94
TIC 141480176,141480176,94
TIC 141480394,141480394,94
TIC 141480434,141480434,94
TIC 141480778,141480778,94
TIC 141480937,141480937,94
TIC 141481311,141481311,94
TIC 141482069,141482069,94
TIC 141482983,141482983,94
TIC 141484055,141484055,94
TIC 141484981,141484981,94
TIC 141485371,141485371,94
TIC 141526178,141526178,94
TIC 141526439,141526439,94
TIC 141526547,141526547,94
TIC 141527579,141527579,94
TIC 141527834,141527834,94
TIC 141527965,141527965,94
TIC 141528003,141528003,94
TIC 141528052,141528052,94
TIC 141530315,141530315,94
TIC 141530748,141530748,94
TIC 141531768,141531768,94
TIC 141532250,141532250,94
TIC 141542023,141542023,94
TIC 141542318,141542318,94
TIC 141542585,141542585,94
TIC 141542969,141542969,94
TIC 141543744,141543744,94
TIC 141544766,141544766,94
TIC 141545060,141545060,94
TIC 141545616,141545616,94
TIC 141546693,141546693,94
TIC 141547045,141547045,94
TIC 141547396,141547396,94
TIC 141547979,141547979,94
TIC 141605929,141605929,94
TIC 141606060,141606060,94
TIC 141606563,141606563,94
TIC 141606660,141606660,94
TIC 141606958,141606958,94
TIC 141606986,141606986,94
TIC 141607553,141607553,94
TIC 141607972,141607972,94
TIC 141608198,141608198,94
TIC 141608224,141608224,94
TIC 141608289,141608289,94
TIC 141608887,141608887,94
TIC 141609430,141609430,94
TIC 141609929,141609929,94
TIC 141610012,141610012,94
TIC 141610050,141610050,94
TIC 141610403,141610403,94
TIC 141610486,141610486,94
TIC 141610546,141610546,94
TIC 141610601,141610601,94
TIC 141610623,141610623,94
TIC 141610893,141610893,94
TIC 141610916,141610916,94
TIC 141611461,141611461,94
TIC 141611784,141611784,94
TIC 141621158,141621158,94
TIC 141621340,141621340,94
TIC 141621534,141621534,94
TIC 141621803,141621803,94
TIC 141621885,141621885,94
TIC 141622065,141622065,94
TIC 141623174,141623174,94
TIC 141624136,141624136,94
TIC 141624659,141624659,94
TIC 141625087,141625087,94
TIC 141625486,141625486,94
TIC 141626634,141626634,94
TIC 141626783,141626783,94
TIC 141626895,141626895,94
TIC 141627237,141627237,94
TIC 141627870,141627870,94
TIC 141628019,141628019,94
TIC 141628215,141628215,94
TIC 141628339,141628339,94
TIC 141680055,141680055,94
TIC 141681610,141681610,94
TIC 141682021,141682021,94
TIC 141682270,141682270,94
TIC 141682873,141682873,94
TIC 141683401,141683401,94
TIC 141684337,141684337,94
TIC 141685180,141685180,94
TIC 141685465,141685465,94
TIC 141685643,141685643,94
TIC 141686455,141686455,94
TIC 141686804,141686804,94
TIC 141708147,141708147,94
TIC 141708335,141708335,94
TIC 141708337,141708337,94
TIC 141708546,141708546,94
TIC 141709101,141709101,94
TIC 141709237,141709237,94
TIC 141709296,141709296,94
TIC 141709422,141709422,94
TIC 141709997,141709997,94
TIC 141711008,141711008,94
TIC 141712167,141712167,94
TIC 141712654,141712654,94
TIC 141712726,141712726,94
TIC 141713061,141713061,94
TIC 141713593,141713593,94
TIC 141713989,141713989,94
TIC 141714191,141714191,94
TIC 141751744,141751744,94
TIC 141752883,141752883,94
TIC 141754291,141754291,94
TIC 141754709,141754709,94
TIC 141755163,141755163,94
TIC 141755414,141755414,94
TIC 141755422,141755422,94
TIC 141755459,141755459,94
TIC 141756071,141756071,94
TIC 141756128,141756128,94
TIC 141756213,141756213,94
TIC 141756892,141756892,94
TIC 141756992,141756992,94
TIC 141757230,141757230,94
TIC 141757294,141757294,94
TIC 141757326,141757326,94
TIC 141757441,141757441,94
TIC 141757732,141757732,94
TIC 141757920,141757920,94
TIC 141757931,141757931,94
TIC 141765836,141765836,94
TIC 141766144,141766144,94
TIC 141766191,141766191,94
TIC 141768040,141768040,94
TIC 141768070,141768070,94
TIC 141769277,141769277,94
TIC 141769356,141769356,94
TIC 141769431,141769431,94
TIC 141769434,141769434,94
TIC 141769702,141769702,94
TIC 141769961,141769961,94
TIC 141770047,141770047,94
TIC 141770121,141770121,94
TIC 141770198,141770198,94
TIC 141770299,141770299,94
TIC 141770592,141770592,94
TIC 141770609,141770609,94
TIC 141770810,141770810,94
TIC 141771483,141771483,94
TIC 141771691,141771691,94
TIC 141772259,141772259,94
TIC 141805074,141805074,94
TIC 141805180,141805180,94
TIC 141805493,141805493,94
TIC 141805944,141805944,94
TIC 141806473,141806473,94
TIC 141806737,141806737,94
TIC 141807839,141807839,94
TIC 141808431,141808431,94
TIC 141808678,141808678,94
TIC 141808693,141808693,94
TIC 141809025,141809025,94
TIC 141809220,141809220,94
TIC 141809359,141809359,94
TIC 141810080,141810080,94
TIC 141810929,141810929,94
TIC 141810934,141810934,94
TIC 141811261,141811261,94
TIC 141811432,141811432,94
TIC 141811445,141811445,94
TIC 141811446,141811446,94
TIC 141811540,141811540,94
TIC 141811756,141811756,94
TIC 141822625,141822625,94
TIC 141823020,141823020,94
TIC 141823041,141823041,94
TIC 141823881,141823881,94
TIC 141823882,141823882,94
TIC 141824122,141824122,94
TIC 141825045,141825045,94
TIC 141825369,141825369,94
TIC 141826365,141826365,94
TIC 141826495,141826495,94
TIC 141826835,141826835,94
TIC 141827953,141827953,94
TIC 141828072,141828072,94
TIC 141829753,141829753,94
TIC 141865028,141865028,94
TIC 141865201,141865201,94
TIC 141865269,141865269,94
TIC 141865875,141865875,94
TIC 141866704,141866704,94
TIC 141867607,141867607,94
TIC 141868836,141868836,94
TIC 141869967,141869967,94
TIC 141870589,141870589,94
TIC 141870744,141870744,94
TIC 141870831,141870831,94
TIC 141871560,141871560,94
TIC 141871569,141871569,94
TIC 141871735,141871735,94
TIC 141910291,141910291,94
TIC 141910298,141910298,94
TIC 141910606,141910606,94
TIC 141910728,141910728,94
TIC 141911519,141911519,94
TIC 141911744,141911744,94
TIC 141911751,141911751,94
TIC 141912291,141912291,94
TIC 141912469,141912469,94
TIC 141913487,141913487,94
TIC 141913551,141913551,94
TIC 141914082,141914082,94
TIC 141914317,141914317,94
TIC 141915367,141915367,94
TIC 141941684,141941684,94
TIC 141941708,141941708,94
TIC 141941710,141941710,94
TIC 141942394,141942394,94
TIC 141942911,141942911,94
TIC 141943694,141943694,94
TIC 141943941,141943941,94
TIC 141944114,141944114,94
TIC 141944447,141944447,94
TIC 141944488,141944488,94
TIC 141944911,141944911,94
TIC 141945095,141945095,94
TIC 141945470,141945470,94
TIC 141974066,141974066,94
TIC 141975044,141975044,94
TIC 141975620,141975620,94
TIC 141975903,141975903,94
TIC 141975926,141975926,94
TIC 141976247,141976247,94
TIC 141977076,141977076,94
TIC 141977935,141977935,94
TIC 141978023,141978023,94
TIC 141978095,141978095,94
TIC 141979696,141979696,94
TIC 141979739,141979739,94
TIC 142013583,142013583,94
TIC 142014655,142014655,94
TIC 142014831,142014831,94
TIC 142015852,142015852,94
TIC 142016119,142016119,94
TIC 142016231,142016231,94
TIC 142016907,142016907,94
TIC 142017118,142017118,94
TIC 142017278,142017278,94
TIC 142017509,142017509,94
TIC 142017690,142017690,94
TIC 142017826,142017826,94
TIC 142018464,142018464,94
TIC 142019343,142019343,94
TIC 142049025,142049025,94
TIC 142050046,142050046,94
TIC 142051349,142051349,94
TIC 142052608,142052608,94
TIC 142052826,142052826,94
TIC 142052876,142052876,94
TIC 142054024,142054024,94
TIC 142054159,142054159,94
TIC 142081674,142081674,94
TIC 142082467,142082467,94
TIC 142082642,142082642,94
TIC 142082742,142082742,94
TIC 142082942,142082942,94
TIC 142084091,142084091,94
TIC 142084274,142084274,94
TIC 142084306,142084306,94
TIC 142084567,142084567,94
TIC 142084762,142084762,94
TIC 142085192,142085192,94
TIC 142085491,142085491,94
TIC 142085513,142085513,94
TIC 142085641,142085641,94
TIC 142085649,142085649,94
TIC 142085822,142085822,94
TIC 142085842,142085842,94
TIC 142086091,142086091,94
TIC 142086166,142086166,94
TIC 142086812,142086812,94
TIC 142086813,142086813,94
TIC 142087340,142087340,94
TIC 142087451,142087451,94
TIC 142087638,142087638,94
TIC 142105158,142105158,94
TIC 142105299,142105299,94
TIC 142105308,142105308,94
TIC 142105466,142105466,94
TIC 142105613,142105613,94
TIC 142105882,142105882,94
TIC 142106374,142106374,94
TIC 142107219,142107219,94
TIC 142107756,142107756,94
TIC 142107759,142107759,94
TIC 142107833,142107833,94
TIC 142107922,142107922,94
TIC 142108949,142108949,94
TIC 142109102,142109102,94
TIC 142109185,142109185,94
TIC 142109251,142109251,94
TIC 142109390,142109390,94
TIC 142109430,142109430,94
TIC 142109447,142109447,94
TIC 142109665,142109665,94
TIC 142109731,142109731,94
TIC 142110261,142110261,94
TIC 142142160,142142160,94
TIC 142142321,142142321,94
TIC 142142450,142142450,94
TIC 142142488,142142488,94
TIC 142142806,142142806,94
TIC 142143740,142143740,94
TIC 142144162,142144162,94
TIC 142144594,142144594,94
TIC 142144969,142144969,94
TIC 142145170,142145170,94
TIC 142145534,142145534,94
TIC 142146051,142146051,94
TIC 142146773,142146773,94
TIC 142146835,142146835,94
TIC 142148228,142148228,94
TIC 142148289,142148289,94
TIC 142148587,142148587,94
TIC 142149242,142149242,94
TIC 143257082,143257082,94
TIC 143288985,143288985,94
TIC 143358785,143358785,94
TIC 143359172,143359172,94
TIC 143398799,143398799,94
TIC 143409163,143409163,94
TIC 143410687,143410687,94
TIC 143463658,143463658,94
TIC 143603006,143603006,94
TIC 143606863,143606863,94
TIC 143646017,143646017,94
TIC 143697744,143697744,94
TIC 143698949,143698949,94
TIC 143760158,143760158,94
TIC 143764215,143764215,94
TIC 143766107,143766107,94
TIC 143769346,143769346,94
TIC 149037112,149037112,94
TIC 149037832,149037832,94
TIC 149039372,149039372,94
TIC 149059584,149059584,94
TIC 149059954,149059954,94
TIC 149101226,149101226,94
TIC 149102602,149102602,94
TIC 149102688,149102688,94
TIC 149102723,149102723,94
TIC 149102728,149102728,94
TIC 149102762,149102762,94
TIC 149105052,149105052,94
TIC 149106873,149106873,94
TIC 149107360,149107360,94
TIC 149120276,149120276,94
TIC 149120602,149120602,94
TIC 149120706,149120706,94
TIC 149120726,149120726,94
TIC 149121369,149121369,94
TIC 149121385,149121385,94
TIC 149125377,149125377,94
TIC 149126796,149126796,94
TIC 149126806,149126806,94
TIC 149126810,149126810,94
TIC 149154577,149154577,94
TIC 149154821,149154821,94
TIC 149154927,149154927,94
TIC 149155198,149155198,94
TIC 149155360,149155360,94
TIC 149155443,149155443,94
TIC 149156065,149156065,94
TIC 149157103,149157103,94
TIC 149158721,149158721,94
TIC 149159039,149159039,94
TIC 149160359,149160359,94
TIC 149160778,149160778,94
TIC 149174106,149174106,94
TIC 149175396,149175396,94
TIC 149175562,149175562,94
TIC 149175859,149175859,94
TIC 149175936,149175936,94
TIC 149175965,149175965,94
TIC 149176080,149176080,94
TIC 149176294,149176294,94
TIC 149176305,149176305,94
TIC 149176503,149176503,94
TIC 149176684,149176684,94
TIC 149177271,149177271,94
TIC 149178462,149178462,94
TIC 149178649,149178649,94
TIC 149179763,149179763,94
TIC 149180076,149180076,94
TIC 149180088,149180088,94
TIC 149214836,149214836,94
TIC 149215510,149215510,94
TIC 149216024,149216024,94
TIC 149217937,149217937,94
TIC 149218100,149218100,94
TIC 149218284,149218284,94
TIC 149218335,149218335,94
TIC 149218497,149218497,94
TIC 149218683,149218683,94
TIC 149219145,149219145,94
TIC 149219376,149219376,94
TIC 149219496,149219496,94
TIC 149219729,149219729,94
TIC 149220565,149220565,94
TIC 149248053,149248053,94
TIC 149248196,149248196,94
TIC 149248932,149248932,94
TIC 149250753,149250753,94
TIC 149251611,149251611,94
TIC 149252476,149252476,94
TIC 149252615,149252615,94
TIC 149252670,149252670,94
TIC 149253140,149253140,94
TIC 149253154,149253154,94
TIC 149253409,149253409,94
TIC 149253433,149253433,94
TIC 149253686,149253686,94
TIC 149269178,149269178,94
TIC 149272506,149272506,94
TIC 149274312,149274312,94
TIC 149274367,149274367,94
TIC 149274983,149274983,94
TIC 149275235,149275235,94
TIC 149275295,149275295,94
TIC 149275319,149275319,94
TIC 149301575,149301575,94
TIC 149302086,149302086,94
TIC 149302338,149302338,94
TIC 149302339,149302339,94
TIC 149302552,149302552,94
TIC 149302744,149302744,94
TIC 149303310,149303310,94
TIC 149304271,149304271,94
TIC 149304313,149304313,94
TIC 149304495,149304495,94
TIC 149305070,149305070,94
TIC 149306361,149306361,94
TIC 149346163,149346163,94
TIC 149346418,149346418,94
TIC 149346752,149346752,94
TIC 149346910,149346910,94
TIC 149347296,149347296,94
TIC 149347480,149347480,94
TIC 149347534,149347534,94
TIC 149347629,149347629,94
TIC 149347772,149347772,94
TIC 149347805,149347805,94
TIC 149347948,149347948,94
TIC 149347992,149347992,94
TIC 149348079,149348079,94
TIC 149348420,149348420,94
TIC 149349037,149349037,94
TIC 149351776,149351776,94
TIC 149388265,149388265,94
TIC 149388662,149388662,94
TIC 149390648,149390648,94
TIC 149390710,149390710,94
TIC 149391010,149391010,94
TIC 149391142,149391142,94
TIC 149391335,149391335,94
TIC 149391500,149391500,94
TIC 149392671,149392671,94
TIC 149394317,149394317,94
TIC 149420896,149420896,94
TIC 149422364,149422364,94
TIC 149423021,149423021,94
TIC 149423103,149423103,94
TIC 149423433,149423433,94
TIC 149423436,149423436,94
TIC 149423652,149423652,94
TIC 149423851,149423851,94
TIC 149444106,149444106,94
TIC 149444341,149444341,94
TIC 149445159,149445159,94
TIC 149445258,149445258,94
TIC 149449385,149449385,94
TIC 149449388,149449388,94
TIC 149449530,149449530,94
TIC 149449615,149449615,94
TIC 149449795,149449795,94
TIC 149449888,149449888,94
TIC 149450152,149450152,94
TIC 149450404,149450404,94
TIC 149450435,149450435,94
TIC 149450584,149450584,94
TIC 149450612,149450612,94
TIC 149472907,149472907,94
TIC 149473074,149473074,94
TIC 149473127,149473127,94
TIC 149473171,149473171,94
TIC 149473467,149473467,94
TIC 149473782,149473782,94
TIC 149473839,149473839,94
TIC 149474107,149474107,94
TIC 149474387,149474387,94
TIC 149475559,149475559,94
TIC 149477100,149477100,94
TIC 149478846,149478846,94
TIC 149479101,149479101,94
TIC 149479134,149479134,94
TIC 149479510,149479510,94
TIC 149497522,149497522,94
TIC 149497543,149497543,94
TIC 149497579,149497579,94
TIC 149497662,149497662,94
TIC 149497674,149497674,94
TIC 149497700,149497700,94
TIC 149497763,149497763,94
TIC 149497903,149497903,94
TIC 149497924,149497924,94
TIC 149497993,149497993,94
TIC 149498099,149498099,94
TIC 149498198,149498198,94
TIC 149498531,149498531,94
TIC 149501866,149501866,94
TIC 149502001,149502001,94
TIC 149502463,149502463,94
TIC 149502891,149502891,94
TIC 149502950,149502950,94
TIC 149538480,149538480,94
TIC 149539058,149539058,94
TIC 149539114,149539114,94
TIC 149539158,149539158,94
TIC 149539552,149539552,94
TIC 149540013,149540013,94
TIC 149540525,149540525,94
TIC 149542119,149542119,94
TIC 149542947,149542947,94
TIC 149543900,149543900,94
TIC 149571056,149571056,94
TIC 149571930,149571930,94
TIC 149572298,149572298,94
TIC 149572666,149572666,94
TIC 149572723,149572723,94
TIC 149573096,149573096,94
TIC 149573208,149573208,94
TIC 149573659,149573659,94
TIC 149574542,149574542,94
TIC 149575726,149575726,94
TIC 149576413,149576413,94
TIC 149600376,149600376,94
TIC 149600846,149600846,94
TIC 149601126,149601126,94
TIC 149601156,149601156,94
TIC 149601263,149601263,94
TIC 149601408,149601408,94
TIC 149601451,149601451,94
TIC 149601768,149601768,94
TIC 149602308,149602308,94
TIC 149603071,149603071,94
TIC 149603524,149603524,94
TIC 149625812,149625812,94
TIC 149628632,149628632,94
TIC 149628795,149628795,94
TIC 149629043,149629043,94
TIC 149629077,149629077,94
TIC 149629162,149629162,94
TIC 149629506,149629506,94
TIC 149630117,149630117,94
TIC 149630147,149630147,94
TIC 149630160,149630160,94
TIC 149630625,149630625,94
TIC 149630734,149630734,94
TIC 149630754,149630754,94
TIC 149630824,149630824,94
TIC 149631035,149631035,94
TIC 149631289,149631289,94
TIC 149664423,149664423,94
TIC 149665755,149665755,94
TIC 149902203,149902203,94
TIC 149902303,149902303,94
TIC 149902366,149902366,94
TIC 149902411,149902411,94
TIC 149902452,149902452,94
TIC 149929843,149929843,94
TIC 149930009,149930009,94
TIC 149930084,149930084,94
TIC 149930150,149930150,94
TIC 149930656,149930656,94
TIC 149930673,149930673,94
TIC 149930946,149930946,94
TIC 149933253,149933253,94
TIC 149935360,149935360,94
TIC 149935365,149935365,94
TIC 149935510,149935510,94
TIC 149970589,149970589,94
TIC 149970599,149970599,94
TIC 149970613,149970613,94
TIC 149971113,149971113,94
TIC 149971331,149971331,94
TIC 149971537,149971537,94
TIC 149971754,149971754,94
TIC 149971828,149971828,94
TIC 149972102,149972102,94
TIC 149972207,149972207,94
TIC 149972211,149972211,94
TIC 149977015,149977015,94
TIC 149987940,149987940,94
TIC 149988068,149988068,94
TIC 149988104,149988104,94
TIC 149988107,149988107,94
TIC 149988523,149988523,94
TIC 149988847,149988847,94
TIC 149988995,149988995,94
TIC 150029265,150029265,94
TIC 150029272,150029272,94
TIC 150029275,150029275,94
TIC 150029382,150029382,94
TIC 150029538,150029538,94
TIC 150029671,150029671,94
TIC 150029756,150029756,94
TIC 150029905,150029905,94
TIC 150030205,150030205,94
TIC 150030250,150030250,94
TIC 150030323,150030323,94
TIC 150030353,150030353,94
TIC 150030411,150030411,94
TIC 150030490,150030490,94
TIC 150032882,150032882,94
TIC 150032983,150032983,94
TIC 150034757,150034757,94
TIC 150034769,150034769,94
TIC 150063031,150063031,94
TIC 150063444,150063444,94
TIC 150063627,150063627,94
TIC 150063841,150063841,94
TIC 150065244,150065244,94
TIC 150066057,150066057,94
TIC 150067073,150067073,94
TIC 150068381,150068381,94
TIC 150098291,150098291,94
TIC 150101472,150101472,94
TIC 150101476,150101476,94
TIC 150101501,150101501,94
TIC 150101616,150101616,94
TIC 150101799,150101799,94
TIC 150102127,150102127,94
TIC 150102227,150102227,94
TIC 150103650,150103650,94
TIC 150104808,150104808,94
TIC 150105350,150105350,94
TIC 150105372,150105372,94
TIC 150108380,150108380,94
TIC 150108506,150108506,94
TIC 150109008,150109008,94
TIC 150140166,150140166,94
TIC 150140723,150140723,94
TIC 150141418,150141418,94
TIC 150141471,150141471,94
TIC 150141898,150141898,94
TIC 150142157,150142157,94
TIC 150142653,150142653,94
TIC 150142806,150142806,94
TIC 150146216,150146216,94
TIC 150147985,150147985,94
TIC 150148654,150148654,94
TIC 150149200,150149200,94
TIC 150151262,150151262,94
TIC 150162697,150162697,94
TIC 150163695,150163695,94
TIC 150164445,150164445,94
TIC 150164795,150164795,94
TIC 150164875,150164875,94
TIC 150165182,150165182,94
TIC 150166465,150166465,94
TIC 150166549,150166549,94
TIC 150166721,150166721,94
TIC 150166759,150166759,94
TIC 150167002,150167002,94
TIC 150167117,150167117,94
TIC 150167319,150167319,94
TIC 150167420,150167420,94
TIC 150167643,150167643,94
TIC 150167975,150167975,94
TIC 150186915,150186915,94
TIC 150186943,150186943,94
TIC 150187373,150187373,94
TIC 150187382,150187382,94
TIC 150187908,150187908,94
TIC 150187916,150187916,94
TIC 150188429,150188429,94
TIC 150188448,150188448,94
TIC 150188736,150188736,94
TIC 150188758,150188758,94
TIC 150189153,150189153,94
TIC 150189505,150189505,94
TIC 150189557,150189557,94
TIC 150189826,150189826,94
TIC 150189995,150189995,94
TIC 150191258,150191258,94
TIC 150247039,150247039,94
TIC 150247134,150247134,94
TIC 150247721,150247721,94
TIC 150248762,150248762,94
TIC 150248922,150248922,94
TIC 150249155,150249155,94
TIC 150249367,150249367,94
TIC 150249384,150249384,94
TIC 150249622,150249622,94
TIC 150249728,150249728,94
TIC 150249737,150249737,94
TIC 150250236,150250236,94
TIC 150250617,150250617,94
TIC 150250788,150250788,94
TIC 150270977,150270977,94
TIC 150271169,150271169,94
TIC 150271420,150271420,94
TIC 150271680,150271680,94
TIC 150272064,150272064,94
TIC 150272131,150272131,94
TIC 150272277,150272277,94
TIC 150272447,150272447,94
TIC 150272570,150272570,94
TIC 150273236,150273236,94
TIC 150273255,150273255,94
TIC 150273301,150273301,94
TIC 150273402,150273402,94
TIC 150274386,150274386,94
TIC 150274487,150274487,94
TIC 150274632,150274632,94
TIC 150275360,150275360,94
TIC 150275592,150275592,94
TIC 150298300,150298300,94
TIC 150298433,150298433,94
TIC 150299115,150299115,94
TIC 150299548,150299548,94
TIC 150299840,150299840,94
TIC 150300291,150300291,94
TIC 150300654,150300654,94
TIC 150300935,150300935,94
TIC 150301109,150301109,94
TIC 150301529,150301529,94
TIC 150319968,150319968,94
TIC 150320178,150320178,94
TIC 150320456,150320456,94
TIC 150320610,150320610,94
TIC 150320620,150320620,94
TIC 150320712,150320712,94
TIC 150321314,150321314,94
TIC 150322161,150322161,94
TIC 150322196,150322196,94
TIC 150322285,150322285,94
TIC 150322340,150322340,94
TIC 150322652,150322652,94
TIC 150322913,150322913,94
TIC 150322991,150322991,94
TIC 150323113,150323113,94
TIC 150323138,150323138,94
TIC 150323334,150323334,94
TIC 150323471,150323471,94
TIC 150323684,150323684,94
TIC 150324494,150324494,94
TIC 150324787,150324787,94
TIC 150356903,150356903,94
TIC 150357064,150357064,94
TIC 150357290,150357290,94
TIC 150357404,150357404,94
TIC 150357424,150357424,94
TIC 150357613,150357613,94
TIC 150357935,150357935,94
TIC 150358147,150358147,94
TIC 150358170,150358170,94
TIC 150358433,150358433,94
TIC 150358579,150358579,94
TIC 150358772,150358772,94
TIC 150358991,150358991,94
TIC 150359212,150359212,94
TIC 150359260,150359260,94
TIC 150359325,150359325,94
TIC 150359500,150359500,94
TIC 150359842,150359842,94
TIC 150359892,150359892,94
TIC 150360085,150360085,94
TIC 150360551,150360551,94
TIC 150360599,150360599,94
TIC 150360766,150360766,94
TIC 150361243,150361243,94
TIC 150361489,150361489,94
TIC 150361616,150361616,94
TIC 150361737,150361737,94
TIC 150361768,150361768,94
TIC 150361911,150361911,94
TIC 150390189,150390189,94
TIC 150390327,150390327,94
TIC 150390345,150390345,94
TIC 150390490,150390490,94
TIC 150390543,150390543,94
TIC 150390619,150390619,94
TIC 150391118,150391118,94
TIC 150391195,150391195,94
TIC 150391436,150391436,94
TIC 150391525,150391525,94
TIC 150391908,150391908,94
TIC 150391988,150391988,94
TIC 150392377,150392377,94
TIC 150392467,150392467,94
TIC 150392584,150392584,94
TIC 150392753,150392753,94
TIC 150393049,150393049,94
TIC 150393191,150393191,94
TIC 150393198,150393198,94
TIC 150393302,150393302,94
TIC 150393390,150393390,94
TIC 150393497,150393497,94
TIC 150393623,150393623,94
TIC 150393677,150393677,94
TIC 150394126,150394126,94
TIC 150394361,150394361,94
TIC 150394536,150394536,94
TIC 150395322,150395322,94
TIC 150428703,150428703,94
TIC 150428935,150428935,94
TIC 150429481,150429481,94
TIC 150429609,150429609,94
TIC 150429807,150429807,94
TIC 150430044,150430044,94
TIC 150430404,150430404,94
TIC 150430431,150430431,94
TIC 150430484,150430484,94
TIC 150430566,150430566,94
TIC 150430837,150430837,94
TIC 150431148,150431148,94
TIC 150431571,150431571,94
TIC 150431617,150431617,94
TIC 150431659,150431659,94
TIC 150431712,150431712,94
TIC 150431791,150431791,94
TIC 150431804,150431804,94
TIC 150431816,150431816,94
TIC 150431839,150431839,94
TIC 150431859,150431859,94
TIC 150431920,150431920,94
TIC 150431985,150431985,94
TIC 150431994,150431994,94
TIC 150432038,150432038,94
TIC 150432079,150432079,94
TIC 150432211,150432211,94
TIC 150433318,150433318,94
TIC 150433579,150433579,94
TIC 150437065,150437065,94
TIC 150437346,150437346,94
TIC 150437932,150437932,94
TIC 150438041,150438041,94
TIC 150439289,150439289,94
TIC 150439974,150439974,94
TIC 150439989,150439989,94
TIC 150440079,150440079,94
TIC 150440176,150440176,94
TIC 150440296,150440296,94
TIC 150440362,150440362,94
TIC 150440755,150440755,94
TIC 150441015,150441015,94
TIC 150441800,150441800,94
TIC 150441810,150441810,94
TIC 150441905,150441905,94
TIC 150442152,150442152,94
TIC 150442264,150442264,94
TIC 150442497,150442497,94
TIC 150442658,150442658,94
TIC 150442748,150442748,94
TIC 150442841,150442841,94
TIC 150442974,150442974,94
TIC 150443185,150443185,94
TIC 150443238,150443238,94
TIC 150443296,150443296,94
TIC 150513194,150513194,94
TIC 150513591,150513591,94
TIC 151943470,151943470,94
TIC 151944425,151944425,94
TIC 151945339,151945339,94
TIC 151954475,151954475,94
TIC 152142605,152142605,94
TIC 152167813,152167813,94
TIC 152169459,152169459,94
TIC 152624701,152624701,94
TIC 152624787,152624787,94
TIC 152689099,152689099,94
TIC 152797900,152797900,94
TIC 158064206,158064206,94
TIC 158102157,158102157,94
TIC 158157292,158157292,94
TIC 158158265,158158265,94
TIC 158159891,158159891,94
TIC 158207364,158207364,94
TIC 158209498,158209498,94
TIC 158235404,158235404,94
TIC 158237409,158237409,94
TIC 158297421,158297421,94
TIC 158335560,158335560,94
TIC 158342117,158342117,94
TIC 158343496,158343496,94
TIC 158398356,158398356,94
TIC 158400757,158400757,94
TIC 158401602,158401602,94
TIC 158403855,158403855,94
TIC 158441902,158441902,94
TIC 158442384,158442384,94
TIC 158442595,158442595,94
TIC 158507202,158507202,94
TIC 158511907,158511907,94
TIC 158517957,158517957,94
TIC 159541179,159541179,94
TIC 164249928,164249928,94
TIC 164285047,164285047,94
TIC 164382752,164382752,94
TIC 164384775,164384775,94
TIC 164385182,164385182,94
TIC 164404685,164404685,94
TIC 164453159,164453159,94
TIC 164519009,164519009,94
TIC 164521087,164521087,94
TIC 164544472,164544472,94
TIC 164549737,164549737,94
TIC 164551412,164551412,94
TIC 164586125,164586125,94
TIC 164600572,164600572,94
TIC 164660231,164660231,94
TIC 164679353,164679353,94
TIC 164679371,164679371,94
TIC 165847000,165847000,94
TIC 166223639,166223639,94
TIC 166224562,166224562,94
TIC 166225976,166225976,94
TIC 166226737,166226737,94
TIC 166284611,166284611,94
TIC 166348459,166348459,94
TIC 166395799,166395799,94
TIC 166467008,166467008,94
TIC 166469020,166469020,94
TIC 166469442,166469442,94
TIC 166497228,166497228,94
TIC 166500267,166500267,94
TIC 166500725,166500725,94
TIC 166548234,166548234,94
TIC 166578055,166578055,94
TIC 166578417,166578417,94
TIC 166580852,166580852,94
TIC 166580970,166580970,94
TIC 166605235,166605235,94
TIC 166610129,166610129,94
TIC 166625668,166625668,94
TIC 166627989,166627989,94
TIC 166628329,166628329,94
TIC 166650821,166650821,94
TIC 166651274,166651274,94
TIC 166654885,166654885,94
TIC 166657780,166657780,94
TIC 166969346,166969346,94
TIC 166970155,166970155,94
TIC 166970183,166970183,94
TIC 166972537,166972537,94
TIC 166973387,166973387,94
TIC 166974030,166974030,94
TIC 166974307,166974307,94
TIC 166975638,166975638,94
TIC 167005326,167005326,94
TIC 167005469,167005469,94
TIC 167005517,167005517,94
TIC 167006364,167006364,94
TIC 167006493,167006493,94
TIC 167007869,167007869,94
TIC 167009292,167009292,94
TIC 167009792,167009792,94
TIC 167010763,167010763,94
TIC 167010833,167010833,94
TIC 167010837,167010837,94
TIC 167010957,167010957,94
TIC 167011368,167011368,94
TIC 167011856,167011856,94
TIC 167012000,167012000,94
TIC 167040411,167040411,94
TIC 167042036,167042036,94
TIC 167042097,167042097,94
TIC 167042110,167042110,94
TIC 167042472,167042472,94
TIC 167042979,167042979,94
TIC 167043194,167043194,94
TIC 167043669,167043669,94
TIC 167045028,167045028,94
TIC 167046661,167046661,94
TIC 167085203,167085203,94
TIC 167085242,167085242,94
TIC 167085840,167085840,94
TIC 167086013,167086013,94
TIC 167086201,167086201,94
TIC 167086374,167086374,94
TIC 167086734,167086734,94
TIC 167087044,167087044,94
TIC 167087316,167087316,94
TIC 167088119,167088119,94
TIC 167088607,167088607,94
TIC 167089430,167089430,94
TIC 167089585,167089585,94
TIC 167089959,167089959,94
TIC 167119619,167119619,94
TIC 167119957,167119957,94
TIC 167120830,167120830,94
TIC 167121012,167121012,94
TIC 167121881,167121881,94
TIC 167122528,167122528,94
TIC 167123841,167123841,94
TIC 167125515,167125515,94
TIC 167125519,167125519,94
TIC 167125872,167125872,94
TIC 167126073,167126073,94
TIC 167126852,167126852,94
TIC 167162824,167162824,94
TIC 167163613,167163613,94
TIC 167163906,167163906,94
TIC 167163909,167163909,94
TIC 167164775,167164775,94
TIC 167164880,167164880,94
TIC 167165793,167165793,94
TIC 167166946,167166946,94
TIC 167167167,167167167,94
TIC 167168632,167168632,94
TIC 167170023,167170023,94
TIC 167201539,167201539,94
TIC 167201721,167201721,94
TIC 167203674,167203674,94
TIC 167204164,167204164,94
TIC 167204815,167204815,94
TIC 167205241,167205241,94
TIC 167206099,167206099,94
TIC 167206326,167206326,94
TIC 167206607,167206607,94
TIC 167206752,167206752,94
TIC 167207517,167207517,94
TIC 167207566,167207566,94
TIC 167207589,167207589,94
TIC 167208380,167208380,94
TIC 167247077,167247077,94
TIC 167247143,167247143,94
TIC 167247946,167247946,94
TIC 167248140,167248140,94
TIC 167248795,167248795,94
TIC 167249270,167249270,94
TIC 167249373,167249373,94
TIC 167249390,167249390,94
TIC 167249700,167249700,94
TIC 167249879,167249879,94
TIC 167250176,167250176,94
TIC 167250266,167250266,94
TIC 167250269,167250269,94
TIC 167303226,167303226,94
TIC 167303382,167303382,94
TIC 167303776,167303776,94
TIC 167303815,167303815,94
TIC 167304005,167304005,94
TIC 167304040,167304040,94
TIC 167304735,167304735,94
TIC 167304933,167304933,94
TIC 167305895,167305895,94
TIC 167306154,167306154,94
TIC 167307018,167307018,94
TIC 167307093,167307093,94
TIC 167308252,167308252,94
TIC 167308905,167308905,94
TIC 167309004,167309004,94
TIC 167309174,167309174,94
TIC 167309434,167309434,94
TIC 167309586,167309586,94
TIC 167309606,167309606,94
TIC 167337533,167337533,94
TIC 167338050,167338050,94
TIC 167338355,167338355,94
TIC 167338863,167338863,94
TIC 167339584,167339584,94
TIC 167339633,167339633,94
TIC 167339970,167339970,94
TIC 167340438,167340438,94
TIC 167341796,167341796,94
TIC 167342439,167342439,94
TIC 167342488,167342488,94
TIC 167342784,167342784,94
TIC 167342845,167342845,94
TIC 167343765,167343765,94
TIC 167343976,167343976,94
TIC 167344029,167344029,94
TIC 167344043,167344043,94
TIC 167344196,167344196,94
TIC 167344197,167344197,94
TIC 167344359,167344359,94
TIC 167363687,167363687,94
TIC 167364354,167364354,94
TIC 167364571,167364571,94
TIC 167364796,167364796,94
TIC 167365279,167365279,94
TIC 167365789,167365789,94
TIC 167366681,167366681,94
TIC 167367237,167367237,94
TIC 167367512,167367512,94
TIC 167367985,167367985,94
TIC 167368379,167368379,94
TIC 167368416,167368416,94
TIC 167368442,167368442,94
TIC 167368443,167368443,94
TIC 167415721,167415721,94
TIC 167415800,167415800,94
TIC 167415960,167415960,94
TIC 167415965,167415965,94
TIC 167416137,167416137,94
TIC 167416321,167416321,94
TIC 167416361,167416361,94
TIC 167417047,167417047,94
TIC 167417444,167417444,94
TIC 167417549,167417549,94
TIC 167417551,167417551,94
TIC 167417695,167417695,94
TIC 167418898,167418898,94
TIC 167418903,167418903,94
TIC 167419169,167419169,94
TIC 167419543,167419543,94
TIC 167420753,167420753,94
TIC 167420834,167420834,94
TIC 167421481,167421481,94
TIC 167421913,167421913,94
TIC 167421917,167421917,94
TIC 167422005,167422005,94
TIC 167422188,167422188,94
TIC 167422211,167422211,94
TIC 167422218,167422218,94
TIC 167422469,167422469,94
TIC 167439141,167439141,94
TIC 167523976,167523976,94
TIC 167524278,167524278,94
TIC 167524371,167524371,94
TIC 167524561,167524561,94
TIC 167524563,167524563,94
TIC 167524928,167524928,94
TIC 167525131,167525131,94
TIC 167525513,167525513,94
TIC 167525968,167525968,94
TIC 167526213,167526213,94
TIC 167526477,167526477,94
TIC 167526485,167526485,94
TIC 167526639,167526639,94
TIC 167527011,167527011,94
TIC 167527065,167527065,94
TIC 167527244,167527244,94
TIC 167548586,167548586,94
TIC 167549203,167549203,94
TIC 167549377,167549377,94
TIC 167549709,167549709,94
TIC 167549764,167549764,94
TIC 167550490,167550490,94
TIC 167550588,167550588,94
TIC 167550747,167550747,94
TIC 167550778,167550778,94
TIC 167551757,167551757,94
TIC 167551845,167551845,94
TIC 167551882,167551882,94
TIC 167552090,167552090,94
TIC 167552111,167552111,94
TIC 167552318,167552318,94
TIC 167554037,167554037,94
TIC 167554039,167554039,94
TIC 167554181,167554181,94
TIC 167554511,167554511,94
TIC 167554786,167554786,94
TIC 167554898,167554898,94
TIC 167554964,167554964,94
TIC 167570131,167570131,94
TIC 167570500,167570500,94
TIC 167570926,167570926,94
TIC 167570942,167570942,94
TIC 167571315,167571315,94
TIC 167571529,167571529,94
TIC 167571928,167571928,94
TIC 167571989,167571989,94
TIC 167572013,167572013,94
TIC 167572080,167572080,94
TIC 167572319,167572319,94
TIC 167572952,167572952,94
TIC 167572975,167572975,94
TIC 167573283,167573283,94
TIC 167573510,167573510,94
TIC 167573692,167573692,94
TIC 167574282,167574282,94
TIC 167574513,167574513,94
TIC 167574667,167574667,94
TIC 167600488,167600488,94
TIC 167600516,167600516,94
TIC 167601211,167601211,94
TIC 167601531,167601531,94
TIC 167601581,167601581,94
TIC 167602025,167602025,94
TIC 167602316,167602316,94
TIC 167602545,167602545,94
TIC 167602738,167602738,94
TIC 167602759,167602759,94
TIC 167602822,167602822,94
TIC 167602961,167602961,94
TIC 167603080,167603080,94
TIC 167603388,167603388,94
TIC 167604225,167604225,94
TIC 167604506,167604506,94
TIC 167604549,167604549,94
TIC 167604719,167604719,94
TIC 167651305,167651305,94
TIC 167651398,167651398,94
TIC 167651636,167651636,94
TIC 167651836,167651836,94
TIC 167651956,167651956,94
TIC 167652763,167652763,94
TIC 167652884,167652884,94
TIC 167653919,167653919,94
TIC 167654347,167654347,94
TIC 167654477,167654477,94
TIC 167654878,167654878,94
TIC 167654890,167654890,94
TIC 167655013,167655013,94
TIC 167655573,167655573,94
TIC 167655998,167655998,94
TIC 167656135,167656135,94
TIC 167656187,167656187,94
TIC 167656243,167656243,94
TIC 167656297,167656297,94
TIC 167656416,167656416,94
TIC 167691876,167691876,94
TIC 167691903,167691903,94
TIC 167692429,167692429,94
TIC 167692491,167692491,94
TIC 167693009,167693009,94
TIC 167694397,167694397,94
TIC 167694800,167694800,94
TIC 167694820,167694820,94
TIC 167695253,167695253,94
TIC 167695269,167695269,94
TIC 167695338,167695338,94
TIC 167695470,167695470,94
TIC 167695608,167695608,94
TIC 167696018,167696018,94
TIC 167696090,167696090,94
TIC 167696452,167696452,94
TIC 167696766,167696766,94
TIC 167697441,167697441,94
TIC 167697604,167697604,94
TIC 167697655,167697655,94
TIC 167697730,167697730,94
TIC 167698166,167698166,94
TIC 167698322,167698322,94
TIC 167698504,167698504,94
TIC 167698719,167698719,94
TIC 167718173,167718173,94
TIC 167718241,167718241,94
TIC 167718398,167718398,94
TIC 167719120,167719120,94
TIC 167719377,167719377,94
TIC 167719618,167719618,94
TIC 167719689,167719689,94
TIC 167719831,167719831,94
TIC 167719897,167719897,94
TIC 167719905,167719905,94
TIC 167720039,167720039,94
TIC 167720624,167720624,94
TIC 167720788,167720788,94
TIC 167720983,167720983,94
TIC 167721378,167721378,94
TIC 167721652,167721652,94
TIC 167721744,167721744,94
TIC 167722216,167722216,94
TIC 167722247,167722247,94
TIC 167722419,167722419,94
TIC 167722431,167722431,94
TIC 167722708,167722708,94
TIC 167723227,167723227,94
TIC 167723383,167723383,94
TIC 167723503,167723503,94
TIC 167723520,167723520,94
TIC 167724857,167724857,94
TIC 167748771,167748771,94
TIC 167749605,167749605,94
TIC 167750453,167750453,94
TIC 167751145,167751145,94
TIC 167751425,167751425,94
TIC 167751463,167751463,94
TIC 167752082,167752082,94
TIC 167752123,167752123,94
TIC 167752446,167752446,94
TIC 167752664,167752664,94
TIC 167752835,167752835,94
TIC 167753454,167753454,94
TIC 167754452,167754452,94
TIC 167754523,167754523,94
TIC 167754733,167754733,94
TIC 167754778,167754778,94
TIC 167755378,167755378,94
TIC 167792080,167792080,94
TIC 167792486,167792486,94
TIC 167792716,167792716,94
TIC 167792845,167792845,94
TIC 167792868,167792868,94
TIC 167793452,167793452,94
TIC 167793536,167793536,94
TIC 167793630,167793630,94
TIC 167794129,167794129,94
TIC 167795033,167795033,94
TIC 167795079,167795079,94
TIC 167795243,167795243,94
TIC 167795728,167795728,94
TIC 167795767,167795767,94
TIC 167795786,167795786,94
TIC 167795859,167795859,94
TIC 167796443,167796443,94
TIC 167796704,167796704,94
TIC 167796747,167796747,94
TIC 167797285,167797285,94
TIC 167798390,167798390,94
TIC 167798625,167798625,94
TIC 167808338,167808338,94
TIC 167808464,167808464,94
TIC 167808514,167808514,94
TIC 167808520,167808520,94
TIC 167808687,167808687,94
TIC 167809441,167809441,94
TIC 167809466,167809466,94
TIC 167809685,167809685,94
TIC 167810008,167810008,94
TIC 167810464,167810464,94
TIC 167810893,167810893,94
TIC 167811187,167811187,94
TIC 167811672,167811672,94
TIC 167811761,167811761,94
TIC 167812099,167812099,94
TIC 167812449,167812449,94
TIC 167812505,167812505,94
TIC 167812509,167812509,94
TIC 167813113,167813113,94
TIC 167813580,167813580,94
TIC 167813804,167813804,94
TIC 167814411,167814411,94
TIC 167814455,167814455,94
TIC 167814517,167814517,94
TIC 167814656,167814656,94
TIC 167814740,167814740,94
TIC 167815117,167815117,94
TIC 167888482,167888482,94
TIC 167888669,167888669,94
TIC 167888675,167888675,94
TIC 167888770,167888770,94
TIC 167889304,167889304,94
TIC 167889402,167889402,94
TIC 167889542,167889542,94
TIC 167889859,167889859,94
TIC 167890109,167890109,94
TIC 167890721,167890721,94
TIC 167890991,167890991,94
TIC 167891320,167891320,94
TIC 167891342,167891342,94
TIC 167891921,167891921,94
TIC 167892002,167892002,94
TIC 167892412,167892412,94
TIC 167892588,167892588,94
TIC 167892638,167892638,94
TIC 167893116,167893116,94
TIC 167893454,167893454,94
TIC 167893803,167893803,94
TIC 167894019,167894019,94
TIC 167894031,167894031,94
TIC 167894606,167894606,94
TIC 167895165,167895165,94
TIC 167895977,167895977,94
TIC 167896417,167896417,94
TIC 167896870,167896870,94
TIC 169009884,169009884,94
TIC 169259307,169259307,94
TIC 169385570,169385570,94
TIC 169444915,169444915,94
TIC 169446272,169446272,94
TIC 176870098,176870098,94
TIC 176870325,176870325,94
TIC 176870369,176870369,94
TIC 176870775,176870775,94
TIC 176871438,176871438,94
TIC 176871574,176871574,94
TIC 176871588,176871588,94
TIC 176872276,176872276,94
TIC 176872401,176872401,94
TIC 176872638,176872638,94
TIC 176872955,176872955,94
TIC 176873028,176873028,94
TIC 176873469,176873469,94
TIC 176873735,176873735,94
TIC 176873840,176873840,94
TIC 176874060,176874060,94
TIC 176874062,176874062,94
TIC 176874136,176874136,94
TIC 176875114,176875114,94
TIC 176875517,176875517,94
TIC 176875632,176875632,94
TIC 176875749,176875749,94
TIC 176875887,176875887,94
TIC 176875890,176875890,94
TIC 176876104,176876104,94
TIC 176876182,176876182,94
TIC 176876294,176876294,94
TIC 176930969,176930969,94
TIC 176931042,176931042,94
TIC 176931266,176931266,94
TIC 176931568,176931568,94
TIC 176931617,176931617,94
TIC 176932113,176932113,94
TIC 176933311,176933311,94
TIC 176933645,176933645,94
TIC 176935006,176935006,94
TIC 176935123,176935123,94
TIC 176935619,176935619,94
TIC 176935871,176935871,94
TIC 176936043,176936043,94
TIC 176936125,176936125,94
TIC 176936142,176936142,94
TIC 176937262,176937262,94
TIC 176937668,176937668,94
TIC 176953878,176953878,94
TIC 176954173,176954173,94
TIC 176954188,176954188,94
TIC 176954865,176954865,94
TIC 176954932,176954932,94
TIC 176955267,176955267,94
TIC 176955379,176955379,94
TIC 176955664,176955664,94
TIC 176956040,176956040,94
TIC 176956893,176956893,94
TIC 176957137,176957137,94
TIC 176957154,176957154,94
TIC 176958231,176958231,94
TIC 176958810,176958810,94
TIC 176959084,176959084,94
TIC 176959341,176959341,94
TIC 176959701,176959701,94
TIC 176959991,176959991,94
TIC 176960513,176960513,94
TIC 176960818,176960818,94
TIC 176980159,176980159,94
TIC 176980774,176980774,94
TIC 176980970,176980970,94
TIC 176980995,176980995,94
TIC 176981169,176981169,94
TIC 176981409,176981409,94
TIC 176982344,176982344,94
TIC 176982477,176982477,94
TIC 176982916,176982916,94
TIC 176983267,176983267,94
TIC 176985564,176985564,94
TIC 176985618,176985618,94
TIC 176986215,176986215,94
TIC 177016680,177016680,94
TIC 177017070,177017070,94
TIC 177017454,177017454,94
TIC 177017653,177017653,94
TIC 177017898,177017898,94
TIC 177019400,177019400,94
TIC 177019564,177019564,94
TIC 177019667,177019667,94
TIC 177022213,177022213,94
TIC 177022217,177022217,94
TIC 177022243,177022243,94
TIC 177022859,177022859,94
TIC 177023289,177023289,94
TIC 177023346,177023346,94
TIC 177023594,177023594,94
TIC 177023673,177023673,94
TIC 177023707,177023707,94
TIC 177032956,177032956,94
TIC 177033503,177033503,94
TIC 177034213,177034213,94
TIC 177034616,177034616,94
TIC 177034708,177034708,94
TIC 177034802,177034802,94
TIC 177034861,177034861,94
TIC 177036977,177036977,94
TIC 177038077,177038077,94
TIC 177038703,177038703,94
TIC 177038886,177038886,94
TIC 177039559,177039559,94
TIC 177039581,177039581,94
TIC 177075997,177075997,94
TIC 177077054,177077054,94
TIC 177077336,177077336,94
TIC 177077420,177077420,94
TIC 177077475,177077475,94
TIC 177077656,177077656,94
TIC 177078973,177078973,94
TIC 177079149,177079149,94
TIC 177079273,177079273,94
TIC 177079274,177079274,94
TIC 177079275,177079275,94
TIC 177079323,177079323,94
TIC 177079354,177079354,94
TIC 177079697,177079697,94
TIC 177082055,177082055,94
TIC 177113044,177113044,94
TIC 177113114,177113114,94
TIC 177113903,177113903,94
TIC 177114205,177114205,94
TIC 177114260,177114260,94
TIC 177114793,177114793,94
TIC 177114809,177114809,94
TIC 177115013,177115013,94
TIC 177115211,177115211,94
TIC 177115354,177115354,94
TIC 177115492,177115492,94
TIC 177115893,177115893,94
TIC 177115978,177115978,94
TIC 177116244,177116244,94
TIC 177116487,177116487,94
TIC 177116574,177116574,94
TIC 177117281,177117281,94
TIC 177117499,177117499,94
TIC 177118923,177118923,94
TIC 177118939,177118939,94
TIC 177119085,177119085,94
TIC 177160343,177160343,94
TIC 177161008,177161008,94
TIC 177161030,177161030,94
TIC 177162886,177162886,94
TIC 177163070,177163070,94
TIC 177163800,177163800,94
TIC 177164194,177164194,94
TIC 177164882,177164882,94
TIC 177164901,177164901,94
TIC 177165232,177165232,94
TIC 177165621,177165621,94
TIC 177165931,177165931,94
TIC 177167539,177167539,94
TIC 177167950,177167950,94
TIC 177170266,177170266,94
TIC 177170633,177170633,94
TIC 177170648,177170648,94
TIC 177171236,177171236,94
TIC 177171512,177171512,94
TIC 177172698,177172698,94
TIC 177173234,177173234,94
TIC 177173686,177173686,94
TIC 177173860,177173860,94
TIC 177174590,177174590,94
TIC 177174910,177174910,94
TIC 177175199,177175199,94
TIC 177177612,177177612,94
TIC 177179102,177179102,94
TIC 177179614,177179614,94
TIC 177236722,177236722,94
TIC 177236915,177236915,94
TIC 177236998,177236998,94
TIC 177237464,177237464,94
TIC 177237670,177237670,94
TIC 177237846,177237846,94
TIC 177238032,177238032,94
TIC 177238132,177238132,94
TIC 177238322,177238322,94
TIC 177238351,177238351,94
TIC 177240597,177240597,94
TIC 177241128,177241128,94
TIC 177241155,177241155,94
TIC 177241993,177241993,94
TIC 177242528,177242528,94
TIC 177242966,177242966,94
TIC 177252842,177252842,94
TIC 177252896,177252896,94
TIC 177253136,177253136,94
TIC 177253202,177253202,94
TIC 177253314,177253314,94
TIC 177253429,177253429,94
TIC 177253730,177253730,94
TIC 177253915,177253915,94
TIC 177254154,177254154,94
TIC 177254247,177254247,94
TIC 177254302,177254302,94
TIC 177254872,177254872,94
TIC 177254988,177254988,94
TIC 177255132,177255132,94
TIC 177255827,177255827,94
TIC 177256161,177256161,94
TIC 177257073,177257073,94
TIC 177257923,177257923,94
TIC 177257949,177257949,94
TIC 177258212,177258212,94
TIC 177258265,177258265,94
TIC 177258700,177258700,94
TIC 177258735,177258735,94
TIC 177258779,177258779,94
TIC 177258863,177258863,94
TIC 177281852,177281852,94
TIC 177281989,177281989,94
TIC 177282188,177282188,94
TIC 177282306,177282306,94
TIC 177282821,177282821,94
TIC 177282921,177282921,94
TIC 177282934,177282934,94
TIC 177282955,177282955,94
TIC 177283493,177283493,94
TIC 177283525,177283525,94
TIC 177283605,177283605,94
TIC 177283727,177283727,94
TIC 177284077,177284077,94
TIC 177284199,177284199,94
TIC 177284607,177284607,94
TIC 177284702,177284702,94
TIC 177285682,177285682,94
TIC 177286026,177286026,94
TIC 177306969,177306969,94
TIC 177307515,177307515,94
TIC 177307808,177307808,94
TIC 177308019,177308019,94
TIC 177308090,177308090,94
TIC 177308364,177308364,94
TIC 177308367,177308367,94
TIC 177308369,177308369,94
TIC 177308385,177308385,94
TIC 177308817,177308817,94
TIC 177308913,177308913,94
TIC 177309083,177309083,94
TIC 177309385,177309385,94
TIC 177309573,177309573,94
TIC 177309964,177309964,94
TIC 177309987,177309987,94
TIC 177310324,177310324,94
TIC 177310473,177310473,94
TIC 177311244,177311244,94
TIC 177311830,177311830,94
TIC 177312459,177312459,94
TIC 177312474,177312474,94
TIC 177313167,177313167,94
TIC 177349362,177349362,94
TIC 177349660,177349660,94
TIC 177349718,177349718,94
TIC 177349900,177349900,94
TIC 177349901,177349901,94
TIC 177350315,177350315,94
TIC 177350401,177350401,94
TIC 177350828,177350828,94
TIC 177351052,177351052,94
TIC 177351265,177351265,94
TIC 177352028,177352028,94
TIC 177352893,177352893,94
TIC 177353450,177353450,94
TIC 177353755,177353755,94
TIC 177353880,177353880,94
TIC 177353945,177353945,94
TIC 177354054,177354054,94
TIC 177354146,177354146,94
TIC 177354239,177354239,94
TIC 177354263,177354263,94
TIC 177354461,177354461,94
TIC 177354771,177354771,94
TIC 177385193,177385193,94
TIC 177385479,177385479,94
TIC 177385488,177385488,94
TIC 177385907,177385907,94
TIC 177385959,177385959,94
TIC 177386111,177386111,94
TIC 177386428,177386428,94
TIC 177386783,177386783,94
TIC 177387380,177387380,94
TIC 177387396,177387396,94
TIC 177387399,177387399,94
TIC 177388161,177388161,94
TIC 177388502,177388502,94
TIC 177388571,177388571,94
TIC 177388686,177388686,94
TIC 177389261,177389261,94
TIC 177389302,177389302,94
TIC 179038240,179038240,94
TIC 179038379,179038379,94
TIC 179039934,179039934,94
TIC 179040607,179040607,94
TIC 179040880,179040880,94
TIC 179046780,179046780,94
TIC 179114436,179114436,94
TIC 179116917,179116917,94
TIC 179119903,179119903,94
TIC 179120455,179120455,94
TIC 179120633,179120633,94
TIC 179123560,179123560,94
TIC 179125917,179125917,94
TIC 179201107,179201107,94
TIC 179201407,179201407,94
TIC 179204591,179204591,94
TIC 179206253,179206253,94
TIC 179208877,179208877,94
TIC 179209305,179209305,94
TIC 179209402,179209402,94
TIC 179232118,179232118,94
TIC 179234597,179234597,94
TIC 179236743,179236743,94
TIC 179238133,179238133,94
TIC 179239735,179239735,94
TIC 179243145,179243145,94
TIC 179243599,179243599,94
TIC 179244391,179244391,94
TIC 179245957,179245957,94
TIC 179246484,179246484,94
TIC 179246511,179246511,94
TIC 179304342,179304342,94
TIC 179304753,179304753,94
TIC 179304899,179304899,94
TIC 179305059,179305059,94
TIC 179305185,179305185,94
TIC 179306195,179306195,94
TIC 179308757,179308757,94
TIC 179308923,179308923,94
TIC 179308939,179308939,94
TIC 179309196,179309196,94
TIC 179312477,179312477,94
TIC 179315999,179315999,94
TIC 179372935,179372935,94
TIC 179376451,179376451,94
TIC 179378612,179378612,94
TIC 179381410,179381410,94
TIC 179383005,179383005,94
TIC 179385044,179385044,94
TIC 179438406,179438406,94
TIC 179438938,179438938,94
TIC 179440289,179440289,94
TIC 179441174,179441174,94
TIC 179442778,179442778,94
TIC 179443276,179443276,94
TIC 179502880,179502880,94
TIC 179507124,179507124,94
TIC 179512164,179512164,94
TIC 179517557,179517557,94
TIC 179580045,179580045,94
TIC 179582003,179582003,94
TIC 179583882,179583882,94
TIC 179586885,179586885,94
TIC 179634514,179634514,94
TIC 179635081,179635081,94
TIC 179636148,179636148,94
TIC 179637063,179637063,94
TIC 179637327,179637327,94
TIC 179637336,179637336,94
TIC 179637387,179637387,94
TIC 179637488,179637488,94
TIC 179638852,179638852,94
TIC 179639066,179639066,94
TIC 179640738,179640738,94
TIC 179987678,179987678,94
TIC 180205840,180205840,94
TIC 180206335,180206335,94
TIC 180212522,180212522,94
TIC 180212545,180212545,94
TIC 180412926,180412926,94
TIC 180416754,180416754,94
TIC 180417064,180417064,94
TIC 180616755,180616755,94
TIC 180617228,180617228,94
TIC 180791583,180791583,94
TIC 180793878,180793878,94
TIC 180795869,180795869,94
TIC 180795899,180795899,94
TIC 181043970,181043970,94
TIC 181229542,181229542,94
TIC 181229551,181229551,94
TIC 181229600,181229600,94
TIC 181229779,181229779,94
TIC 181230103,181230103,94
TIC 181230113,181230113,94
TIC 181230178,181230178,94
TIC 181233533,181233533,94
TIC 181233653,181233653,94
TIC 181340978,181340978,94
TIC 181345316,181345316,94
TIC 181447056,181447056,94
TIC 181571472,181571472,94
TIC 181655818,181655818,94
TIC 181655993,181655993,94
TIC 181659588,181659588,94
TIC 181793033,181793033,94
TIC 182012072,182012072,94
TIC 182012708,182012708,94
TIC 182013068,182013068,94
TIC 182074290,182074290,94
TIC 182074567,182074567,94
TIC 182074579,182074579,94
TIC 182078146,182078146,94
TIC 182078202,182078202,94
TIC 182078289,182078289,94
TIC 182229898,182229898,94
TIC 182235648,182235648,94
TIC 182236076,182236076,94
TIC 182239311,182239311,94
TIC 182294089,182294089,94
TIC 182450319,182450319,94
TIC 182450905,182450905,94
TIC 182451100,182451100,94
TIC 182517226,182517226,94
TIC 182521178,182521178,94
TIC 182521194,182521194,94
TIC 182645486,182645486,94
TIC 182645490,182645490,94
TIC 182650162,182650162,94
TIC 182651279,182651279,94
TIC 182729795,182729795,94
TIC 182730362,182730362,94
TIC 182734854,182734854,94
TIC 182735314,182735314,94
TIC 182894191,182894191,94
TIC 182894777,182894777,94
TIC 182898503,182898503,94
TIC 182898752,182898752,94
TIC 182898759,182898759,94
TIC 182900208,182900208,94
TIC 182900321,182900321,94
TIC 183072417,183072417,94
TIC 183077258,183077258,94
TIC 183077743,183077743,94
TIC 183078154,183078154,94
TIC 183492194,183492194,94
TIC 183494752,183494752,94
TIC 183494861,183494861,94
TIC 183641919,183641919,94
TIC 183642478,183642478,94
TIC 183644824,183644824,94
TIC 183645948,183645948,94
TIC 183799307,183799307,94
TIC 183799419,183799419,94
TIC 183802440,183802440,94
TIC 183802598,183802598,94
TIC 183978788,183978788,94
TIC 183978824,183978824,94
TIC 183979379,183979379,94
TIC 183981332,183981332,94
TIC 184134822,184134822,94
TIC 184137021,184137021,94
TIC 197761068,197761068,94
TIC 197764592,197764592,94
TIC 197767504,197767504,94
TIC 197979354,197979354,94
TIC 197980747,197980747,94
TIC 197981057,197981057,94
TIC 197981077,197981077,94
TIC 200227050,200227050,94
TIC 200228924,200228924,94
TIC 200230198,200230198,94
TIC 200230413,200230413,94
TIC 200250521,200250521,94
TIC 200254057,200254057,94
TIC 201168316,201168316,94
TIC 201169126,201169126,94
TIC 201173703,201173703,94
TIC 201532949,201532949,94
TIC 201532957,201532957,94
TIC 201602866,201602866,94
TIC 201604954,201604954,94
TIC 201639088,201639088,94
TIC 201642557,201642557,94
TIC 201642601,201642601,94
TIC 201643820,201643820,94
TIC 201655627,201655627,94
TIC 201658484,201658484,94
TIC 201660996,201660996,94
TIC 201687177,201687177,94
TIC 201690280,201690280,94
TIC 201723074,201723074,94
TIC 201723935,201723935,94
TIC 201726610,201726610,94
TIC 201730948,201730948,94
TIC 201732436,201732436,94
TIC 201745872,201745872,94
TIC 201745945,201745945,94
TIC 201749918,201749918,94
TIC 201750125,201750125,94
TIC 209040231,209040231,94
TIC 209089132,209089132,94
TIC 209171550,209171550,94
TIC 209183484,209183484,94
TIC 209185251,209185251,94
TIC 209280785,209280785,94
TIC 211037142,211037142,94
TIC 211037159,211037159,94
TIC 211037161,211037161,94
TIC 211037170,211037170,94
TIC 211038163,211038163,94
TIC 211040048,211040048,94
TIC 211045606,211045606,94
TIC 211062077,211062077,94
TIC 211063364,211063364,94
TIC 211064319,211064319,94
TIC 211066713,211066713,94
TIC 211117265,211117265,94
TIC 211117628,211117628,94
TIC 211164085,211164085,94
TIC 211164500,211164500,94
TIC 211215485,211215485,94
TIC 211217291,211217291,94
TIC 211217450,211217450,94
TIC 211221719,211221719,94
TIC 211222553,211222553,94
TIC 211222559,211222559,94
TIC 211222567,211222567,94
TIC 211230031,211230031,94
TIC 211254719,211254719,94
TIC 211255152,211255152,94
TIC 211277105,211277105,94
TIC 211277570,211277570,94
TIC 211278117,211278117,94
TIC 211279327,211279327,94
TIC 211304394,211304394,94
TIC 211305389,211305389,94
TIC 211324281,211324281,94
TIC 218875180,218875180,94
TIC 218885450,218885450,94
TIC 218902449,218902449,94
TIC 218907007,218907007,94
TIC 218907570,218907570,94
TIC 218910850,218910850,94
TIC 218911792,218911792,94
TIC 218911856,218911856,94
TIC 218922558,218922558,94
TIC 218926765,218926765,94
TIC 218930202,218930202,94
TIC 218932547,218932547,94
TIC 219020465,219020465,94
TIC 219021498,219021498,94
TIC 219022623,219022623,94
TIC 219026341,219026341,94
TIC 219144217,219144217,94
TIC 219144734,219144734,94
TIC 219144928,219144928,94
TIC 219145177,219145177,94
TIC 219150003,219150003,94
TIC 219150008,219150008,94
TIC 219150432,219150432,94
TIC 219154261,219154261,94
TIC 219170912,219170912,94
TIC 219171290,219171290,94
TIC 219171711,219171711,94
TIC 219176544,219176544,94
TIC 219176630,219176630,94
TIC 219182762,219182762,94
TIC 219183080,219183080,94
TIC 219194615,219194615,94
TIC 219195015,219195015,94
TIC 219195044,219195044,94
TIC 219200215,219200215,94
TIC 219201178,219201178,94
TIC 219206220,219206220,94
TIC 219206484,219206484,94
TIC 219212899,219212899,94
TIC 219282991,219282991,94
TIC 219285759,219285759,94
TIC 219304041,219304041,94
TIC 219304704,219304704,94
TIC 219309932,219309932,94
TIC 219315479,219315479,94
TIC 219318797,219318797,94
TIC 219319231,219319231,94
TIC 219323708,219323708,94
TIC 219365715,219365715,94
TIC 219369255,219369255,94
TIC 219373406,219373406,94
TIC 219373714,219373714,94
TIC 219376911,219376911,94
TIC 219380533,219380533,94
TIC 219380984,219380984,94
TIC 219389540,219389540,94
TIC 219389784,219389784,94
TIC 219390589,219390589,94
TIC 219393398,219393398,94
TIC 219398903,219398903,94
TIC 219405418,219405418,94
TIC 219405754,219405754,94
TIC 219410336,219410336,94
TIC 219411132,219411132,94
TIC 219414176,219414176,94
TIC 219414678,219414678,94
TIC 219418800,219418800,94
TIC 219420836,219420836,94
TIC 219423302,219423302,94
TIC 219425479,219425479,94
TIC 219427489,219427489,94
TIC 219427639,219427639,94
TIC 219902785,219902785,94
TIC 219919806,219919806,94
TIC 219920019,219920019,94
TIC 219922122,219922122,94
TIC 219926948,219926948,94
TIC 219929366,219929366,94
TIC 219938161,219938161,94
TIC 219939844,219939844,94
TIC 219943013,219943013,94
TIC 219943378,219943378,94
TIC 219945453,219945453,94
TIC 219951077,219951077,94
TIC 219952292,219952292,94
TIC 219953459,219953459,94
TIC 219963624,219963624,94
TIC 219963661,219963661,94
TIC 219963669,219963669,94
TIC 219963958,219963958,94
TIC 219964560,219964560,94
TIC 219965825,219965825,94
TIC 219975536,219975536,94
TIC 219975538,219975538,94
TIC 219977070,219977070,94
TIC 219978562,219978562,94
TIC 219979737,219979737,94
TIC 219981528,219981528,94
TIC 219982077,219982077,94
TIC 220345533,220345533,94
TIC 220347617,220347617,94
TIC 220347928,220347928,94
TIC 220348333,220348333,94
TIC 220348620,220348620,94
TIC 220365930,220365930,94
TIC 220367601,220367601,94
TIC 220368761,220368761,94
TIC 220368866,220368866,94
TIC 220370034,220370034,94
TIC 220370211,220370211,94
TIC 220371163,220371163,94
TIC 220372086,220372086,94
TIC 220372452,220372452,94
TIC 220373024,220373024,94
TIC 220378915,220378915,94
TIC 220389296,220389296,94
TIC 220389297,220389297,94
TIC 220392279,220392279,94
TIC 220392381,220392381,94
TIC 220392644,220392644,94
TIC 220394878,220394878,94
TIC 220394928,220394928,94
TIC 220395015,220395015,94
TIC 220395316,220395316,94
TIC 220395677,220395677,94
TIC 220398107,220398107,94
TIC 220399049,220399049,94
TIC 220399066,220399066,94
TIC 220401171,220401171,94
TIC 220401858,220401858,94
TIC 220402024,220402024,94
TIC 220402076,220402076,94
TIC 220404108,220404108,94
TIC 220405047,220405047,94
TIC 220405048,220405048,94
TIC 220405105,220405105,94
TIC 220405171,220405171,94
TIC 220407530,220407530,94
TIC 220407585,220407585,94
TIC 220407801,220407801,94
TIC 220407807,220407807,94
TIC 220408525,220408525,94
TIC 220408527,220408527,94
TIC 220408612,220408612,94
TIC 220411010,220411010,94
TIC 220411074,220411074,94
TIC 220411221,220411221,94
TIC 220411238,220411238,94
TIC 220411782,220411782,94
TIC 220411786,220411786,94
TIC 220411839,220411839,94
TIC 220411843,220411843,94
TIC 220411866,220411866,94
TIC 220412239,220412239,94
TIC 220414019,220414019,94
TIC 220414387,220414387,94
TIC 220414479,220414479,94
TIC 220414564,220414564,94
TIC 220414682,220414682,94
TIC 220415049,220415049,94
TIC 220415088,220415088,94
TIC 220415275,220415275,94
TIC 220415843,220415843,94
TIC 220417892,220417892,94
TIC 220418532,220418532,94
TIC 220418843,220418843,94
TIC 220419018,220419018,94
TIC 220420664,220420664,94
TIC 220420859,220420859,94
TIC 220421115,220421115,94
TIC 220421168,220421168,94
TIC 220421191,220421191,94
TIC 220421836,220421836,94
TIC 220421985,220421985,94
TIC 220421994,220421994,94
TIC 220421998,220421998,94
TIC 220422217,220422217,94
TIC 220422429,220422429,94
TIC 220422671,220422671,94
TIC 220424200,220424200,94
TIC 220424315,220424315,94
TIC 220424323,220424323,94
TIC 220424477,220424477,94
TIC 220424523,220424523,94
TIC 220424566,220424566,94
TIC 220424793,220424793,94
TIC 220424856,220424856,94
TIC 220425201,220425201,94
TIC 220425410,220425410,94
TIC 220425626,220425626,94
TIC 220425726,220425726,94
TIC 220425731,220425731,94
TIC 220425740,220425740,94
TIC 220427527,220427527,94
TIC 220427721,220427721,94
TIC 220427787,220427787,94
TIC 220428118,220428118,94
TIC 220428148,220428148,94
TIC 220428286,220428286,94
TIC 220428348,220428348,94
TIC 220428553,220428553,94
TIC 220428876,220428876,94
TIC 220428894,220428894,94
TIC 220428962,220428962,94
TIC 220429019,220429019,94
TIC 220429097,220429097,94
TIC 220429111,220429111,94
TIC 220429292,220429292,94
TIC 220430008,220430008,94
TIC 220430912,220430912,94
TIC 220431435,220431435,94
TIC 220431469,220431469,94
TIC 220431884,220431884,94
TIC 220432205,220432205,94
TIC 220432232,220432232,94
TIC 220432478,220432478,94
TIC 220432508,220432508,94
TIC 220432563,220432563,94
TIC 220432770,220432770,94
TIC 220432921,220432921,94
TIC 220433100,220433100,94
TIC 220433363,220433363,94
TIC 220433364,220433364,94
TIC 220434573,220434573,94
TIC 220435095,220435095,94
TIC 220435354,220435354,94
TIC 220435980,220435980,94
TIC 220436020,220436020,94
TIC 220436129,220436129,94
TIC 220436223,220436223,94
TIC 220436250,220436250,94
TIC 220436467,220436467,94
TIC 220436523,220436523,94
TIC 220436537,220436537,94
TIC 220436741,220436741,94
TIC 220436792,220436792,94
TIC 220436863,220436863,94
TIC 220437167,220437167,94
TIC 220437364,220437364,94
TIC 220437374,220437374,94
TIC 220438663,220438663,94
TIC 220438947,220438947,94
TIC 220453880,220453880,94
TIC 220453989,220453989,94
TIC 220454161,220454161,94
TIC 220454507,220454507,94
TIC 220454583,220454583,94
TIC 220454984,220454984,94
TIC 220454990,220454990,94
TIC 220456095,220456095,94
TIC 220456328,220456328,94
TIC 220456530,220456530,94
TIC 220456828,220456828,94
TIC 220457024,220457024,94
TIC 220457102,220457102,94
TIC 220457103,220457103,94
TIC 220457254,220457254,94
TIC 220457492,220457492,94
TIC 220457593,220457593,94
TIC 220457603,220457603,94
TIC 220457739,220457739,94
TIC 220457904,220457904,94
TIC 220457967,220457967,94
TIC 220458085,220458085,94
TIC 220458134,220458134,94
TIC 220458139,220458139,94
TIC 220459208,220459208,94
TIC 220459451,220459451,94
TIC 220459813,220459813,94
TIC 220459826,220459826,94
TIC 220459976,220459976,94
TIC 220460087,220460087,94
TIC 220461599,220461599,94
TIC 220461732,220461732,94
TIC 220471360,220471360,94
TIC 220472655,220472655,94
TIC 220473037,220473037,94
TIC 220473131,220473131,94
TIC 220473309,220473309,94
TIC 220473495,220473495,94
TIC 220473692,220473692,94
TIC 220473814,220473814,94
TIC 220473999,220473999,94
TIC 220474209,220474209,94
TIC 220474789,220474789,94
TIC 220474892,220474892,94
TIC 220474952,220474952,94
TIC 220475225,220475225,94
TIC 220475245,220475245,94
TIC 220475488,220475488,94
TIC 220476416,220476416,94
TIC 220476607,220476607,94
TIC 220476613,220476613,94
TIC 220476769,220476769,94
TIC 220477003,220477003,94
TIC 220477045,220477045,94
TIC 220477393,220477393,94
TIC 220477510,220477510,94
TIC 220478211,220478211,94
TIC 220478230,220478230,94
TIC 220478453,220478453,94
TIC 220478522,220478522,94
TIC 220478620,220478620,94
TIC 220478684,220478684,94
TIC 220478686,220478686,94
TIC 220478846,220478846,94
TIC 220478950,220478950,94
TIC 220479121,220479121,94
TIC 220479184,220479184,94
TIC 220479565,220479565,94
TIC 220480450,220480450,94
TIC 220480788,220480788,94
TIC 220481009,220481009,94
TIC 220481178,220481178,94
TIC 220481179,220481179,94
TIC 220481181,220481181,94
TIC 220481232,220481232,94
TIC 220481259,220481259,94
TIC 220481295,220481295,94
TIC 229804005,229804005,94
TIC 229804329,229804329,94
TIC 229804573,229804573,94
TIC 229806104,229806104,94
TIC 229807000,229807000,94
TIC 229807051,229807051,94
TIC 229807596,229807596,94
TIC 229808107,229808107,94
TIC 229808687,229808687,94
TIC 230952145,230952145,94
TIC 230953185,230953185,94
TIC 230954676,230954676,94
TIC 230955690,230955690,94
TIC 230956346,230956346,94
TIC 230957530,230957530,94
TIC 230959176,230959176,94
TIC 230962153,230962153,94
TIC 230968006,230968006,94
TIC 230973606,230973606,94
TIC 230974473,230974473,94
TIC 230979227,230979227,94
TIC 231072998,231072998,94
TIC 231073416,231073416,94
TIC 231073505,231073505,94
TIC 231073706,231073706,94
TIC 231073771,231073771,94
TIC 231074032,231074032,94
TIC 231074323,231074323,94
TIC 231074610,231074610,94
TIC 231074635,231074635,94
TIC 231075361,231075361,94
TIC 231075447,231075447,94
TIC 231075681,231075681,94
TIC 231076038,231076038,94
TIC 231076502,231076502,94
TIC 231076799,231076799,94
TIC 231076815,231076815,94
TIC 231077395,231077395,94
TIC 231077422,231077422,94
TIC 231077890,231077890,94
TIC 231078132,231078132,94
TIC 231079905,231079905,94
TIC 231080232,231080232,94
TIC 231081369,231081369,94
TIC 231081517,231081517,94
TIC 231081634,231081634,94
TIC 231082997,231082997,94
TIC 231083064,231083064,94
TIC 231083835,231083835,94
TIC 231084328,231084328,94
TIC 231085102,231085102,94
TIC 231087946,231087946,94
TIC 231088021,231088021,94
TIC 231088597,231088597,94
TIC 231089264,231089264,94
TIC 231089952,231089952,94
TIC 231090149,231090149,94
TIC 231090465,231090465,94
TIC 231090784,231090784,94
TIC 231091343,231091343,94
TIC 231091557,231091557,94
TIC 231092618,231092618,94
TIC 231093356,231093356,94
TIC 231094769,231094769,94
TIC 231095496,231095496,94
TIC 231095520,231095520,94
TIC 231095606,231095606,94
TIC 231097055,231097055,94
TIC 231097186,231097186,94
TIC 231098685,231098685,94
TIC 231098788,231098788,94
TIC 231099181,231099181,94
TIC 231099300,231099300,94
TIC 231120886,231120886,94
TIC 231121076,231121076,94
TIC 231122278,231122278,94
TIC 231123287,231123287,94
TIC 231123352,231123352,94
TIC 231124605,231124605,94
TIC 231620255,231620255,94
TIC 231622072,231622072,94
TIC 231622199,231622199,94
TIC 231622600,231622600,94
TIC 231622951,231622951,94
TIC 231624796,231624796,94
TIC 231625715,231625715,94
TIC 231626393,231626393,94
TIC 231626763,231626763,94
TIC 231630362,231630362,94
TIC 231631456,231631456,94
TIC 231631884,231631884,94
TIC 231636215,231636215,94
TIC 231640069,231640069,94
TIC 231666244,231666244,94
TIC 231668155,231668155,94
TIC 231669030,231669030,94
TIC 231669777,231669777,94
TIC 231670397,231670397,94
TIC 231692694,231692694,94
TIC 231693006,231693006,94
TIC 231695087,231695087,94
TIC 231696020,231696020,94
TIC 231717326,231717326,94
TIC 231719961,231719961,94
TIC 231721005,231721005,94
TIC 231721006,231721006,94
TIC 231721925,231721925,94
TIC 231722287,231722287,94
TIC 231724423,231724423,94
TIC 231724838,231724838,94
TIC 231725141,231725141,94
TIC 231725691,231725691,94
TIC 231726138,231726138,94
TIC 231726168,231726168,94
TIC 231728511,231728511,94
TIC 231729308,231729308,94
TIC 231729342,231729342,94
TIC 231733039,231733039,94
TIC 231733861,231733861,94
TIC 231734721,231734721,94
TIC 231737189,231737189,94
TIC 231737234,231737234,94
TIC 231737433,231737433,94
TIC 231738305,231738305,94
TIC 231738956,231738956,94
TIC 231739077,231739077,94
TIC 231739221,231739221,94
TIC 231739282,231739282,94
TIC 231739364,231739364,94
TIC 231739433,231739433,94
TIC 231739745,231739745,94
TIC 231739754,231739754,94
TIC 231741096,231741096,94
TIC 231742691,231742691,94
TIC 231742782,231742782,94
TIC 231742789,231742789,94
TIC 231743104,231743104,94
TIC 231743280,231743280,94
TIC 231744384,231744384,94
TIC 231744961,231744961,94
TIC 231746897,231746897,94
TIC 231792014,231792014,94
TIC 231799463,231799463,94
TIC 231801171,231801171,94
TIC 231801630,231801630,94
TIC 231801661,231801661,94
TIC 231802287,231802287,94
TIC 231806026,231806026,94
TIC 231809798,231809798,94
TIC 231809858,231809858,94
TIC 231814409,231814409,94
TIC 231815113,231815113,94
TIC 231815570,231815570,94
TIC 231819291,231819291,94
TIC 231819720,231819720,94
TIC 231820606,231820606,94
TIC 231820749,231820749,94
TIC 231824922,231824922,94
TIC 232059033,232059033,94
TIC 232062375,232062375,94
TIC 232075675,232075675,94
TIC 232078667,232078667,94
TIC 232079133,232079133,94
TIC 232079194,232079194,94
TIC 232081102,232081102,94
TIC 232084518,232084518,94
TIC 232084837,232084837,94
TIC 232084963,232084963,94
TIC 234279113,234279113,94
TIC 234279624,234279624,94
TIC 234281360,234281360,94
TIC 234281373,234281373,94
TIC 234281384,234281384,94
TIC 234281664,234281664,94
TIC 234282159,234282159,94
TIC 234282954,234282954,94
TIC 234285392,234285392,94
TIC 234287962,234287962,94
TIC 234288627,234288627,94
TIC 234300677,234300677,94
TIC 234302585,234302585,94
TIC 234304811,234304811,94
TIC 234306744,234306744,94
TIC 234306874,234306874,94
TIC 234307050,234307050,94
TIC 234309613,234309613,94
TIC 234330672,234330672,94
TIC 234332670,234332670,94
TIC 234333175,234333175,94
TIC 234333728,234333728,94
TIC 234335992,234335992,94
TIC 234337032,234337032,94
TIC 234338669,234338669,94
TIC 234339041,234339041,94
TIC 234340131,234340131,94
TIC 234345288,234345288,94
TIC 234345946,234345946,94
TIC 234346080,234346080,94
TIC 234346165,234346165,94
TIC 234347951,234347951,94
TIC 234348603,234348603,94
TIC 235044245,235044245,94
TIC 235047873,235047873,94
TIC 235048515,235048515,94
TIC 235052077,235052077,94
TIC 235052622,235052622,94
TIC 235056185,235056185,94
TIC 235056983,235056983,94
TIC 235057105,235057105,94
TIC 235061209,235061209,94
TIC 235061233,235061233,94
TIC 237312349,237312349,94
TIC 237322080,237322080,94
TIC 237322105,237322105,94
TIC 237914496,237914496,94
TIC 237914586,237914586,94
TIC 237920279,237920279,94
TIC 237920719,237920719,94
TIC 237920857,237920857,94
TIC 237920876,237920876,94
TIC 237920961,237920961,94
TIC 237923291,237923291,94
TIC 237923988,237923988,94
TIC 237924298,237924298,94
TIC 237924398,237924398,94
TIC 237926568,237926568,94
TIC 237926635,237926635,94
TIC 237927133,237927133,94
TIC 237927164,237927164,94
TIC 237927165,237927165,94
TIC 237927442,237927442,94
TIC 237927462,237927462,94
TIC 237927500,237927500,94
TIC 237930237,237930237,94
TIC 237930351,237930351,94
TIC 237931174,237931174,94
TIC 237933451,237933451,94
TIC 237933846,237933846,94
TIC 237934055,237934055,94
TIC 237934406,237934406,94
TIC 237937112,237937112,94
TIC 237937269,237937269,94
TIC 237937517,237937517,94
TIC 237937700,237937700,94
TIC 237937778,237937778,94
TIC 237940278,237940278,94
TIC 237940407,237940407,94
TIC 237940785,237940785,94
TIC 238167433,238167433,94
TIC 238167751,238167751,94
TIC 238169377,238169377,94
TIC 238169432,238169432,94
TIC 238170060,238170060,94
TIC 238170549,238170549,94
TIC 238171016,238171016,94
TIC 238171173,238171173,94
TIC 238172797,238172797,94
TIC 238176110,238176110,94
TIC 238176832,238176832,94
TIC 238181265,238181265,94
TIC 238185145,238185145,94
TIC 238185204,238185204,94
TIC 238185866,238185866,94
TIC 238188180,238188180,94
TIC 238188417,238188417,94
TIC 238188583,238188583,94
TIC 238189099,238189099,94
TIC 238189493,238189493,94
TIC 238189798,238189798,94
TIC 238190767,238190767,94
TIC 238192427,238192427,94
TIC 238192673,238192673,94
TIC 238192857,238192857,94
TIC 238192896,238192896,94
TIC 238193169,238193169,94
TIC 238193200,238193200,94
TIC 238193497,238193497,94
TIC 238193885,238193885,94
TIC 238194082,238194082,94
TIC 238194430,238194430,94
TIC 238194459,238194459,94
TIC 238194921,238194921,94
TIC 238195420,238195420,94
TIC 238195769,238195769,94
TIC 238196326,238196326,94
TIC 238196350,238196350,94
TIC 238196794,238196794,94
TIC 238196979,238196979,94
TIC 238197355,238197355,94
TIC 238197638,238197638,94
TIC 238197709,238197709,94
TIC 238198520,238198520,94
TIC 238198525,238198525,94
TIC 238198708,238198708,94
TIC 238198771,238198771,94
TIC 238198984,238198984,94
TIC 238199780,238199780,94
TIC 238200256,238200256,94
TIC 238201491,238201491,94
TIC 238201672,238201672,94
TIC 238202274,238202274,94
TIC 238202466,238202466,94
TIC 238203239,238203239,94
TIC 238203650,238203650,94
TIC 238225894,238225894,94
TIC 238226832,238226832,94
TIC 238227061,238227061,94
TIC 238227102,238227102,94
TIC 238227230,238227230,94
TIC 238227273,238227273,94
TIC 238227563,238227563,94
TIC 238227682,238227682,94
TIC 238228648,238228648,94
TIC 238229082,238229082,94
TIC 238229227,238229227,94
TIC 238229705,238229705,94
TIC 238229936,238229936,94
TIC 238230337,238230337,94
TIC 238230578,238230578,94
TIC 238230740,238230740,94
TIC 238809626,238809626,94
TIC 238811544,238811544,94
TIC 238813498,238813498,94
TIC 238815210,238815210,94
TIC 238815671,238815671,94
TIC 238815752,238815752,94
TIC 238829525,238829525,94
TIC 238831201,238831201,94
TIC 238853696,238853696,94
TIC 238853890,238853890,94
TIC 238854767,238854767,94
TIC 238855137,238855137,94
TIC 238855251,238855251,94
TIC 238867738,238867738,94
TIC 238869865,238869865,94
TIC 238870740,238870740,94
TIC 238870744,238870744,94
TIC 238870817,238870817,94
TIC 238870892,238870892,94
TIC 238871118,238871118,94
TIC 238871845,238871845,94
TIC 238874302,238874302,94
TIC 238874577,238874577,94
TIC 238874890,238874890,94
TIC 238875262,238875262,94
TIC 238876720,238876720,94
TIC 238878161,238878161,94
TIC 238891740,238891740,94
TIC 238892580,238892580,94
TIC 238893743,238893743,94
TIC 238893745,238893745,94
TIC 238894157,238894157,94
TIC 238894957,238894957,94
TIC 238900351,238900351,94
TIC 238913750,238913750,94
TIC 238914229,238914229,94
TIC 238926393,238926393,94
TIC 238932509,238932509,94
TIC 246703849,246703849,94
TIC 246729528,246729528,94
TIC 246739642,246739642,94
TIC 246745128,246745128,94
TIC 246770087,246770087,94
TIC 246776165,246776165,94
TIC 246800022,246800022,94
TIC 246801501,246801501,94
TIC 246802735,246802735,94
TIC 246807853,246807853,94
TIC 246819526,246819526,94
TIC 253549737,253549737,94
TIC 253550098,253550098,94
TIC 253550116,253550116,94
TIC 253550467,253550467,94
TIC 253551040,253551040,94
TIC 253551115,253551115,94
TIC 253551362,253551362,94
TIC 253556485,253556485,94
TIC 253562482,253562482,94
TIC 253562999,253562999,94
TIC 253564861,253564861,94
TIC 253564872,253564872,94
TIC 253565289,253565289,94
TIC 253565317,253565317,94
TIC 253565751,253565751,94
TIC 253568379,253568379,94
TIC 253571363,253571363,94
TIC 253571367,253571367,94
TIC 253571655,253571655,94
TIC 253576723,253576723,94
TIC 253576754,253576754,94
TIC 253576763,253576763,94
TIC 253583112,253583112,94
TIC 253583128,253583128,94
TIC 253583133,253583133,94
TIC 253583571,253583571,94
TIC 253584426,253584426,94
TIC 253584461,253584461,94
TIC 253589713,253589713,94
TIC 253590556,253590556,94
TIC 253591124,253591124,94
TIC 253591125,253591125,94
TIC 253596227,253596227,94
TIC 253596286,253596286,94
TIC 253596367,253596367,94
TIC 253596375,253596375,94
TIC 253596402,253596402,94
TIC 253596429,253596429,94
TIC 253597264,253597264,94
TIC 253597437,253597437,94
TIC 253597594,253597594,94
TIC 253603720,253603720,94
TIC 253603751,253603751,94
TIC 253603830,253603830,94
TIC 253603930,253603930,94
TIC 253607252,253607252,94
TIC 253610317,253610317,94
TIC 253610805,253610805,94
TIC 253611137,253611137,94
TIC 253611568,253611568,94
TIC 253617085,253617085,94
TIC 253617156,253617156,94
TIC 253617248,253617248,94
TIC 253617308,253617308,94
TIC 253617371,253617371,94
TIC 253617495,253617495,94
TIC 253618661,253618661,94
TIC 253623437,253623437,94
TIC 253623534,253623534,94
TIC 253623575,253623575,94
TIC 253623653,253623653,94
TIC 253623758,253623758,94
TIC 253623768,253623768,94
TIC 253623818,253623818,94
TIC 253624217,253624217,94
TIC 253624222,253624222,94
TIC 253624254,253624254,94
TIC 253624598,253624598,94
TIC 253629284,253629284,94
TIC 253629308,253629308,94
TIC 253629370,253629370,94
TIC 253629390,253629390,94
TIC 253629870,253629870,94
TIC 253630723,253630723,94
TIC 253636005,253636005,94
TIC 253636016,253636016,94
TIC 253636099,253636099,94
TIC 253636135,253636135,94
TIC 253636150,253636150,94
TIC 253636597,253636597,94
TIC 253637461,253637461,94
TIC 253643987,253643987,94
TIC 253644339,253644339,94
TIC 253649526,253649526,94
TIC 253649688,253649688,94
TIC 253656464,253656464,94
TIC 253656513,253656513,94
TIC 253657057,253657057,94
TIC 253657061,253657061,94
TIC 253657070,253657070,94
TIC 253657076,253657076,94
TIC 253662524,253662524,94
TIC 253662884,253662884,94
TIC 253662904,253662904,94
TIC 253662987,253662987,94
TIC 253663078,253663078,94
TIC 253663079,253663079,94
TIC 253663175,253663175,94
TIC 253663192,253663192,94
TIC 253663209,253663209,94
TIC 253663223,253663223,94
TIC 253663240,253663240,94
TIC 253668790,253668790,94
TIC 253669961,253669961,94
TIC 253670227,253670227,94
TIC 253675380,253675380,94
TIC 253675426,253675426,94
TIC 253676381,253676381,94
TIC 253676461,253676461,94
TIC 253676694,253676694,94
TIC 253676927,253676927,94
TIC 253681998,253681998,94
TIC 253683473,253683473,94
TIC 253689414,253689414,94
TIC 253690374,253690374,94
TIC 253696232,253696232,94
TIC 253696255,253696255,94
TIC 253696370,253696370,94
TIC 253696433,253696433,94
TIC 253696461,253696461,94
TIC 253696478,253696478,94
TIC 253696557,253696557,94
TIC 253696632,253696632,94
TIC 253696703,253696703,94
TIC 253696826,253696826,94
TIC 253701744,253701744,94
TIC 253702688,253702688,94
TIC 253702849,253702849,94
TIC 253702855,253702855,94
TIC 253702884,253702884,94
TIC 253703051,253703051,94
TIC 253708813,253708813,94
TIC 253708903,253708903,94
TIC 253715776,253715776,94
TIC 253715843,253715843,94
TIC 253715846,253715846,94
TIC 253716001,253716001,94
TIC 253722413,253722413,94
TIC 253728681,253728681,94
TIC 253728747,253728747,94
TIC 253728991,253728991,94
TIC 253741221,253741221,94
TIC 253748271,253748271,94
TIC 253748393,253748393,94
TIC 253749411,253749411,94
TIC 253754495,253754495,94
TIC 253761635,253761635,94
TIC 253761920,253761920,94
TIC 253761929,253761929,94
TIC 253768056,253768056,94
TIC 253768190,253768190,94
TIC 253775092,253775092,94
TIC 253781000,253781000,94
TIC 253788533,253788533,94
TIC 253795187,253795187,94
TIC 253800656,253800656,94
TIC 253801117,253801117,94
TIC 253806930,253806930,94
TIC 253807066,253807066,94
TIC 253807067,253807067,94
TIC 253812875,253812875,94
TIC 253812994,253812994,94
TIC 253813242,253813242,94
TIC 253813323,253813323,94
TIC 253813459,253813459,94
TIC 253817493,253817493,94
TIC 253818077,253818077,94
TIC 253818689,253818689,94
TIC 253825414,253825414,94
TIC 253839055,253839055,94
TIC 253839127,253839127,94
TIC 253844785,253844785,94
TIC 253844848,253844848,94
TIC 253849997,253849997,94
TIC 253850511,253850511,94
TIC 253851993,253851993,94
TIC 253857911,253857911,94
TIC 253864137,253864137,94
TIC 253864764,253864764,94
TIC 253870235,253870235,94
TIC 253875853,253875853,94
TIC 253877224,253877224,94
TIC 253882994,253882994,94
TIC 253888495,253888495,94
TIC 253888556,253888556,94
TIC 253888816,253888816,94
TIC 253895541,253895541,94
TIC 253900630,253900630,94
TIC 253912896,253912896,94
TIC 253917513,253917513,94
TIC 253965771,253965771,94
TIC 253966001,253966001,94
TIC 253966656,253966656,94
TIC 253968973,253968973,94
TIC 253972986,253972986,94
TIC 253973275,253973275,94
TIC 253973415,253973415,94
TIC 253973690,253973690,94
TIC 253977896,253977896,94
TIC 253979617,253979617,94
TIC 253979770,253979770,94
TIC 253979882,253979882,94
TIC 253979976,253979976,94
TIC 253996491,253996491,94
TIC 253996840,253996840,94
TIC 253997405,253997405,94
TIC 253997617,253997617,94
TIC 254003502,254003502,94
TIC 254003691,254003691,94
TIC 254004182,254004182,94
TIC 254015674,254015674,94
TIC 254021435,254021435,94
TIC 254021457,254021457,94
TIC 254021762,254021762,94
TIC 254022866,254022866,94
TIC 254027483,254027483,94
TIC 254027593,254027593,94
TIC 254027614,254027614,94
TIC 254027637,254027637,94
TIC 254027776,254027776,94
TIC 254028053,254028053,94
TIC 254032010,254032010,94
TIC 254038497,254038497,94
TIC 254038934,254038934,94
TIC 254039039,254039039,94
TIC 254045251,254045251,94
TIC 254045285,254045285,94
TIC 254045287,254045287,94
TIC 254045288,254045288,94
TIC 254045302,254045302,94
TIC 254046652,254046652,94
TIC 254046749,254046749,94
TIC 254047965,254047965,94
TIC 254051084,254051084,94
TIC 254051086,254051086,94
TIC 254051130,254051130,94
TIC 254051132,254051132,94
TIC 254051138,254051138,94
TIC 254051145,254051145,94
TIC 254051150,254051150,94
TIC 254051153,254051153,94
TIC 254051226,254051226,94
TIC 254051290,254051290,94
TIC 254055009,254055009,94
TIC 254055927,254055927,94
TIC 254059974,254059974,94
TIC 254063046,254063046,94
TIC 254063071,254063071,94
TIC 254063072,254063072,94
TIC 254063074,254063074,94
TIC 254063750,254063750,94
TIC 254068094,254068094,94
TIC 254068452,254068452,94
TIC 254068483,254068483,94
TIC 254068584,254068584,94
TIC 254070761,254070761,94
TIC 254074217,254074217,94
TIC 254074219,254074219,94
TIC 254077457,254077457,94
TIC 254079147,254079147,94
TIC 254079940,254079940,94
TIC 254080107,254080107,94
TIC 254085287,254085287,94
TIC 254085350,254085350,94
TIC 254091134,254091134,94
TIC 254091363,254091363,94
TIC 254094628,254094628,94
TIC 254094718,254094718,94
TIC 254097049,254097049,94
TIC 254108118,254108118,94
TIC 254113311,254113311,94
TIC 254118787,254118787,94
TIC 254119255,254119255,94
TIC 254119573,254119573,94
TIC 254124564,254124564,94
TIC 254125171,254125171,94
TIC 254130826,254130826,94
TIC 254131256,254131256,94
TIC 254141367,254141367,94
TIC 254141733,254141733,94
TIC 254142310,254142310,94
TIC 254142418,254142418,94
TIC 254147274,254147274,94
TIC 254158364,254158364,94
TIC 254158612,254158612,94
TIC 254164435,254164435,94
TIC 254170164,254170164,94
TIC 254174907,254174907,94
TIC 254181386,254181386,94
TIC 254181874,254181874,94
TIC 254186294,254186294,94
TIC 254186676,254186676,94
TIC 254186884,254186884,94
TIC 254191477,254191477,94
TIC 254192638,254192638,94
TIC 254192678,254192678,94
TIC 254197656,254197656,94
TIC 254202695,254202695,94
TIC 254208833,254208833,94
TIC 254209017,254209017,94
TIC 254214203,254214203,94
TIC 254214299,254214299,94
TIC 254214841,254214841,94
TIC 254215499,254215499,94
TIC 254220246,254220246,94
TIC 254225031,254225031,94
TIC 254231212,254231212,94
TIC 254231425,254231425,94
TIC 254241941,254241941,94
TIC 254257981,254257981,94
TIC 254262416,254262416,94
TIC 254263148,254263148,94
TIC 254273753,254273753,94
TIC 254278612,254278612,94
TIC 254278940,254278940,94
TIC 254282795,254282795,94
TIC 255639052,255639052,94
TIC 255639125,255639125,94
TIC 255745932,255745932,94
TIC 256239953,256239953,94
TIC 256241525,256241525,94
TIC 256300730,256300730,94
TIC 256302510,256302510,94
TIC 257340233,257340233,94
TIC 257341528,257341528,94
TIC 257464311,257464311,94
TIC 257496988,257496988,94
TIC 257520272,257520272,94
TIC 257572873,257572873,94
TIC 257611654,257611654,94
TIC 257653274,257653274,94
TIC 257690607,257690607,94
TIC 257691369,257691369,94
TIC 257719018,257719018,94
TIC 257719099,257719099,94
TIC 257719173,257719173,94
TIC 257719274,257719274,94
TIC 257719422,257719422,94
TIC 257719448,257719448,94
TIC 257719469,257719469,94
TIC 257719472,257719472,94
TIC 257720049,257720049,94
TIC 257720189,257720189,94
TIC 257720227,257720227,94
TIC 257720280,257720280,94
TIC 257720376,257720376,94
TIC 257720377,257720377,94
TIC 257720478,257720478,94
TIC 257720503,257720503,94
TIC 257720712,257720712,94
TIC 257720786,257720786,94
TIC 257720801,257720801,94
TIC 257720864,257720864,94
TIC 257721005,257721005,94
TIC 257721425,257721425,94
TIC 257721678,257721678,94
TIC 257721686,257721686,94
TIC 257721857,257721857,94
TIC 257722316,257722316,94
TIC 257727250,257727250,94
TIC 257737073,257737073,94
TIC 259701242,259701242,94
TIC 259717418,259717418,94
TIC 259719464,259719464,94
TIC 259719482,259719482,94
TIC 259762205,259762205,94
TIC 259765038,259765038,94
TIC 259765082,259765082,94
TIC 259765355,259765355,94
TIC 259785238,259785238,94
TIC 259786499,259786499,94
TIC 259787303,259787303,94
TIC 259847500,259847500,94
TIC 259862349,259862349,94
TIC 259862594,259862594,94
TIC 259863095,259863095,94
TIC 259864042,259864042,94
TIC 259884612,259884612,94
TIC 259884973,259884973,94
TIC 259885176,259885176,94
TIC 259886044,259886044,94
TIC 259886108,259886108,94
TIC 259886373,259886373,94
TIC 259887708,259887708,94
TIC 259901025,259901025,94
TIC 259901124,259901124,94
TIC 259901346,259901346,94
TIC 259901680,259901680,94
TIC 259901731,259901731,94
TIC 259901747,259901747,94
TIC 259927413,259927413,94
TIC 259928422,259928422,94
TIC 259961168,259961168,94
TIC 259962054,259962054,94
TIC 259963376,259963376,94
TIC 259963473,259963473,94
TIC 259963735,259963735,94
TIC 259976119,259976119,94
TIC 259976396,259976396,94
TIC 260001669,260001669,94
TIC 260002014,260002014,94
TIC 260002453,260002453,94
TIC 260002718,260002718,94
TIC 260002962,260002962,94
TIC 260002982,260002982,94
TIC 260003140,260003140,94
TIC 260003329,260003329,94
TIC 260003467,260003467,94
TIC 260003879,260003879,94
TIC 260004064,260004064,94
TIC 260004371,260004371,94
TIC 260004910,260004910,94
TIC 260005069,260005069,94
TIC 260005509,260005509,94
TIC 260041257,260041257,94
TIC 260041674,260041674,94
TIC 260041957,260041957,94
TIC 260042074,260042074,94
TIC 260042834,260042834,94
TIC 260043056,260043056,94
TIC 260043481,260043481,94
TIC 260043723,260043723,94
TIC 260043884,260043884,94
TIC 260044119,260044119,94
TIC 260044425,260044425,94
TIC 260044482,260044482,94
TIC 260044594,260044594,94
TIC 260044924,260044924,94
TIC 260045033,260045033,94
TIC 260045104,260045104,94
TIC 260045258,260045258,94
TIC 260045741,260045741,94
TIC 260046314,260046314,94
TIC 260046328,260046328,94
TIC 260046359,260046359,94
TIC 260074479,260074479,94
TIC 260074680,260074680,94
TIC 260075032,260075032,94
TIC 260075236,260075236,94
TIC 260075524,260075524,94
TIC 260075733,260075733,94
TIC 260075743,260075743,94
TIC 260075919,260075919,94
TIC 260075943,260075943,94
TIC 260076490,260076490,94
TIC 260076575,260076575,94
TIC 260077376,260077376,94
TIC 260077378,260077378,94
TIC 260078030,260078030,94
TIC 260078159,260078159,94
TIC 260078169,260078169,94
TIC 260078558,260078558,94
TIC 260079188,260079188,94
TIC 260079189,260079189,94
TIC 260079513,260079513,94
TIC 260080137,260080137,94
TIC 260127241,260127241,94
TIC 260127258,260127258,94
TIC 260127345,260127345,94
TIC 260127606,260127606,94
TIC 260127839,260127839,94
TIC 260127863,260127863,94
TIC 260128069,260128069,94
TIC 260128333,260128333,94
TIC 260128434,260128434,94
TIC 260128701,260128701,94
TIC 260128839,260128839,94
TIC 260130129,260130129,94
TIC 260130483,260130483,94
TIC 260130838,260130838,94
TIC 260130844,260130844,94
TIC 260130992,260130992,94
TIC 260131643,260131643,94
TIC 260131665,260131665,94
TIC 260132033,260132033,94
TIC 260132182,260132182,94
TIC 260132330,260132330,94
TIC 260159562,260159562,94
TIC 260159741,260159741,94
TIC 260161111,260161111,94
TIC 260161144,260161144,94
TIC 260161587,260161587,94
TIC 260162101,260162101,94
TIC 260162199,260162199,94
TIC 260162387,260162387,94
TIC 260162604,260162604,94
TIC 260163567,260163567,94
TIC 260164371,260164371,94
TIC 260164597,260164597,94
TIC 260165092,260165092,94
TIC 260187695,260187695,94
TIC 260188017,260188017,94
TIC 260189643,260189643,94
TIC 260189734,260189734,94
TIC 260189849,260189849,94
TIC 260189950,260189950,94
TIC 260190364,260190364,94
TIC 260190547,260190547,94
TIC 260191777,260191777,94
TIC 260192157,260192157,94
TIC 260192346,260192346,94
TIC 260192532,260192532,94
TIC 260192754,260192754,94
TIC 260193210,260193210,94
TIC 260193252,260193252,94
TIC 260240513,260240513,94
TIC 260241479,260241479,94
TIC 260241680,260241680,94
TIC 260241701,260241701,94
TIC 260241997,260241997,94
TIC 260242234,260242234,94
TIC 260242697,260242697,94
TIC 260243101,260243101,94
TIC 260243143,260243143,94
TIC 260244028,260244028,94
TIC 260267530,260267530,94
TIC 260267665,260267665,94
TIC 260268105,260268105,94
TIC 260268310,260268310,94
TIC 260268320,260268320,94
TIC 260268711,260268711,94
TIC 260268898,260268898,94
TIC 260269456,260269456,94
TIC 260269667,260269667,94
TIC 260269838,260269838,94
TIC 260298958,260298958,94
TIC 260299222,260299222,94
TIC 260299812,260299812,94
TIC 260300018,260300018,94
TIC 260300073,260300073,94
TIC 260300211,260300211,94
TIC 260300455,260300455,94
TIC 260301896,260301896,94
TIC 260351032,260351032,94
TIC 260351280,260351280,94
TIC 260351380,260351380,94
TIC 260352702,260352702,94
TIC 260353074,260353074,94
TIC 260353507,260353507,94
TIC 260353841,260353841,94
TIC 260355804,260355804,94
TIC 260355953,260355953,94
TIC 260356202,260356202,94
TIC 260356437,260356437,94
TIC 260367888,260367888,94
TIC 260368003,260368003,94
TIC 260368246,260368246,94
TIC 260368525,260368525,94
TIC 260368862,260368862,94
TIC 260370506,260370506,94
TIC 260371000,260371000,94
TIC 260372940,260372940,94
TIC 260414764,260414764,94
TIC 260414929,260414929,94
TIC 260415085,260415085,94
TIC 260415151,260415151,94
TIC 260415529,260415529,94
TIC 260415628,260415628,94
TIC 260415914,260415914,94
TIC 260416034,260416034,94
TIC 260418991,260418991,94
TIC 260419356,260419356,94
TIC 260419365,260419365,94
TIC 260419794,260419794,94
TIC 260419879,260419879,94
TIC 260419882,260419882,94
TIC 260419922,260419922,94
TIC 260419939,260419939,94
TIC 260420061,260420061,94
TIC 260420535,260420535,94
TIC 260420562,260420562,94
TIC 260420823,260420823,94
TIC 260471064,260471064,94
TIC 260471066,260471066,94
TIC 260471505,260471505,94
TIC 260472262,260472262,94
TIC 260472456,260472456,94
TIC 260474813,260474813,94
TIC 260474818,260474818,94
TIC 260475252,260475252,94
TIC 260475357,260475357,94
TIC 260476107,260476107,94
TIC 260476305,260476305,94
TIC 260476400,260476400,94
TIC 260476635,260476635,94
TIC 260476779,260476779,94
TIC 260476837,260476837,94
TIC 260501801,260501801,94
TIC 260502102,260502102,94
TIC 260502294,260502294,94
TIC 260502312,260502312,94
TIC 260502578,260502578,94
TIC 260503393,260503393,94
TIC 260503412,260503412,94
TIC 260503815,260503815,94
TIC 260503914,260503914,94
TIC 260504147,260504147,94
TIC 260504177,260504177,94
TIC 260505542,260505542,94
TIC 260505914,260505914,94
TIC 260506296,260506296,94
TIC 260506435,260506435,94
TIC 260507093,260507093,94
TIC 260507409,260507409,94
TIC 260507500,260507500,94
TIC 260507598,260507598,94
TIC 260507876,260507876,94
TIC 260536927,260536927,94
TIC 260537387,260537387,94
TIC 260537454,260537454,94
TIC 260538033,260538033,94
TIC 260538104,260538104,94
TIC 260538402,260538402,94
TIC 260538574,260538574,94
TIC 260539542,260539542,94
TIC 260539989,260539989,94
TIC 260540380,260540380,94
TIC 260540633,260540633,94
TIC 260540898,260540898,94
TIC 260541079,260541079,94
TIC 260541250,260541250,94
TIC 260541432,260541432,94
TIC 260542013,260542013,94
TIC 260542038,260542038,94
TIC 260542286,260542286,94
TIC 260542381,260542381,94
TIC 260542710,260542710,94
TIC 260605506,260605506,94
TIC 260605524,260605524,94
TIC 260605685,260605685,94
TIC 260605873,260605873,94
TIC 260605972,260605972,94
TIC 260606274,260606274,94
TIC 260606294,260606294,94
TIC 260606533,260606533,94
TIC 260607682,260607682,94
TIC 260608260,260608260,94
TIC 260608510,260608510,94
TIC 260608820,260608820,94
TIC 260608940,260608940,94
TIC 260609189,260609189,94
TIC 260609205,260609205,94
TIC 260609222,260609222,94
TIC 260609301,260609301,94
TIC 260610255,260610255,94
TIC 260610468,260610468,94
TIC 260635268,260635268,94
TIC 260635418,260635418,94
TIC 260636048,260636048,94
TIC 260636286,260636286,94
TIC 260636511,260636511,94
TIC 260636592,260636592,94
TIC 260636730,260636730,94
TIC 260636889,260636889,94
TIC 260638572,260638572,94
TIC 260638705,260638705,94
TIC 260638969,260638969,94
TIC 260639999,260639999,94
TIC 260640693,260640693,94
TIC 260640855,260640855,94
TIC 260640910,260640910,94
TIC 260640943,260640943,94
TIC 260641304,260641304,94
TIC 260653839,260653839,94
TIC 260654135,260654135,94
TIC 260654610,260654610,94
TIC 260654645,260654645,94
TIC 260655745,260655745,94
TIC 260655797,260655797,94
TIC 260655847,260655847,94
TIC 260656168,260656168,94
TIC 260656210,260656210,94
TIC 260656374,260656374,94
TIC 260656380,260656380,94
TIC 260656400,260656400,94
TIC 260656935,260656935,94
TIC 260657137,260657137,94
TIC 260657174,260657174,94
TIC 260657210,260657210,94
TIC 260657291,260657291,94
TIC 260657440,260657440,94
TIC 260658693,260658693,94
TIC 260658714,260658714,94
TIC 260659364,260659364,94
TIC 260659374,260659374,94
TIC 260659382,260659382,94
TIC 260659557,260659557,94
TIC 260659986,260659986,94
TIC 260708271,260708271,94
TIC 260708591,260708591,94
TIC 260708696,260708696,94
TIC 260708708,260708708,94
TIC 260709051,260709051,94
TIC 260709282,260709282,94
TIC 260709448,260709448,94
TIC 260709484,260709484,94
TIC 260710175,260710175,94
TIC 260711231,260711231,94
TIC 260749554,260749554,94
TIC 260749705,260749705,94
TIC 260750890,260750890,94
TIC 260751444,260751444,94
TIC 260753292,260753292,94
TIC 260753444,260753444,94
TIC 260753626,260753626,94
TIC 260754604,260754604,94
TIC 260755229,260755229,94
TIC 260755876,260755876,94
TIC 260756218,260756218,94
TIC 260794075,260794075,94
TIC 260795156,260795156,94
TIC 260795157,260795157,94
TIC 260795163,260795163,94
TIC 260795252,260795252,94
TIC 260795404,260795404,94
TIC 260795451,260795451,94
TIC 260795727,260795727,94
TIC 260796673,260796673,94
TIC 260797169,260797169,94
TIC 260820871,260820871,94
TIC 260821128,260821128,94
TIC 260822570,260822570,94
TIC 260822867,260822867,94
TIC 260822874,260822874,94
TIC 260823248,260823248,94
TIC 260838431,260838431,94
TIC 260839766,260839766,94
TIC 260840420,260840420,94
TIC 260852224,260852224,94
TIC 260852228,260852228,94
TIC 260852919,260852919,94
TIC 260853338,260853338,94
TIC 260853360,260853360,94
TIC 260853688,260853688,94
TIC 260854773,260854773,94
TIC 260855442,260855442,94
TIC 260891473,260891473,94
TIC 260947637,260947637,94
TIC 260949184,260949184,94
TIC 260949316,260949316,94
TIC 260949692,260949692,94
TIC 260951941,260951941,94
TIC 260967812,260967812,94
TIC 260968691,260968691,94
TIC 260971201,260971201,94
TIC 260972178,260972178,94
TIC 260972404,260972404,94
TIC 260972843,260972843,94
TIC 260981292,260981292,94
TIC 260981689,260981689,94
TIC 260982587,260982587,94
TIC 260984889,260984889,94
TIC 260985861,260985861,94
TIC 260994454,260994454,94
TIC 260994536,260994536,94
TIC 260995329,260995329,94
TIC 261059311,261059311,94
TIC 261061538,261061538,94
TIC 261061800,261061800,94
TIC 261088377,261088377,94
TIC 261088378,261088378,94
TIC 261089147,261089147,94
TIC 261090104,261090104,94
TIC 261090191,261090191,94
TIC 261091569,261091569,94
TIC 261104679,261104679,94
TIC 261104864,261104864,94
TIC 261105116,261105116,94
TIC 261105201,261105201,94
TIC 261107064,261107064,94
TIC 261107147,261107147,94
TIC 261107361,261107361,94
TIC 261107397,261107397,94
TIC 261107827,261107827,94
TIC 261108236,261108236,94
TIC 261136000,261136000,94
TIC 261136311,261136311,94
TIC 261136641,261136641,94
TIC 261136679,261136679,94
TIC 261137158,261137158,94
TIC 261137228,261137228,94
TIC 261137717,261137717,94
TIC 261138068,261138068,94
TIC 261138245,261138245,94
TIC 261138467,261138467,94
TIC 261139167,261139167,94
TIC 261154464,261154464,94
TIC 261154796,261154796,94
TIC 261154865,261154865,94
TIC 261155033,261155033,94
TIC 261155038,261155038,94
TIC 261155056,261155056,94
TIC 261156988,261156988,94
TIC 261157012,261157012,94
TIC 261157048,261157048,94
TIC 261202918,261202918,94
TIC 261204279,261204279,94
TIC 261205230,261205230,94
TIC 261205435,261205435,94
TIC 261205462,261205462,94
TIC 261236136,261236136,94
TIC 261236487,261236487,94
TIC 261237085,261237085,94
TIC 261240624,261240624,94
TIC 261256082,261256082,94
TIC 261257684,261257684,94
TIC 261258046,261258046,94
TIC 261258358,261258358,94
TIC 261259521,261259521,94
TIC 261260594,261260594,94
TIC 261260849,261260849,94
TIC 261260905,261260905,94
TIC 261261192,261261192,94
TIC 261261283,261261283,94
TIC 261261490,261261490,94
TIC 261261527,261261527,94
TIC 261262954,261262954,94
TIC 261263201,261263201,94
TIC 261264800,261264800,94
TIC 261264993,261264993,94
TIC 261283203,261283203,94
TIC 261283234,261283234,94
TIC 261327578,261327578,94
TIC 261327765,261327765,94
TIC 261328740,261328740,94
TIC 261329761,261329761,94
TIC 261330662,261330662,94
TIC 261331895,261331895,94
TIC 261332418,261332418,94
TIC 261332605,261332605,94
TIC 261332760,261332760,94
TIC 261332799,261332799,94
TIC 261333545,261333545,94
TIC 261333589,261333589,94
TIC 261333956,261333956,94
TIC 261335113,261335113,94
TIC 261335869,261335869,94
TIC 261375251,261375251,94
TIC 261376909,261376909,94
TIC 261377731,261377731,94
TIC 261377762,261377762,94
TIC 261378866,261378866,94
TIC 261380314,261380314,94
TIC 261380566,261380566,94
TIC 261396626,261396626,94
TIC 261396795,261396795,94
TIC 261397043,261397043,94
TIC 261397095,261397095,94
TIC 261397368,261397368,94
TIC 261397945,261397945,94
TIC 261399229,261399229,94
TIC 261399435,261399435,94
TIC 261400271,261400271,94
TIC 261417402,261417402,94
TIC 261417524,261417524,94
TIC 261417533,261417533,94
TIC 261420970,261420970,94
TIC 261421397,261421397,94
TIC 261422704,261422704,94
TIC 261427053,261427053,94
TIC 261427146,261427146,94
TIC 261427392,261427392,94
TIC 261460023,261460023,94
TIC 261461552,261461552,94
TIC 261462443,261462443,94
TIC 261462677,261462677,94
TIC 261463562,261463562,94
TIC 261499941,261499941,94
TIC 261501889,261501889,94
TIC 261526008,261526008,94
TIC 261541625,261541625,94
TIC 261542169,261542169,94
TIC 261542854,261542854,94
TIC 261543509,261543509,94
TIC 261560580,261560580,94
TIC 261560788,261560788,94
TIC 261561449,261561449,94
TIC 261562847,261562847,94
TIC 261562893,261562893,94
TIC 261563385,261563385,94
TIC 261590127,261590127,94
TIC 261590985,261590985,94
TIC 261591010,261591010,94
TIC 261591651,261591651,94
TIC 261592170,261592170,94
TIC 261593405,261593405,94
TIC 261643880,261643880,94
TIC 261643977,261643977,94
TIC 261645376,261645376,94
TIC 261646133,261646133,94
TIC 261654259,261654259,94
TIC 261655502,261655502,94
TIC 261657455,261657455,94
TIC 261678628,261678628,94
TIC 261679541,261679541,94
TIC 261679813,261679813,94
TIC 261679852,261679852,94
TIC 261680542,261680542,94
TIC 261683756,261683756,94
TIC 261724825,261724825,94
TIC 261726669,261726669,94
TIC 261726676,261726676,94
TIC 261746657,261746657,94
TIC 261746757,261746757,94
TIC 261748427,261748427,94
TIC 261749149,261749149,94
TIC 262020201,262020201,94
TIC 262020203,262020203,94
TIC 262021962,262021962,94
TIC 262496957,262496957,94
TIC 262497025,262497025,94
TIC 262497332,262497332,94
TIC 262497842,262497842,94
TIC 262498136,262498136,94
TIC 262498291,262498291,94
TIC 262498404,262498404,94
TIC 262499797,262499797,94
TIC 262500573,262500573,94
TIC 262572239,262572239,94
TIC 262573254,262573254,94
TIC 262576830,262576830,94
TIC 262576911,262576911,94
TIC 262577077,262577077,94
TIC 262577154,262577154,94
TIC 262577838,262577838,94
TIC 262578140,262578140,94
TIC 262607901,262607901,94
TIC 262609501,262609501,94
TIC 262609754,262609754,94
TIC 262609817,262609817,94
TIC 262609922,262609922,94
TIC 262610283,262610283,94
TIC 262610450,262610450,94
TIC 262612391,262612391,94
TIC 262613531,262613531,94
TIC 262614074,262614074,94
TIC 262614905,262614905,94
TIC 262614966,262614966,94
TIC 262704741,262704741,94
TIC 262705103,262705103,94
TIC 262710991,262710991,94
TIC 262877017,262877017,94
TIC 262885414,262885414,94
TIC 262928973,262928973,94
TIC 262956415,262956415,94
TIC 262956637,262956637,94
TIC 262957684,262957684,94
TIC 262958351,262958351,94
TIC 262958781,262958781,94
TIC 263001625,263001625,94
TIC 263001906,263001906,94
TIC 263002995,263002995,94
TIC 263003176,263003176,94
TIC 263003706,263003706,94
TIC 263013249,263013249,94
TIC 263013553,263013553,94
TIC 263013845,263013845,94
TIC 263013879,263013879,94
TIC 263014378,263014378,94
TIC 263050762,263050762,94
TIC 263050887,263050887,94
TIC 265179710,265179710,94
TIC 265180801,265180801,94
TIC 265184287,265184287,94
TIC 265185984,265185984,94
TIC 265214627,265214627,94
TIC 265284160,265284160,94
TIC 265284274,265284274,94
TIC 265332999,265332999,94
TIC 265334885,265334885,94
TIC 265336403,265336403,94
TIC 265371235,265371235,94
TIC 265371777,265371777,94
TIC 265434177,265434177,94
TIC 265435357,265435357,94
TIC 265438107,265438107,94
TIC 265465372,265465372,94
TIC 265465650,265465650,94
TIC 265465927,265465927,94
TIC 265466589,265466589,94
TIC 265467007,265467007,94
TIC 265488188,265488188,94
TIC 265489190,265489190,94
TIC 265489346,265489346,94
TIC 265527315,265527315,94
TIC 265568587,265568587,94
TIC 266877890,266877890,94
TIC 266877911,266877911,94
TIC 266878328,266878328,94
TIC 266879800,266879800,94
TIC 266903348,266903348,94
TIC 266903891,266903891,94
TIC 266904148,266904148,94
TIC 266904213,266904213,94
TIC 266904464,266904464,94
TIC 266905588,266905588,94
TIC 266905680,266905680,94
TIC 266905751,266905751,94
TIC 266907710,266907710,94
TIC 266925074,266925074,94
TIC 266925762,266925762,94
TIC 266925901,266925901,94
TIC 266926314,266926314,94
TIC 266927338,266927338,94
TIC 266968029,266968029,94
TIC 266968250,266968250,94
TIC 266968522,266968522,94
TIC 266970096,266970096,94
TIC 266970549,266970549,94
TIC 266970756,266970756,94
TIC 266997506,266997506,94
TIC 266997586,266997586,94
TIC 266997723,266997723,94
TIC 266999492,266999492,94
TIC 267000601,267000601,94
TIC 267042589,267042589,94
TIC 267043646,267043646,94
TIC 267046689,267046689,94
TIC 267061366,267061366,94
TIC 267082653,267082653,94
TIC 267082843,267082843,94
TIC 267083739,267083739,94
TIC 267083861,267083861,94
TIC 267084318,267084318,94
TIC 267084378,267084378,94
TIC 267089153,267089153,94
TIC 267091211,267091211,94
TIC 267091453,267091453,94
TIC 267093055,267093055,94
TIC 267093376,267093376,94
TIC 267093388,267093388,94
TIC 267093546,267093546,94
TIC 267094416,267094416,94
TIC 267094538,267094538,94
TIC 267115055,267115055,94
TIC 267115068,267115068,94
TIC 267115100,267115100,94
TIC 267116011,267116011,94
TIC 267166357,267166357,94
TIC 267166358,267166358,94
TIC 267166554,267166554,94
TIC 267183188,267183188,94
TIC 267183571,267183571,94
TIC 267192489,267192489,94
TIC 267210445,267210445,94
TIC 267211065,267211065,94
TIC 267211268,267211268,94
TIC 267211524,267211524,94
TIC 267260786,267260786,94
TIC 267261502,267261502,94
TIC 267263040,267263040,94
TIC 267263203,267263203,94
TIC 267263253,267263253,94
TIC 267263797,267263797,94
TIC 267320484,267320484,94
TIC 267322856,267322856,94
TIC 267358000,267358000,94
TIC 267427710,267427710,94
TIC 267432303,267432303,94
TIC 267433369,267433369,94
TIC 267435281,267435281,94
TIC 267489655,267489655,94
TIC 267490189,267490189,94
TIC 267492039,267492039,94
TIC 267495646,267495646,94
TIC 267548593,267548593,94
TIC 268813663,268813663,94
TIC 268886967,268886967,94
TIC 269217040,269217040,94
TIC 269372232,269372232,94
TIC 269379244,269379244,94
TIC 269446019,269446019,94
TIC 269453803,269453803,94
TIC 269528184,269528184,94
TIC 269590313,269590313,94
TIC 269630977,269630977,94
TIC 269638083,269638083,94
TIC 269716804,269716804,94
TIC 269721224,269721224,94
TIC 269721684,269721684,94
TIC 269721770,269721770,94
TIC 269728501,269728501,94
TIC 269728504,269728504,94
TIC 269730326,269730326,94
TIC 269741050,269741050,94
TIC 269742498,269742498,94
TIC 269742895,269742895,94
TIC 269761437,269761437,94
TIC 269762258,269762258,94
TIC 269762836,269762836,94
TIC 269765225,269765225,94
TIC 269770120,269770120,94
TIC 269770318,269770318,94
TIC 269792842,269792842,94
TIC 269792900,269792900,94
TIC 269793128,269793128,94
TIC 269794986,269794986,94
TIC 269795007,269795007,94
TIC 269795337,269795337,94
TIC 269797291,269797291,94
TIC 269797470,269797470,94
TIC 269797536,269797536,94
TIC 269849065,269849065,94
TIC 269850106,269850106,94
TIC 269850928,269850928,94
TIC 269852129,269852129,94
TIC 269852295,269852295,94
TIC 269854281,269854281,94
TIC 269854349,269854349,94
TIC 269855226,269855226,94
TIC 269855781,269855781,94
TIC 269855919,269855919,94
TIC 269855929,269855929,94
TIC 269857621,269857621,94
TIC 269858018,269858018,94
TIC 269901428,269901428,94
TIC 270172851,270172851,94
TIC 270173850,270173850,94
TIC 270174197,270174197,94
TIC 270174633,270174633,94
TIC 270204383,270204383,94
TIC 270244621,270244621,94
TIC 270245694,270245694,94
TIC 270245797,270245797,94
TIC 270246933,270246933,94
TIC 270247907,270247907,94
TIC 270260727,270260727,94
TIC 270261770,270261770,94
TIC 270261909,270261909,94
TIC 270262152,270262152,94
TIC 270272344,270272344,94
TIC 270273796,270273796,94
TIC 270274821,270274821,94
TIC 270274822,270274822,94
TIC 270275880,270275880,94
TIC 270285517,270285517,94
TIC 270309327,270309327,94
TIC 270312314,270312314,94
TIC 270340253,270340253,94
TIC 270341486,270341486,94
TIC 270342006,270342006,94
TIC 270342589,270342589,94
TIC 270342707,270342707,94
TIC 270394036,270394036,94
TIC 270424782,270424782,94
TIC 270427926,270427926,94
TIC 270427928,270427928,94
TIC 270428924,270428924,94
TIC 270429780,270429780,94
TIC 270471727,270471727,94
TIC 270472265,270472265,94
TIC 270474308,270474308,94
TIC 270474315,270474315,94
TIC 270474524,270474524,94
TIC 270474668,270474668,94
TIC 270474754,270474754,94
TIC 270475373,270475373,94
TIC 270503850,270503850,94
TIC 270503901,270503901,94
TIC 270507305,270507305,94
TIC 270507908,270507908,94
TIC 270554477,270554477,94
TIC 270556746,270556746,94
TIC 270557049,270557049,94
TIC 270557257,270557257,94
TIC 270557659,270557659,94
TIC 270557943,270557943,94
TIC 270558473,270558473,94
TIC 270558739,270558739,94
TIC 270573412,270573412,94
TIC 270573651,270573651,94
TIC 270573739,270573739,94
TIC 270573761,270573761,94
TIC 270577858,270577858,94
TIC 270578038,270578038,94
TIC 270623499,270623499,94
TIC 270627532,270627532,94
TIC 270627580,270627580,94
TIC 270627594,270627594,94
TIC 270672809,270672809,94
TIC 270673094,270673094,94
TIC 270676778,270676778,94
TIC 270676943,270676943,94
TIC 270677029,270677029,94
TIC 270677031,270677031,94
TIC 270677079,270677079,94
TIC 270677163,270677163,94
TIC 270677372,270677372,94
TIC 270677629,270677629,94
TIC 270677813,270677813,94
TIC 270678026,270678026,94
TIC 271282342,271282342,94
TIC 271365430,271365430,94
TIC 271406590,271406590,94
TIC 271406936,271406936,94
TIC 271487025,271487025,94
TIC 271488376,271488376,94
TIC 271519524,271519524,94
TIC 271520227,271520227,94
TIC 271554516,271554516,94
TIC 271554520,271554520,94
TIC 271554665,271554665,94
TIC 271574494,271574494,94
TIC 271574526,271574526,94
TIC 271574619,271574619,94
TIC 271575428,271575428,94
TIC 271575759,271575759,94
TIC 271576444,271576444,94
TIC 271576664,271576664,94
TIC 271578884,271578884,94
TIC 271579973,271579973,94
TIC 271580224,271580224,94
TIC 271581341,271581341,94
TIC 271594769,271594769,94
TIC 271595489,271595489,94
TIC 271595936,271595936,94
TIC 271595974,271595974,94
TIC 271595985,271595985,94
TIC 271596225,271596225,94
TIC 271596253,271596253,94
TIC 271596290,271596290,94
TIC 271596418,271596418,94
TIC 271597127,271597127,94
TIC 271597440,271597440,94
TIC 271597463,271597463,94
TIC 271597672,271597672,94
TIC 271598082,271598082,94
TIC 271598172,271598172,94
TIC 271598242,271598242,94
TIC 271638135,271638135,94
TIC 271639247,271639247,94
TIC 271639491,271639491,94
TIC 271639931,271639931,94
TIC 271640490,271640490,94
TIC 271640842,271640842,94
TIC 271640913,271640913,94
TIC 271641031,271641031,94
TIC 271641144,271641144,94
TIC 271641173,271641173,94
TIC 271641764,271641764,94
TIC 271641849,271641849,94
TIC 271642286,271642286,94
TIC 271642609,271642609,94
TIC 271644257,271644257,94
TIC 271693199,271693199,94
TIC 271693722,271693722,94
TIC 271694519,271694519,94
TIC 271696207,271696207,94
TIC 271696822,271696822,94
TIC 271696887,271696887,94
TIC 271697953,271697953,94
TIC 271698144,271698144,94
TIC 271698614,271698614,94
TIC 271698657,271698657,94
TIC 271698660,271698660,94
TIC 271720840,271720840,94
TIC 271721765,271721765,94
TIC 271722566,271722566,94
TIC 271722899,271722899,94
TIC 271723952,271723952,94
TIC 271724675,271724675,94
TIC 271725395,271725395,94
TIC 271725674,271725674,94
TIC 271725679,271725679,94
TIC 271793579,271793579,94
TIC 271795373,271795373,94
TIC 271795511,271795511,94
TIC 271795905,271795905,94
TIC 271796082,271796082,94
TIC 271796478,271796478,94
TIC 271797685,271797685,94
TIC 271798242,271798242,94
TIC 271799178,271799178,94
TIC 271799457,271799457,94
TIC 271799672,271799672,94
TIC 271806353,271806353,94
TIC 271806633,271806633,94
TIC 271806644,271806644,94
TIC 271807631,271807631,94
TIC 271808981,271808981,94
TIC 271808982,271808982,94
TIC 271808983,271808983,94
TIC 271810430,271810430,94
TIC 271810795,271810795,94
TIC 271811628,271811628,94
TIC 271811957,271811957,94
TIC 271812055,271812055,94
TIC 271812702,271812702,94
TIC 271886952,271886952,94
TIC 271889401,271889401,94
TIC 271889486,271889486,94
TIC 271890163,271890163,94
TIC 271890201,271890201,94
TIC 271890477,271890477,94
TIC 271890956,271890956,94
TIC 271891181,271891181,94
TIC 271891360,271891360,94
TIC 271891552,271891552,94
TIC 271891993,271891993,94
TIC 271892200,271892200,94
TIC 271892453,271892453,94
TIC 271892595,271892595,94
TIC 271893367,271893367,94
TIC 271893721,271893721,94
TIC 271900258,271900258,94
TIC 271900514,271900514,94
TIC 271900960,271900960,94
TIC 271901346,271901346,94
TIC 271903417,271903417,94
TIC 271903832,271903832,94
TIC 271903890,271903890,94
TIC 271904790,271904790,94
TIC 271904892,271904892,94
TIC 271970959,271970959,94
TIC 271971130,271971130,94
TIC 271971221,271971221,94
TIC 271971626,271971626,94
TIC 271972256,271972256,94
TIC 271972405,271972405,94
TIC 271972426,271972426,94
TIC 271972463,271972463,94
TIC 271972728,271972728,94
TIC 271973682,271973682,94
TIC 271973774,271973774,94
TIC 271974418,271974418,94
TIC 271974753,271974753,94
TIC 271975211,271975211,94
TIC 271975279,271975279,94
TIC 271975549,271975549,94
TIC 271975726,271975726,94
TIC 271976400,271976400,94
TIC 271977529,271977529,94
TIC 271999940,271999940,94
TIC 271999994,271999994,94
TIC 272000333,272000333,94
TIC 272000355,272000355,94
TIC 272000965,272000965,94
TIC 272002791,272002791,94
TIC 272003260,272003260,94
TIC 272004724,272004724,94
TIC 272004930,272004930,94
TIC 272085437,272085437,94
TIC 272085855,272085855,94
TIC 272086159,272086159,94
TIC 272086351,272086351,94
TIC 272086677,272086677,94
TIC 272086869,272086869,94
TIC 272086938,272086938,94
TIC 272087068,272087068,94
TIC 272088627,272088627,94
TIC 272088966,272088966,94
TIC 272089457,272089457,94
TIC 272127517,272127517,94
TIC 272128072,272128072,94
TIC 272128758,272128758,94
TIC 272128852,272128852,94
TIC 272129137,272129137,94
TIC 272129171,272129171,94
TIC 272129477,272129477,94
TIC 272130251,272130251,94
TIC 272130547,272130547,94
TIC 272131069,272131069,94
TIC 272187410,272187410,94
TIC 272187783,272187783,94
TIC 272188397,272188397,94
TIC 272188493,272188493,94
TIC 272189048,272189048,94
TIC 272189867,272189867,94
TIC 272190249,272190249,94
TIC 272194505,272194505,94
TIC 272195570,272195570,94
TIC 272196057,272196057,94
TIC 272232401,272232401,94
TIC 272232849,272232849,94
TIC 272232884,272232884,94
TIC 272233699,272233699,94
TIC 272233708,272233708,94
TIC 272234061,272234061,94
TIC 272235353,272235353,94
TIC 272235688,272235688,94
TIC 272235713,272235713,94
TIC 272235814,272235814,94
TIC 272236017,272236017,94
TIC 272236035,272236035,94
TIC 272236113,272236113,94
TIC 272236131,272236131,94
TIC 272284501,272284501,94
TIC 272284732,272284732,94
TIC 272285267,272285267,94
TIC 272285817,272285817,94
TIC 272286042,272286042,94
TIC 272286122,272286122,94
TIC 272287612,272287612,94
TIC 272287669,272287669,94
TIC 272288550,272288550,94
TIC 272289084,272289084,94
TIC 272316124,272316124,94
TIC 272316263,272316263,94
TIC 272316843,272316843,94
TIC 272317263,272317263,94
TIC 272317789,272317789,94
TIC 272319474,272319474,94
TIC 272321877,272321877,94
TIC 272322464,272322464,94
TIC 272322679,272322679,94
TIC 272322827,272322827,94
TIC 272356014,272356014,94
TIC 272357006,272357006,94
TIC 272357134,272357134,94
TIC 272357201,272357201,94
TIC 272357310,272357310,94
TIC 272357486,272357486,94
TIC 272358084,272358084,94
TIC 272359411,272359411,94
TIC 272362527,272362527,94
TIC 272427921,272427921,94
TIC 272429122,272429122,94
TIC 272429196,272429196,94
TIC 272429506,272429506,94
TIC 272431130,272431130,94
TIC 272431401,272431401,94
TIC 272431788,272431788,94
TIC 272433444,272433444,94
TIC 272434749,272434749,94
TIC 272466518,272466518,94
TIC 272466980,272466980,94
TIC 272467375,272467375,94
TIC 272467421,272467421,94
TIC 272467917,272467917,94
TIC 272468304,272468304,94
TIC 272470779,272470779,94
TIC 272551828,272551828,94
TIC 272564718,272564718,94
TIC 273209702,273209702,94
TIC 273222714,273222714,94
TIC 273227122,273227122,94
TIC 273227182,273227182,94
TIC 273228569,273228569,94
TIC 273268112,273268112,94
TIC 273270473,273270473,94
TIC 273272400,273272400,94
TIC 273272710,273272710,94
TIC 273307549,273307549,94
TIC 273308398,273308398,94
TIC 273322167,273322167,94
TIC 273323115,273323115,94
TIC 273323613,273323613,94
TIC 273324397,273324397,94
TIC 273325402,273325402,94
TIC 273365294,273365294,94
TIC 273366457,273366457,94
TIC 273369281,273369281,94
TIC 273370115,273370115,94
TIC 273396009,273396009,94
TIC 273396767,273396767,94
TIC 273397141,273397141,94
TIC 273397377,273397377,94
TIC 273398705,273398705,94
TIC 273399871,273399871,94
TIC 273416539,273416539,94
TIC 273418421,273418421,94
TIC 273418879,273418879,94
TIC 273472870,273472870,94
TIC 273474168,273474168,94
TIC 273474289,273474289,94
TIC 273476207,273476207,94
TIC 273476652,273476652,94
TIC 273511930,273511930,94
TIC 273512448,273512448,94
TIC 273512942,273512942,94
TIC 273515033,273515033,94
TIC 273515276,273515276,94
TIC 273549749,273549749,94
TIC 273551980,273551980,94
TIC 273568902,273568902,94
TIC 273569277,273569277,94
TIC 273569888,273569888,94
TIC 273570263,273570263,94
TIC 273604791,273604791,94
TIC 273605663,273605663,94
TIC 273606667,273606667,94
TIC 273606838,273606838,94
TIC 273650653,273650653,94
TIC 273652436,273652436,94
TIC 273653758,273653758,94
TIC 273654237,273654237,94
TIC 273733875,273733875,94
TIC 273737681,273737681,94
TIC 273737963,273737963,94
TIC 273738938,273738938,94
TIC 273742259,273742259,94
TIC 273789270,273789270,94
TIC 273789976,273789976,94
TIC 273862178,273862178,94
TIC 273944571,273944571,94
TIC 273945912,273945912,94
TIC 273945979,273945979,94
TIC 273985865,273985865,94
TIC 273986610,273986610,94
TIC 273989186,273989186,94
TIC 274012361,274012361,94
TIC 274013665,274013665,94
TIC 274014274,274014274,94
TIC 274017928,274017928,94
TIC 274033976,274033976,94
TIC 274034589,274034589,94
TIC 274035031,274035031,94
TIC 274059295,274059295,94
TIC 274144464,274144464,94
TIC 274151135,274151135,94
TIC 275087020,275087020,94
TIC 275088311,275088311,94
TIC 275088526,275088526,94
TIC 275089878,275089878,94
TIC 275090915,275090915,94
TIC 275094831,275094831,94
TIC 275100025,275100025,94
TIC 275315916,275315916,94
TIC 275436558,275436558,94
TIC 275439561,275439561,94
TIC 275615376,275615376,94
TIC 275616314,275616314,94
TIC 275618694,275618694,94
TIC 275624040,275624040,94
TIC 275734412,275734412,94
TIC 275741365,275741365,94
TIC 275976713,275976713,94
TIC 276064652,276064652,94
TIC 276081627,276081627,94
TIC 276174454,276174454,94
TIC 276304874,276304874,94
TIC 276602255,276602255,94
TIC 276616109,276616109,94
TIC 276616195,276616195,94
TIC 276666216,276666216,94
TIC 276676369,276676369,94
TIC 276676383,276676383,94
TIC 276690601,276690601,94
TIC 276693258,276693258,94
TIC 276789095,276789095,94
TIC 276793444,276793444,94
TIC 276793644,276793644,94
TIC 276793771,276793771,94
TIC 276798745,276798745,94
TIC 276837430,276837430,94
TIC 276843427,276843427,94
TIC 276859664,276859664,94
TIC 276859959,276859959,94
TIC 276860175,276860175,94
TIC 276860194,276860194,94
TIC 276860494,276860494,94
TIC 276861431,276861431,94
TIC 276861788,276861788,94
TIC 276861919,276861919,94
TIC 276863576,276863576,94
TIC 276863693,276863693,94
TIC 276864021,276864021,94
TIC 276864298,276864298,94
TIC 276864600,276864600,94
TIC 276864691,276864691,94
TIC 276864697,276864697,94
TIC 276866031,276866031,94
TIC 276872829,276872829,94
TIC 276943440,276943440,94
TIC 276957120,276957120,94
TIC 276963807,276963807,94
TIC 276965924,276965924,94
TIC 276967365,276967365,94
TIC 276977745,276977745,94
TIC 276980144,276980144,94
TIC 277015378,277015378,94
TIC 277016043,277016043,94
TIC 277016438,277016438,94
TIC 277017360,277017360,94
TIC 277027386,277027386,94
TIC 277029529,277029529,94
TIC 277030931,277030931,94
TIC 277030960,277030960,94
TIC 277034621,277034621,94
TIC 277039287,277039287,94
TIC 277073209,277073209,94
TIC 277074217,277074217,94
TIC 277098905,277098905,94
TIC 277099881,277099881,94
TIC 277099925,277099925,94
TIC 277099961,277099961,94
TIC 277100123,277100123,94
TIC 277100604,277100604,94
TIC 277101175,277101175,94
TIC 277102246,277102246,94
TIC 277102290,277102290,94
TIC 277103567,277103567,94
TIC 277103752,277103752,94
TIC 277103955,277103955,94
TIC 277104071,277104071,94
TIC 277104322,277104322,94
TIC 277105061,277105061,94
TIC 277130695,277130695,94
TIC 277130983,277130983,94
TIC 277131349,277131349,94
TIC 277131946,277131946,94
TIC 277275706,277275706,94
TIC 277291895,277291895,94
TIC 277301964,277301964,94
TIC 277373390,277373390,94
TIC 277374585,277374585,94
TIC 277478337,277478337,94
TIC 277479242,277479242,94
TIC 277479500,277479500,94
TIC 277490204,277490204,94
TIC 277593708,277593708,94
TIC 277603234,277603234,94
TIC 277714075,277714075,94
TIC 277716351,277716351,94
TIC 277748419,277748419,94
TIC 277748985,277748985,94
TIC 277751811,277751811,94
TIC 277751989,277751989,94
TIC 277771912,277771912,94
TIC 277772547,277772547,94
TIC 277772831,277772831,94
TIC 277773189,277773189,94
TIC 277773221,277773221,94
TIC 277774364,277774364,94
TIC 277774779,277774779,94
TIC 277799791,277799791,94
TIC 277802288,277802288,94
TIC 277802792,277802792,94
TIC 277802975,277802975,94
TIC 277803472,277803472,94
TIC 277834603,277834603,94
TIC 277835242,277835242,94
TIC 277836064,277836064,94
TIC 277836910,277836910,94
TIC 277872855,277872855,94
TIC 277873049,277873049,94
TIC 277873607,277873607,94
TIC 277873800,277873800,94
TIC 277874564,277874564,94
TIC 277889640,277889640,94
TIC 277889967,277889967,94
TIC 277890574,277890574,94
TIC 277890728,277890728,94
TIC 277891795,277891795,94
TIC 277892210,277892210,94
TIC 277892257,277892257,94
TIC 277898508,277898508,94
TIC 277909646,277909646,94
TIC 277910359,277910359,94
TIC 277911215,277911215,94
TIC 277911470,277911470,94
TIC 277911545,277911545,94
TIC 277911580,277911580,94
TIC 277912030,277912030,94
TIC 277913227,277913227,94
TIC 277913391,277913391,94
TIC 277913798,277913798,94
TIC 277938251,277938251,94
TIC 277938904,277938904,94
TIC 277940271,277940271,94
TIC 277940827,277940827,94
TIC 277978023,277978023,94
TIC 277978230,277978230,94
TIC 277978391,277978391,94
TIC 277978933,277978933,94
TIC 277979465,277979465,94
TIC 277982164,277982164,94
TIC 278000424,278000424,94
TIC 278023852,278023852,94
TIC 278024057,278024057,94
TIC 278024392,278024392,94
TIC 278051925,278051925,94
TIC 278055130,278055130,94
TIC 278056060,278056060,94
TIC 278056198,278056198,94
TIC 278077329,278077329,94
TIC 278078825,278078825,94
TIC 278081700,278081700,94
TIC 278134831,278134831,94
TIC 278138619,278138619,94
TIC 278139637,278139637,94
TIC 278140574,278140574,94
TIC 278141632,278141632,94
TIC 278181454,278181454,94
TIC 278183255,278183255,94
TIC 278183342,278183342,94
TIC 278196907,278196907,94
TIC 278199738,278199738,94
TIC 278202079,278202079,94
TIC 278226171,278226171,94
TIC 278227085,278227085,94
TIC 278227135,278227135,94
TIC 278229611,278229611,94
TIC 278269265,278269265,94
TIC 278269967,278269967,94
TIC 278270821,278270821,94
TIC 278271659,278271659,94
TIC 278275804,278275804,94
TIC 278291931,278291931,94
TIC 278319585,278319585,94
TIC 278326347,278326347,94
TIC 278327818,278327818,94
TIC 278380701,278380701,94
TIC 278381413,278381413,94
TIC 278403480,278403480,94
TIC 278409027,278409027,94
TIC 278409390,278409390,94
TIC 278411394,278411394,94
TIC 278415582,278415582,94
TIC 278415929,278415929,94
TIC 278416495,278416495,94
TIC 278417216,278417216,94
TIC 278450960,278450960,94
TIC 278454368,278454368,94
TIC 278456586,278456586,94
TIC 278478922,278478922,94
TIC 278509633,278509633,94
TIC 278510590,278510590,94
TIC 278516698,278516698,94
TIC 278519962,278519962,94
TIC 278521020,278521020,94
TIC 278540265,278540265,94
TIC 278544957,278544957,94
TIC 278590172,278590172,94
TIC 278594030,278594030,94
TIC 278632491,278632491,94
TIC 278658023,278658023,94
TIC 278659026,278659026,94
TIC 278659714,278659714,94
TIC 278659724,278659724,94
TIC 278660213,278660213,94
TIC 278661555,278661555,94
TIC 278662858,278662858,94
TIC 278683209,278683209,94
TIC 278683641,278683641,94
TIC 278683664,278683664,94
TIC 278683844,278683844,94
TIC 278684081,278684081,94
TIC 278684349,278684349,94
TIC 278684615,278684615,94
TIC 278684725,278684725,94
TIC 278684745,278684745,94
TIC 278684936,278684936,94
TIC 278685466,278685466,94
TIC 278725047,278725047,94
TIC 278725797,278725797,94
TIC 278726770,278726770,94
TIC 278727563,278727563,94
TIC 278727565,278727565,94
TIC 278728169,278728169,94
TIC 278728951,278728951,94
TIC 278729415,278729415,94
TIC 278729421,278729421,94
TIC 278729595,278729595,94
TIC 278730120,278730120,94
TIC 278730265,278730265,94
TIC 278730778,278730778,94
TIC 278731026,278731026,94
TIC 278731052,278731052,94
TIC 278731274,278731274,94
TIC 278731442,278731442,94
TIC 278731882,278731882,94
TIC 278732681,278732681,94
TIC 278775103,278775103,94
TIC 278775207,278775207,94
TIC 278775323,278775323,94
TIC 278775329,278775329,94
TIC 278775625,278775625,94
TIC 278776511,278776511,94
TIC 278776514,278776514,94
TIC 278776583,278776583,94
TIC 278776755,278776755,94
TIC 278776865,278776865,94
TIC 278777070,278777070,94
TIC 278777282,278777282,94
TIC 278777358,278777358,94
TIC 278777449,278777449,94
TIC 278777620,278777620,94
TIC 278777880,278777880,94
TIC 278778060,278778060,94
TIC 278778515,278778515,94
TIC 278778688,278778688,94
TIC 278779083,278779083,94
TIC 278779095,278779095,94
TIC 278779561,278779561,94
TIC 278779899,278779899,94
TIC 278779927,278779927,94
TIC 278820988,278820988,94
TIC 278821913,278821913,94
TIC 278822321,278822321,94
TIC 278822450,278822450,94
TIC 278822453,278822453,94
TIC 278822664,278822664,94
TIC 278822670,278822670,94
TIC 278822707,278822707,94
TIC 278822869,278822869,94
TIC 278823382,278823382,94
TIC 278823421,278823421,94
TIC 278823665,278823665,94
TIC 278824412,278824412,94
TIC 278824614,278824614,94
TIC 278824989,278824989,94
TIC 278825715,278825715,94
TIC 278825952,278825952,94
TIC 278826800,278826800,94
TIC 278826808,278826808,94
TIC 278826996,278826996,94
TIC 278861557,278861557,94
TIC 278861774,278861774,94
TIC 278861826,278861826,94
TIC 278862239,278862239,94
TIC 278862598,278862598,94
TIC 278862747,278862747,94
TIC 278862750,278862750,94
TIC 278863611,278863611,94
TIC 278864269,278864269,94
TIC 278864646,278864646,94
TIC 278864750,278864750,94
TIC 278865342,278865342,94
TIC 278865471,278865471,94
TIC 278865766,278865766,94
TIC 278865869,278865869,94
TIC 278866211,278866211,94
TIC 278866220,278866220,94
TIC 278867070,278867070,94
TIC 278867172,278867172,94
TIC 278867391,278867391,94
TIC 278895705,278895705,94
TIC 278896737,278896737,94
TIC 278897257,278897257,94
TIC 278897617,278897617,94
TIC 278897868,278897868,94
TIC 278898255,278898255,94
TIC 278898462,278898462,94
TIC 278898521,278898521,94
TIC 278898692,278898692,94
TIC 278899461,278899461,94
TIC 278899512,278899512,94
TIC 278899957,278899957,94
TIC 278899969,278899969,94
TIC 278900142,278900142,94
TIC 278901079,278901079,94
TIC 278901225,278901225,94
TIC 278901711,278901711,94
TIC 278955132,278955132,94
TIC 278955633,278955633,94
TIC 278955973,278955973,94
TIC 278956004,278956004,94
TIC 278956474,278956474,94
TIC 278957417,278957417,94
TIC 278957489,278957489,94
TIC 278958623,278958623,94
TIC 278959348,278959348,94
TIC 278959976,278959976,94
TIC 278959991,278959991,94
TIC 278960677,278960677,94
TIC 278960800,278960800,94
TIC 278987013,278987013,94
TIC 278987334,278987334,94
TIC 278987417,278987417,94
TIC 278988053,278988053,94
TIC 278988068,278988068,94
TIC 278988097,278988097,94
TIC 278988288,278988288,94
TIC 278988794,278988794,94
TIC 278989688,278989688,94
TIC 278990042,278990042,94
TIC 278990332,278990332,94
TIC 278990408,278990408,94
TIC 278990426,278990426,94
TIC 278990507,278990507,94
TIC 278990528,278990528,94
TIC 278990954,278990954,94
TIC 278990983,278990983,94
TIC 278991349,278991349,94
TIC 278991483,278991483,94
TIC 278991580,278991580,94
TIC 278991584,278991584,94
TIC 278992159,278992159,94
TIC 278992516,278992516,94
TIC 278992674,278992674,94
TIC 278992816,278992816,94
TIC 278993362,278993362,94
TIC 279050836,279050836,94
TIC 279051770,279051770,94
TIC 279051829,279051829,94
TIC 279052764,279052764,94
TIC 279052786,279052786,94
TIC 279052858,279052858,94
TIC 279053000,279053000,94
TIC 279053888,279053888,94
TIC 279054842,279054842,94
TIC 279055252,279055252,94
TIC 279055353,279055353,94
TIC 279055830,279055830,94
TIC 279055945,279055945,94
TIC 279055960,279055960,94
TIC 279055988,279055988,94
TIC 279056085,279056085,94
TIC 279056282,279056282,94
TIC 279056341,279056341,94
TIC 279087952,279087952,94
TIC 279088003,279088003,94
TIC 279088303,279088303,94
TIC 279088392,279088392,94
TIC 279088394,279088394,94
TIC 279088395,279088395,94
TIC 279088442,279088442,94
TIC 279088539,279088539,94
TIC 279088861,279088861,94
TIC 279089140,279089140,94
TIC 279089927,279089927,94
TIC 279090824,279090824,94
TIC 279091106,279091106,94
TIC 279091165,279091165,94
TIC 279091327,279091327,94
TIC 279091621,279091621,94
TIC 279092834,279092834,94
TIC 279092927,279092927,94
TIC 279093407,279093407,94
TIC 279156966,279156966,94
TIC 279156979,279156979,94
TIC 279157165,279157165,94
TIC 279157426,279157426,94
TIC 279157429,279157429,94
TIC 279158438,279158438,94
TIC 279158922,279158922,94
TIC 279159470,279159470,94
TIC 279159822,279159822,94
TIC 279159844,279159844,94
TIC 279159876,279159876,94
TIC 279159887,279159887,94
TIC 279159916,279159916,94
TIC 279160134,279160134,94
TIC 279160488,279160488,94
TIC 279160557,279160557,94
TIC 279160979,279160979,94
TIC 279161002,279161002,94
TIC 279161528,279161528,94
TIC 279213450,279213450,94
TIC 279215390,279215390,94
TIC 279215743,279215743,94
TIC 279215865,279215865,94
TIC 279216869,279216869,94
TIC 279217116,279217116,94
TIC 279217133,279217133,94
TIC 279217194,279217194,94
TIC 279217728,279217728,94
TIC 279218051,279218051,94
TIC 279218413,279218413,94
TIC 279219156,279219156,94
TIC 279219316,279219316,94
TIC 279219639,279219639,94
TIC 279219977,279219977,94
TIC 279246287,279246287,94
TIC 279248550,279248550,94
TIC 279249069,279249069,94
TIC 279249351,279249351,94
TIC 279249443,279249443,94
TIC 279250113,279250113,94
TIC 279250316,279250316,94
TIC 279250855,279250855,94
TIC 279250890,279250890,94
TIC 279251008,279251008,94
TIC 279251034,279251034,94
TIC 279251486,279251486,94
TIC 279251558,279251558,94
TIC 279251590,279251590,94
TIC 279251651,279251651,94
TIC 279252161,279252161,94
TIC 279317632,279317632,94
TIC 279317755,279317755,94
TIC 279318109,279318109,94
TIC 279318204,279318204,94
TIC 279318420,279318420,94
TIC 279318738,279318738,94
TIC 279319721,279319721,94
TIC 279321185,279321185,94
TIC 279321596,279321596,94
TIC 279322448,279322448,94
TIC 279322519,279322519,94
TIC 279322914,279322914,94
TIC 279323519,279323519,94
TIC 279323744,279323744,94
TIC 279323859,279323859,94
TIC 279324004,279324004,94
TIC 279356185,279356185,94
TIC 279356535,279356535,94
TIC 279359927,279359927,94
TIC 279360385,279360385,94
TIC 279360449,279360449,94
TIC 279360705,279360705,94
TIC 279361150,279361150,94
TIC 279361255,279361255,94
TIC 279361391,279361391,94
TIC 279361762,279361762,94
TIC 279362204,279362204,94
TIC 279362216,279362216,94
TIC 279362433,279362433,94
TIC 279423762,279423762,94
TIC 279424328,279424328,94
TIC 279424511,279424511,94
TIC 279425081,279425081,94
TIC 279425357,279425357,94
TIC 279425657,279425657,94
TIC 279425700,279425700,94
TIC 279425906,279425906,94
TIC 279426258,279426258,94
TIC 279426386,279426386,94
TIC 279427111,279427111,94
TIC 279429722,279429722,94
TIC 279429792,279429792,94
TIC 279430029,279430029,94
TIC 279430808,279430808,94
TIC 279475288,279475288,94
TIC 279475675,279475675,94
TIC 279476396,279476396,94
TIC 279476499,279476499,94
TIC 279477561,279477561,94
TIC 279477819,279477819,94
TIC 279477956,279477956,94
TIC 279478380,279478380,94
TIC 279480555,279480555,94
TIC 279482487,279482487,94
TIC 279510020,279510020,94
TIC 279510595,279510595,94
TIC 279510954,279510954,94
TIC 279510975,279510975,94
TIC 279511168,279511168,94
TIC 279511291,279511291,94
TIC 279511712,279511712,94
TIC 279512574,279512574,94
TIC 279513939,279513939,94
TIC 279514056,279514056,94
TIC 279514271,279514271,94
TIC 279516815,279516815,94
TIC 279517191,279517191,94
TIC 279569707,279569707,94
TIC 279569718,279569718,94
TIC 279569847,279569847,94
TIC 279570033,279570033,94
TIC 279570232,279570232,94
TIC 279570447,279570447,94
TIC 279570777,279570777,94
TIC 279571026,279571026,94
TIC 279571361,279571361,94
TIC 279571543,279571543,94
TIC 279571746,279571746,94
TIC 279571832,279571832,94
TIC 279571999,279571999,94
TIC 279572280,279572280,94
TIC 279572671,279572671,94
TIC 279572710,279572710,94
TIC 279572880,279572880,94
TIC 279572957,279572957,94
TIC 279573142,279573142,94
TIC 279573219,279573219,94
TIC 279573401,279573401,94
TIC 279573622,279573622,94
TIC 279574516,279574516,94
TIC 279575749,279575749,94
TIC 279613634,279613634,94
TIC 279614617,279614617,94
TIC 279614943,279614943,94
TIC 279615427,279615427,94
TIC 279615636,279615636,94
TIC 279615642,279615642,94
TIC 279615819,279615819,94
TIC 279615956,279615956,94
TIC 279615979,279615979,94
TIC 279949281,279949281,94
TIC 279950870,279950870,94
TIC 279950922,279950922,94
TIC 279951435,279951435,94
TIC 279952379,279952379,94
TIC 279952991,279952991,94
TIC 279953380,279953380,94
TIC 279955276,279955276,94
TIC 279956826,279956826,94
TIC 279957111,279957111,94
TIC 279957325,279957325,94
TIC 279957399,279957399,94
TIC 279958047,279958047,94
TIC 279958827,279958827,94
TIC 280049258,280049258,94
TIC 280049327,280049327,94
TIC 280050720,280050720,94
TIC 280050875,280050875,94
TIC 280051467,280051467,94
TIC 280051640,280051640,94
TIC 280051821,280051821,94
TIC 280051835,280051835,94
TIC 280051980,280051980,94
TIC 280052879,280052879,94
TIC 280053409,280053409,94
TIC 280053653,280053653,94
TIC 280095254,280095254,94
TIC 280095963,280095963,94
TIC 280096428,280096428,94
TIC 280096473,280096473,94
TIC 280096648,280096648,94
TIC 280097543,280097543,94
TIC 280098265,280098265,94
TIC 280098635,280098635,94
TIC 280098872,280098872,94
TIC 280684074,280684074,94
TIC 280697077,280697077,94
TIC 280700204,280700204,94
TIC 280725332,280725332,94
TIC 280726137,280726137,94
TIC 280726888,280726888,94
TIC 280804030,280804030,94
TIC 280830660,280830660,94
TIC 280830734,280830734,94
TIC 280832088,280832088,94
TIC 280865000,280865000,94
TIC 280865190,280865190,94
TIC 280865358,280865358,94
TIC 280866656,280866656,94
TIC 280867290,280867290,94
TIC 280867781,280867781,94
TIC 280868316,280868316,94
TIC 280868464,280868464,94
TIC 280868886,280868886,94
TIC 280909705,280909705,94
TIC 280910860,280910860,94
TIC 280911834,280911834,94
TIC 280912523,280912523,94
TIC 281495662,281495662,94
TIC 281495893,281495893,94
TIC 281496732,281496732,94
TIC 281575623,281575623,94
TIC 281576937,281576937,94
TIC 281582156,281582156,94
TIC 281583178,281583178,94
TIC 281630320,281630320,94
TIC 281630486,281630486,94
TIC 281631335,281631335,94
TIC 281631603,281631603,94
TIC 281634018,281634018,94
TIC 281634192,281634192,94
TIC 281634912,281634912,94
TIC 281636513,281636513,94
TIC 281637522,281637522,94
TIC 284194255,284194255,94
TIC 284194584,284194584,94
TIC 284194837,284194837,94
TIC 284195049,284195049,94
TIC 284195157,284195157,94
TIC 284195833,284195833,94
TIC 284196430,284196430,94
TIC 284196481,284196481,94
TIC 284196649,284196649,94
TIC 287148985,287148985,94
TIC 287156870,287156870,94
TIC 287156968,287156968,94
TIC 287273024,287273024,94
TIC 287273244,287273244,94
TIC 287273303,287273303,94
TIC 287273334,287273334,94
TIC 287298969,287298969,94
TIC 287323438,287323438,94
TIC 287326127,287326127,94
TIC 287326898,287326898,94
TIC 287327575,287327575,94
TIC 287328202,287328202,94
TIC 287328596,287328596,94
TIC 287328848,287328848,94
TIC 287328866,287328866,94
TIC 287329210,287329210,94
TIC 287329261,287329261,94
TIC 287329267,287329267,94
TIC 287329624,287329624,94
TIC 287330947,287330947,94
TIC 287400402,287400402,94
TIC 287400588,287400588,94
TIC 287400661,287400661,94
TIC 287400996,287400996,94
TIC 287401176,287401176,94
TIC 287401203,287401203,94
TIC 287402009,287402009,94
TIC 287403631,287403631,94
TIC 287404510,287404510,94
TIC 287405060,287405060,94
TIC 287407926,287407926,94
TIC 287408257,287408257,94
TIC 287410832,287410832,94
TIC 287438411,287438411,94
TIC 287438823,287438823,94
TIC 290270132,290270132,94
TIC 290273484,290273484,94
TIC 290274478,290274478,94
TIC 290277019,290277019,94
TIC 290287775,290287775,94
TIC 290302447,290302447,94
TIC 290302491,290302491,94
TIC 290305042,290305042,94
TIC 290305110,290305110,94
TIC 290322019,290322019,94
TIC 290348638,290348638,94
TIC 290349500,290349500,94
TIC 290353182,290353182,94
TIC 290356320,290356320,94
TIC 290357974,290357974,94
TIC 290358640,290358640,94
TIC 290358836,290358836,94
TIC 290361108,290361108,94
TIC 290363040,290363040,94
TIC 290370601,290370601,94
TIC 290376803,290376803,94
TIC 290401720,290401720,94
TIC 290401825,290401825,94
TIC 290401889,290401889,94
TIC 290402323,290402323,94
TIC 290402633,290402633,94
TIC 290403522,290403522,94
TIC 290403648,290403648,94
TIC 290404650,290404650,94
TIC 290405947,290405947,94
TIC 290408720,290408720,94
TIC 290418638,290418638,94
TIC 290419278,290419278,94
TIC 290422635,290422635,94
TIC 290423088,290423088,94
TIC 290457554,290457554,94
TIC 290459460,290459460,94
TIC 290459991,290459991,94
TIC 290465524,290465524,94
TIC 290484648,290484648,94
TIC 290485374,290485374,94
TIC 290486039,290486039,94
TIC 290486246,290486246,94
TIC 290486299,290486299,94
TIC 290487159,290487159,94
TIC 290495172,290495172,94
TIC 290495937,290495937,94
TIC 290496318,290496318,94
TIC 290519412,290519412,94
TIC 290542693,290542693,94
TIC 290543478,290543478,94
TIC 290546990,290546990,94
TIC 290557660,290557660,94
TIC 290575588,290575588,94
TIC 290576831,290576831,94
TIC 290591466,290591466,94
TIC 290593125,290593125,94
TIC 290596557,290596557,94
TIC 290604408,290604408,94
TIC 290605911,290605911,94
TIC 290608240,290608240,94
TIC 290608415,290608415,94
TIC 290608609,290608609,94
TIC 290608765,290608765,94
TIC 290631713,290631713,94
TIC 290647853,290647853,94
TIC 290648723,290648723,94
TIC 290649460,290649460,94
TIC 290653996,290653996,94
TIC 290654532,290654532,94
TIC 290655383,290655383,94
TIC 290714928,290714928,94
TIC 290715760,290715760,94
TIC 290756403,290756403,94
TIC 290777240,290777240,94
TIC 290777444,290777444,94
TIC 290824002,290824002,94
TIC 290921266,290921266,94
TIC 290924327,290924327,94
TIC 291013124,291013124,94
TIC 291058852,291058852,94
TIC 291061404,291061404,94
TIC 291061781,291061781,94
TIC 291062025,291062025,94
TIC 291195335,291195335,94
TIC 292215117,292215117,94
TIC 292218136,292218136,94
TIC 292221837,292221837,94
TIC 292297198,292297198,94
TIC 292325958,292325958,94
TIC 292327036,292327036,94
TIC 292328581,292328581,94
TIC 292333486,292333486,94
TIC 292333585,292333585,94
TIC 292472212,292472212,94
TIC 292824951,292824951,94
TIC 293164978,293164978,94
TIC 293165020,293165020,94
TIC 293165262,293165262,94
TIC 293220470,293220470,94
TIC 293220616,293220616,94
TIC 293221711,293221711,94
TIC 293223210,293223210,94
TIC 293223588,293223588,94
TIC 293224419,293224419,94
TIC 293224564,293224564,94
TIC 293224824,293224824,94
TIC 293225109,293225109,94
TIC 293225221,293225221,94
TIC 293225274,293225274,94
TIC 293225895,293225895,94
TIC 293267910,293267910,94
TIC 293267933,293267933,94
TIC 293268667,293268667,94
TIC 293269165,293269165,94
TIC 293270003,293270003,94
TIC 293270257,293270257,94
TIC 293270273,293270273,94
TIC 293270903,293270903,94
TIC 293270932,293270932,94
TIC 293271134,293271134,94
TIC 293271232,293271232,94
TIC 293271518,293271518,94
TIC 293271581,293271581,94
TIC 293271686,293271686,94
TIC 293271908,293271908,94
TIC 293271918,293271918,94
TIC 293272405,293272405,94
TIC 293272754,293272754,94
TIC 293272915,293272915,94
TIC 293273032,293273032,94
TIC 293273183,293273183,94
TIC 293273269,293273269,94
TIC 293345927,293345927,94
TIC 293347413,293347413,94
TIC 293347429,293347429,94
TIC 293347451,293347451,94
TIC 293347563,293347563,94
TIC 293347978,293347978,94
TIC 293437409,293437409,94
TIC 293438694,293438694,94
TIC 293439615,293439615,94
TIC 293439813,293439813,94
TIC 293463617,293463617,94
TIC 293464355,293464355,94
TIC 293464976,293464976,94
TIC 293466823,293466823,94
TIC 293480995,293480995,94
TIC 293481743,293481743,94
TIC 293482762,293482762,94
TIC 293505075,293505075,94
TIC 293505416,293505416,94
TIC 293506035,293506035,94
TIC 293507177,293507177,94
TIC 293507357,293507357,94
TIC 293508490,293508490,94
TIC 293508796,293508796,94
TIC 293525387,293525387,94
TIC 293525494,293525494,94
TIC 293525651,293525651,94
TIC 293527488,293527488,94
TIC 293528308,293528308,94
TIC 293528475,293528475,94
TIC 293568265,293568265,94
TIC 293571051,293571051,94
TIC 293618282,293618282,94
TIC 293618340,293618340,94
TIC 293618559,293618559,94
TIC 293934547,293934547,94
TIC 293935083,293935083,94
TIC 293935755,293935755,94
TIC 293935874,293935874,94
TIC 293936044,293936044,94
TIC 293936312,293936312,94
TIC 293936969,293936969,94
TIC 293937351,293937351,94
TIC 293970254,293970254,94
TIC 293970644,293970644,94
TIC 293971911,293971911,94
TIC 293971913,293971913,94
TIC 293972244,293972244,94
TIC 293973187,293973187,94
TIC 293973218,293973218,94
TIC 293973396,293973396,94
TIC 293973445,293973445,94
TIC 293973832,293973832,94
TIC 293974393,293974393,94
TIC 293974981,293974981,94
TIC 293975288,293975288,94
TIC 294052132,294052132,94
TIC 294052871,294052871,94
TIC 294053203,294053203,94
TIC 294053492,294053492,94
TIC 294053971,294053971,94
TIC 294054151,294054151,94
TIC 294054503,294054503,94
TIC 294054806,294054806,94
TIC 294055396,294055396,94
TIC 294055490,294055490,94
TIC 294092960,294092960,94
TIC 294092966,294092966,94
TIC 294093233,294093233,94
TIC 294093302,294093302,94
TIC 294093824,294093824,94
TIC 294096938,294096938,94
TIC 294097225,294097225,94
TIC 294097549,294097549,94
TIC 294097592,294097592,94
TIC 294098955,294098955,94
TIC 294099086,294099086,94
TIC 294099225,294099225,94
TIC 294099852,294099852,94
TIC 294099979,294099979,94
TIC 294100245,294100245,94
TIC 294152312,294152312,94
TIC 294152559,294152559,94
TIC 294153481,294153481,94
TIC 294153672,294153672,94
TIC 294159330,294159330,94
TIC 294159692,294159692,94
TIC 294204998,294204998,94
TIC 294205275,294205275,94
TIC 294205605,294205605,94
TIC 294205649,294205649,94
TIC 294206429,294206429,94
TIC 294206967,294206967,94
TIC 294207756,294207756,94
TIC 294208421,294208421,94
TIC 294208879,294208879,94
TIC 294209068,294209068,94
TIC 294209741,294209741,94
TIC 294212483,294212483,94
TIC 294271284,294271284,94
TIC 294272049,294272049,94
TIC 294272072,294272072,94
TIC 294272084,294272084,94
TIC 294272404,294272404,94
TIC 294273900,294273900,94
TIC 294274107,294274107,94
TIC 294274252,294274252,94
TIC 294275287,294275287,94
TIC 294275677,294275677,94
TIC 294276278,294276278,94
TIC 294276888,294276888,94
TIC 294322210,294322210,94
TIC 294324819,294324819,94
TIC 294325822,294325822,94
TIC 294326461,294326461,94
TIC 294326673,294326673,94
TIC 294327312,294327312,94
TIC 294327506,294327506,94
TIC 294327531,294327531,94
TIC 294328148,294328148,94
TIC 294328158,294328158,94
TIC 294328664,294328664,94
TIC 294328887,294328887,94
TIC 294329266,294329266,94
TIC 294330174,294330174,94
TIC 294392620,294392620,94
TIC 294395926,294395926,94
TIC 294396282,294396282,94
TIC 294396726,294396726,94
TIC 294398491,294398491,94
TIC 294398838,294398838,94
TIC 294398990,294398990,94
TIC 294399068,294399068,94
TIC 294399290,294399290,94
TIC 294399419,294399419,94
TIC 294399474,294399474,94
TIC 294399641,294399641,94
TIC 294399648,294399648,94
TIC 294399689,294399689,94
TIC 294399715,294399715,94
TIC 294625561,294625561,94
TIC 294626418,294626418,94
TIC 294627157,294627157,94
TIC 294665011,294665011,94
TIC 294667110,294667110,94
TIC 294667294,294667294,94
TIC 294667331,294667331,94
TIC 294667668,294667668,94
TIC 294667917,294667917,94
TIC 294667961,294667961,94
TIC 294668465,294668465,94
TIC 294668993,294668993,94
TIC 294670004,294670004,94
TIC 294670776,294670776,94
TIC 294670837,294670837,94
TIC 294747598,294747598,94
TIC 294747615,294747615,94
TIC 294747892,294747892,94
TIC 294748147,294748147,94
TIC 294750180,294750180,94
TIC 294754396,294754396,94
TIC 294754816,294754816,94
TIC 294779080,294779080,94
TIC 294780517,294780517,94
TIC 294780563,294780563,94
TIC 294781275,294781275,94
TIC 294781547,294781547,94
TIC 294782565,294782565,94
TIC 294782806,294782806,94
TIC 294784092,294784092,94
TIC 294784450,294784450,94
TIC 294784522,294784522,94
TIC 294785164,294785164,94
TIC 294786276,294786276,94
TIC 294867833,294867833,94
TIC 294868316,294868316,94
TIC 294869549,294869549,94
TIC 294870118,294870118,94
TIC 294870168,294870168,94
TIC 294871044,294871044,94
TIC 294871587,294871587,94
TIC 294872353,294872353,94
TIC 294873276,294873276,94
TIC 294873381,294873381,94
TIC 294873457,294873457,94
TIC 294873623,294873623,94
TIC 294874367,294874367,94
TIC 294921574,294921574,94
TIC 294922279,294922279,94
TIC 294923213,294923213,94
TIC 294923253,294923253,94
TIC 294927550,294927550,94
TIC 294927880,294927880,94
TIC 294928018,294928018,94
TIC 294929171,294929171,94
TIC 294929894,294929894,94
TIC 294929896,294929896,94
TIC 294977381,294977381,94
TIC 294977810,294977810,94
TIC 294978365,294978365,94
TIC 294978562,294978562,94
TIC 294981037,294981037,94
TIC 294981566,294981566,94
TIC 294982222,294982222,94
TIC 294982517,294982517,94
TIC 294983202,294983202,94
TIC 294983338,294983338,94
TIC 294985756,294985756,94
TIC 295071039,295071039,94
TIC 295071643,295071643,94
TIC 295071954,295071954,94
TIC 295072161,295072161,94
TIC 295842804,295842804,94
TIC 299697182,299697182,94
TIC 299697326,299697326,94
TIC 299747340,299747340,94
TIC 299747697,299747697,94
TIC 299749573,299749573,94
TIC 299753136,299753136,94
TIC 299753194,299753194,94
TIC 299755742,299755742,94
TIC 299755887,299755887,94
TIC 299778013,299778013,94
TIC 299778030,299778030,94
TIC 299778238,299778238,94
TIC 299780329,299780329,94
TIC 299799658,299799658,94
TIC 299799783,299799783,94
TIC 299800007,299800007,94
TIC 299802045,299802045,94
TIC 299802315,299802315,94
TIC 299802333,299802333,94
TIC 299802505,299802505,94
TIC 299808029,299808029,94
TIC 299832671,299832671,94
TIC 299832811,299832811,94
TIC 299833015,299833015,94
TIC 299833067,299833067,94
TIC 299833266,299833266,94
TIC 299833889,299833889,94
TIC 299833944,299833944,94
TIC 299834384,299834384,94
TIC 299898365,299898365,94
TIC 299899313,299899313,94
TIC 299899690,299899690,94
TIC 299899924,299899924,94
TIC 299901027,299901027,94
TIC 299901449,299901449,94
TIC 299935065,299935065,94
TIC 299938579,299938579,94
TIC 299940268,299940268,94
TIC 299940359,299940359,94
TIC 299940595,299940595,94
TIC 299942684,299942684,94
TIC 299942685,299942685,94
TIC 299942954,299942954,94
TIC 299943243,299943243,94
TIC 299943290,299943290,94
TIC 299943301,299943301,94
TIC 299943379,299943379,94
TIC 299943748,299943748,94
TIC 299943844,299943844,94
TIC 299943923,299943923,94
TIC 299943935,299943935,94
TIC 299944354,299944354,94
TIC 299945269,299945269,94
TIC 299945285,299945285,94
TIC 299945808,299945808,94
TIC 300009621,300009621,94
TIC 300009970,300009970,94
TIC 300010099,300010099,94
TIC 300010120,300010120,94
TIC 300010961,300010961,94
TIC 300011294,300011294,94
TIC 300011376,300011376,94
TIC 300012172,300012172,94
TIC 300013123,300013123,94
TIC 300013489,300013489,94
TIC 300013921,300013921,94
TIC 300014618,300014618,94
TIC 300015056,300015056,94
TIC 300015135,300015135,94
TIC 300015238,300015238,94
TIC 300015239,300015239,94
TIC 300020398,300020398,94
TIC 300022089,300022089,94
TIC 300033022,300033022,94
TIC 300033383,300033383,94
TIC 300033819,300033819,94
TIC 300034351,300034351,94
TIC 300035305,300035305,94
TIC 300035308,300035308,94
TIC 300035368,300035368,94
TIC 300035756,300035756,94
TIC 300035977,300035977,94
TIC 300037002,300037002,94
TIC 300037819,300037819,94
TIC 300038122,300038122,94
TIC 300038246,300038246,94
TIC 300038935,300038935,94
TIC 300039099,300039099,94
TIC 300039564,300039564,94
TIC 300039721,300039721,94
TIC 300039724,300039724,94
TIC 300039785,300039785,94
TIC 300039874,300039874,94
TIC 300081980,300081980,94
TIC 300085109,300085109,94
TIC 300085616,300085616,94
TIC 300085625,300085625,94
TIC 300087059,300087059,94
TIC 300087569,300087569,94
TIC 300088037,300088037,94
TIC 300088321,300088321,94
TIC 300088816,300088816,94
TIC 300091286,300091286,94
TIC 300091340,300091340,94
TIC 300091753,300091753,94
TIC 300136074,300136074,94
TIC 300136240,300136240,94
TIC 300136653,300136653,94
TIC 300138689,300138689,94
TIC 300138745,300138745,94
TIC 300139323,300139323,94
TIC 300139852,300139852,94
TIC 300141210,300141210,94
TIC 300149456,300149456,94
TIC 300157574,300157574,94
TIC 300157797,300157797,94
TIC 300157909,300157909,94
TIC 300157969,300157969,94
TIC 300158108,300158108,94
TIC 300158207,300158207,94
TIC 300159082,300159082,94
TIC 300159098,300159098,94
TIC 300159301,300159301,94
TIC 300159675,300159675,94
TIC 300160320,300160320,94
TIC 300160685,300160685,94
TIC 300161002,300161002,94
TIC 300161053,300161053,94
TIC 300161861,300161861,94
TIC 300162112,300162112,94
TIC 300162674,300162674,94
TIC 300213669,300213669,94
TIC 300218143,300218143,94
TIC 300239540,300239540,94
TIC 300241371,300241371,94
TIC 300241889,300241889,94
TIC 300242150,300242150,94
TIC 300242191,300242191,94
TIC 300242735,300242735,94
TIC 300242801,300242801,94
TIC 300243102,300243102,94
TIC 300243406,300243406,94
TIC 300243592,300243592,94
TIC 300243718,300243718,94
TIC 300243913,300243913,94
TIC 300243981,300243981,94
TIC 300244204,300244204,94
TIC 300244561,300244561,94
TIC 300244634,300244634,94
TIC 300244770,300244770,94
TIC 300277685,300277685,94
TIC 300279054,300279054,94
TIC 300279084,300279084,94
TIC 300279093,300279093,94
TIC 300279141,300279141,94
TIC 300279840,300279840,94
TIC 300283893,300283893,94
TIC 300283896,300283896,94
TIC 300283923,300283923,94
TIC 300283928,300283928,94
TIC 300283965,300283965,94
TIC 300283988,300283988,94
TIC 300284179,300284179,94
TIC 300286951,300286951,94
TIC 300287176,300287176,94
TIC 300287989,300287989,94
TIC 300288280,300288280,94
TIC 300288971,300288971,94
TIC 300289006,300289006,94
TIC 300290097,300290097,94
TIC 300290733,300290733,94
TIC 300290824,300290824,94
TIC 300291066,300291066,94
TIC 300291839,300291839,94
TIC 300292124,300292124,94
TIC 300292272,300292272,94
TIC 300293197,300293197,94
TIC 300293379,300293379,94
TIC 300293429,300293429,94
TIC 300323829,300323829,94
TIC 300323956,300323956,94
TIC 300324030,300324030,94
TIC 300324667,300324667,94
TIC 300324697,300324697,94
TIC 300326000,300326000,94
TIC 300326777,300326777,94
TIC 300326839,300326839,94
TIC 300327458,300327458,94
TIC 300327482,300327482,94
TIC 300327709,300327709,94
TIC 300327924,300327924,94
TIC 300328258,300328258,94
TIC 300329283,300329283,94
TIC 300329728,300329728,94
TIC 300330109,300330109,94
TIC 300352737,300352737,94
TIC 300352920,300352920,94
TIC 300357728,300357728,94
TIC 300378177,300378177,94
TIC 300378592,300378592,94
TIC 300378596,300378596,94
TIC 300378621,300378621,94
TIC 300379556,300379556,94
TIC 300379945,300379945,94
TIC 300381700,300381700,94
TIC 300381910,300381910,94
TIC 300382520,300382520,94
TIC 300382665,300382665,94
TIC 300382764,300382764,94
TIC 300383439,300383439,94
TIC 300383677,300383677,94
TIC 300384245,300384245,94
TIC 300384330,300384330,94
TIC 300401888,300401888,94
TIC 300403213,300403213,94
TIC 300405245,300405245,94
TIC 300442687,300442687,94
TIC 300442914,300442914,94
TIC 300443029,300443029,94
TIC 300443382,300443382,94
TIC 300443794,300443794,94
TIC 300443831,300443831,94
TIC 300444242,300444242,94
TIC 300444243,300444243,94
TIC 300444376,300444376,94
TIC 300444683,300444683,94
TIC 300444952,300444952,94
TIC 300445381,300445381,94
TIC 300447314,300447314,94
TIC 300448273,300448273,94
TIC 300448520,300448520,94
TIC 300448625,300448625,94
TIC 300448674,300448674,94
TIC 300448815,300448815,94
TIC 300449121,300449121,94
TIC 300449915,300449915,94
TIC 300508896,300508896,94
TIC 300510242,300510242,94
TIC 300510333,300510333,94
TIC 300510624,300510624,94
TIC 300510927,300510927,94
TIC 300511791,300511791,94
TIC 300512537,300512537,94
TIC 300513645,300513645,94
TIC 300515248,300515248,94
TIC 300515536,300515536,94
TIC 300515700,300515700,94
TIC 300515837,300515837,94
TIC 300548122,300548122,94
TIC 300550436,300550436,94
TIC 300553506,300553506,94
TIC 300555859,300555859,94
TIC 300556379,300556379,94
TIC 300556408,300556408,94
TIC 300556811,300556811,94
TIC 300556816,300556816,94
TIC 300557107,300557107,94
TIC 300558107,300558107,94
TIC 300558459,300558459,94
TIC 300559291,300559291,94
TIC 300559394,300559394,94
TIC 300560165,300560165,94
TIC 300560295,300560295,94
TIC 300560526,300560526,94
TIC 300560731,300560731,94
TIC 300561157,300561157,94
TIC 300563010,300563010,94
TIC 300599466,300599466,94
TIC 300601006,300601006,94
TIC 300601639,300601639,94
TIC 300602132,300602132,94
TIC 300602255,300602255,94
TIC 300603045,300603045,94
TIC 300603347,300603347,94
TIC 300603886,300603886,94
TIC 300604036,300604036,94
TIC 300604770,300604770,94
TIC 300608330,300608330,94
TIC 300611652,300611652,94
TIC 300611942,300611942,94
TIC 300614319,300614319,94
TIC 300614424,300614424,94
TIC 300652548,300652548,94
TIC 300653260,300653260,94
TIC 300653642,300653642,94
TIC 300654002,300654002,94
TIC 300654054,300654054,94
TIC 300654454,300654454,94
TIC 300654475,300654475,94
TIC 300654773,300654773,94
TIC 300655749,300655749,94
TIC 300655891,300655891,94
TIC 300656410,300656410,94
TIC 300656693,300656693,94
TIC 300656980,300656980,94
TIC 300656986,300656986,94
TIC 300657009,300657009,94
TIC 300657526,300657526,94
TIC 300658012,300658012,94
TIC 300658177,300658177,94
TIC 300658296,300658296,94
TIC 300664897,300664897,94
TIC 300703521,300703521,94
TIC 300703532,300703532,94
TIC 300703844,300703844,94
TIC 300705038,300705038,94
TIC 300705145,300705145,94
TIC 300707571,300707571,94
TIC 300708192,300708192,94
TIC 300708584,300708584,94
TIC 300708628,300708628,94
TIC 300708926,300708926,94
TIC 300709613,300709613,94
TIC 300709924,300709924,94
TIC 300710077,300710077,94
TIC 300710088,300710088,94
TIC 300710144,300710144,94
TIC 300710451,300710451,94
TIC 300710630,300710630,94
TIC 300710729,300710729,94
TIC 300739338,300739338,94
TIC 300739542,300739542,94
TIC 300739804,300739804,94
TIC 300739852,300739852,94
TIC 300740141,300740141,94
TIC 300742619,300742619,94
TIC 300743032,300743032,94
TIC 300743667,300743667,94
TIC 300744172,300744172,94
TIC 300744369,300744369,94
TIC 300784297,300784297,94
TIC 300787049,300787049,94
TIC 300788845,300788845,94
TIC 300807538,300807538,94
TIC 300808434,300808434,94
TIC 300808454,300808454,94
TIC 300808472,300808472,94
TIC 300808743,300808743,94
TIC 300808911,300808911,94
TIC 300808995,300808995,94
TIC 300809101,300809101,94
TIC 300809119,300809119,94
TIC 300809150,300809150,94
TIC 300809465,300809465,94
TIC 300810012,300810012,94
TIC 300810086,300810086,94
TIC 300810325,300810325,94
TIC 300810618,300810618,94
TIC 300811547,300811547,94
TIC 300811733,300811733,94
TIC 300811971,300811971,94
TIC 300812741,300812741,94
TIC 300812928,300812928,94
TIC 300813258,300813258,94
TIC 300814115,300814115,94
TIC 300814213,300814213,94
TIC 300814332,300814332,94
TIC 300814860,300814860,94
TIC 300837344,300837344,94
TIC 300840578,300840578,94
TIC 300844158,300844158,94
TIC 300863866,300863866,94
TIC 300863975,300863975,94
TIC 300864518,300864518,94
TIC 300866979,300866979,94
TIC 300866996,300866996,94
TIC 300867280,300867280,94
TIC 300867320,300867320,94
TIC 300867605,300867605,94
TIC 300867625,300867625,94
TIC 300867750,300867750,94
TIC 300867814,300867814,94
TIC 300868398,300868398,94
TIC 300869262,300869262,94
TIC 300869410,300869410,94
TIC 300870453,300870453,94
TIC 300870826,300870826,94
TIC 300870867,300870867,94
TIC 300871138,300871138,94
TIC 300871365,300871365,94
TIC 300871376,300871376,94
TIC 300871545,300871545,94
TIC 300871572,300871572,94
TIC 300932264,300932264,94
TIC 300932479,300932479,94
TIC 300932883,300932883,94
TIC 300933050,300933050,94
TIC 300933215,300933215,94
TIC 300935931,300935931,94
TIC 300936922,300936922,94
TIC 300937452,300937452,94
TIC 300938299,300938299,94
TIC 300938404,300938404,94
TIC 300938638,300938638,94
TIC 300938910,300938910,94
TIC 300939409,300939409,94
TIC 300939511,300939511,94
TIC 300940126,300940126,94
TIC 300956162,300956162,94
TIC 300967571,300967571,94
TIC 300967713,300967713,94
TIC 300969581,300969581,94
TIC 300969869,300969869,94
TIC 300970568,300970568,94
TIC 300970772,300970772,94
TIC 300970893,300970893,94
TIC 300971168,300971168,94
TIC 300971171,300971171,94
TIC 301114218,301114218,94
TIC 301370769,301370769,94
TIC 301371848,301371848,94
TIC 301372267,301372267,94
TIC 301448211,301448211,94
TIC 301580669,301580669,94
TIC 301582909,301582909,94
TIC 301633887,301633887,94
TIC 301771210,301771210,94
TIC 301858939,301858939,94
TIC 302030721,302030721,94
TIC 302030940,302030940,94
TIC 302126235,302126235,94
TIC 302126242,302126242,94
TIC 302925037,302925037,94
TIC 302965929,302965929,94
TIC 302987775,302987775,94
TIC 302994373,302994373,94
TIC 303909512,303909512,94
TIC 303909865,303909865,94
TIC 303910111,303910111,94
TIC 303910438,303910438,94
TIC 303910564,303910564,94
TIC 303910626,303910626,94
TIC 303910773,303910773,94
TIC 303950490,303950490,94
TIC 303954566,303954566,94
TIC 303974454,303974454,94
TIC 303975289,303975289,94
TIC 303978380,303978380,94
TIC 303979860,303979860,94
TIC 303980842,303980842,94
TIC 304032148,304032148,94
TIC 304032455,304032455,94
TIC 304032484,304032484,94
TIC 304054122,304054122,94
TIC 304056146,304056146,94
TIC 304093214,304093214,94
TIC 304094094,304094094,94
TIC 304094427,304094427,94
TIC 304095049,304095049,94
TIC 304095431,304095431,94
TIC 304100538,304100538,94
TIC 304102073,304102073,94
TIC 304102946,304102946,94
TIC 304103407,304103407,94
TIC 304103851,304103851,94
TIC 304129546,304129546,94
TIC 304130406,304130406,94
TIC 304135281,304135281,94
TIC 304201950,304201950,94
TIC 304549502,304549502,94
TIC 304623602,304623602,94
TIC 304706131,304706131,94
TIC 304727254,304727254,94
TIC 304729610,304729610,94
TIC 304792964,304792964,94
TIC 304938022,304938022,94
TIC 304983634,304983634,94
TIC 304988717,304988717,94
TIC 304989038,304989038,94
TIC 305065042,305065042,94
TIC 306469862,306469862,94
TIC 306469897,306469897,94
TIC 306470000,306470000,94
TIC 306470049,306470049,94
TIC 306470106,306470106,94
TIC 306470257,306470257,94
TIC 306470369,306470369,94
TIC 306470809,306470809,94
TIC 306470921,306470921,94
TIC 306471461,306471461,94
TIC 306471765,306471765,94
TIC 306472057,306472057,94
TIC 306472525,306472525,94
TIC 306505851,306505851,94
TIC 306507281,306507281,94
TIC 306508247,306508247,94
TIC 306512799,306512799,94
TIC 306512813,306512813,94
TIC 306512967,306512967,94
TIC 306572925,306572925,94
TIC 306573201,306573201,94
TIC 306573321,306573321,94
TIC 306573721,306573721,94
TIC 306574570,306574570,94
TIC 306575290,306575290,94
TIC 306576060,306576060,94
TIC 306576345,306576345,94
TIC 306633087,306633087,94
TIC 306633635,306633635,94
TIC 309613894,309613894,94
TIC 309614870,309614870,94
TIC 309615082,309615082,94
TIC 309615189,309615189,94
TIC 309615852,309615852,94
TIC 309616139,309616139,94
TIC 309616407,309616407,94
TIC 309616590,309616590,94
TIC 309616959,309616959,94
TIC 309617117,309617117,94
TIC 309617141,309617141,94
TIC 309618061,309618061,94
TIC 309619055,309619055,94
TIC 309655017,309655017,94
TIC 309655922,309655922,94
TIC 309657355,309657355,94
TIC 309658086,309658086,94
TIC 309658221,309658221,94
TIC 309658394,309658394,94
TIC 309658435,309658435,94
TIC 309658984,309658984,94
TIC 309659122,309659122,94
TIC 309659124,309659124,94
TIC 309659126,309659126,94
TIC 309659553,309659553,94
TIC 309698470,309698470,94
TIC 309699014,309699014,94
TIC 309699051,309699051,94
TIC 309699574,309699574,94
TIC 309702035,309702035,94
TIC 309702563,309702563,94
TIC 309702890,309702890,94
TIC 309703910,309703910,94
TIC 309754884,309754884,94
TIC 309754992,309754992,94
TIC 309755084,309755084,94
TIC 309755088,309755088,94
TIC 309755266,309755266,94
TIC 309755356,309755356,94
TIC 309755442,309755442,94
TIC 309756187,309756187,94
TIC 309789424,309789424,94
TIC 309790097,309790097,94
TIC 309791498,309791498,94
TIC 309791561,309791561,94
TIC 309791758,309791758,94
TIC 309792137,309792137,94
TIC 309792357,309792357,94
TIC 311421559,311421559,94
TIC 311421987,311421987,94
TIC 311426405,311426405,94
TIC 311430135,311430135,94
TIC 311460665,311460665,94
TIC 311461627,311461627,94
TIC 311462040,311462040,94
TIC 313551384,313551384,94
TIC 313552816,313552816,94
TIC 313553792,313553792,94
TIC 313554509,313554509,94
TIC 313585374,313585374,94
TIC 314824949,314824949,94
TIC 314826736,314826736,94
TIC 314828399,314828399,94
TIC 314830254,314830254,94
TIC 314864553,314864553,94
TIC 314864631,314864631,94
TIC 314864866,314864866,94
TIC 314865962,314865962,94
TIC 314865991,314865991,94
TIC 314887898,314887898,94
TIC 315963619,315963619,94
TIC 316093439,316093439,94
TIC 316093996,316093996,94
TIC 316094215,316094215,94
TIC 316215837,316215837,94
TIC 316223427,316223427,94
TIC 316223431,316223431,94
TIC 316224232,316224232,94
TIC 316228891,316228891,94
TIC 316228950,316228950,94
TIC 316231312,316231312,94
TIC 316336825,316336825,94
TIC 316338236,316338236,94
TIC 316339361,316339361,94
TIC 316339415,316339415,94
TIC 316340057,316340057,94
TIC 316341281,316341281,94
TIC 316343698,316343698,94
TIC 316343761,316343761,94
TIC 316343772,316343772,94
TIC 316343791,316343791,94
TIC 316460987,316460987,94
TIC 316461187,316461187,94
TIC 316461340,316461340,94
TIC 316461487,316461487,94
TIC 316462108,316462108,94
TIC 316462385,316462385,94
TIC 316462699,316462699,94
TIC 316463526,316463526,94
TIC 316463600,316463600,94
TIC 316470196,316470196,94
TIC 316470208,316470208,94
TIC 316470640,316470640,94
TIC 316472007,316472007,94
TIC 316472094,316472094,94
TIC 316476117,316476117,94
TIC 316582700,316582700,94
TIC 316585704,316585704,94
TIC 316591240,316591240,94
TIC 316591846,316591846,94
TIC 316592768,316592768,94
TIC 316688118,316688118,94
TIC 316692358,316692358,94
TIC 316692371,316692371,94
TIC 316765865,316765865,94
TIC 316766064,316766064,94
TIC 316766796,316766796,94
TIC 316766977,316766977,94
TIC 316767140,316767140,94
TIC 316786230,316786230,94
TIC 316787042,316787042,94
TIC 316787200,316787200,94
TIC 316830614,316830614,94
TIC 316851646,316851646,94
TIC 316853245,316853245,94
TIC 316853608,316853608,94
TIC 316855124,316855124,94
TIC 316878339,316878339,94
TIC 316880339,316880339,94
TIC 316990755,316990755,94
TIC 316991247,316991247,94
TIC 317016534,317016534,94
TIC 317019189,317019189,94
TIC 317019578,317019578,94
TIC 317021841,317021841,94
TIC 317021872,317021872,94
TIC 317057430,317057430,94
TIC 317058444,317058444,94
TIC 317060587,317060587,94
TIC 317061205,317061205,94
TIC 317087048,317087048,94
TIC 317088602,317088602,94
TIC 317097514,317097514,94
TIC 317099286,317099286,94
TIC 317099861,317099861,94
TIC 317100332,317100332,94
TIC 317100352,317100352,94
TIC 317129309,317129309,94
TIC 317130136,317130136,94
TIC 317153172,317153172,94
TIC 317154585,317154585,94
TIC 317154662,317154662,94
TIC 317250749,317250749,94
TIC 317299107,317299107,94
TIC 317300584,317300584,94
TIC 317301071,317301071,94
TIC 317302638,317302638,94
TIC 317325481,317325481,94
TIC 317325489,317325489,94
TIC 317325853,317325853,94
TIC 317350326,317350326,94
TIC 317350896,317350896,94
TIC 317383399,317383399,94
TIC 318007796,318007796,94
TIC 318008280,318008280,94
TIC 318008562,318008562,94
TIC 318009249,318009249,94
TIC 318040836,318040836,94
TIC 318041780,318041780,94
TIC 318042295,318042295,94
TIC 318044891,318044891,94
TIC 318085813,318085813,94
TIC 318087025,318087025,94
TIC 318087158,318087158,94
TIC 318087385,318087385,94
TIC 318123821,318123821,94
TIC 318125360,318125360,94
TIC 318179763,318179763,94
TIC 318180226,318180226,94
TIC 318180448,318180448,94
TIC 318213519,318213519,94
TIC 318235184,318235184,94
TIC 318273824,318273824,94
TIC 318515879,318515879,94
TIC 318517928,318517928,94
TIC 318566416,318566416,94
TIC 318567328,318567328,94
TIC 318568622,318568622,94
TIC 318569322,318569322,94
TIC 318569970,318569970,94
TIC 318570608,318570608,94
TIC 318571035,318571035,94
TIC 318606698,318606698,94
TIC 318611396,318611396,94
TIC 318613764,318613764,94
TIC 318614348,318614348,94
TIC 318649597,318649597,94
TIC 319257744,319257744,94
TIC 319258261,319258261,94
TIC 319259160,319259160,94
TIC 319259194,319259194,94
TIC 319289907,319289907,94
TIC 319565754,319565754,94
TIC 319567241,319567241,94
TIC 319568619,319568619,94
TIC 319568755,319568755,94
TIC 319568906,319568906,94
TIC 319601731,319601731,94
TIC 319601796,319601796,94
TIC 319602897,319602897,94
TIC 319604485,319604485,94
TIC 319604495,319604495,94
TIC 319606825,319606825,94
TIC 319608028,319608028,94
TIC 319608242,319608242,94
TIC 319669580,319669580,94
TIC 319670360,319670360,94
TIC 319673470,319673470,94
TIC 319739812,319739812,94
TIC 319740048,319740048,94
TIC 319740055,319740055,94
TIC 319740619,319740619,94
TIC 319766043,319766043,94
TIC 319768482,319768482,94
TIC 319866292,319866292,94
TIC 319866376,319866376,94
TIC 319867890,319867890,94
TIC 319869261,319869261,94
TIC 319869555,319869555,94
TIC 319906484,319906484,94
TIC 319906872,319906872,94
TIC 320003784,320003784,94
TIC 320004517,320004517,94
TIC 320007483,320007483,94
TIC 320055780,320055780,94
TIC 320056471,320056471,94
TIC 320092330,320092330,94
TIC 320171928,320171928,94
TIC 320173712,320173712,94
TIC 320173862,320173862,94
TIC 320176500,320176500,94
TIC 320202104,320202104,94
TIC 320202927,320202927,94
TIC 320204627,320204627,94
TIC 320207059,320207059,94
TIC 320255338,320255338,94
TIC 320259956,320259956,94
TIC 320264006,320264006,94
TIC 320265488,320265488,94
TIC 320266984,320266984,94
TIC 320327056,320327056,94
TIC 320330186,320330186,94
TIC 320359912,320359912,94
TIC 320426245,320426245,94
TIC 320429020,320429020,94
TIC 320484380,320484380,94
TIC 320529221,320529221,94
TIC 320529428,320529428,94
TIC 320529836,320529836,94
TIC 320530660,320530660,94
TIC 320533176,320533176,94
TIC 320534329,320534329,94
TIC 320591159,320591159,94
TIC 320591947,320591947,94
TIC 320592617,320592617,94
TIC 320659697,320659697,94
TIC 320660280,320660280,94
TIC 320660807,320660807,94
TIC 320662567,320662567,94
TIC 320688368,320688368,94
TIC 320690083,320690083,94
TIC 320690782,320690782,94
TIC 320691598,320691598,94
TIC 320783984,320783984,94
TIC 320784905,320784905,94
TIC 320805672,320805672,94
TIC 320809967,320809967,94
TIC 320841837,320841837,94
TIC 320846323,320846323,94
TIC 320912970,320912970,94
TIC 321153137,321153137,94
TIC 322268945,322268945,94
TIC 322270620,322270620,94
TIC 322285359,322285359,94
TIC 322285377,322285377,94
TIC 322306553,322306553,94
TIC 322951898,322951898,94
TIC 322952419,322952419,94
TIC 322953678,322953678,94
TIC 322954425,322954425,94
TIC 323002911,323002911,94
TIC 323003302,323003302,94
TIC 323007607,323007607,94
TIC 323060724,323060724,94
TIC 323174630,323174630,94
TIC 323294822,323294822,94
TIC 323295479,323295479,94
TIC 323349313,323349313,94
TIC 323423631,323423631,94
TIC 323423638,323423638,94
TIC 323423878,323423878,94
TIC 323430562,323430562,94
TIC 323445628,323445628,94
TIC 323511595,323511595,94
TIC 324428494,324428494,94
TIC 324608535,324608535,94
TIC 324609409,324609409,94
TIC 324609476,324609476,94
TIC 324654011,324654011,94
TIC 324654261,324654261,94
TIC 324654727,324654727,94
TIC 324756809,324756809,94
TIC 324895531,324895531,94
TIC 324899538,324899538,94
TIC 324930035,324930035,94
TIC 325077739,325077739,94
TIC 325078649,325078649,94
TIC 325079607,325079607,94
TIC 325081244,325081244,94
TIC 325093374,325093374,94
TIC 325096368,325096368,94
TIC 325096784,325096784,94
TIC 325175734,325175734,94
TIC 325177252,325177252,94
TIC 325177848,325177848,94
TIC 325178315,325178315,94
TIC 325178532,325178532,94
TIC 325179508,325179508,94
TIC 325220064,325220064,94
TIC 325220689,325220689,94
TIC 325220989,325220989,94
TIC 325251252,325251252,94
TIC 325276580,325276580,94
TIC 325277095,325277095,94
TIC 325278705,325278705,94
TIC 325280344,325280344,94
TIC 325338668,325338668,94
TIC 325340243,325340243,94
TIC 325341091,325341091,94
TIC 325341805,325341805,94
TIC 325341811,325341811,94
TIC 325376866,325376866,94
TIC 325394866,325394866,94
TIC 325412975,325412975,94
TIC 325413153,325413153,94
TIC 325467777,325467777,94
TIC 325468685,325468685,94
TIC 325469134,325469134,94
TIC 325469672,325469672,94
TIC 325469754,325469754,94
TIC 325488530,325488530,94
TIC 325490065,325490065,94
TIC 325490376,325490376,94
TIC 325490534,325490534,94
TIC 325524307,325524307,94
TIC 325525016,325525016,94
TIC 325525541,325525541,94
TIC 325526165,325526165,94
TIC 325527653,325527653,94
TIC 325566833,325566833,94
TIC 325608401,325608401,94
TIC 325964849,325964849,94
TIC 326024061,326024061,94
TIC 326028766,326028766,94
TIC 326031025,326031025,94
TIC 326060414,326060414,94
TIC 326086879,326086879,94
TIC 326089259,326089259,94
TIC 326698247,326698247,94
TIC 326698947,326698947,94
TIC 326839531,326839531,94
TIC 327080738,327080738,94
TIC 327081789,327081789,94
TIC 327085195,327085195,94
TIC 327086230,327086230,94
TIC 327086399,327086399,94
TIC 327301957,327301957,94
TIC 327302178,327302178,94
TIC 327303189,327303189,94
TIC 327303570,327303570,94
TIC 327303574,327303574,94
TIC 327303945,327303945,94
TIC 327305219,327305219,94
TIC 327305253,327305253,94
TIC 327305521,327305521,94
TIC 327410278,327410278,94
TIC 327594610,327594610,94
TIC 327595545,327595545,94
TIC 327596745,327596745,94
TIC 327597898,327597898,94
TIC 327598630,327598630,94
TIC 327599034,327599034,94
TIC 327667965,327667965,94
TIC 327669398,327669398,94
TIC 327669904,327669904,94
TIC 327670036,327670036,94
TIC 327672504,327672504,94
TIC 327709211,327709211,94
TIC 327712864,327712864,94
TIC 327723937,327723937,94
TIC 327724364,327724364,94
TIC 327724621,327724621,94
TIC 327724928,327724928,94
TIC 327724954,327724954,94
TIC 327725122,327725122,94
TIC 327725745,327725745,94
TIC 327726547,327726547,94
TIC 327728507,327728507,94
TIC 327785134,327785134,94
TIC 327787012,327787012,94
TIC 327788069,327788069,94
TIC 327788541,327788541,94
TIC 327852820,327852820,94
TIC 327853078,327853078,94
TIC 327855227,327855227,94
TIC 327856090,327856090,94
TIC 327856208,327856208,94
TIC 327856894,327856894,94
TIC 327857282,327857282,94
TIC 327915121,327915121,94
TIC 327915196,327915196,94
TIC 328028436,328028436,94
TIC 328029653,328029653,94
TIC 331635461,331635461,94
TIC 331639205,331639205,94
TIC 331679394,331679394,94
TIC 331680594,331680594,94
TIC 331681541,331681541,94
TIC 331731084,331731084,94
TIC 331754267,331754267,94
TIC 331754686,331754686,94
TIC 331754996,331754996,94
TIC 336770424,336770424,94
TIC 336771208,336771208,94
TIC 339129239,339129239,94
TIC 339207862,339207862,94
TIC 339259030,339259030,94
TIC 339260231,339260231,94
TIC 339260356,339260356,94
TIC 339270586,339270586,94
TIC 339274809,339274809,94
TIC 339375400,339375400,94
TIC 339377079,339377079,94
TIC 339379248,339379248,94
TIC 339397736,339397736,94
TIC 339399841,339399841,94
TIC 339453875,339453875,94
TIC 339455582,339455582,94
TIC 339522221,339522221,94
TIC 339522902,339522902,94
TIC 339525163,339525163,94
TIC 339525222,339525222,94
TIC 339527255,339527255,94
TIC 339544830,339544830,94
TIC 339546330,339546330,94
TIC 339546847,339546847,94
TIC 339547085,339547085,94
TIC 339547190,339547190,94
TIC 339606193,339606193,94
TIC 339633049,339633049,94
TIC 339633529,339633529,94
TIC 339633702,339633702,94
TIC 339634305,339634305,94
TIC 339634481,339634481,94
TIC 339635291,339635291,94
TIC 339665237,339665237,94
TIC 339665778,339665778,94
TIC 339668192,339668192,94
TIC 339668420,339668420,94
TIC 339669756,339669756,94
TIC 339670771,339670771,94
TIC 339671468,339671468,94
TIC 339672028,339672028,94
TIC 339672106,339672106,94
TIC 339672887,339672887,94
TIC 339728935,339728935,94
TIC 339731418,339731418,94
TIC 339731988,339731988,94
TIC 339732264,339732264,94
TIC 339733451,339733451,94
TIC 339735827,339735827,94
TIC 339767830,339767830,94
TIC 339769900,339769900,94
TIC 339770560,339770560,94
TIC 339770690,339770690,94
TIC 339770817,339770817,94
TIC 339771240,339771240,94
TIC 339771483,339771483,94
TIC 339771969,339771969,94
TIC 339772356,339772356,94
TIC 339858128,339858128,94
TIC 339858488,339858488,94
TIC 339859805,339859805,94
TIC 339861985,339861985,94
TIC 339862021,339862021,94
TIC 339862515,339862515,94
TIC 339862599,339862599,94
TIC 339862757,339862757,94
TIC 339885174,339885174,94
TIC 339890862,339890862,94
TIC 339890946,339890946,94
TIC 339891371,339891371,94
TIC 339891888,339891888,94
TIC 339891905,339891905,94
TIC 339957991,339957991,94
TIC 339958142,339958142,94
TIC 339959145,339959145,94
TIC 339959992,339959992,94
TIC 339960404,339960404,94
TIC 339960706,339960706,94
TIC 339960875,339960875,94
TIC 339961200,339961200,94
TIC 339962133,339962133,94
TIC 339962335,339962335,94
TIC 340005947,340005947,94
TIC 340006157,340006157,94
TIC 340006623,340006623,94
TIC 340006839,340006839,94
TIC 340006877,340006877,94
TIC 340006994,340006994,94
TIC 340007359,340007359,94
TIC 340008522,340008522,94
TIC 340009136,340009136,94
TIC 340018265,340018265,94
TIC 340062836,340062836,94
TIC 340062939,340062939,94
TIC 340063145,340063145,94
TIC 340065168,340065168,94
TIC 340110295,340110295,94
TIC 340111679,340111679,94
TIC 340114032,340114032,94
TIC 340135986,340135986,94
TIC 340144218,340144218,94
TIC 340174734,340174734,94
TIC 340175990,340175990,94
TIC 340176098,340176098,94
TIC 340178526,340178526,94
TIC 340179086,340179086,94
TIC 340210017,340210017,94
TIC 340215551,340215551,94
TIC 340216929,340216929,94
TIC 340219000,340219000,94
TIC 340219007,340219007,94
TIC 340255470,340255470,94
TIC 340313069,340313069,94
TIC 340313362,340313362,94
TIC 340320690,340320690,94
TIC 340321223,340321223,94
TIC 340356526,340356526,94
TIC 340358373,340358373,94
TIC 340358640,340358640,94
TIC 340360114,340360114,94
TIC 340362225,340362225,94
TIC 340458436,340458436,94
TIC 340458804,340458804,94
TIC 340459119,340459119,94
TIC 340459410,340459410,94
TIC 340459681,340459681,94
TIC 340481675,340481675,94
TIC 340486523,340486523,94
TIC 340558405,340558405,94
TIC 340559155,340559155,94
TIC 340563177,340563177,94
TIC 340634155,340634155,94
TIC 340634383,340634383,94
TIC 340637160,340637160,94
TIC 340637188,340637188,94
TIC 340637365,340637365,94
TIC 340638289,340638289,94
TIC 340638483,340638483,94
TIC 340638718,340638718,94
TIC 340786513,340786513,94
TIC 340791653,340791653,94
TIC 340843567,340843567,94
TIC 340844848,340844848,94
TIC 340849155,340849155,94
TIC 340931059,340931059,94
TIC 341000227,341000227,94
TIC 341000477,341000477,94
TIC 341001113,341001113,94
TIC 341058676,341058676,94
TIC 341059816,341059816,94
TIC 341063164,341063164,94
TIC 341063541,341063541,94
TIC 341078639,341078639,94
TIC 341080012,341080012,94
TIC 341080518,341080518,94
TIC 341116983,341116983,94
TIC 341117200,341117200,94
TIC 341118728,341118728,94
TIC 341180648,341180648,94
TIC 341181910,341181910,94
TIC 341195397,341195397,94
TIC 341199622,341199622,94
TIC 341200426,341200426,94
TIC 341307916,341307916,94
TIC 341309049,341309049,94
TIC 341309168,341309168,94
TIC 341311287,341311287,94
TIC 341359427,341359427,94
TIC 341359462,341359462,94
TIC 341362242,341362242,94
TIC 341404379,341404379,94
TIC 341405514,341405514,94
TIC 341405597,341405597,94
TIC 341421940,341421940,94
TIC 341423559,341423559,94
TIC 341425293,341425293,94
TIC 341461222,341461222,94
TIC 341465414,341465414,94
TIC 341497458,341497458,94
TIC 341498715,341498715,94
TIC 343886954,343886954,94
TIC 343946942,343946942,94
TIC 343956699,343956699,94
TIC 343958580,343958580,94
TIC 343960640,343960640,94
TIC 343961662,343961662,94
TIC 343995839,343995839,94
TIC 344000458,344000458,94
TIC 344031627,344031627,94
TIC 344034178,344034178,94
TIC 344042409,344042409,94
TIC 344047599,344047599,94
TIC 344073005,344073005,94
TIC 344552298,344552298,94
TIC 344552721,344552721,94
TIC 344552743,344552743,94
TIC 344585729,344585729,94
TIC 344586519,344586519,94
TIC 345170631,345170631,94
TIC 345173268,345173268,94
TIC 345202693,345202693,94
TIC 346630628,346630628,94
TIC 346630890,346630890,94
TIC 346699458,346699458,94
TIC 346700585,346700585,94
TIC 346701096,346701096,94
TIC 346701818,346701818,94
TIC 346704014,346704014,94
TIC 346704136,346704136,94
TIC 346722548,346722548,94
TIC 346725266,346725266,94
TIC 346791844,346791844,94
TIC 346793945,346793945,94
TIC 346795152,346795152,94
TIC 346795807,346795807,94
TIC 346795880,346795880,94
TIC 348717688,348717688,94
TIC 348718444,348718444,94
TIC 348760553,348760553,94
TIC 348760910,348760910,94
TIC 348762920,348762920,94
TIC 348770361,348770361,94
TIC 348795308,348795308,94
TIC 348839116,348839116,94
TIC 348839142,348839142,94
TIC 348839374,348839374,94
TIC 348839382,348839382,94
TIC 348839459,348839459,94
TIC 348839533,348839533,94
TIC 348839628,348839628,94
TIC 348839788,348839788,94
TIC 348839936,348839936,94
TIC 348839966,348839966,94
TIC 348840076,348840076,94
TIC 348840631,348840631,94
TIC 348841203,348841203,94
TIC 348841387,348841387,94
TIC 348841455,348841455,94
TIC 348841685,348841685,94
TIC 348841745,348841745,94
TIC 348841768,348841768,94
TIC 348842168,348842168,94
TIC 348842237,348842237,94
TIC 348842369,348842369,94
TIC 348842421,348842421,94
TIC 348842478,348842478,94
TIC 348842808,348842808,94
TIC 348842981,348842981,94
TIC 348843152,348843152,94
TIC 348843330,348843330,94
TIC 348843860,348843860,94
TIC 348844154,348844154,94
TIC 348844343,348844343,94
TIC 348844482,348844482,94
TIC 348844746,348844746,94
TIC 348844800,348844800,94
TIC 348894045,348894045,94
TIC 348894484,348894484,94
TIC 348896748,348896748,94
TIC 348897051,348897051,94
TIC 348897620,348897620,94
TIC 348897766,348897766,94
TIC 348898031,348898031,94
TIC 348898049,348898049,94
TIC 348898673,348898673,94
TIC 348898884,348898884,94
TIC 348899264,348899264,94
TIC 348899638,348899638,94
TIC 348899659,348899659,94
TIC 348899676,348899676,94
TIC 348899935,348899935,94
TIC 348900215,348900215,94
TIC 348900380,348900380,94
TIC 348956945,348956945,94
TIC 348957284,348957284,94
TIC 348957793,348957793,94
TIC 348957839,348957839,94
TIC 348958418,348958418,94
TIC 348960812,348960812,94
TIC 348961186,348961186,94
TIC 348962012,348962012,94
TIC 348962074,348962074,94
TIC 348962324,348962324,94
TIC 348962381,348962381,94
TIC 348962758,348962758,94
TIC 348991084,348991084,94
TIC 348992094,348992094,94
TIC 348992095,348992095,94
TIC 348992096,348992096,94
TIC 348992108,348992108,94
TIC 348992408,348992408,94
TIC 348992696,348992696,94
TIC 348993084,348993084,94
TIC 348993107,348993107,94
TIC 348993481,348993481,94
TIC 348993795,348993795,94
TIC 348993992,348993992,94
TIC 348994088,348994088,94
TIC 348994735,348994735,94
TIC 348995211,348995211,94
TIC 348995212,348995212,94
TIC 348995958,348995958,94
TIC 348996104,348996104,94
TIC 348996719,348996719,94
TIC 348998209,348998209,94
TIC 349054909,349054909,94
TIC 349054977,349054977,94
TIC 349055133,349055133,94
TIC 349055189,349055189,94
TIC 349055504,349055504,94
TIC 349055837,349055837,94
TIC 349055915,349055915,94
TIC 349056430,349056430,94
TIC 349056597,349056597,94
TIC 349057327,349057327,94
TIC 349059078,349059078,94
TIC 349059354,349059354,94
TIC 349059821,349059821,94
TIC 349059996,349059996,94
TIC 349060308,349060308,94
TIC 349061718,349061718,94
TIC 349061746,349061746,94
TIC 349061881,349061881,94
TIC 349091180,349091180,94
TIC 349091396,349091396,94
TIC 349091511,349091511,94
TIC 349091788,349091788,94
TIC 349091983,349091983,94
TIC 349092320,349092320,94
TIC 349093114,349093114,94
TIC 349093337,349093337,94
TIC 349093351,349093351,94
TIC 349093484,349093484,94
TIC 349094313,349094313,94
TIC 349095149,349095149,94
TIC 349095214,349095214,94
TIC 349096321,349096321,94
TIC 349096525,349096525,94
TIC 349097226,349097226,94
TIC 349152048,349152048,94
TIC 349152140,349152140,94
TIC 349152387,349152387,94
TIC 349153143,349153143,94
TIC 349153550,349153550,94
TIC 349153627,349153627,94
TIC 349154160,349154160,94
TIC 349154302,349154302,94
TIC 349154435,349154435,94
TIC 349154460,349154460,94
TIC 349154585,349154585,94
TIC 349155285,349155285,94
TIC 349156098,349156098,94
TIC 349156177,349156177,94
TIC 349156240,349156240,94
TIC 349156582,349156582,94
TIC 349157265,349157265,94
TIC 349157651,349157651,94
TIC 349190396,349190396,94
TIC 349190908,349190908,94
TIC 349190958,349190958,94
TIC 349191073,349191073,94
TIC 349191590,349191590,94
TIC 349191740,349191740,94
TIC 349192028,349192028,94
TIC 349192144,349192144,94
TIC 349193923,349193923,94
TIC 349194688,349194688,94
TIC 349195685,349195685,94
TIC 349196630,349196630,94
TIC 349196677,349196677,94
TIC 349269165,349269165,94
TIC 349269343,349269343,94
TIC 349269818,349269818,94
TIC 349269873,349269873,94
TIC 349269962,349269962,94
TIC 349270369,349270369,94
TIC 349273158,349273158,94
TIC 349273478,349273478,94
TIC 349273863,349273863,94
TIC 349273907,349273907,94
TIC 349273939,349273939,94
TIC 349274292,349274292,94
TIC 349274412,349274412,94
TIC 349274728,349274728,94
TIC 349274787,349274787,94
TIC 349275562,349275562,94
TIC 349304257,349304257,94
TIC 349304574,349304574,94
TIC 349305395,349305395,94
TIC 349305957,349305957,94
TIC 349306314,349306314,94
TIC 349306411,349306411,94
TIC 349306470,349306470,94
TIC 349306559,349306559,94
TIC 349307106,349307106,94
TIC 349307237,349307237,94
TIC 349307342,349307342,94
TIC 349307344,349307344,94
TIC 349307345,349307345,94
TIC 349307457,349307457,94
TIC 349308004,349308004,94
TIC 349308191,349308191,94
TIC 349308842,349308842,94
TIC 349309521,349309521,94
TIC 349309552,349309552,94
TIC 349309625,349309625,94
TIC 349310205,349310205,94
TIC 349310293,349310293,94
TIC 349310414,349310414,94
TIC 349310417,349310417,94
TIC 349311517,349311517,94
TIC 349311905,349311905,94
TIC 349311929,349311929,94
TIC 349369576,349369576,94
TIC 349369985,349369985,94
TIC 349370131,349370131,94
TIC 349370342,349370342,94
TIC 349370704,349370704,94
TIC 349370777,349370777,94
TIC 349371337,349371337,94
TIC 349371685,349371685,94
TIC 349371701,349371701,94
TIC 349371819,349371819,94
TIC 349371877,349371877,94
TIC 349371980,349371980,94
TIC 349372072,349372072,94
TIC 349373226,349373226,94
TIC 349374407,349374407,94
TIC 349374677,349374677,94
TIC 349374765,349374765,94
TIC 349376367,349376367,94
TIC 349376399,349376399,94
TIC 349408137,349408137,94
TIC 349408306,349408306,94
TIC 349408403,349408403,94
TIC 349409296,349409296,94
TIC 349409297,349409297,94
TIC 349409806,349409806,94
TIC 349410350,349410350,94
TIC 349411267,349411267,94
TIC 349411520,349411520,94
TIC 349411938,349411938,94
TIC 349412449,349412449,94
TIC 349412453,349412453,94
TIC 349413813,349413813,94
TIC 349477633,349477633,94
TIC 349477778,349477778,94
TIC 349478155,349478155,94
TIC 349478347,349478347,94
TIC 349478393,349478393,94
TIC 349478970,349478970,94
TIC 349480291,349480291,94
TIC 349480480,349480480,94
TIC 349480507,349480507,94
TIC 349480752,349480752,94
TIC 349480946,349480946,94
TIC 349482072,349482072,94
TIC 349482995,349482995,94
TIC 349483495,349483495,94
TIC 349483715,349483715,94
TIC 349483886,349483886,94
TIC 349484401,349484401,94
TIC 349484636,349484636,94
TIC 349485031,349485031,94
TIC 349485128,349485128,94
TIC 349517828,349517828,94
TIC 349518145,349518145,94
TIC 349518800,349518800,94
TIC 349518888,349518888,94
TIC 349519383,349519383,94
TIC 349519544,349519544,94
TIC 349520169,349520169,94
TIC 349521873,349521873,94
TIC 349521875,349521875,94
TIC 349523628,349523628,94
TIC 349523641,349523641,94
TIC 349523766,349523766,94
TIC 349568905,349568905,94
TIC 349570838,349570838,94
TIC 349571256,349571256,94
TIC 349571261,349571261,94
TIC 349571444,349571444,94
TIC 349572491,349572491,94
TIC 349572614,349572614,94
TIC 349573219,349573219,94
TIC 349573418,349573418,94
TIC 349573519,349573519,94
TIC 349573641,349573641,94
TIC 349574142,349574142,94
TIC 349574176,349574176,94
TIC 349574321,349574321,94
TIC 349574361,349574361,94
TIC 349575610,349575610,94
TIC 349576089,349576089,94
TIC 349576238,349576238,94
TIC 349576261,349576261,94
TIC 349641284,349641284,94
TIC 349641710,349641710,94
TIC 349642732,349642732,94
TIC 349642881,349642881,94
TIC 349642928,349642928,94
TIC 349643347,349643347,94
TIC 349643646,349643646,94
TIC 349643650,349643650,94
TIC 349643889,349643889,94
TIC 349644592,349644592,94
TIC 349644606,349644606,94
TIC 349645034,349645034,94
TIC 349645035,349645035,94
TIC 349645354,349645354,94
TIC 349646495,349646495,94
TIC 349647167,349647167,94
TIC 349647488,349647488,94
TIC 349647498,349647498,94
TIC 349647610,349647610,94
TIC 349647697,349647697,94
TIC 349647797,349647797,94
TIC 349648510,349648510,94
TIC 349648867,349648867,94
TIC 349676121,349676121,94
TIC 349677041,349677041,94
TIC 349677222,349677222,94
TIC 349677777,349677777,94
TIC 349679418,349679418,94
TIC 349679439,349679439,94
TIC 349680738,349680738,94
TIC 349681324,349681324,94
TIC 349681567,349681567,94
TIC 349681964,349681964,94
TIC 349682044,349682044,94
TIC 349682410,349682410,94
TIC 349683062,349683062,94
TIC 349683698,349683698,94
TIC 349683816,349683816,94
TIC 349761928,349761928,94
TIC 349762144,349762144,94
TIC 349762699,349762699,94
TIC 349763482,349763482,94
TIC 349764112,349764112,94
TIC 349764866,349764866,94
TIC 349765059,349765059,94
TIC 349765098,349765098,94
TIC 349765331,349765331,94
TIC 349765842,349765842,94
TIC 349765978,349765978,94
TIC 349766259,349766259,94
TIC 349766265,349766265,94
TIC 349766314,349766314,94
TIC 349766899,349766899,94
TIC 349767242,349767242,94
TIC 349767833,349767833,94
TIC 349768557,349768557,94
TIC 349769252,349769252,94
TIC 349784237,349784237,94
TIC 349784255,349784255,94
TIC 349784936,349784936,94
TIC 349787894,349787894,94
TIC 349788149,349788149,94
TIC 349788231,349788231,94
TIC 349788265,349788265,94
TIC 349788510,349788510,94
TIC 349789882,349789882,94
TIC 349790953,349790953,94
TIC 349791132,349791132,94
TIC 349791471,349791471,94
TIC 349827919,349827919,94
TIC 349828593,349828593,94
TIC 349828641,349828641,94
TIC 349828877,349828877,94
TIC 349829477,349829477,94
TIC 349829627,349829627,94
TIC 349830417,349830417,94
TIC 349830679,349830679,94
TIC 349831004,349831004,94
TIC 349831092,349831092,94
TIC 349831145,349831145,94
TIC 349832017,349832017,94
TIC 349832481,349832481,94
TIC 349832824,349832824,94
TIC 349833420,349833420,94
TIC 349833760,349833760,94
TIC 349834129,349834129,94
TIC 349834497,349834497,94
TIC 349835272,349835272,94
TIC 349835304,349835304,94
TIC 349835367,349835367,94
TIC 349902873,349902873,94
TIC 349904363,349904363,94
TIC 349906032,349906032,94
TIC 349907046,349907046,94
TIC 349907707,349907707,94
TIC 349907990,349907990,94
TIC 349908187,349908187,94
TIC 349908857,349908857,94
TIC 349909614,349909614,94
TIC 349909808,349909808,94
TIC 349909955,349909955,94
TIC 349911034,349911034,94
TIC 349964939,349964939,94
TIC 349965094,349965094,94
TIC 349965238,349965238,94
TIC 349965606,349965606,94
TIC 349966274,349966274,94
TIC 349966449,349966449,94
TIC 349966524,349966524,94
TIC 349966879,349966879,94
TIC 349967099,349967099,94
TIC 349968455,349968455,94
TIC 349968807,349968807,94
TIC 349969759,349969759,94
TIC 349971680,349971680,94
TIC 349972048,349972048,94
TIC 349972412,349972412,94
TIC 349972562,349972562,94
TIC 349972600,349972600,94
TIC 349973650,349973650,94
TIC 349973705,349973705,94
TIC 350024659,350024659,94
TIC 350024707,350024707,94
TIC 350025488,350025488,94
TIC 350025490,350025490,94
TIC 350025837,350025837,94
TIC 350025862,350025862,94
TIC 350027063,350027063,94
TIC 350027507,350027507,94
TIC 350027679,350027679,94
TIC 350027975,350027975,94
TIC 350028512,350028512,94
TIC 350028973,350028973,94
TIC 350028980,350028980,94
TIC 350030187,350030187,94
TIC 350030243,350030243,94
TIC 350030939,350030939,94
TIC 350031400,350031400,94
TIC 350031594,350031594,94
TIC 350091456,350091456,94
TIC 350092591,350092591,94
TIC 350092592,350092592,94
TIC 350094361,350094361,94
TIC 350094458,350094458,94
TIC 350094542,350094542,94
TIC 350096010,350096010,94
TIC 350096124,350096124,94
TIC 350098049,350098049,94
TIC 350136745,350136745,94
TIC 350141275,350141275,94
TIC 350141433,350141433,94
TIC 350141505,350141505,94
TIC 350142099,350142099,94
TIC 350142634,350142634,94
TIC 350143112,350143112,94
TIC 350144298,350144298,94
TIC 350144504,350144504,94
TIC 350144739,350144739,94
TIC 350145384,350145384,94
TIC 350145729,350145729,94
TIC 350146018,350146018,94
TIC 350146248,350146248,94
TIC 350146296,350146296,94
TIC 350146388,350146388,94
TIC 350146577,350146577,94
TIC 350152377,350152377,94
TIC 350153977,350153977,94
TIC 350154173,350154173,94
TIC 350155206,350155206,94
TIC 350155524,350155524,94
TIC 350157956,350157956,94
TIC 350182510,350182510,94
TIC 350182638,350182638,94
TIC 350182664,350182664,94
TIC 350182700,350182700,94
TIC 350184174,350184174,94
TIC 350274440,350274440,94
TIC 350274835,350274835,94
TIC 350274840,350274840,94
TIC 350294861,350294861,94
TIC 350294890,350294890,94
TIC 350294979,350294979,94
TIC 350295056,350295056,94
TIC 350295071,350295071,94
TIC 350295193,350295193,94
TIC 350295781,350295781,94
TIC 350295877,350295877,94
TIC 350296377,350296377,94
TIC 350296740,350296740,94
TIC 350297040,350297040,94
TIC 350297075,350297075,94
TIC 350297677,350297677,94
TIC 350297825,350297825,94
TIC 350297922,350297922,94
TIC 350298145,350298145,94
TIC 350298298,350298298,94
TIC 350298314,350298314,94
TIC 350298948,350298948,94
TIC 350299541,350299541,94
TIC 350299588,350299588,94
TIC 350331875,350331875,94
TIC 350331911,350331911,94
TIC 350331962,350331962,94
TIC 350332008,350332008,94
TIC 350332233,350332233,94
TIC 350332502,350332502,94
TIC 350332771,350332771,94
TIC 350333499,350333499,94
TIC 350334038,350334038,94
TIC 350334181,350334181,94
TIC 350334336,350334336,94
TIC 350334901,350334901,94
TIC 350335082,350335082,94
TIC 350335178,350335178,94
TIC 350335258,350335258,94
TIC 350335330,350335330,94
TIC 350335778,350335778,94
TIC 350335823,350335823,94
TIC 350336132,350336132,94
TIC 350336291,350336291,94
TIC 350336454,350336454,94
TIC 350336548,350336548,94
TIC 350341513,350341513,94
TIC 350341830,350341830,94
TIC 350341850,350341850,94
TIC 350342224,350342224,94
TIC 350342269,350342269,94
TIC 350342601,350342601,94
TIC 350342756,350342756,94
TIC 350342912,350342912,94
TIC 350342975,350342975,94
TIC 350343101,350343101,94
TIC 350343578,350343578,94
TIC 350343735,350343735,94
TIC 350343922,350343922,94
TIC 350344317,350344317,94
TIC 350344559,350344559,94
TIC 350345256,350345256,94
TIC 350345319,350345319,94
TIC 350345393,350345393,94
TIC 350345619,350345619,94
TIC 350345682,350345682,94
TIC 350345733,350345733,94
TIC 350346371,350346371,94
TIC 350346386,350346386,94
TIC 350429853,350429853,94
TIC 350430237,350430237,94
TIC 350430572,350430572,94
TIC 350431335,350431335,94
TIC 350431472,350431472,94
TIC 350432166,350432166,94
TIC 350432306,350432306,94
TIC 350432444,350432444,94
TIC 350433143,350433143,94
TIC 350433316,350433316,94
TIC 350433501,350433501,94
TIC 350433903,350433903,94
TIC 350434027,350434027,94
TIC 350434130,350434130,94
TIC 350434379,350434379,94
TIC 350434446,350434446,94
TIC 350442619,350442619,94
TIC 350443140,350443140,94
TIC 350443172,350443172,94
TIC 350443250,350443250,94
TIC 350443417,350443417,94
TIC 350443596,350443596,94
TIC 350443648,350443648,94
TIC 350444342,350444342,94
TIC 350445591,350445591,94
TIC 350445762,350445762,94
TIC 350445771,350445771,94
TIC 350477148,350477148,94
TIC 350477233,350477233,94
TIC 350477270,350477270,94
TIC 350477495,350477495,94
TIC 350477767,350477767,94
TIC 350477830,350477830,94
TIC 350478065,350478065,94
TIC 350478528,350478528,94
TIC 350478924,350478924,94
TIC 350479101,350479101,94
TIC 350479529,350479529,94
TIC 350479646,350479646,94
TIC 350479736,350479736,94
TIC 350480038,350480038,94
TIC 350480156,350480156,94
TIC 350480377,350480377,94
TIC 350480660,350480660,94
TIC 350480893,350480893,94
TIC 350480967,350480967,94
TIC 350481129,350481129,94
TIC 350481337,350481337,94
TIC 350481741,350481741,94
TIC 350518530,350518530,94
TIC 350518586,350518586,94
TIC 350518629,350518629,94
TIC 350518704,350518704,94
TIC 350518799,350518799,94
TIC 350518984,350518984,94
TIC 350519047,350519047,94
TIC 350519062,350519062,94
TIC 350519160,350519160,94
TIC 350519429,350519429,94
TIC 350519663,350519663,94
TIC 350519682,350519682,94
TIC 350520090,350520090,94
TIC 350520348,350520348,94
TIC 350520993,350520993,94
TIC 350521162,350521162,94
TIC 350521386,350521386,94
TIC 350522060,350522060,94
TIC 350522196,350522196,94
TIC 350522225,350522225,94
TIC 350522226,350522226,94
TIC 350522597,350522597,94
TIC 350522760,350522760,94
TIC 350559447,350559447,94
TIC 350559457,350559457,94
TIC 350559515,350559515,94
TIC 350559756,350559756,94
TIC 350560036,350560036,94
TIC 350560503,350560503,94
TIC 350560633,350560633,94
TIC 350560674,350560674,94
TIC 350560804,350560804,94
TIC 350560959,350560959,94
TIC 350561161,350561161,94
TIC 350561815,350561815,94
TIC 350562028,350562028,94
TIC 350562128,350562128,94
TIC 350562631,350562631,94
TIC 350563102,350563102,94
TIC 350563225,350563225,94
TIC 350563306,350563306,94
TIC 350563576,350563576,94
TIC 350563801,350563801,94
TIC 350564120,350564120,94
TIC 350580827,350580827,94
TIC 350581003,350581003,94
TIC 350582439,350582439,94
TIC 350582682,350582682,94
TIC 350582771,350582771,94
TIC 350583319,350583319,94
TIC 350583892,350583892,94
TIC 350583903,350583903,94
TIC 350583992,350583992,94
TIC 350584005,350584005,94
TIC 350584229,350584229,94
TIC 350584303,350584303,94
TIC 350584414,350584414,94
TIC 350584820,350584820,94
TIC 350584959,350584959,94
TIC 350584963,350584963,94
TIC 350585031,350585031,94
TIC 350585437,350585437,94
TIC 350618622,350618622,94
TIC 350619228,350619228,94
TIC 350619392,350619392,94
TIC 350619609,350619609,94
TIC 350619635,350619635,94
TIC 350619941,350619941,94
TIC 350620011,350620011,94
TIC 350620274,350620274,94
TIC 350620310,350620310,94
TIC 350620345,350620345,94
TIC 350620788,350620788,94
TIC 350621286,350621286,94
TIC 350622144,350622144,94
TIC 350622185,350622185,94
TIC 350622565,350622565,94
TIC 350622878,350622878,94
TIC 350622888,350622888,94
TIC 350622984,350622984,94
TIC 350623060,350623060,94
TIC 350623126,350623126,94
TIC 350623533,350623533,94
TIC 350623565,350623565,94
TIC 350653232,350653232,94
TIC 350654140,350654140,94
TIC 350654234,350654234,94
TIC 350654290,350654290,94
TIC 350654712,350654712,94
TIC 350654999,350654999,94
TIC 350655055,350655055,94
TIC 350655506,350655506,94
TIC 350655701,350655701,94
TIC 350655910,350655910,94
TIC 350655933,350655933,94
TIC 350655951,350655951,94
TIC 350655963,350655963,94
TIC 350656478,350656478,94
TIC 350656545,350656545,94
TIC 350656684,350656684,94
TIC 350656785,350656785,94
TIC 350656848,350656848,94
TIC 350657135,350657135,94
TIC 350657485,350657485,94
TIC 350657595,350657595,94
TIC 350708318,350708318,94
TIC 350708370,350708370,94
TIC 350708379,350708379,94
TIC 350708443,350708443,94
TIC 350708927,350708927,94
TIC 350709110,350709110,94
TIC 350709221,350709221,94
TIC 350709413,350709413,94
TIC 350709476,350709476,94
TIC 350710135,350710135,94
TIC 350711064,350711064,94
TIC 350711213,350711213,94
TIC 350711249,350711249,94
TIC 350711572,350711572,94
TIC 350712255,350712255,94
TIC 350712873,350712873,94
TIC 350713883,350713883,94
TIC 350714385,350714385,94
TIC 350714599,350714599,94
TIC 350714894,350714894,94
TIC 350715119,350715119,94
TIC 350715144,350715144,94
TIC 350715528,350715528,94
TIC 350715741,350715741,94
TIC 350715999,350715999,94
TIC 350716053,350716053,94
TIC 350716054,350716054,94
TIC 350716073,350716073,94
TIC 350716510,350716510,94
TIC 350716888,350716888,94
TIC 350717211,350717211,94
TIC 350740342,350740342,94
TIC 350740600,350740600,94
TIC 350740740,350740740,94
TIC 350741619,350741619,94
TIC 350741703,350741703,94
TIC 350742475,350742475,94
TIC 350742718,350742718,94
TIC 350742995,350742995,94
TIC 350743339,350743339,94
TIC 350743714,350743714,94
TIC 350743723,350743723,94
TIC 350744293,350744293,94
TIC 350744311,350744311,94
TIC 350744357,350744357,94
TIC 350744678,350744678,94
TIC 350744943,350744943,94
TIC 350745242,350745242,94
TIC 350763445,350763445,94
TIC 350763476,350763476,94
TIC 350763526,350763526,94
TIC 350763936,350763936,94
TIC 350764082,350764082,94
TIC 350764186,350764186,94
TIC 350764481,350764481,94
TIC 350764483,350764483,94
TIC 350764517,350764517,94
TIC 350764741,350764741,94
TIC 350765484,350765484,94
TIC 350765589,350765589,94
TIC 350765670,350765670,94
TIC 350765777,350765777,94
TIC 350765919,350765919,94
TIC 350765991,350765991,94
TIC 350766639,350766639,94
TIC 350766856,350766856,94
TIC 350767303,350767303,94
TIC 350767497,350767497,94
TIC 350768296,350768296,94
TIC 350820039,350820039,94
TIC 350820379,350820379,94
TIC 350820735,350820735,94
TIC 350820812,350820812,94
TIC 350820908,350820908,94
TIC 350821292,350821292,94
TIC 350821320,350821320,94
TIC 350821790,350821790,94
TIC 350822079,350822079,94
TIC 350822166,350822166,94
TIC 350822259,350822259,94
TIC 350822345,350822345,94
TIC 350823719,350823719,94
TIC 350824219,350824219,94
TIC 350824257,350824257,94
TIC 350824561,350824561,94
TIC 350824771,350824771,94
TIC 350825116,350825116,94
TIC 350839744,350839744,94
TIC 350839859,350839859,94
TIC 350840110,350840110,94
TIC 350840339,350840339,94
TIC 350840417,350840417,94
TIC 350840485,350840485,94
TIC 350840554,350840554,94
TIC 350840907,350840907,94
TIC 350841061,350841061,94
TIC 350841126,350841126,94
TIC 350841387,350841387,94
TIC 350841664,350841664,94
TIC 350841707,350841707,94
TIC 350842386,350842386,94
TIC 350842552,350842552,94
TIC 350842838,350842838,94
TIC 350843318,350843318,94
TIC 350843432,350843432,94
TIC 350843733,350843733,94
TIC 350843855,350843855,94
TIC 350843962,350843962,94
TIC 350844179,350844179,94
TIC 350844713,350844713,94
TIC 350844714,350844714,94
TIC 350857661,350857661,94
TIC 350857733,350857733,94
TIC 350857886,350857886,94
TIC 350858219,350858219,94
TIC 350858636,350858636,94
TIC 350858673,350858673,94
TIC 350858713,350858713,94
TIC 350859059,350859059,94
TIC 350859255,350859255,94
TIC 350859387,350859387,94
TIC 350859393,350859393,94
TIC 350860764,350860764,94
TIC 350860908,350860908,94
TIC 350861012,350861012,94
TIC 350861103,350861103,94
TIC 350861314,350861314,94
TIC 350861689,350861689,94
TIC 350862376,350862376,94
TIC 350862394,350862394,94
TIC 350862484,350862484,94
TIC 350862618,350862618,94
TIC 350929454,350929454,94
TIC 350929582,350929582,94
TIC 350929806,350929806,94
TIC 350930008,350930008,94
TIC 350930032,350930032,94
TIC 350930620,350930620,94
TIC 350930672,350930672,94
TIC 350930869,350930869,94
TIC 350931082,350931082,94
TIC 350931281,350931281,94
TIC 350931523,350931523,94
TIC 350931665,350931665,94
TIC 350933090,350933090,94
TIC 350933091,350933091,94
TIC 350933263,350933263,94
TIC 350933606,350933606,94
TIC 350933853,350933853,94
TIC 350934088,350934088,94
TIC 350934110,350934110,94
TIC 350953524,350953524,94
TIC 350953743,350953743,94
TIC 350953813,350953813,94
TIC 350954102,350954102,94
TIC 350954265,350954265,94
TIC 350954272,350954272,94
TIC 350954351,350954351,94
TIC 350954375,350954375,94
TIC 350954417,350954417,94
TIC 350954916,350954916,94
TIC 350954963,350954963,94
TIC 351132202,351132202,94
TIC 351233225,351233225,94
TIC 351248136,351248136,94
TIC 351249187,351249187,94
TIC 351333955,351333955,94
TIC 351339274,351339274,94
TIC 351450911,351450911,94
TIC 351470243,351470243,94
TIC 351471434,351471434,94
TIC 351471988,351471988,94
TIC 351475845,351475845,94
TIC 351529843,351529843,94
TIC 351532879,351532879,94
TIC 351533955,351533955,94
TIC 351534793,351534793,94
TIC 351535191,351535191,94
TIC 351554349,351554349,94
TIC 351555569,351555569,94
TIC 351555699,351555699,94
TIC 351555877,351555877,94
TIC 351559682,351559682,94
TIC 351559806,351559806,94
TIC 351600665,351600665,94
TIC 351602387,351602387,94
TIC 351603455,351603455,94
TIC 351604689,351604689,94
TIC 351919907,351919907,94
TIC 351920521,351920521,94
TIC 352000222,352000222,94
TIC 352006621,352006621,94
TIC 352080579,352080579,94
TIC 352289506,352289506,94
TIC 352289599,352289599,94
TIC 352290247,352290247,94
TIC 352312148,352312148,94
TIC 352315023,352315023,94
TIC 352315516,352315516,94
TIC 352316369,352316369,94
TIC 352350404,352350404,94
TIC 352352030,352352030,94
TIC 352352455,352352455,94
TIC 352353168,352353168,94
TIC 352401452,352401452,94
TIC 352402781,352402781,94
TIC 352404492,352404492,94
TIC 352434523,352434523,94
TIC 352435150,352435150,94
TIC 352435989,352435989,94
TIC 352438054,352438054,94
TIC 352438619,352438619,94
TIC 352477366,352477366,94
TIC 352479771,352479771,94
TIC 352480671,352480671,94
TIC 352506895,352506895,94
TIC 352508914,352508914,94
TIC 352509195,352509195,94
TIC 352510765,352510765,94
TIC 352541842,352541842,94
TIC 352542468,352542468,94
TIC 352544538,352544538,94
TIC 352545472,352545472,94
TIC 352545606,352545606,94
TIC 352567017,352567017,94
TIC 354134858,354134858,94
TIC 354171248,354171248,94
TIC 354669439,354669439,94
TIC 354670384,354670384,94
TIC 354670806,354670806,94
TIC 354671064,354671064,94
TIC 354671126,354671126,94
TIC 354889783,354889783,94
TIC 354892182,354892182,94
TIC 354899658,354899658,94
TIC 354900326,354900326,94
TIC 354944123,354944123,94
TIC 354944747,354944747,94
TIC 354947269,354947269,94
TIC 354947623,354947623,94
TIC 354972982,354972982,94
TIC 355058141,355058141,94
TIC 355093383,355093383,94
TIC 355130904,355130904,94
TIC 355138852,355138852,94
TIC 355213154,355213154,94
TIC 355214803,355214803,94
TIC 355332630,355332630,94
TIC 355333839,355333839,94
TIC 355336604,355336604,94
TIC 355340132,355340132,94
TIC 355510608,355510608,94
TIC 355547281,355547281,94
TIC 355577699,355577699,94
TIC 355581695,355581695,94
TIC 355587549,355587549,94
TIC 355599684,355599684,94
TIC 356333389,356333389,94
TIC 356333677,356333677,94
TIC 358070912,358070912,94
TIC 358071115,358071115,94
TIC 358106731,358106731,94
TIC 358107357,358107357,94
TIC 358107516,358107516,94
TIC 358109747,358109747,94
TIC 358109985,358109985,94
TIC 358111274,358111274,94
TIC 358111484,358111484,94
TIC 358112029,358112029,94
TIC 358112395,358112395,94
TIC 358153877,358153877,94
TIC 358154354,358154354,94
TIC 358155153,358155153,94
TIC 358155683,358155683,94
TIC 358155844,358155844,94
TIC 358156337,358156337,94
TIC 358157227,358157227,94
TIC 358158387,358158387,94
TIC 358174909,358174909,94
TIC 358174980,358174980,94
TIC 358176584,358176584,94
TIC 358178338,358178338,94
TIC 358180001,358180001,94
TIC 358181513,358181513,94
TIC 358181612,358181612,94
TIC 358181695,358181695,94
TIC 358183458,358183458,94
TIC 358290020,358290020,94
TIC 358335307,358335307,94
TIC 358335946,358335946,94
TIC 358336282,358336282,94
TIC 358336645,358336645,94
TIC 358337205,358337205,94
TIC 358401810,358401810,94
TIC 358402382,358402382,94
TIC 358402454,358402454,94
TIC 358402475,358402475,94
TIC 358402551,358402551,94
TIC 358402782,358402782,94
TIC 358402977,358402977,94
TIC 358403148,358403148,94
TIC 358457831,358457831,94
TIC 358458856,358458856,94
TIC 358459070,358459070,94
TIC 358459324,358459324,94
TIC 358501173,358501173,94
TIC 358501433,358501433,94
TIC 358708829,358708829,94
TIC 358709777,358709777,94
TIC 358709960,358709960,94
TIC 358710425,358710425,94
TIC 358710554,358710554,94
TIC 358710635,358710635,94
TIC 358710822,358710822,94
TIC 360689728,360689728,94
TIC 360689837,360689837,94
TIC 360735340,360735340,94
TIC 360736086,360736086,94
TIC 360740665,360740665,94
TIC 360742636,360742636,94
TIC 360804908,360804908,94
TIC 360806208,360806208,94
TIC 360823525,360823525,94
TIC 360918475,360918475,94
TIC 360955814,360955814,94
TIC 362069770,362069770,94
TIC 362123558,362123558,94
TIC 363913149,363913149,94
TIC 364114529,364114529,94
TIC 364115711,364115711,94
TIC 364136195,364136195,94
TIC 364267778,364267778,94
TIC 364301761,364301761,94
TIC 364302017,364302017,94
TIC 364302118,364302118,94
TIC 364304850,364304850,94
TIC 364322720,364322720,94
TIC 364323003,364323003,94
TIC 364323133,364323133,94
TIC 364323767,364323767,94
TIC 364323805,364323805,94
TIC 364323837,364323837,94
TIC 364324070,364324070,94
TIC 364324096,364324096,94
TIC 364324991,364324991,94
TIC 364325539,364325539,94
TIC 364325969,364325969,94
TIC 364326091,364326091,94
TIC 364326269,364326269,94
TIC 364326339,364326339,94
TIC 364326480,364326480,94
TIC 364326610,364326610,94
TIC 364327739,364327739,94
TIC 364328142,364328142,94
TIC 364328234,364328234,94
TIC 364392434,364392434,94
TIC 364392579,364392579,94
TIC 364393119,364393119,94
TIC 364393161,364393161,94
TIC 364393297,364393297,94
TIC 364393429,364393429,94
TIC 364393829,364393829,94
TIC 364394197,364394197,94
TIC 364394313,364394313,94
TIC 364394322,364394322,94
TIC 364395234,364395234,94
TIC 364395684,364395684,94
TIC 364395704,364395704,94
TIC 364396729,364396729,94
TIC 364423809,364423809,94
TIC 364424010,364424010,94
TIC 364424408,364424408,94
TIC 364424541,364424541,94
TIC 364424617,364424617,94
TIC 364425379,364425379,94
TIC 364425576,364425576,94
TIC 364425591,364425591,94
TIC 364537524,364537524,94
TIC 364537662,364537662,94
TIC 364537839,364537839,94
TIC 364538492,364538492,94
TIC 364538560,364538560,94
TIC 364539058,364539058,94
TIC 364539359,364539359,94
TIC 364539740,364539740,94
TIC 364540782,364540782,94
TIC 364541469,364541469,94
TIC 364587758,364587758,94
TIC 364588501,364588501,94
TIC 364588592,364588592,94
TIC 364588606,364588606,94
TIC 364588805,364588805,94
TIC 364588832,364588832,94
TIC 364589064,364589064,94
TIC 364589072,364589072,94
TIC 364589246,364589246,94
TIC 364589441,364589441,94
TIC 364589559,364589559,94
TIC 364589602,364589602,94
TIC 364589962,364589962,94
TIC 364590050,364590050,94
TIC 364591159,364591159,94
TIC 364591796,364591796,94
TIC 364592454,364592454,94
TIC 366986396,366986396,94
TIC 366987377,366987377,94
TIC 369324314,369324314,94
TIC 369327066,369327066,94
TIC 369363340,369363340,94
TIC 369367348,369367348,94
TIC 369369855,369369855,94
TIC 369379212,369379212,94
TIC 369457005,369457005,94
TIC 369718807,369718807,94
TIC 369768134,369768134,94
TIC 369768787,369768787,94
TIC 369769825,369769825,94
TIC 369787597,369787597,94
TIC 369819319,369819319,94
TIC 369845536,369845536,94
TIC 369861728,369861728,94
TIC 369861731,369861731,94
TIC 369862028,369862028,94
TIC 369872147,369872147,94
TIC 369872197,369872197,94
TIC 369953269,369953269,94
TIC 369953880,369953880,94
TIC 369960846,369960846,94
TIC 369982373,369982373,94
TIC 369986005,369986005,94
TIC 370006839,370006839,94
TIC 370008580,370008580,94
TIC 370008885,370008885,94
TIC 370009047,370009047,94
TIC 370009688,370009688,94
TIC 370009806,370009806,94
TIC 370009865,370009865,94
TIC 370010028,370010028,94
TIC 370010133,370010133,94
TIC 370010939,370010939,94
TIC 370011051,370011051,94
TIC 370011102,370011102,94
TIC 370011106,370011106,94
TIC 370011250,370011250,94
TIC 370015618,370015618,94
TIC 370016202,370016202,94
TIC 370016739,370016739,94
TIC 370016916,370016916,94
TIC 370016967,370016967,94
TIC 370019110,370019110,94
TIC 370037722,370037722,94
TIC 370037890,370037890,94
TIC 370038067,370038067,94
TIC 370038084,370038084,94
TIC 370038109,370038109,94
TIC 370038958,370038958,94
TIC 370039100,370039100,94
TIC 370039162,370039162,94
TIC 370039529,370039529,94
TIC 370039548,370039548,94
TIC 370039641,370039641,94
TIC 370040437,370040437,94
TIC 370040438,370040438,94
TIC 370040606,370040606,94
TIC 370041241,370041241,94
TIC 370041316,370041316,94
TIC 370041736,370041736,94
TIC 370041901,370041901,94
TIC 370076395,370076395,94
TIC 370077623,370077623,94
TIC 370100069,370100069,94
TIC 370100428,370100428,94
TIC 370101325,370101325,94
TIC 370101492,370101492,94
TIC 370101728,370101728,94
TIC 370103170,370103170,94
TIC 370103351,370103351,94
TIC 370105425,370105425,94
TIC 370109204,370109204,94
TIC 370111235,370111235,94
TIC 370113676,370113676,94
TIC 370113785,370113785,94
TIC 370114320,370114320,94
TIC 370114946,370114946,94
TIC 370117386,370117386,94
TIC 370134617,370134617,94
TIC 370136633,370136633,94
TIC 370137480,370137480,94
TIC 370137704,370137704,94
TIC 370137710,370137710,94
TIC 370137810,370137810,94
TIC 370138074,370138074,94
TIC 370138999,370138999,94
TIC 370139729,370139729,94
TIC 370140250,370140250,94
TIC 370144860,370144860,94
TIC 370203952,370203952,94
TIC 370205754,370205754,94
TIC 370206121,370206121,94
TIC 370221617,370221617,94
TIC 370222613,370222613,94
TIC 370223705,370223705,94
TIC 370224333,370224333,94
TIC 370225925,370225925,94
TIC 370226095,370226095,94
TIC 370227155,370227155,94
TIC 370227221,370227221,94
TIC 370227293,370227293,94
TIC 370227488,370227488,94
TIC 370227695,370227695,94
TIC 370227778,370227778,94
TIC 370227780,370227780,94
TIC 370227982,370227982,94
TIC 370228027,370228027,94
TIC 370228164,370228164,94
TIC 370228189,370228189,94
TIC 370228465,370228465,94
TIC 370230151,370230151,94
TIC 370230471,370230471,94
TIC 370232736,370232736,94
TIC 370235284,370235284,94
TIC 370235749,370235749,94
TIC 370236000,370236000,94
TIC 370236292,370236292,94
TIC 370236798,370236798,94
TIC 370236914,370236914,94
TIC 370238674,370238674,94
TIC 370241727,370241727,94
TIC 370246235,370246235,94
TIC 370246784,370246784,94
TIC 370247081,370247081,94
TIC 370326670,370326670,94
TIC 370327326,370327326,94
TIC 370327409,370327409,94
TIC 370328324,370328324,94
TIC 371796478,371796478,94
TIC 371796948,371796948,94
TIC 371797294,371797294,94
TIC 371801053,371801053,94
TIC 371836310,371836310,94
TIC 371836443,371836443,94
TIC 371837199,371837199,94
TIC 371837437,371837437,94
TIC 371839737,371839737,94
TIC 371840405,371840405,94
TIC 371927721,371927721,94
TIC 371928668,371928668,94
TIC 371930761,371930761,94
TIC 372039385,372039385,94
TIC 372042699,372042699,94
TIC 372042957,372042957,94
TIC 372067667,372067667,94
TIC 372068581,372068581,94
TIC 372106576,372106576,94
TIC 372106647,372106647,94
TIC 372106894,372106894,94
TIC 372109866,372109866,94
TIC 372124621,372124621,94
TIC 372172128,372172128,94
TIC 372203352,372203352,94
TIC 372203806,372203806,94
TIC 372206004,372206004,94
TIC 372218461,372218461,94
TIC 372222622,372222622,94
TIC 372223062,372223062,94
TIC 372237943,372237943,94
TIC 372301002,372301002,94
TIC 372303368,372303368,94
TIC 372315670,372315670,94
TIC 372318215,372318215,94
TIC 372347022,372347022,94
TIC 372361075,372361075,94
TIC 372387433,372387433,94
TIC 372419240,372419240,94
TIC 372421319,372421319,94
TIC 372442214,372442214,94
TIC 372443687,372443687,94
TIC 372816349,372816349,94
TIC 372816361,372816361,94
TIC 372819370,372819370,94
TIC 372849495,372849495,94
TIC 372849630,372849630,94
TIC 372850543,372850543,94
TIC 372850839,372850839,94
TIC 372850999,372850999,94
TIC 372851407,372851407,94
TIC 372851624,372851624,94
TIC 372851675,372851675,94
TIC 372851759,372851759,94
TIC 372851851,372851851,94
TIC 372852036,372852036,94
TIC 372852480,372852480,94
TIC 372908110,372908110,94
TIC 373432787,373432787,94
TIC 373522376,373522376,94
TIC 373523595,373523595,94
TIC 373524217,373524217,94
TIC 373531782,373531782,94
TIC 373594903,373594903,94
TIC 373596273,373596273,94
TIC 373597702,373597702,94
TIC 373598109,373598109,94
TIC 373598194,373598194,94
TIC 373604254,373604254,94
TIC 373682056,373682056,94
TIC 373682908,373682908,94
TIC 373685196,373685196,94
TIC 373775710,373775710,94
TIC 373777400,373777400,94
TIC 373843125,373843125,94
TIC 373843852,373843852,94
TIC 373843860,373843860,94
TIC 373843872,373843872,94
TIC 373844388,373844388,94
TIC 373844472,373844472,94
TIC 373845622,373845622,94
TIC 373846934,373846934,94
TIC 373848724,373848724,94
TIC 373915220,373915220,94
TIC 373916926,373916926,94
TIC 373916957,373916957,94
TIC 373917936,373917936,94
TIC 373918302,373918302,94
TIC 373919576,373919576,94
TIC 373920524,373920524,94
TIC 373921198,373921198,94
TIC 374018378,374018378,94
TIC 374018456,374018456,94
TIC 374341747,374341747,94
TIC 374343586,374343586,94
TIC 374343837,374343837,94
TIC 374343881,374343881,94
TIC 374344761,374344761,94
TIC 374346574,374346574,94
TIC 374347766,374347766,94
TIC 374348168,374348168,94
TIC 374408958,374408958,94
TIC 374857047,374857047,94
TIC 374858082,374858082,94
TIC 374858533,374858533,94
TIC 374858839,374858839,94
TIC 374858885,374858885,94
TIC 374858999,374858999,94
TIC 374859230,374859230,94
TIC 374859347,374859347,94
TIC 374859540,374859540,94
TIC 374859582,374859582,94
TIC 374859785,374859785,94
TIC 374860204,374860204,94
TIC 374860864,374860864,94
TIC 374861595,374861595,94
TIC 374910243,374910243,94
TIC 374910982,374910982,94
TIC 374910986,374910986,94
TIC 374911281,374911281,94
TIC 374911329,374911329,94
TIC 374911449,374911449,94
TIC 374911813,374911813,94
TIC 374911869,374911869,94
TIC 374911986,374911986,94
TIC 374912335,374912335,94
TIC 374912345,374912345,94
TIC 374912514,374912514,94
TIC 374944622,374944622,94
TIC 374944737,374944737,94
TIC 374945276,374945276,94
TIC 374996363,374996363,94
TIC 374997123,374997123,94
TIC 374997695,374997695,94
TIC 375032207,375032207,94
TIC 375032331,375032331,94
TIC 375032752,375032752,94
TIC 375033093,375033093,94
TIC 375033634,375033634,94
TIC 375033759,375033759,94
TIC 375033848,375033848,94
TIC 375034285,375034285,94
TIC 375034482,375034482,94
TIC 375034551,375034551,94
TIC 375034557,375034557,94
TIC 375034591,375034591,94
TIC 375034743,375034743,94
TIC 375034833,375034833,94
TIC 375034849,375034849,94
TIC 375035002,375035002,94
TIC 375035131,375035131,94
TIC 375035828,375035828,94
TIC 375035945,375035945,94
TIC 375036534,375036534,94
TIC 375036675,375036675,94
TIC 375037245,375037245,94
TIC 375037368,375037368,94
TIC 375037375,375037375,94
TIC 375038081,375038081,94
TIC 375038128,375038128,94
TIC 375055723,375055723,94
TIC 375055782,375055782,94
TIC 375055972,375055972,94
TIC 375056177,375056177,94
TIC 375056277,375056277,94
TIC 375056282,375056282,94
TIC 375056384,375056384,94
TIC 375056762,375056762,94
TIC 375056781,375056781,94
TIC 375057127,375057127,94
TIC 375058105,375058105,94
TIC 375058141,375058141,94
TIC 375058244,375058244,94
TIC 375058315,375058315,94
TIC 375058335,375058335,94
TIC 375058760,375058760,94
TIC 375059160,375059160,94
TIC 375059587,375059587,94
TIC 375059949,375059949,94
TIC 375060694,375060694,94
TIC 375061989,375061989,94
TIC 375062026,375062026,94
TIC 375063320,375063320,94
TIC 375063571,375063571,94
TIC 375064476,375064476,94
TIC 375088647,375088647,94
TIC 375089071,375089071,94
TIC 375089268,375089268,94
TIC 375089600,375089600,94
TIC 375089653,375089653,94
TIC 375090431,375090431,94
TIC 375090561,375090561,94
TIC 375092757,375092757,94
TIC 375093210,375093210,94
TIC 375093292,375093292,94
TIC 375093373,375093373,94
TIC 375151679,375151679,94
TIC 375232307,375232307,94
TIC 375233349,375233349,94
TIC 375233502,375233502,94
TIC 375297961,375297961,94
TIC 375300940,375300940,94
TIC 376135345,376135345,94
TIC 376135664,376135664,94
TIC 376170117,376170117,94
TIC 376629907,376629907,94
TIC 376667947,376667947,94
TIC 376669357,376669357,94
TIC 376669899,376669899,94
TIC 376670273,376670273,94
TIC 376777782,376777782,94
TIC 376985172,376985172,94
TIC 376985426,376985426,94
TIC 376985587,376985587,94
TIC 376986398,376986398,94
TIC 376986714,376986714,94
TIC 376987652,376987652,94
TIC 377016448,377016448,94
TIC 377017255,377017255,94
TIC 377017533,377017533,94
TIC 377022695,377022695,94
TIC 379196596,379196596,94
TIC 379240073,379240073,94
TIC 379241420,379241420,94
TIC 379241729,379241729,94
TIC 379286801,379286801,94
TIC 379347517,379347517,94
TIC 379348043,379348043,94
TIC 379348964,379348964,94
TIC 379353990,379353990,94
TIC 379402513,379402513,94
TIC 379404554,379404554,94
TIC 379405328,379405328,94
TIC 379505475,379505475,94
TIC 379578640,379578640,94
TIC 379578897,379578897,94
TIC 380647677,380647677,94
TIC 380651050,380651050,94
TIC 380651349,380651349,94
TIC 380751722,380751722,94
TIC 380754601,380754601,94
TIC 380755490,380755490,94
TIC 380821639,380821639,94
TIC 381857817,381857817,94
TIC 381912636,381912636,94
TIC 381924233,381924233,94
TIC 381924256,381924256,94
TIC 381924625,381924625,94
TIC 381924673,381924673,94
TIC 381924953,381924953,94
TIC 381925042,381925042,94
TIC 381925047,381925047,94
TIC 381925063,381925063,94
TIC 381925156,381925156,94
TIC 381925231,381925231,94
TIC 381925443,381925443,94
TIC 381925869,381925869,94
TIC 381925942,381925942,94
TIC 381948899,381948899,94
TIC 381949031,381949031,94
TIC 381949094,381949094,94
TIC 381949122,381949122,94
TIC 381949148,381949148,94
TIC 381949410,381949410,94
TIC 381950094,381950094,94
TIC 381950507,381950507,94
TIC 381950568,381950568,94
TIC 381950897,381950897,94
TIC 381950979,381950979,94
TIC 381952089,381952089,94
TIC 381952531,381952531,94
TIC 381952656,381952656,94
TIC 381974193,381974193,94
TIC 381974270,381974270,94
TIC 381974367,381974367,94
TIC 381974387,381974387,94
TIC 381975024,381975024,94
TIC 381975209,381975209,94
TIC 381975243,381975243,94
TIC 381975295,381975295,94
TIC 381975361,381975361,94
TIC 381975502,381975502,94
TIC 381975772,381975772,94
TIC 381976232,381976232,94
TIC 381976246,381976246,94
TIC 381976357,381976357,94
TIC 381976590,381976590,94
TIC 381976770,381976770,94
TIC 381976810,381976810,94
TIC 381976956,381976956,94
TIC 381977027,381977027,94
TIC 381977500,381977500,94
TIC 381977835,381977835,94
TIC 381978020,381978020,94
TIC 381978657,381978657,94
TIC 381978843,381978843,94
TIC 381979279,381979279,94
TIC 381979386,381979386,94
TIC 381979590,381979590,94
TIC 381979728,381979728,94
TIC 381979901,381979901,94
TIC 381983065,381983065,94
TIC 381987118,381987118,94
TIC 382028301,382028301,94
TIC 382028425,382028425,94
TIC 382028509,382028509,94
TIC 382028819,382028819,94
TIC 382028854,382028854,94
TIC 382028868,382028868,94
TIC 382029368,382029368,94
TIC 382030398,382030398,94
TIC 382030496,382030496,94
TIC 382030585,382030585,94
TIC 382030592,382030592,94
TIC 382030791,382030791,94
TIC 382031932,382031932,94
TIC 382032386,382032386,94
TIC 382032570,382032570,94
TIC 382032572,382032572,94
TIC 382032579,382032579,94
TIC 382032758,382032758,94
TIC 382032874,382032874,94
TIC 382032987,382032987,94
TIC 382033261,382033261,94
TIC 382033285,382033285,94
TIC 382033361,382033361,94
TIC 382033395,382033395,94
TIC 382041479,382041479,94
TIC 382041525,382041525,94
TIC 382041757,382041757,94
TIC 382042321,382042321,94
TIC 382042374,382042374,94
TIC 382042754,382042754,94
TIC 382042960,382042960,94
TIC 382043390,382043390,94
TIC 382043650,382043650,94
TIC 382044382,382044382,94
TIC 382044694,382044694,94
TIC 382044802,382044802,94
TIC 382044998,382044998,94
TIC 382045620,382045620,94
TIC 382045742,382045742,94
TIC 382066186,382066186,94
TIC 382066228,382066228,94
TIC 382066736,382066736,94
TIC 382066923,382066923,94
TIC 382067226,382067226,94
TIC 382067245,382067245,94
TIC 382067256,382067256,94
TIC 382067804,382067804,94
TIC 382067998,382067998,94
TIC 382068456,382068456,94
TIC 382068518,382068518,94
TIC 382068562,382068562,94
TIC 382068748,382068748,94
TIC 382068914,382068914,94
TIC 382069435,382069435,94
TIC 382069441,382069441,94
TIC 382069455,382069455,94
TIC 382069622,382069622,94
TIC 382098485,382098485,94
TIC 382098944,382098944,94
TIC 382099053,382099053,94
TIC 382099509,382099509,94
TIC 382099535,382099535,94
TIC 382100123,382100123,94
TIC 382100799,382100799,94
TIC 382101148,382101148,94
TIC 382101389,382101389,94
TIC 382101519,382101519,94
TIC 382101770,382101770,94
TIC 382101861,382101861,94
TIC 382101865,382101865,94
TIC 382102385,382102385,94
TIC 382145139,382145139,94
TIC 382145521,382145521,94
TIC 382145732,382145732,94
TIC 382145909,382145909,94
TIC 382146576,382146576,94
TIC 382146692,382146692,94
TIC 382147162,382147162,94
TIC 382147200,382147200,94
TIC 382147323,382147323,94
TIC 382147598,382147598,94
TIC 382147949,382147949,94
TIC 382147973,382147973,94
TIC 382148025,382148025,94
TIC 382148212,382148212,94
TIC 382148258,382148258,94
TIC 382148384,382148384,94
TIC 382151113,382151113,94
TIC 382152480,382152480,94
TIC 382153783,382153783,94
TIC 382156817,382156817,94
TIC 382157129,382157129,94
TIC 382157212,382157212,94
TIC 382157244,382157244,94
TIC 382157531,382157531,94
TIC 382157731,382157731,94
TIC 382157798,382157798,94
TIC 382157804,382157804,94
TIC 382158499,382158499,94
TIC 382159195,382159195,94
TIC 382159212,382159212,94
TIC 382159282,382159282,94
TIC 382159621,382159621,94
TIC 382159772,382159772,94
TIC 382159947,382159947,94
TIC 382160101,382160101,94
TIC 382160135,382160135,94
TIC 382160143,382160143,94
TIC 382160146,382160146,94
TIC 382160166,382160166,94
TIC 382160187,382160187,94
TIC 382160241,382160241,94
TIC 382160281,382160281,94
TIC 382160308,382160308,94
TIC 382179645,382179645,94
TIC 382179647,382179647,94
TIC 382180510,382180510,94
TIC 382186532,382186532,94
TIC 382186585,382186585,94
TIC 382186629,382186629,94
TIC 382186673,382186673,94
TIC 382186823,382186823,94
TIC 382186942,382186942,94
TIC 382187278,382187278,94
TIC 382187347,382187347,94
TIC 382187849,382187849,94
TIC 382188816,382188816,94
TIC 382188882,382188882,94
TIC 382189151,382189151,94
TIC 382189163,382189163,94
TIC 382189406,382189406,94
TIC 382189542,382189542,94
TIC 382190001,382190001,94
TIC 382190230,382190230,94
TIC 382190255,382190255,94
TIC 382198167,382198167,94
TIC 382198243,382198243,94
TIC 382198673,382198673,94
TIC 382198789,382198789,94
TIC 382198859,382198859,94
TIC 382198917,382198917,94
TIC 382199165,382199165,94
TIC 382199496,382199496,94
TIC 382199661,382199661,94
TIC 382200050,382200050,94
TIC 382200069,382200069,94
TIC 382200572,382200572,94
TIC 382200946,382200946,94
TIC 382200986,382200986,94
TIC 382201998,382201998,94
TIC 382202268,382202268,94
TIC 382243958,382243958,94
TIC 382244430,382244430,94
TIC 382244584,382244584,94
TIC 382244825,382244825,94
TIC 382244898,382244898,94
TIC 382244912,382244912,94
TIC 382245719,382245719,94
TIC 382245852,382245852,94
TIC 382245976,382245976,94
TIC 382246231,382246231,94
TIC 382246401,382246401,94
TIC 382246809,382246809,94
TIC 382246883,382246883,94
TIC 382246984,382246984,94
TIC 382247276,382247276,94
TIC 382247321,382247321,94
TIC 382256148,382256148,94
TIC 382256203,382256203,94
TIC 382256404,382256404,94
TIC 382256692,382256692,94
TIC 382256774,382256774,94
TIC 382257374,382257374,94
TIC 382257632,382257632,94
TIC 382257670,382257670,94
TIC 382257922,382257922,94
TIC 382258315,382258315,94
TIC 382258326,382258326,94
TIC 382258517,382258517,94
TIC 382258844,382258844,94
TIC 382258935,382258935,94
TIC 382259037,382259037,94
TIC 382259082,382259082,94
TIC 382259360,382259360,94
TIC 382259542,382259542,94
TIC 382259669,382259669,94
TIC 382259675,382259675,94
TIC 382259748,382259748,94
TIC 382259755,382259755,94
TIC 382260143,382260143,94
TIC 382260314,382260314,94
TIC 382265683,382265683,94
TIC 382265694,382265694,94
TIC 382265883,382265883,94
TIC 382265960,382265960,94
TIC 382265989,382265989,94
TIC 382266319,382266319,94
TIC 382266487,382266487,94
TIC 382266488,382266488,94
TIC 382266537,382266537,94
TIC 382266780,382266780,94
TIC 382267243,382267243,94
TIC 382267747,382267747,94
TIC 382267824,382267824,94
TIC 382268257,382268257,94
TIC 382268851,382268851,94
TIC 382269523,382269523,94
TIC 382270625,382270625,94
TIC 382271882,382271882,94
TIC 382274013,382274013,94
TIC 382276084,382276084,94
TIC 382276154,382276154,94
TIC 382301971,382301971,94
TIC 382302205,382302205,94
TIC 382302322,382302322,94
TIC 382302906,382302906,94
TIC 382303117,382303117,94
TIC 382303398,382303398,94
TIC 382303596,382303596,94
TIC 382303694,382303694,94
TIC 382304620,382304620,94
TIC 382384315,382384315,94
TIC 382388897,382388897,94
TIC 382389727,382389727,94
TIC 382435735,382435735,94
TIC 382435992,382435992,94
TIC 382436104,382436104,94
TIC 382436277,382436277,94
TIC 382437043,382437043,94
TIC 382437069,382437069,94
TIC 382437417,382437417,94
TIC 382437845,382437845,94
TIC 382471461,382471461,94
TIC 382507922,382507922,94
TIC 382510066,382510066,94
TIC 382517206,382517206,94
TIC 382517621,382517621,94
TIC 382517717,382517717,94
TIC 382517745,382517745,94
TIC 382518318,382518318,94
TIC 382518753,382518753,94
TIC 382519050,382519050,94
TIC 382519052,382519052,94
TIC 382520285,382520285,94
TIC 382527127,382527127,94
TIC 382571904,382571904,94
TIC 382572066,382572066,94
TIC 382572142,382572142,94
TIC 382636263,382636263,94
TIC 382636389,382636389,94
TIC 383293512,383293512,94
TIC 383313006,383313006,94
TIC 383381640,383381640,94
TIC 383383977,383383977,94
TIC 383390264,383390264,94
TIC 383427266,383427266,94
TIC 383744898,383744898,94
TIC 384802144,384802144,94
TIC 384825184,384825184,94
TIC 384828971,384828971,94
TIC 387107334,387107334,94
TIC 387107961,387107961,94
TIC 387112283,387112283,94
TIC 387114538,387114538,94
TIC 387135600,387135600,94
TIC 387137157,387137157,94
TIC 387190281,387190281,94
TIC 387191561,387191561,94
TIC 387193925,387193925,94
TIC 387194629,387194629,94
TIC 387194885,387194885,94
TIC 387220832,387220832,94
TIC 387224149,387224149,94
TIC 387243187,387243187,94
TIC 387267666,387267666,94
TIC 387314016,387314016,94
TIC 388104525,388104525,94
TIC 388104684,388104684,94
TIC 388106228,388106228,94
TIC 388106446,388106446,94
TIC 388106590,388106590,94
TIC 388106759,388106759,94
TIC 388106831,388106831,94
TIC 388107335,388107335,94
TIC 388107420,388107420,94
TIC 388128056,388128056,94
TIC 388128190,388128190,94
TIC 388128308,388128308,94
TIC 388128331,388128331,94
TIC 388128620,388128620,94
TIC 388128644,388128644,94
TIC 388129029,388129029,94
TIC 388129049,388129049,94
TIC 388129372,388129372,94
TIC 388129392,388129392,94
TIC 388129475,388129475,94
TIC 388129477,388129477,94
TIC 388129478,388129478,94
TIC 388129489,388129489,94
TIC 388129622,388129622,94
TIC 388129814,388129814,94
TIC 388129878,388129878,94
TIC 388130237,388130237,94
TIC 388130395,388130395,94
TIC 388130597,388130597,94
TIC 388131027,388131027,94
TIC 388131072,388131072,94
TIC 388131109,388131109,94
TIC 388131142,388131142,94
TIC 388131435,388131435,94
TIC 388131463,388131463,94
TIC 388131593,388131593,94
TIC 388179507,388179507,94
TIC 388180413,388180413,94
TIC 388180830,388180830,94
TIC 388180971,388180971,94
TIC 388181597,388181597,94
TIC 388182039,388182039,94
TIC 388182341,388182341,94
TIC 388182591,388182591,94
TIC 388183244,388183244,94
TIC 388198750,388198750,94
TIC 388202128,388202128,94
TIC 388202207,388202207,94
TIC 388202986,388202986,94
TIC 388240837,388240837,94
TIC 388241446,388241446,94
TIC 388243049,388243049,94
TIC 388244501,388244501,94
TIC 388280249,388280249,94
TIC 388282645,388282645,94
TIC 388283092,388283092,94
TIC 389001045,389001045,94
TIC 389011840,389011840,94
TIC 389012219,389012219,94
TIC 389012309,389012309,94
TIC 389047321,389047321,94
TIC 389047458,389047458,94
TIC 389048173,389048173,94
TIC 389050387,389050387,94
TIC 389051009,389051009,94
TIC 389051246,389051246,94
TIC 389078407,389078407,94
TIC 389079676,389079676,94
TIC 389080569,389080569,94
TIC 389086433,389086433,94
TIC 389089359,389089359,94
TIC 389089927,389089927,94
TIC 389127145,389127145,94
TIC 389129118,389129118,94
TIC 389129452,389129452,94
TIC 389130610,389130610,94
TIC 389131000,389131000,94
TIC 389198736,389198736,94
TIC 389202473,389202473,94
TIC 389203208,389203208,94
TIC 389237464,389237464,94
TIC 389295237,389295237,94
TIC 389298058,389298058,94
TIC 389299802,389299802,94
TIC 389306408,389306408,94
TIC 389306584,389306584,94
TIC 389310059,389310059,94
TIC 389323171,389323171,94
TIC 389323816,389323816,94
TIC 389325751,389325751,94
TIC 389328965,389328965,94
TIC 389349691,389349691,94
TIC 389368692,389368692,94
TIC 389370277,389370277,94
TIC 389371209,389371209,94
TIC 389371996,389371996,94
TIC 389379116,389379116,94
TIC 389424817,389424817,94
TIC 389441413,389441413,94
TIC 389444166,389444166,94
TIC 389451191,389451191,94
TIC 389499588,389499588,94
TIC 389501533,389501533,94
TIC 389506883,389506883,94
TIC 389523573,389523573,94
TIC 389568266,389568266,94
TIC 389586477,389586477,94
TIC 389586479,389586479,94
TIC 389587930,389587930,94
TIC 389610711,389610711,94
TIC 389610795,389610795,94
TIC 389611277,389611277,94
TIC 389621419,389621419,94
TIC 389624081,389624081,94
TIC 389625539,389625539,94
TIC 389655579,389655579,94
TIC 389656418,389656418,94
TIC 389663831,389663831,94
TIC 389663914,389663914,94
TIC 389667572,389667572,94
TIC 389669796,389669796,94
TIC 389741708,389741708,94
TIC 389749856,389749856,94
TIC 389750430,389750430,94
TIC 389750989,389750989,94
TIC 389792790,389792790,94
TIC 389796373,389796373,94
TIC 389800935,389800935,94
TIC 389863815,389863815,94
TIC 389869245,389869245,94
TIC 389918400,389918400,94
TIC 389920950,389920950,94
TIC 389921108,389921108,94
TIC 389921913,389921913,94
TIC 389923735,389923735,94
TIC 389924075,389924075,94
TIC 389924946,389924946,94
TIC 389925522,389925522,94
TIC 389925768,389925768,94
TIC 389925842,389925842,94
TIC 390715274,390715274,94
TIC 390721730,390721730,94
TIC 390722433,390722433,94
TIC 390723518,390723518,94
TIC 390723664,390723664,94
TIC 390778282,390778282,94
TIC 390778408,390778408,94
TIC 390814789,390814789,94
TIC 390817675,390817675,94
TIC 390820025,390820025,94
TIC 390825985,390825985,94
TIC 390826216,390826216,94
TIC 390829280,390829280,94
TIC 390835477,390835477,94
TIC 390839243,390839243,94
TIC 390911513,390911513,94
TIC 390914725,390914725,94
TIC 390917451,390917451,94
TIC 390996644,390996644,94
TIC 390997803,390997803,94
TIC 390999582,390999582,94
TIC 391059195,391059195,94
TIC 391059303,391059303,94
TIC 391099484,391099484,94
TIC 391099727,391099727,94
TIC 391101080,391101080,94
TIC 391102748,391102748,94
TIC 391106960,391106960,94
TIC 391108781,391108781,94
TIC 391130755,391130755,94
TIC 391317732,391317732,94
TIC 391361717,391361717,94
TIC 391361741,391361741,94
TIC 391361750,391361750,94
TIC 391361788,391361788,94
TIC 391744055,391744055,94
TIC 391744286,391744286,94
TIC 391744596,391744596,94
TIC 391745571,391745571,94
TIC 391745744,391745744,94
TIC 391745863,391745863,94
TIC 391746008,391746008,94
TIC 391746141,391746141,94
TIC 391746189,391746189,94
TIC 391746270,391746270,94
TIC 391746326,391746326,94
TIC 391746328,391746328,94
TIC 391746343,391746343,94
TIC 391746578,391746578,94
TIC 391809072,391809072,94
TIC 391809264,391809264,94
TIC 391810734,391810734,94
TIC 391813522,391813522,94
TIC 391813813,391813813,94
TIC 391814467,391814467,94
TIC 391889973,391889973,94
TIC 391890469,391890469,94
TIC 391890671,391890671,94
TIC 391890749,391890749,94
TIC 391891312,391891312,94
TIC 391891461,391891461,94
TIC 391891749,391891749,94
TIC 391892132,391892132,94
TIC 391892593,391892593,94
TIC 391892828,391892828,94
TIC 391892844,391892844,94
TIC 391893024,391893024,94
TIC 391893059,391893059,94
TIC 391893148,391893148,94
TIC 391895060,391895060,94
TIC 391900348,391900348,94
TIC 391901095,391901095,94
TIC 391901448,391901448,94
TIC 391901533,391901533,94
TIC 391901960,391901960,94
TIC 391901997,391901997,94
TIC 391902278,391902278,94
TIC 391902612,391902612,94
TIC 391903048,391903048,94
TIC 391903064,391903064,94
TIC 391903734,391903734,94
TIC 391903770,391903770,94
TIC 391903776,391903776,94
TIC 391904102,391904102,94
TIC 391904670,391904670,94
TIC 391904697,391904697,94
TIC 391905265,391905265,94
TIC 391922626,391922626,94
TIC 391923441,391923441,94
TIC 391924000,391924000,94
TIC 391925105,391925105,94
TIC 391925156,391925156,94
TIC 391925508,391925508,94
TIC 391925531,391925531,94
TIC 391925969,391925969,94
TIC 391926765,391926765,94
TIC 391927456,391927456,94
TIC 391927558,391927558,94
TIC 391927657,391927657,94
TIC 391927730,391927730,94
TIC 391927841,391927841,94
TIC 391946225,391946225,94
TIC 391946816,391946816,94
TIC 391947051,391947051,94
TIC 391947345,391947345,94
TIC 391947542,391947542,94
TIC 391947856,391947856,94
TIC 391947909,391947909,94
TIC 391948057,391948057,94
TIC 391948473,391948473,94
TIC 391948885,391948885,94
TIC 391948920,391948920,94
TIC 391949001,391949001,94
TIC 391949880,391949880,94
TIC 391950805,391950805,94
TIC 392009873,392009873,94
TIC 392024925,392024925,94
TIC 392693370,392693370,94
TIC 392703299,392703299,94
TIC 392705273,392705273,94
TIC 392706770,392706770,94
TIC 392756309,392756309,94
TIC 392756613,392756613,94
TIC 392758970,392758970,94
TIC 392759614,392759614,94
TIC 392761154,392761154,94
TIC 392763429,392763429,94
TIC 392763500,392763500,94
TIC 392772420,392772420,94
TIC 392792806,392792806,94
TIC 392793014,392793014,94
TIC 392815770,392815770,94
TIC 393030869,393030869,94
TIC 393030999,393030999,94
TIC 393031938,393031938,94
TIC 393033236,393033236,94
TIC 393411975,393411975,94
TIC 393491125,393491125,94
TIC 393491149,393491149,94
TIC 393977332,393977332,94
TIC 393978352,393978352,94
TIC 394015496,394015496,94
TIC 394015919,394015919,94
TIC 394015965,394015965,94
TIC 394016105,394016105,94
TIC 394019286,394019286,94
TIC 394045029,394045029,94
TIC 394045794,394045794,94
TIC 394086304,394086304,94
TIC 394086684,394086684,94
TIC 394126269,394126269,94
TIC 394135510,394135510,94
TIC 394136313,394136313,94
TIC 394165002,394165002,94
TIC 394166876,394166876,94
TIC 394209494,394209494,94
TIC 394210384,394210384,94
TIC 394230860,394230860,94
TIC 394231269,394231269,94
TIC 394232135,394232135,94
TIC 394232171,394232171,94
TIC 394233164,394233164,94
TIC 394234013,394234013,94
TIC 394234163,394234163,94
TIC 394242338,394242338,94
TIC 394243625,394243625,94
TIC 394244833,394244833,94
TIC 394273280,394273280,94
TIC 394274870,394274870,94
TIC 394275950,394275950,94
TIC 394286535,394286535,94
TIC 394289115,394289115,94
TIC 394340183,394340183,94
TIC 394341058,394341058,94
TIC 394345530,394345530,94
TIC 394345700,394345700,94
TIC 394346745,394346745,94
TIC 394347352,394347352,94
TIC 394347671,394347671,94
TIC 394355443,394355443,94
TIC 394355862,394355862,94
TIC 394355918,394355918,94
TIC 394357388,394357388,94
TIC 394357918,394357918,94
TIC 394358667,394358667,94
TIC 394483123,394483123,94
TIC 394484050,394484050,94
TIC 394494920,394494920,94
TIC 394496912,394496912,94
TIC 394517681,394517681,94
TIC 394518259,394518259,94
TIC 394519463,394519463,94
TIC 394521515,394521515,94
TIC 394521800,394521800,94
TIC 394560612,394560612,94
TIC 394584686,394584686,94
TIC 394585107,394585107,94
TIC 394585454,394585454,94
TIC 394596116,394596116,94
TIC 394631720,394631720,94
TIC 394632742,394632742,94
TIC 394653415,394653415,94
TIC 394657039,394657039,94
TIC 394677476,394677476,94
TIC 394678374,394678374,94
TIC 394678798,394678798,94
TIC 394678864,394678864,94
TIC 394698182,394698182,94
TIC 394699148,394699148,94
TIC 394699687,394699687,94
TIC 394701606,394701606,94
TIC 394701699,394701699,94
TIC 394702378,394702378,94
TIC 394721720,394721720,94
TIC 394722182,394722182,94
TIC 394732048,394732048,94
TIC 394733153,394733153,94
TIC 394756166,394756166,94
TIC 394778327,394778327,94
TIC 394779757,394779757,94
TIC 394817660,394817660,94
TIC 396042448,396042448,94
TIC 396088871,396088871,94
TIC 396089749,396089749,94
TIC 396090368,396090368,94
TIC 396118466,396118466,94
TIC 396167830,396167830,94
TIC 396169034,396169034,94
TIC 396169532,396169532,94
TIC 396170076,396170076,94
TIC 396170579,396170579,94
TIC 396170777,396170777,94
TIC 396171821,396171821,94
TIC 396174388,396174388,94
TIC 396211270,396211270,94
TIC 396211656,396211656,94
TIC 396212145,396212145,94
TIC 396246765,396246765,94
TIC 396247846,396247846,94
TIC 396290184,396290184,94
TIC 396291063,396291063,94
TIC 396694704,396694704,94
TIC 396697394,396697394,94
TIC 396722474,396722474,94
TIC 397192017,397192017,94
TIC 397231463,397231463,94
TIC 397231954,397231954,94
TIC 397232783,397232783,94
TIC 397318767,397318767,94
TIC 397440577,397440577,94
TIC 397440736,397440736,94
TIC 397440798,397440798,94
TIC 397443317,397443317,94
TIC 397538321,397538321,94
TIC 397543977,397543977,94
TIC 397547452,397547452,94
TIC 397627714,397627714,94
TIC 397635513,397635513,94
TIC 397690514,397690514,94
TIC 397690644,397690644,94
TIC 397691204,397691204,94
TIC 397693748,397693748,94
TIC 398349170,398349170,94
TIC 398351698,398351698,94
TIC 398383265,398383265,94
TIC 398403185,398403185,94
TIC 398410504,398410504,94
TIC 398420416,398420416,94
TIC 398420447,398420447,94
TIC 398449624,398449624,94
TIC 398465544,398465544,94
TIC 401538257,401538257,94
TIC 401570264,401570264,94
TIC 401571350,401571350,94
TIC 401571757,401571757,94
TIC 401571823,401571823,94
TIC 401574080,401574080,94
TIC 401574714,401574714,94
TIC 401604346,401604346,94
TIC 401605464,401605464,94
TIC 401605518,401605518,94
TIC 401605868,401605868,94
TIC 401621504,401621504,94
TIC 401623705,401623705,94
TIC 401625183,401625183,94
TIC 401666294,401666294,94
TIC 401667048,401667048,94
TIC 401667290,401667290,94
TIC 401669307,401669307,94
TIC 401671176,401671176,94
TIC 401700343,401700343,94
TIC 401701660,401701660,94
TIC 401702107,401702107,94
TIC 401704685,401704685,94
TIC 401727043,401727043,94
TIC 401771671,401771671,94
TIC 401776737,401776737,94
TIC 401795283,401795283,94
TIC 401795673,401795673,94
TIC 401795729,401795729,94
TIC 401795856,401795856,94
TIC 401820403,401820403,94
TIC 401820823,401820823,94
TIC 401821273,401821273,94
TIC 401834404,401834404,94
TIC 402104788,402104788,94
TIC 402104884,402104884,94
TIC 402105298,402105298,94
TIC 402110462,402110462,94
TIC 402288847,402288847,94
TIC 402289117,402289117,94
TIC 402290306,402290306,94
TIC 402294760,402294760,94
TIC 403121375,403121375,94
TIC 403121771,403121771,94
TIC 403123914,403123914,94
TIC 403134479,403134479,94
TIC 403237548,403237548,94
TIC 403237836,403237836,94
TIC 403238690,403238690,94
TIC 403266698,403266698,94
TIC 403266762,403266762,94
TIC 403268270,403268270,94
TIC 403268399,403268399,94
TIC 403269435,403269435,94
TIC 403281454,403281454,94
TIC 403286810,403286810,94
TIC 403288575,403288575,94
TIC 403288579,403288579,94
TIC 403289680,403289680,94
TIC 403290177,403290177,94
TIC 403995834,403995834,94
TIC 403996592,403996592,94
TIC 404156391,404156391,94
TIC 404158419,404158419,94
TIC 404159381,404159381,94
TIC 404217101,404217101,94
TIC 404223080,404223080,94
TIC 404223181,404223181,94
TIC 404224395,404224395,94
TIC 404224455,404224455,94
TIC 404239479,404239479,94
TIC 404241033,404241033,94
TIC 404265471,404265471,94
TIC 404268044,404268044,94
TIC 404268529,404268529,94
TIC 404285289,404285289,94
TIC 404287409,404287409,94
TIC 404291521,404291521,94
TIC 404292190,404292190,94
TIC 404341496,404341496,94
TIC 404344156,404344156,94
TIC 404345025,404345025,94
TIC 404345083,404345083,94
TIC 404345806,404345806,94
TIC 404348184,404348184,94
TIC 404349545,404349545,94
TIC 404351212,404351212,94
TIC 404376186,404376186,94
TIC 404378697,404378697,94
TIC 404379108,404379108,94
TIC 404379435,404379435,94
TIC 404380227,404380227,94
TIC 404413286,404413286,94
TIC 404430996,404430996,94
TIC 404431236,404431236,94
TIC 404433136,404433136,94
TIC 404664076,404664076,94
TIC 404709174,404709174,94
TIC 404763306,404763306,94
TIC 404763926,404763926,94
TIC 404804908,404804908,94
TIC 404805415,404805415,94
TIC 404849302,404849302,94
TIC 404874783,404874783,94
TIC 404925622,404925622,94
TIC 404926864,404926864,94
TIC 404927661,404927661,94
TIC 404966400,404966400,94
TIC 404966425,404966425,94
TIC 404967301,404967301,94
TIC 404968457,404968457,94
TIC 404974043,404974043,94
TIC 404975352,404975352,94
TIC 405077613,405077613,94
TIC 405253519,405253519,94
TIC 405410247,405410247,94
TIC 405410684,405410684,94
TIC 405411672,405411672,94
TIC 405412124,405412124,94
TIC 405412337,405412337,94
TIC 405425424,405425424,94
TIC 405425498,405425498,94
TIC 405425794,405425794,94
TIC 405428195,405428195,94
TIC 405428714,405428714,94
TIC 405436423,405436423,94
TIC 405456872,405456872,94
TIC 405479191,405479191,94
TIC 406026016,406026016,94
TIC 406092887,406092887,94
TIC 406095880,406095880,94
TIC 406097753,406097753,94
TIC 406098569,406098569,94
TIC 406098838,406098838,94
TIC 406098924,406098924,94
TIC 406114503,406114503,94
TIC 406116890,406116890,94
TIC 406122216,406122216,94
TIC 406123721,406123721,94
TIC 406173242,406173242,94
TIC 406232619,406232619,94
TIC 406236527,406236527,94
TIC 406237800,406237800,94
TIC 406241063,406241063,94
TIC 406242857,406242857,94
TIC 406272866,406272866,94
TIC 406276231,406276231,94
TIC 406277377,406277377,94
TIC 406278631,406278631,94
TIC 406279011,406279011,94
TIC 406280054,406280054,94
TIC 406280709,406280709,94
TIC 406280906,406280906,94
TIC 406319088,406319088,94
TIC 406320735,406320735,94
TIC 406320921,406320921,94
TIC 406321123,406321123,94
TIC 406321525,406321525,94
TIC 406342601,406342601,94
TIC 406345385,406345385,94
TIC 406345664,406345664,94
TIC 406347247,406347247,94
TIC 406348031,406348031,94
TIC 406348470,406348470,94
TIC 407584931,407584931,94
TIC 407616543,407616543,94
TIC 407616545,407616545,94
TIC 407621267,407621267,94
TIC 407621305,407621305,94
TIC 407621351,407621351,94
TIC 407621706,407621706,94
TIC 407621754,407621754,94
TIC 407621805,407621805,94
TIC 407622480,407622480,94
TIC 407622849,407622849,94
TIC 407632974,407632974,94
TIC 407633895,407633895,94
TIC 407661867,407661867,94
TIC 407661994,407661994,94
TIC 407662059,407662059,94
TIC 407662400,407662400,94
TIC 407662961,407662961,94
TIC 407825808,407825808,94
TIC 407876779,407876779,94
TIC 407882514,407882514,94
TIC 407883810,407883810,94
TIC 408609355,408609355,94
TIC 409695680,409695680,94
TIC 409705298,409705298,94
TIC 409745228,409745228,94
TIC 409780413,409780413,94
TIC 409787089,409787089,94
TIC 409802691,409802691,94
TIC 409847652,409847652,94
TIC 409850857,409850857,94
TIC 409854087,409854087,94
TIC 409883397,409883397,94
TIC 409883914,409883914,94
TIC 409883979,409883979,94
TIC 409888199,409888199,94
TIC 409891396,409891396,94
TIC 409891490,409891490,94
TIC 409934330,409934330,94
TIC 409936028,409936028,94
TIC 409939655,409939655,94
TIC 409940085,409940085,94
TIC 409948021,409948021,94
TIC 409948637,409948637,94
TIC 409949140,409949140,94
TIC 410004674,410004674,94
TIC 410034464,410034464,94
TIC 410036073,410036073,94
TIC 410036261,410036261,94
TIC 410056410,410056410,94
TIC 410057499,410057499,94
TIC 410060182,410060182,94
TIC 410071121,410071121,94
TIC 410072556,410072556,94
TIC 410086304,410086304,94
TIC 410086668,410086668,94
TIC 410088005,410088005,94
TIC 410118032,410118032,94
TIC 410118578,410118578,94
TIC 410118760,410118760,94
TIC 410119093,410119093,94
TIC 410119100,410119100,94
TIC 410119255,410119255,94
TIC 410119976,410119976,94
TIC 410120164,410120164,94
TIC 410120539,410120539,94
TIC 410132629,410132629,94
TIC 410132936,410132936,94
TIC 410135274,410135274,94
TIC 410148949,410148949,94
TIC 410151328,410151328,94
TIC 410151515,410151515,94
TIC 410152621,410152621,94
TIC 410153553,410153553,94
TIC 410153599,410153599,94
TIC 410155672,410155672,94
TIC 410187303,410187303,94
TIC 410212669,410212669,94
TIC 410214986,410214986,94
TIC 410225664,410225664,94
TIC 410252432,410252432,94
TIC 410254922,410254922,94
TIC 410254987,410254987,94
TIC 410255721,410255721,94
TIC 410255832,410255832,94
TIC 410256121,410256121,94
TIC 410272384,410272384,94
TIC 410273682,410273682,94
TIC 410273686,410273686,94
TIC 410280069,410280069,94
TIC 410304250,410304250,94
TIC 410308760,410308760,94
TIC 410312709,410312709,94
TIC 410314066,410314066,94
TIC 410314178,410314178,94
TIC 410316487,410316487,94
TIC 410317659,410317659,94
TIC 410338728,410338728,94
TIC 410339520,410339520,94
TIC 410342453,410342453,94
TIC 410355565,410355565,94
TIC 410358456,410358456,94
TIC 410365000,410365000,94
TIC 410367494,410367494,94
TIC 410373323,410373323,94
TIC 410374801,410374801,94
TIC 410389503,410389503,94
TIC 410390728,410390728,94
TIC 410390905,410390905,94
TIC 410397673,410397673,94
TIC 410398278,410398278,94
TIC 410399074,410399074,94
TIC 410404354,410404354,94
TIC 410413679,410413679,94
TIC 410417312,410417312,94
TIC 410417579,410417579,94
TIC 410418820,410418820,94
TIC 410420473,410420473,94
TIC 410422209,410422209,94
TIC 410442849,410442849,94
TIC 410442934,410442934,94
TIC 410444135,410444135,94
TIC 410445955,410445955,94
TIC 410446058,410446058,94
TIC 410446521,410446521,94
TIC 410462732,410462732,94
TIC 410462794,410462794,94
TIC 410464477,410464477,94
TIC 410464609,410464609,94
TIC 411955845,411955845,94
TIC 411977728,411977728,94
TIC 411977884,411977884,94
TIC 411978510,411978510,94
TIC 411983347,411983347,94
TIC 411984121,411984121,94
TIC 412012544,412012544,94
TIC 412013522,412013522,94
TIC 412064386,412064386,94
TIC 412066335,412066335,94
TIC 419541080,419541080,94
TIC 419568784,419568784,94
TIC 419570642,419570642,94
TIC 419571221,419571221,94
TIC 419635604,419635604,94
TIC 419635971,419635971,94
TIC 419666736,419666736,94
TIC 419666898,419666898,94
TIC 419667188,419667188,94
TIC 419667736,419667736,94
TIC 419668066,419668066,94
TIC 419668416,419668416,94
TIC 419670124,419670124,94
TIC 419735139,419735139,94
TIC 419735229,419735229,94
TIC 419735582,419735582,94
TIC 419736228,419736228,94
TIC 419737546,419737546,94
TIC 419738713,419738713,94
TIC 419741301,419741301,94
TIC 419741936,419741936,94
TIC 419744298,419744298,94
TIC 419744996,419744996,94
TIC 419792721,419792721,94
TIC 419794454,419794454,94
TIC 421358611,421358611,94
TIC 421362132,421362132,94
TIC 421364087,421364087,94
TIC 421365047,421365047,94
TIC 421432683,421432683,94
TIC 421438914,421438914,94
TIC 421453862,421453862,94
TIC 421455147,421455147,94
TIC 421455387,421455387,94
TIC 421457443,421457443,94
TIC 421460293,421460293,94
TIC 421481063,421481063,94
TIC 421873120,421873120,94
TIC 421893184,421893184,94
TIC 421893475,421893475,94
TIC 421893750,421893750,94
TIC 421894914,421894914,94
TIC 421895365,421895365,94
TIC 421895532,421895532,94
TIC 421896993,421896993,94
TIC 421897169,421897169,94
TIC 421910637,421910637,94
TIC 421911620,421911620,94
TIC 421915587,421915587,94
TIC 421916692,421916692,94
TIC 421918385,421918385,94
TIC 421919182,421919182,94
TIC 421920232,421920232,94
TIC 421920604,421920604,94
TIC 421937408,421937408,94
TIC 421938874,421938874,94
TIC 421939894,421939894,94
TIC 421940946,421940946,94
TIC 421943847,421943847,94
TIC 421946376,421946376,94
TIC 421948121,421948121,94
TIC 421985138,421985138,94
TIC 421990667,421990667,94
TIC 421990673,421990673,94
TIC 422001952,422001952,94
TIC 422038373,422038373,94
TIC 422039615,422039615,94
TIC 422043417,422043417,94
TIC 422043783,422043783,94
TIC 423155739,423155739,94
TIC 423155876,423155876,94
TIC 423158814,423158814,94
TIC 423160573,423160573,94
TIC 423161283,423161283,94
TIC 423179896,423179896,94
TIC 423240775,423240775,94
TIC 423241700,423241700,94
TIC 424745213,424745213,94
TIC 424849473,424849473,94
TIC 424856699,424856699,94
TIC 424878286,424878286,94
TIC 424880540,424880540,94
TIC 424881692,424881692,94
TIC 424881855,424881855,94
TIC 424913810,424913810,94
TIC 424941595,424941595,94
TIC 424941804,424941804,94
TIC 424942429,424942429,94
TIC 424947267,424947267,94
TIC 424986661,424986661,94
TIC 424988021,424988021,94
TIC 424995989,424995989,94
TIC 425056845,425056845,94
TIC 425067154,425067154,94
TIC 425067522,425067522,94
TIC 425068409,425068409,94
TIC 425068672,425068672,94
TIC 425068758,425068758,94
TIC 425068761,425068761,94
TIC 425068767,425068767,94
TIC 425069023,425069023,94
TIC 425069664,425069664,94
TIC 425070148,425070148,94
TIC 425081475,425081475,94
TIC 425083410,425083410,94
TIC 425083927,425083927,94
TIC 425084139,425084139,94
TIC 425084841,425084841,94
TIC 425084965,425084965,94
TIC 425085294,425085294,94
TIC 425085686,425085686,94
TIC 425086260,425086260,94
TIC 425086349,425086349,94
TIC 425086354,425086354,94
TIC 425086652,425086652,94
TIC 425569341,425569341,94
TIC 425572138,425572138,94
TIC 425717549,425717549,94
TIC 425720293,425720293,94
TIC 425725639,425725639,94
TIC 425767093,425767093,94
TIC 425817867,425817867,94
TIC 425819601,425819601,94
TIC 425819615,425819615,94
TIC 425825080,425825080,94
TIC 425867151,425867151,94
TIC 425998566,425998566,94
TIC 425998641,425998641,94
TIC 425998706,425998706,94
TIC 426012214,426012214,94
TIC 426012291,426012291,94
TIC 426014194,426014194,94
TIC 426014364,426014364,94
TIC 426014839,426014839,94
TIC 426014894,426014894,94
TIC 426015795,426015795,94
TIC 426017070,426017070,94
TIC 426017248,426017248,94
TIC 426017331,426017331,94
TIC 426017677,426017677,94
TIC 426017911,426017911,94
TIC 426017975,426017975,94
TIC 426018482,426018482,94
TIC 426018576,426018576,94
TIC 426019989,426019989,94
TIC 426029609,426029609,94
TIC 426030159,426030159,94
TIC 426030266,426030266,94
TIC 426030463,426030463,94
TIC 426032117,426032117,94
TIC 426032475,426032475,94
TIC 431380163,431380163,94
TIC 431380369,431380369,94
TIC 431383040,431383040,94
TIC 431479397,431479397,94
TIC 431479636,431479636,94
TIC 431479801,431479801,94
TIC 431479944,431479944,94
TIC 431480470,431480470,94
TIC 431589306,431589306,94
TIC 431589434,431589434,94
TIC 431591408,431591408,94
TIC 431591891,431591891,94
TIC 435869116,435869116,94
TIC 435934070,435934070,94
TIC 439414947,439414947,94
TIC 439418204,439418204,94
TIC 439418556,439418556,94
TIC 439440472,439440472,94
TIC 439448315,439448315,94
TIC 439449790,439449790,94
TIC 441207433,441207433,94
TIC 441210585,441210585,94
TIC 441245038,441245038,94
TIC 441245672,441245672,94
TIC 441246257,441246257,94
TIC 441260206,441260206,94
TIC 441285057,441285057,94
TIC 441291846,441291846,94
TIC 441294520,441294520,94
TIC 441294588,441294588,94
TIC 441312140,441312140,94
TIC 441315390,441315390,94
TIC 441315490,441315490,94
TIC 441325141,441325141,94
TIC 441325968,441325968,94
TIC 441332688,441332688,94
TIC 444074629,444074629,94
TIC 446545840,446545840,94
TIC 446546310,446546310,94
TIC 446547327,446547327,94
TIC 446547330,446547330,94
TIC 446549906,446549906,94
TIC 446551225,446551225,94
TIC 446552002,446552002,94
TIC 451507272,451507272,94
TIC 451507703,451507703,94
TIC 451508376,451508376,94
TIC 451529275,451529275,94
TIC 451530352,451530352,94
TIC 451533898,451533898,94
TIC 451534813,451534813,94
TIC 451537755,451537755,94
TIC 451538080,451538080,94
TIC 451538240,451538240,94
TIC 451558465,451558465,94
TIC 451560362,451560362,94
TIC 451560763,451560763,94
TIC 451563101,451563101,94
TIC 451565878,451565878,94
TIC 451566414,451566414,94
TIC 451566438,451566438,94
TIC 451570712,451570712,94
TIC 451594872,451594872,94
TIC 451596415,451596415,94
TIC 451597870,451597870,94
TIC 451599528,451599528,94
TIC 451599588,451599588,94
TIC 451600538,451600538,94
TIC 451602237,451602237,94
TIC 451603829,451603829,94
TIC 451605975,451605975,94
TIC 451606344,451606344,94
TIC 451606970,451606970,94
TIC 451607620,451607620,94
TIC 452357628,452357628,94
TIC 452358088,452358088,94
TIC 452377786,452377786,94
TIC 453079732,453079732,94
TIC 453079788,453079788,94
TIC 453079811,453079811,94
TIC 453080267,453080267,94
TIC 453080412,453080412,94
TIC 453081052,453081052,94
TIC 453081083,453081083,94
TIC 453081943,453081943,94
TIC 453094949,453094949,94
TIC 453095065,453095065,94
TIC 453095415,453095415,94
TIC 453095485,453095485,94
TIC 453095489,453095489,94
TIC 453096104,453096104,94
TIC 453096328,453096328,94
TIC 453096524,453096524,94
TIC 453097254,453097254,94
TIC 453097744,453097744,94
TIC 453097873,453097873,94
TIC 453097891,453097891,94
TIC 453098034,453098034,94
TIC 453098271,453098271,94
TIC 453098658,453098658,94
TIC 453098720,453098720,94
TIC 453098772,453098772,94
TIC 453098858,453098858,94
TIC 453099275,453099275,94
TIC 453099404,453099404,94
TIC 453099618,453099618,94
TIC 453099619,453099619,94
TIC 453099697,453099697,94
TIC 453099904,453099904,94
TIC 453100169,453100169,94
TIC 453100296,453100296,94
TIC 453100417,453100417,94
TIC 453100658,453100658,94
TIC 453101363,453101363,94
TIC 453101438,453101438,94
TIC 453102450,453102450,94
TIC 456516418,456516418,94
TIC 456537596,456537596,94
TIC 456542899,456542899,94
TIC 456560485,456560485,94
TIC 456561987,456561987,94
TIC 456570941,456570941,94
TIC 456574511,456574511,94
TIC 456589682,456589682,94
TIC 456594562,456594562,94
TIC 456609607,456609607,94
TIC 456610988,456610988,94
TIC 456611976,456611976,94
TIC 456618376,456618376,94
TIC 461736510,461736510,94
TIC 461737753,461737753,94
TIC 461738957,461738957,94
TIC 464280516,464280516,94
TIC 464309592,464309592,94
TIC 464311639,464311639,94
TIC 464317121,464317121,94
TIC 464318311,464318311,94
TIC 464342656,464342656,94
TIC 464344675,464344675,94
TIC 464372316,464372316,94
TIC 464373438,464373438,94
TIC 464375439,464375439,94
TIC 464378628,464378628,94
TIC 464379606,464379606,94
TIC 464381648,464381648,94
TIC 464405850,464405850,94
TIC 464407479,464407479,94
TIC 464410508,464410508,94
TIC 464413832,464413832,94
TIC 464415840,464415840,94
TIC 464416167,464416167,94
TIC 464420341,464420341,94
TIC 464440686,464440686,94
TIC 464441657,464441657,94
TIC 464445045,464445045,94
TIC 464449691,464449691,94
TIC 464452462,464452462,94
TIC 464476187,464476187,94
TIC 464478243,464478243,94
TIC 464480679,464480679,94
TIC 464481762,464481762,94
TIC 464484197,464484197,94
TIC 464488083,464488083,94
TIC 464489449,464489449,94
TIC 464491480,464491480,94
TIC 464492998,464492998,94
TIC 464511838,464511838,94
TIC 464515919,464515919,94
TIC 464524546,464524546,94
TIC 464527084,464527084,94
TIC 464527551,464527551,94
TIC 464547765,464547765,94
TIC 464549287,464549287,94
TIC 464551028,464551028,94
TIC 464559887,464559887,94
TIC 464593883,464593883,94
TIC 464615267,464615267,94
TIC 464617223,464617223,94
TIC 464619201,464619201,94
TIC 464641303,464641303,94
TIC 464646604,464646604,94
TIC 464650107,464650107,94
TIC 464653914,464653914,94
TIC 464658144,464658144,94
TIC 466089931,466089931,94
TIC 466090061,466090061,94
TIC 466094910,466094910,94
TIC 466095263,466095263,94
TIC 466095512,466095512,94
TIC 466097559,466097559,94
TIC 466098380,466098380,94
TIC 466098985,466098985,94
TIC 466099361,466099361,94
TIC 466125998,466125998,94
TIC 466129772,466129772,94
TIC 466131866,466131866,94
TIC 466134845,466134845,94
TIC 466135543,466135543,94
TIC 466158995,466158995,94
TIC 466160803,466160803,94
TIC 466167005,466167005,94
TIC 466167253,466167253,94
TIC 466167563,466167563,94
TIC 466169141,466169141,94
TIC 466172238,466172238,94
TIC 466177757,466177757,94
TIC 466195663,466195663,94
TIC 466196631,466196631,94
TIC 466199276,466199276,94
TIC 466199456,466199456,94
TIC 466202092,466202092,94
TIC 466203715,466203715,94
TIC 466203956,466203956,94
TIC 466206508,466206508,94
TIC 466207143,466207143,94
TIC 466207657,466207657,94
TIC 466222485,466222485,94
TIC 466227473,466227473,94
TIC 466229104,466229104,94
TIC 466231610,466231610,94
TIC 466232301,466232301,94
TIC 466239023,466239023,94
TIC 466239676,466239676,94
TIC 466260580,466260580,94
TIC 466264634,466264634,94
TIC 466265409,466265409,94
TIC 466267268,466267268,94
TIC 466277708,466277708,94
TIC 466277784,466277784,94
TIC 466659459,466659459,94
TIC 466693177,466693177,94
TIC 467933738,467933738,94
TIC 467934911,467934911,94
TIC 467959249,467959249,94
TIC 467960339,467960339,94
TIC 467963650,467963650,94
TIC 467969559,467969559,94
TIC 467971286,467971286,94
TIC 468055102,468055102,94
TIC 468085194,468085194,94
TIC 468111450,468111450,94
TIC 468111966,468111966,94
TIC 468121124,468121124,94
TIC 468142107,468142107,94
TIC 468144799,468144799,94
TIC 468148930,468148930,94
TIC 468150691,468150691,94
TIC 468155076,468155076,94
TIC 468158714,468158714,94
TIC 468175870,468175870,94
TIC 468178006,468178006,94
TIC 468178519,468178519,94
TIC 468184895,468184895,94
TIC 468185208,468185208,94
TIC 468186329,468186329,94
TIC 468189765,468189765,94
TIC 468191145,468191145,94
TIC 468193083,468193083,94
TIC 468216076,468216076,94
TIC 468217890,468217890,94
TIC 468218067,468218067,94
TIC 469754255,469754255,94
TIC 469755925,469755925,94
TIC 469779830,469779830,94
TIC 469782185,469782185,94
TIC 469785983,469785983,94
TIC 469788902,469788902,94
TIC 469791892,469791892,94
TIC 469810663,469810663,94
TIC 469811127,469811127,94
TIC 469811792,469811792,94
TIC 469813520,469813520,94
TIC 469813927,469813927,94
TIC 469814866,469814866,94
TIC 469819483,469819483,94
TIC 469828125,469828125,94
TIC 469844706,469844706,94
TIC 469844770,469844770,94
TIC 469845160,469845160,94
TIC 469849622,469849622,94
TIC 469850960,469850960,94
TIC 469871163,469871163,94
TIC 469873821,469873821,94
TIC 469875568,469875568,94
TIC 469881805,469881805,94
TIC 469882306,469882306,94
TIC 469882640,469882640,94
TIC 469905944,469905944,94
TIC 469906369,469906369,94
TIC 469906999,469906999,94
TIC 469976362,469976362,94
TIC 469978044,469978044,94
TIC 469978297,469978297,94
TIC 469978554,469978554,94
TIC 469979014,469979014,94
TIC 469979280,469979280,94
TIC 469979458,469979458,94
TIC 469980036,469980036,94
TIC 469980151,469980151,94
TIC 469981019,469981019,94
TIC 469981261,469981261,94
TIC 469981586,469981586,94
TIC 471013463,471013463,94
TIC 471013468,471013468,94
TIC 471013489,471013489,94
TIC 471013582,471013582,94
TIC 471015240,471015240,94
TIC 471015267,471015267,94
TIC 471015268,471015268,94
TIC 471015269,471015269,94
TIC 471015270,471015270,94
TIC 471015276,471015276,94
TIC 471015278,471015278,94
TIC 471015279,471015279,94
TIC 471015300,471015300,94
TIC 471015301,471015301,94
TIC 471015349,471015349,94
TIC 471015358,471015358,94
TIC 471015361,471015361,94
TIC 471015370,471015370,94
TIC 471015391,471015391,94
TIC 471015393,471015393,94
TIC 471015395,471015395,94
TIC 471015396,471015396,94
TIC 471015402,471015402,94
TIC 471015403,471015403,94
TIC 471015408,471015408,94
TIC 471015409,471015409,94
TIC 471015417,471015417,94
TIC 471015421,471015421,94
TIC 471015432,471015432,94
TIC 471015433,471015433,94
TIC 500911771,500911771,94
TIC 502275327,502275327,94
TIC 514062507,514062507,94
TIC 514412372,514412372,94
TIC 520100825,520100825,94
TIC 612102412,612102412,94
TIC 612102413,612102413,94
TIC 612109750,612109750,94
TIC 612116713,612116713,94
TIC 612132869,612132869,94
TIC 612210230,612210230,94
TIC 612232178,612232178,94
TIC 612245374,612245374,94
TIC 612252925,612252925,94
TIC 612256219,612256219,94
TIC 612262070,612262070,94
TIC 612385548,612385548,94
TIC 612390067,612390067,94
TIC 612406378,612406378,94
TIC 612406416,612406416,94
TIC 613578292,613578292,94
TIC 613717623,613717623,94
TIC 613827601,613827601,94
TIC 613834548,613834548,94
TIC 614189682,614189682,94
TIC 614287503,614287503,94
TIC 614670707,614670707,94
TIC 614725315,614725315,94
TIC 614853336,614853336,94
TIC 615024931,615024931,94
TIC 615072175,615072175,94
TIC 615115510,615115510,94
TIC 615264908,615264908,94
TIC 615313310,615313310,94
TIC 615623628,615623628,94
TIC 615658134,615658134,94
TIC 630675226,630675226,94
TIC 630685946,630685946,94
TIC 630696002,630696002,94
TIC 630700569,630700569,94
TIC 630750617,630750617,94
TIC 630781426,630781426,94
TIC 630812018,630812018,94
TIC 630812028,630812028,94
TIC 630819541,630819541,94
TIC 630820250,630820250,94
TIC 630836212,630836212,94
TIC 630848497,630848497,94
TIC 630865128,630865128,94
TIC 630878957,630878957,94
TIC 630907483,630907483,94
TIC 630920051,630920051,94
TIC 630950893,630950893,94
TIC 630960275,630960275,94
TIC 630969925,630969925,94
TIC 630977917,630977917,94
TIC 630979149,630979149,94
TIC 630989891,630989891,94
TIC 631000397,631000397,94
TIC 631004629,631004629,94
TIC 631100970,631100970,94
TIC 631116947,631116947,94
TIC 631120640,631120640,94
TIC 631161222,631161222,94
TIC 631219748,631219748,94
TIC 631220771,631220771,94
TIC 631233390,631233390,94
TIC 631236083,631236083,94
TIC 631238061,631238061,94
TIC 631246273,631246273,94
TIC 631247955,631247955,94
TIC 631258513,631258513,94
TIC 649958153,649958153,94
TIC 650005800,650005800,94
TIC 650011142,650011142,94
TIC 650032382,650032382,94
TIC 650037213,650037213,94
TIC 650042596,650042596,94
TIC 650067954,650067954,94
TIC 650076125,650076125,94
TIC 650080836,650080836,94
TIC 650095608,650095608,94
TIC 650126540,650126540,94
TIC 650132220,650132220,94
TIC 650140832,650140832,94
TIC 650144574,650144574,94
TIC 650164664,650164664,94
TIC 650171567,650171567,94
TIC 650193596,650193596,94
TIC 650198019,650198019,94
TIC 650200996,650200996,94
TIC 650201371,650201371,94
TIC 650204305,650204305,94
TIC 650206721,650206721,94
TIC 650215575,650215575,94
TIC 650223139,650223139,94
TIC 650227078,650227078,94
TIC 650283189,650283189,94
TIC 650283622,650283622,94
TIC 650299114,650299114,94
TIC 650301675,650301675,94
TIC 650315955,650315955,94
TIC 650319126,650319126,94
TIC 650337093,650337093,94
TIC 650353869,650353869,94
TIC 650355986,650355986,94
TIC 650356367,650356367,94
TIC 650365174,650365174,94
TIC 650372257,650372257,94
TIC 650385148,650385148,94
TIC 650408043,650408043,94
TIC 650424947,650424947,94
TIC 650429705,650429705,94
TIC 674966393,674966393,94
TIC 674966394,674966394,94
TIC 674968165,674968165,94
TIC 675011179,675011179,94
TIC 675012621,675012621,94
TIC 675021082,675021082,94
TIC 675026007,675026007,94
TIC 675035629,675035629,94
TIC 675035630,675035630,94
TIC 675055192,675055192,94
TIC 675056777,675056777,94
TIC 675069449,675069449,94
TIC 675069450,675069450,94
TIC 675120423,675120423,94
TIC 675147504,675147504,94
TIC 675204017,675204017,94
TIC 675236177,675236177,94
TIC 675248197,675248197,94
TIC 675248251,675248251,94
TIC 675252588,675252588,94
TIC 675252793,675252793,94
TIC 675259167,675259167,94
TIC 675441457,675441457,94
TIC 675951296,675951296,94
TIC 676551363,676551363,94
TIC 676972388,676972388,94
TIC 677028242,677028242,94
TIC 677098101,677098101,94
TIC 677328969,677328969,94
TIC 677340470,677340470,94
TIC 677376252,677376252,94
TIC 677670082,677670082,94
TIC 677905434,677905434,94
TIC 678452369,678452369,94
TIC 679067705,679067705,94
TIC 679096376,679096376,94
TIC 679532343,679532343,94
TIC 679653940,679653940,94
TIC 679813062,679813062,94
TIC 679858135,679858135,94
TIC 680161894,680161894,94
TIC 681608502,681608502,94
TIC 681688476,681688476,94
TIC 683099943,683099943,94
TIC 683424661,683424661,94
TIC 683657795,683657795,94
TIC 683837451,683837451,94
TIC 683889205,683889205,94
TIC 684064189,684064189,94
TIC 684159367,684159367,94
TIC 684487146,684487146,94
TIC 684761824,684761824,94
TIC 684767045,684767045,94
TIC 684810420,684810420,94
TIC 684815561,684815561,94
TIC 684819977,684819977,94
TIC 684835820,684835820,94
TIC 684844181,684844181,94
TIC 684880502,684880502,94
TIC 684893179,684893179,94
TIC 684900766,684900766,94
TIC 684906758,684906758,94
TIC 684923531,684923531,94
TIC 684936048,684936048,94
TIC 684939237,684939237,94
TIC 684939292,684939292,94
TIC 684939574,684939574,94
TIC 684942202,684942202,94
TIC 684945503,684945503,94
TIC 684955922,684955922,94
TIC 684958959,684958959,94
TIC 684960528,684960528,94
TIC 684969617,684969617,94
TIC 684973818,684973818,94
TIC 684980474,684980474,94
TIC 685088172,685088172,94
TIC 685116162,685116162,94
TIC 685125879,685125879,94
TIC 685138773,685138773,94
TIC 685145916,685145916,94
TIC 685150204,685150204,94
TIC 685152950,685152950,94
TIC 685169752,685169752,94
TIC 685171056,685171056,94
TIC 685176710,685176710,94
TIC 685184353,685184353,94
TIC 685186253,685186253,94
TIC 685198848,685198848,94
TIC 685202112,685202112,94
TIC 685204141,685204141,94
TIC 685204560,685204560,94
TIC 685206710,685206710,94
TIC 685206943,685206943,94
TIC 685214650,685214650,94
TIC 685219683,685219683,94
TIC 685221696,685221696,94
TIC 685228296,685228296,94
TIC 685248413,685248413,94
TIC 685251180,685251180,94
TIC 685251528,685251528,94
TIC 685253231,685253231,94
TIC 685286910,685286910,94
TIC 685295368,685295368,94
TIC 724107715,724107715,94
TIC 724118988,724118988,94
TIC 724119503,724119503,94
TIC 724124583,724124583,94
TIC 724128806,724128806,94
TIC 724135226,724135226,94
TIC 724162964,724162964,94
TIC 724164370,724164370,94
TIC 724186114,724186114,94
TIC 724513401,724513401,94
TIC 724525645,724525645,94
TIC 724582921,724582921,94
TIC 725276508,725276508,94
TIC 727859187,727859187,94
TIC 728589581,728589581,94
TIC 728972271,728972271,94
TIC 730961367,730961367,94
TIC 731064273,731064273,94
TIC 731307938,731307938,94
TIC 731484592,731484592,94
TIC 732235000,732235000,94
TIC 732351352,732351352,94
TIC 732623561,732623561,94
TIC 733030356,733030356,94
TIC 733030384,733030384,94
TIC 733116725,733116725,94
TIC 733810015,733810015,94
TIC 733811224,733811224,94
TIC 733923414,733923414,94
TIC 733969951,733969951,94
TIC 734027615,734027615,94
TIC 734028463,734028463,94
TIC 734259117,734259117,94
TIC 734279205,734279205,94
TIC 734362418,734362418,94
TIC 734420265,734420265,94
TIC 734424363,734424363,94
TIC 734425791,734425791,94
TIC 734431102,734431102,94
TIC 734443038,734443038,94
TIC 734457392,734457392,94
TIC 734465586,734465586,94
TIC 734469552,734469552,94
TIC 734531490,734531490,94
TIC 734548584,734548584,94
TIC 734555437,734555437,94
TIC 734555682,734555682,94
TIC 734556099,734556099,94
TIC 734596708,734596708,94
TIC 734603429,734603429,94
TIC 734606940,734606940,94
TIC 734611377,734611377,94
TIC 734611432,734611432,94
TIC 734615504,734615504,94
TIC 734617833,734617833,94
TIC 734621653,734621653,94
TIC 734640797,734640797,94
TIC 734642726,734642726,94
TIC 734644146,734644146,94
TIC 734648086,734648086,94
TIC 735128403,735128403,94
TIC 735161855,735161855,94
TIC 735171154,735171154,94
TIC 735172112,735172112,94
TIC 735179973,735179973,94
TIC 735188171,735188171,94
TIC 735193989,735193989,94
TIC 735230697,735230697,94
TIC 735242263,735242263,94
TIC 735247270,735247270,94
TIC 735252697,735252697,94
TIC 735360704,735360704,94
TIC 735362012,735362012,94
TIC 735377028,735377028,94
TIC 735400632,735400632,94
TIC 735491690,735491690,94
TIC 735624005,735624005,94
TIC 735736638,735736638,94
TIC 735788153,735788153,94
TIC 735869342,735869342,94
TIC 735873292,735873292,94
TIC 735972196,735972196,94
TIC 736170042,736170042,94
TIC 736546506,736546506,94
TIC 736595224,736595224,94
TIC 736917779,736917779,94
TIC 736948843,736948843,94
TIC 737161650,737161650,94
TIC 737165370,737165370,94
TIC 737185905,737185905,94
TIC 737187582,737187582,94
TIC 737266925,737266925,94
TIC 737283511,737283511,94
TIC 737294074,737294074,94
TIC 737323199,737323199,94
TIC 737323352,737323352,94
TIC 737396657,737396657,94
TIC 737398019,737398019,94
TIC 737418160,737418160,94
TIC 737435475,737435475,94
TIC 737436327,737436327,94
TIC 737458368,737458368,94
TIC 737473262,737473262,94
TIC 737490894,737490894,94
TIC 737492561,737492561,94
TIC 737509068,737509068,94
TIC 737511710,737511710,94
TIC 737562486,737562486,94
TIC 764326499,764326499,94
TIC 764377845,764377845,94
TIC 764400107,764400107,94
TIC 764408125,764408125,94
TIC 764415337,764415337,94
TIC 764450703,764450703,94
TIC 764463995,764463995,94
TIC 764465330,764465330,94
TIC 764476711,764476711,94
TIC 764479319,764479319,94
TIC 764489873,764489873,94
TIC 764536093,764536093,94
TIC 764556439,764556439,94
TIC 764556440,764556440,94
TIC 764567763,764567763,94
TIC 764591822,764591822,94
TIC 764604212,764604212,94
TIC 764637910,764637910,94
TIC 764659754,764659754,94
TIC 764757260,764757260,94
TIC 764771763,764771763,94
TIC 764772878,764772878,94
TIC 764780314,764780314,94
TIC 764780316,764780316,94
TIC 764807021,764807021,94
TIC 764821331,764821331,94
TIC 764850011,764850011,94
TIC 764862517,764862517,94
TIC 764886559,764886559,94
TIC 764892012,764892012,94
TIC 764916624,764916624,94
TIC 764950092,764950092,94
TIC 764954714,764954714,94
TIC 764958601,764958601,94
TIC 764986356,764986356,94
TIC 765001215,765001215,94
TIC 765024923,765024923,94
TIC 765055933,765055933,94
TIC 765065668,765065668,94
TIC 765103501,765103501,94
TIC 765149117,765149117,94
TIC 765162424,765162424,94
TIC 765165617,765165617,94
TIC 765198625,765198625,94
TIC 765230791,765230791,94
TIC 765261971,765261971,94
TIC 765297772,765297772,94
TIC 765298494,765298494,94
TIC 765321298,765321298,94
TIC 765321528,765321528,94
TIC 765326000,765326000,94
TIC 765351071,765351071,94
TIC 765364043,765364043,94
TIC 765367230,765367230,94
TIC 765370586,765370586,94
TIC 765372300,765372300,94
TIC 765374545,765374545,94
TIC 765410943,765410943,94
TIC 765411459,765411459,94
TIC 765419449,765419449,94
TIC 765419968,765419968,94
TIC 765444984,765444984,94
TIC 765460006,765460006,94
TIC 765476880,765476880,94
TIC 765500017,765500017,94
TIC 765549141,765549141,94
TIC 765553311,765553311,94
TIC 765554095,765554095,94
TIC 765561437,765561437,94
TIC 765561909,765561909,94
TIC 765563018,765563018,94
TIC 765575662,765575662,94
TIC 765723055,765723055,94
TIC 765749963,765749963,94
TIC 765772924,765772924,94
TIC 765781973,765781973,94
TIC 765808400,765808400,94
TIC 765821007,765821007,94
TIC 765935411,765935411,94
TIC 766010973,766010973,94
TIC 766014859,766014859,94
TIC 766027393,766027393,94
TIC 766043770,766043770,94
TIC 766059415,766059415,94
TIC 766068759,766068759,94
TIC 766109880,766109880,94
TIC 766132330,766132330,94
TIC 766145795,766145795,94
TIC 766162694,766162694,94
TIC 766180021,766180021,94
TIC 766185507,766185507,94
TIC 766204378,766204378,94
TIC 766204863,766204863,94
TIC 766235280,766235280,94
TIC 766284997,766284997,94
TIC 766342421,766342421,94
TIC 766370593,766370593,94
TIC 766699301,766699301,94
TIC 767044407,767044407,94
TIC 767055083,767055083,94
TIC 804428944,804428944,94
TIC 804498204,804498204,94
TIC 804646455,804646455,94
TIC 804664629,804664629,94
TIC 804721623,804721623,94
TIC 804771952,804771952,94
TIC 804785677,804785677,94
TIC 804804889,804804889,94
TIC 842546064,842546064,94
TIC 903824973,903824973,94
TIC 903835085,903835085,94
TIC 1309485209,1309485209,94
TIC 1508624113,1508624113,94
TIC 1508650002,1508650002,94
TIC 1508671781,1508671781,94
TIC 1508686542,1508686542,94
TIC 1688097323,1688097323,94
TIC 1688142108,1688142108,94
TIC 1688164864,1688164864,94
TIC 1688177784,1688177784,94
TIC 1688206790,1688206790,94
TIC 1688207302,1688207302,94
TIC 1688234842,1688234842,94
TIC 1688307830,1688307830,94
TIC 1688356422,1688356422,94
TIC 1688441511,1688441511,94
TIC 1688628427,1688628427,94
TIC 1815477464,1815477464,94
TIC 1815517875,1815517875,94
TIC 1815574752,1815574752,94
TIC 1815574835,1815574835,94
TIC 1815585057,1815585057,94
TIC 1815623977,1815623977,94
TIC 1815788181,1815788181,94
TIC 1815805991,1815805991,94
TIC 1815822677,1815822677,94
TIC 1815838232,1815838232,94
TIC 1815839160,1815839160,94
TIC 1815877159,1815877159,94
TIC 1815884031,1815884031,94
TIC 1815913399,1815913399,94
TIC 1815973557,1815973557,94
TIC 1816035776,1816035776,94
TIC 1816066436,1816066436,94
TIC 1816296308,1816296308,94
TIC 1816424414,1816424414,94
TIC 1816436091,1816436091,94
TIC 1816497756,1816497756,94
TIC 1816497850,1816497850,94
TIC 1816500934,1816500934,94
TIC 1816612493,1816612493,94
TIC 1816629679,1816629679,94
TIC 1816721304,1816721304,94
TIC 1816731414,1816731414,94
TIC 1816739155,1816739155,94
TIC 1816749016,1816749016,94
TIC 1816764857,1816764857,94
TIC 1816786563,1816786563,94
TIC 1816915540,1816915540,94
TIC 1816919598,1816919598,94
TIC 1816937557,1816937557,94
TIC 1817030229,1817030229,94
TIC 1817102003,1817102003,94
TIC 1817245591,1817245591,94
TIC 1817270258,1817270258,94
TIC 1817335313,1817335313,94
TIC 1817337232,1817337232,94
TIC 1817354459,1817354459,94
TIC 1817452788,1817452788,94
TIC 1817452794,1817452794,94
TIC 1817583666,1817583666,94
TIC 1817927046,1817927046,94
TIC 1817967427,1817967427,94
TIC 1818223475,1818223475,94
TIC 1818397494,1818397494,94
TIC 1818460866,1818460866,94
TIC 1818476974,1818476974,94
TIC 1818509499,1818509499,94
TIC 1818531400,1818531400,94
TIC 1818640969,1818640969,94
TIC 1818758933,1818758933,94
TIC 1818901338,1818901338,94
TIC 1818930706,1818930706,94
TIC 1819222327,1819222327,94
TIC 1819262596,1819262596,94
TIC 1819356362,1819356362,94
TIC 1819407690,1819407690,94
TIC 1819541943,1819541943,94
TIC 1819673648,1819673648,94
TIC 1819882871,1819882871,94
TIC 1820037483,1820037483,94
TIC 1820210335,1820210335,94
TIC 1820402844,1820402844,94
TIC 1820468260,1820468260,94
TIC 1820615283,1820615283,94
TIC 1820714593,1820714593,94
TIC 1820884019,1820884019,94
TIC 1820903003,1820903003,94
TIC 1820931008,1820931008,94
TIC 1820932288,1820932288,94
TIC 1821046575,1821046575,94
TIC 1821079595,1821079595,94
TIC 1821252232,1821252232,94
TIC 1821423824,1821423824,94
TIC 1821589741,1821589741,94
TIC 1821843896,1821843896,94
TIC 1821873811,1821873811,94
TIC 1821992769,1821992769,94
TIC 1822140143,1822140143,94
TIC 1822438448,1822438448,94
TIC 1822478655,1822478655,94
TIC 1822606262,1822606262,94
TIC 1823404556,1823404556,94
TIC 1823449106,1823449106,94
TIC 1823634639,1823634639,94
TIC 1824706874,1824706874,94
TIC 1825066041,1825066041,94
TIC 1825093222,1825093222,94
TIC 1825377772,1825377772,94
TIC 1825638849,1825638849,94
TIC 1826053602,1826053602,94
TIC 1826115184,1826115184,94
TIC 1826248181,1826248181,94
TIC 1826576438,1826576438,94
TIC 1826663941,1826663941,94
TIC 1826834689,1826834689,94
TIC 1826981085,1826981085,94
TIC 1827010233,1827010233,94
TIC 1827208701,1827208701,94
TIC 1827831314,1827831314,94
TIC 1922009599,1922009599,94
TIC 1922019298,1922019298,94
TIC 1922028070,1922028070,94
TIC 1922060610,1922060610,94
TIC 1922063243,1922063243,94
TIC 1922069769,1922069769,94
TIC 1922110586,1922110586,94
TIC 1922114877,1922114877,94
TIC 1922122674,1922122674,94
TIC 1922122675,1922122675,94
TIC 1922133829,1922133829,94
TIC 1922175229,1922175229,94
TIC 1922183151,1922183151,94
TIC 1922231702,1922231702,94
TIC 1922258940,1922258940,94
TIC 1922266270,1922266270,94
TIC 1922274567,1922274567,94
TIC 1922328006,1922328006,94
TIC 1922338347,1922338347,94
TIC 1922369909,1922369909,94
TIC 1922408109,1922408109,94
TIC 1922426635,1922426635,94
TIC 1922431928,1922431928,94
TIC 1922444915,1922444915,94
TIC 1922475999,1922475999,94
TIC 1922480750,1922480750,94
TIC 1922598491,1922598491,94
TIC 1922636197,1922636197,94
TIC 1922689880,1922689880,94
TIC 1922700569,1922700569,94
TIC 1922702321,1922702321,94
TIC 1922730017,1922730017,94
TIC 1922734281,1922734281,94
TIC 1922740466,1922740466,94
TIC 1922761348,1922761348,94
TIC 1922762427,1922762427,94
TIC 1922782318,1922782318,94
TIC 1922792881,1922792881,94
TIC 1922801129,1922801129,94
TIC 1922828177,1922828177,94
TIC 1922847539,1922847539,94
TIC 1922871290,1922871290,94
TIC 1922902899,1922902899,94
TIC 1922935395,1922935395,94
TIC 1922950276,1922950276,94
TIC 1923007824,1923007824,94
TIC 1923010468,1923010468,94
TIC 1923035856,1923035856,94
TIC 1923064532,1923064532,94
TIC 1923080717,1923080717,94
TIC 1923269332,1923269332,94
TIC 1923287958,1923287958,94
TIC 1923333666,1923333666,94
TIC 1923379496,1923379496,94
TIC 1923388911,1923388911,94
TIC 1923410377,1923410377,94
TIC 1923423699,1923423699,94
TIC 1923443126,1923443126,94
TIC 1923443272,1923443272,94
TIC 1923455195,1923455195,94
TIC 1923455199,1923455199,94
TIC 1923541192,1923541192,94
TIC 1923586138,1923586138,94
TIC 1923609272,1923609272,94
TIC 1923618081,1923618081,94
TIC 1923656316,1923656316,94
TIC 1923696435,1923696435,94
TIC 1923766957,1923766957,94
TIC 1923798266,1923798266,94
TIC 1923811293,1923811293,94
TIC 1923819502,1923819502,94
TIC 1923827143,1923827143,94
TIC 1923894452,1923894452,94
TIC 1923990680,1923990680,94
TIC 1924003467,1924003467,94
TIC 1924089937,1924089937,94
TIC 1924090001,1924090001,94
TIC 1924256551,1924256551,94
TIC 1924260441,1924260441,94
TIC 1924283665,1924283665,94
TIC 1924422387,1924422387,94
TIC 1924452831,1924452831,94
TIC 1924526332,1924526332,94
TIC 1924622575,1924622575,94
TIC 1924715977,1924715977,94
TIC 1924804701,1924804701,94
TIC 1924808308,1924808308,94
TIC 1924850276,1924850276,94
TIC 1924870386,1924870386,94
TIC 1924882594,1924882594,94
TIC 1924892861,1924892861,94
TIC 1924937000,1924937000,94
TIC 1924987279,1924987279,94
TIC 1925125023,1925125023,94
TIC 1925154673,1925154673,94
TIC 1925245837,1925245837,94
TIC 1925268599,1925268599,94
TIC 1925347810,1925347810,94
TIC 1925402810,1925402810,94
TIC 1925462224,1925462224,94
TIC 1925515172,1925515172,94
TIC 1925699381,1925699381,94
TIC 1925699807,1925699807,94
TIC 1925796584,1925796584,94
TIC 1925831786,1925831786,94
TIC 1926361321,1926361321,94
TIC 1926405015,1926405015,94
TIC 1926419432,1926419432,94
TIC 1926470674,1926470674,94
TIC 1926481841,1926481841,94
TIC 1926565313,1926565313,94
TIC 1926579782,1926579782,94
TIC 1926588004,1926588004,94
TIC 1926695256,1926695256,94
TIC 1926713882,1926713882,94
TIC 1926891185,1926891185,94
TIC 1987695663,1987695663,94
TIC 1987726636,1987726636,94
TIC 1987728527,1987728527,94
TIC 1987728529,1987728529,94
TIC 1987747584,1987747584,94
TIC 1987754263,1987754263,94
TIC 1987774933,1987774933,94
TIC 1987782156,1987782156,94
TIC 1987788095,1987788095,94
TIC 1987878901,1987878901,94
TIC 1987893666,1987893666,94
TIC 1987900410,1987900410,94
TIC 1987904614,1987904614,94
TIC 1987924455,1987924455,94
TIC 1987990686,1987990686,94
TIC 1987999179,1987999179,94
TIC 1988020276,1988020276,94
TIC 1988037649,1988037649,94
TIC 1988041761,1988041761,94
TIC 1988051251,1988051251,94
TIC 1988064689,1988064689,94
TIC 1988117811,1988117811,94
TIC 1988175988,1988175988,94
TIC 1988182859,1988182859,94
TIC 1988186397,1988186397,94
TIC 1988235270,1988235270,94
TIC 1988248661,1988248661,94
TIC 1988252855,1988252855,94
TIC 1988271927,1988271927,94
TIC 1988272639,1988272639,94
TIC 1988290438,1988290438,94
TIC 1988335691,1988335691,94
TIC 1988341430,1988341430,94
TIC 1988357751,1988357751,94
TIC 1988363283,1988363283,94
TIC 1988379376,1988379376,94
TIC 1988436540,1988436540,94
TIC 1988436721,1988436721,94
TIC 1988477617,1988477617,94
TIC 1988595910,1988595910,94
TIC 1988629282,1988629282,94
TIC 1988629849,1988629849,94
TIC 1988686469,1988686469,94
TIC 1988688895,1988688895,94
TIC 1988693004,1988693004,94
TIC 1988714088,1988714088,94
TIC 1988716055,1988716055,94
TIC 1988731353,1988731353,94
TIC 1988806638,1988806638,94
TIC 1988835862,1988835862,94
TIC 1988853839,1988853839,94
TIC 1988864013,1988864013,94
TIC 1988868455,1988868455,94
TIC 1988878071,1988878071,94
TIC 1988894940,1988894940,94
TIC 1988916722,1988916722,94
TIC 1988948499,1988948499,94
TIC 1988950872,1988950872,94
TIC 1989009099,1989009099,94
TIC 1989030222,1989030222,94
TIC 1989043593,1989043593,94
TIC 1989059686,1989059686,94
TIC 1989066472,1989066472,94
TIC 1989080112,1989080112,94
TIC 1989083338,1989083338,94
TIC 1989090586,1989090586,94
TIC 1989103324,1989103324,94
TIC 1989120092,1989120092,94
TIC 1989122424,1989122424,94
TIC 1989137577,1989137577,94
TIC 1989146541,1989146541,94
TIC 1989175422,1989175422,94
TIC 1989219050,1989219050,94
TIC 1989228339,1989228339,94
TIC 1989246863,1989246863,94
TIC 1989258883,1989258883,94
TIC 1989261566,1989261566,94
TIC 1989269000,1989269000,94
TIC 1989307811,1989307811,94
TIC 1989330796,1989330796,94
TIC 1989337021,1989337021,94
TIC 1989351589,1989351589,94
TIC 1989357508,1989357508,94
TIC 1989380022,1989380022,94
TIC 1989425503,1989425503,94
TIC 1989445368,1989445368,94
TIC 1989465389,1989465389,94
TIC 1989479257,1989479257,94
TIC 1989537385,1989537385,94
TIC 1989645653,1989645653,94
TIC 1989646927,1989646927,94
TIC 1989659303,1989659303,94
TIC 1989674364,1989674364,94
TIC 1989691899,1989691899,94
TIC 1989712411,1989712411,94
TIC 1989746466,1989746466,94
TIC 1989753617,1989753617,94
TIC 1989753691,1989753691,94
TIC 1989797905,1989797905,94
TIC 1989856477,1989856477,94
TIC 1989865201,1989865201,94
TIC 1989865597,1989865597,94
TIC 1989866634,1989866634,94
TIC 1989887950,1989887950,94
TIC 1990065959,1990065959,94
TIC 1990074078,1990074078,94
TIC 1990075699,1990075699,94
TIC 1990094034,1990094034,94
TIC 1990108434,1990108434,94
TIC 1990120402,1990120402,94
TIC 1990126832,1990126832,94
TIC 1990139225,1990139225,94
TIC 1990225887,1990225887,94
TIC 1990231136,1990231136,94
TIC 1990244784,1990244784,94
TIC 1990294323,1990294323,94
TIC 1990373192,1990373192,94
TIC 1990438114,1990438114,94
TIC 1990446483,1990446483,94
TIC 1990456483,1990456483,94
TIC 1990475943,1990475943,94
TIC 1990503238,1990503238,94
TIC 1990540030,1990540030,94
TIC 1990570059,1990570059,94
TIC 1990572680,1990572680,94
TIC 1990576585,1990576585,94
TIC 1990596181,1990596181,94
TIC 1990611016,1990611016,94
TIC 1990626891,1990626891,94
TIC 1990628000,1990628000,94
TIC 1990690286,1990690286,94
TIC 1990719477,1990719477,94
TIC 1990728218,1990728218,94
TIC 1990736353,1990736353,94
TIC 1990753705,1990753705,94
TIC 1990790115,1990790115,94
TIC 1990916031,1990916031,94
TIC 1990971837,1990971837,94
TIC 1991180568,1991180568,94
TIC 1991269817,1991269817,94
TIC 1991277151,1991277151,94
TIC 1991288962,1991288962,94
TIC 1991308408,1991308408,94
TIC 1991339859,1991339859,94
TIC 1991339860,1991339860,94
TIC 1991434084,1991434084,94
TIC 1991537290,1991537290,94
TIC 1991595555,1991595555,94
TIC 1991637806,1991637806,94
TIC 1991639556,1991639556,94
TIC 1991647577,1991647577,94
TIC 1991648110,1991648110,94
TIC 1991681622,1991681622,94
TIC 1991708351,1991708351,94
TIC 1991794193,1991794193,94
TIC 1992025768,1992025768,94
TIC 1992531262,1992531262,94
TIC 1992573364,1992573364,94
TIC 1992577439,1992577439,94
TIC 1992584605,1992584605,94
TIC 1992609397,1992609397,94
TIC 1992638022,1992638022,94
TIC 1992642864,1992642864,94
TIC 1993289981,1993289981,94
TIC 1993324833,1993324833,94
TIC 1993334684,1993334684,94
TIC 2025756151,2025756151,94
TIC 2025783965,2025783965,94
TIC 2025811071,2025811071,94
TIC 2025820827,2025820827,94
TIC 2025857244,2025857244,94
TIC 2025859674,2025859674,94
TIC 2025874026,2025874026,94
TIC 2025874435,2025874435,94
TIC 2025906274,2025906274,94
TIC 2025940647,2025940647,94
TIC 2025967462,2025967462,94
TIC 2025986419,2025986419,94
TIC 2026018562,2026018562,94
TIC 2026022367,2026022367,94
TIC 2026023456,2026023456,94
TIC 2026029028,2026029028,94
TIC 2026043193,2026043193,94
TIC 2026050241,2026050241,94
TIC 2026059643,2026059643,94
TIC 2026069132,2026069132,94
TIC 2026079139,2026079139,94
TIC 2026099398,2026099398,94
TIC 2026108012,2026108012,94
TIC 2026124797,2026124797,94
TIC 2026127526,2026127526,94
TIC 2026143478,2026143478,94
TIC 2026150531,2026150531,94
TIC 2026154483,2026154483,94
TIC 2026159537,2026159537,94
TIC 2026190112,2026190112,94
TIC 2026191017,2026191017,94
TIC 2026192350,2026192350,94
TIC 2026195795,2026195795,94
TIC 2026196114,2026196114,94
TIC 2026199587,2026199587,94
TIC 2026203860,2026203860,94
TIC 2026207909,2026207909,94
TIC 2026210419,2026210419,94
TIC 2026216399,2026216399,94
TIC 2026229140,2026229140,94
TIC 2026233669,2026233669,94
TIC 2026250317,2026250317,94
TIC 2026267935,2026267935,94
TIC 2026271307,2026271307,94
TIC 2026294816,2026294816,94
TIC 2026316250,2026316250,94
TIC 2026316767,2026316767,94
TIC 2026321976,2026321976,94
TIC 2026333161,2026333161,94
TIC 2026335003,2026335003,94
TIC 2026347191,2026347191,94
TIC 2026419057,2026419057,94
TIC 2026421468,2026421468,94
TIC 2026429294,2026429294,94
TIC 2026431827,2026431827,94
TIC 2026445610,2026445610,94
TIC 2026466973,2026466973,94
TIC 2026470953,2026470953,94
TIC 2026483165,2026483165,94
TIC 2026485741,2026485741,94
TIC 2026492143,2026492143,94
TIC 2026494389,2026494389,94
TIC 2026527347,2026527347,94
TIC 2026530922,2026530922,94
TIC 2026591732,2026591732,94
TIC 2026598070,2026598070,94
TIC 2026648970,2026648970,94
TIC 2026649904,2026649904,94
TIC 2026717672,2026717672,94
TIC 2026718362,2026718362,94
TIC 2026735310,2026735310,94
TIC 2026754798,2026754798,94
TIC 2026754799,2026754799,94
TIC 2026759352,2026759352,94
TIC 2026794406,2026794406,94
TIC 2026797677,2026797677,94
TIC 2026878184,2026878184,94
TIC 2054465959,2054465959,94
TIC 2054523786,2054523786,94
TIC 2054524454,2054524454,94
TIC 2054527611,2054527611,94
TIC 2054555977,2054555977,94
TIC 2054568199,2054568199,94
TIC 2054599110,2054599110,94
TIC 2054617257,2054617257,94
TIC 2054622546,2054622546,94
TIC 2054627291,2054627291,94
TIC 2054633861,2054633861,94
TIC 2054650588,2054650588,94
TIC 2054656482,2054656482,94
TIC 2054660567,2054660567,94
TIC 2054690064,2054690064,94
TIC 2054694172,2054694172,94
TIC 2054732427,2054732427,94
TIC 2054747909,2054747909,94
TIC 2054763153,2054763153,94
TIC 2054767869,2054767869,94
TIC 2054812295,2054812295,94
TIC 2054821822,2054821822,94
TIC 2054825302,2054825302,94
TIC 2054834566,2054834566,94
TIC 2054844737,2054844737,94
TIC 2054850485,2054850485,94
TIC 2054856965,2054856965,94
TIC 2054860927,2054860927,94
TIC 2054932899,2054932899,94
TIC 10005000540,10005000540,94
