target,tic_id,sectors
TIC 1608,1608,102
TIC 7154,7154,102
TIC 8567,8567,102
TIC 13764,13764,102
TIC 15395,15395,102
TIC 15480,15480,102
TIC 28465,28465,102
TIC 29465,29465,102
TIC 4030832,4030832,102
TIC 4040541,4040541,102
TIC 7413227,7413227,102
TIC 7437395,7437395,102
TIC 7439480,7439480,102
TIC 7439481,7439481,102
TIC 7440160,7440160,102
TIC 7442000,7442000,102
TIC 7442065,7442065,102
TIC 7470884,7470884,102
TIC 7470978,7470978,102
TIC 7475132,7475132,102
TIC 7549361,7549361,102
TIC 7551387,7551387,102
TIC 7587123,7587123,102
TIC 7587203,7587203,102
TIC 10537428,10537428,102
TIC 30019872,30019872,102
TIC 30066566,30066566,102
TIC 30067072,30067072,102
TIC 30067436,30067436,102
TIC 30069525,30069525,102
TIC 30098693,30098693,102
TIC 30169733,30169733,102
TIC 30199562,30199562,102
TIC 30199784,30199784,102
TIC 30201932,30201932,102
TIC 30202563,30202563,102
TIC 30245307,30245307,102
TIC 30245313,30245313,102
TIC 30248199,30248199,102
TIC 30287172,30287172,102
TIC 30287190,30287190,102
TIC 30599328,30599328,102
TIC 30662199,30662199,102
TIC 30805149,30805149,102
TIC 31057190,31057190,102
TIC 31057630,31057630,102
TIC 31060479,31060479,102
TIC 31096993,31096993,102
TIC 31097805,31097805,102
TIC 31134945,31134945,102
TIC 31135383,31135383,102
TIC 31139138,31139138,102
TIC 31241050,31241050,102
TIC 40452703,40452703,102
TIC 42957681,42957681,102
TIC 43221130,43221130,102
TIC 44625421,44625421,102
TIC 44626002,44626002,102
TIC 46218875,46218875,102
TIC 47193106,47193106,102
TIC 47198926,47198926,102
TIC 47617161,47617161,102
TIC 47618130,47618130,102
TIC 47618231,47618231,102
TIC 47618442,47618442,102
TIC 47619476,47619476,102
TIC 47621242,47621242,102
TIC 47622411,47622411,102
TIC 47622581,47622581,102
TIC 47702696,47702696,102
TIC 47748785,47748785,102
TIC 47752102,47752102,102
TIC 47753261,47753261,102
TIC 47754540,47754540,102
TIC 47831368,47831368,102
TIC 47831413,47831413,102
TIC 47831767,47831767,102
TIC 47831828,47831828,102
TIC 47831950,47831950,102
TIC 47833453,47833453,102
TIC 47833455,47833455,102
TIC 47886825,47886825,102
TIC 47887337,47887337,102
TIC 47888050,47888050,102
TIC 47888502,47888502,102
TIC 47951552,47951552,102
TIC 47958845,47958845,102
TIC 48001775,48001775,102
TIC 48002277,48002277,102
TIC 48064387,48064387,102
TIC 48072674,48072674,102
TIC 48115087,48115087,102
TIC 48117577,48117577,102
TIC 48117777,48117777,102
TIC 48117786,48117786,102
TIC 48118967,48118967,102
TIC 48186931,48186931,102
TIC 48232549,48232549,102
TIC 48438278,48438278,102
TIC 49196232,49196232,102
TIC 49206298,49206298,102
TIC 49287501,49287501,102
TIC 49321839,49321839,102
TIC 49321840,49321840,102
TIC 49332532,49332532,102
TIC 49421288,49421288,102
TIC 58533670,58533670,102
TIC 58533991,58533991,102
TIC 58613275,58613275,102
TIC 58715174,58715174,102
TIC 58715528,58715528,102
TIC 58737412,58737412,102
TIC 60735803,60735803,102
TIC 60768112,60768112,102
TIC 60768882,60768882,102
TIC 60768923,60768923,102
TIC 60770441,60770441,102
TIC 60792439,60792439,102
TIC 60793020,60793020,102
TIC 60857616,60857616,102
TIC 60859384,60859384,102
TIC 60859922,60859922,102
TIC 60870281,60870281,102
TIC 66620917,66620917,102
TIC 67074885,67074885,102
TIC 68416946,68416946,102
TIC 68433506,68433506,102
TIC 69183622,69183622,102
TIC 69642644,69642644,102
TIC 70082316,70082316,102
TIC 72574624,72574624,102
TIC 72591781,72591781,102
TIC 72592101,72592101,102
TIC 72592698,72592698,102
TIC 72593890,72593890,102
TIC 72593986,72593986,102
TIC 72594338,72594338,102
TIC 72645279,72645279,102
TIC 72687389,72687389,102
TIC 72687414,72687414,102
TIC 72748622,72748622,102
TIC 72749322,72749322,102
TIC 72776819,72776819,102
TIC 72822284,72822284,102
TIC 72822768,72822768,102
TIC 72825340,72825340,102
TIC 72899924,72899924,102
TIC 72900480,72900480,102
TIC 72933537,72933537,102
TIC 72994417,72994417,102
TIC 73610493,73610493,102
TIC 74426545,74426545,102
TIC 74847780,74847780,102
TIC 75703490,75703490,102
TIC 75708367,75708367,102
TIC 77399868,77399868,102
TIC 78205695,78205695,102
TIC 78652307,78652307,102
TIC 80724706,80724706,102
TIC 81119802,81119802,102
TIC 83211097,83211097,102
TIC 83211319,83211319,102
TIC 83211462,83211462,102
TIC 83214030,83214030,102
TIC 83229320,83229320,102
TIC 83258212,83258212,102
TIC 83289812,83289812,102
TIC 83330389,83330389,102
TIC 83335524,83335524,102
TIC 83357200,83357200,102
TIC 83360059,83360059,102
TIC 83361076,83361076,102
TIC 83391616,83391616,102
TIC 83392467,83392467,102
TIC 83392568,83392568,102
TIC 83393195,83393195,102
TIC 83393196,83393196,102
TIC 83395136,83395136,102
TIC 83446555,83446555,102
TIC 83451882,83451882,102
TIC 83485433,83485433,102
TIC 83487793,83487793,102
TIC 83491001,83491001,102
TIC 83491003,83491003,102
TIC 83493831,83493831,102
TIC 83497304,83497304,102
TIC 83545389,83545389,102
TIC 83547797,83547797,102
TIC 83549142,83549142,102
TIC 83550199,83550199,102
TIC 83551134,83551134,102
TIC 83582707,83582707,102
TIC 83585826,83585826,102
TIC 83586438,83586438,102
TIC 83592351,83592351,102
TIC 83631070,83631070,102
TIC 83631960,83631960,102
TIC 83632480,83632480,102
TIC 83655073,83655073,102
TIC 83656667,83656667,102
TIC 83657117,83657117,102
TIC 83657521,83657521,102
TIC 83657768,83657768,102
TIC 83658365,83658365,102
TIC 83676079,83676079,102
TIC 83704617,83704617,102
TIC 83757145,83757145,102
TIC 83757147,83757147,102
TIC 83757189,83757189,102
TIC 83757659,83757659,102
TIC 83758236,83758236,102
TIC 83780313,83780313,102
TIC 83782441,83782441,102
TIC 83783051,83783051,102
TIC 83784306,83784306,102
TIC 83785370,83785370,102
TIC 83834220,83834220,102
TIC 83838404,83838404,102
TIC 83839151,83839151,102
TIC 83860778,83860778,102
TIC 83863971,83863971,102
TIC 83864690,83864690,102
TIC 83913974,83913974,102
TIC 83917517,83917517,102
TIC 83938761,83938761,102
TIC 86158376,86158376,102
TIC 87443546,87443546,102
TIC 88790350,88790350,102
TIC 89019529,89019529,102
TIC 89162734,89162734,102
TIC 89831209,89831209,102
TIC 97884635,97884635,102
TIC 97975310,97975310,102
TIC 98020331,98020331,102
TIC 98020332,98020332,102
TIC 98123487,98123487,102
TIC 101773115,101773115,102
TIC 101870924,101870924,102
TIC 101938521,101938521,102
TIC 101939196,101939196,102
TIC 101939628,101939628,102
TIC 101940827,101940827,102
TIC 101967594,101967594,102
TIC 101969923,101969923,102
TIC 102041504,102041504,102
TIC 102042166,102042166,102
TIC 102042218,102042218,102
TIC 103577980,103577980,102
TIC 103747951,103747951,102
TIC 103777040,103777040,102
TIC 103940766,103940766,102
TIC 107223206,107223206,102
TIC 107223207,107223207,102
TIC 107245976,107245976,102
TIC 107246820,107246820,102
TIC 107250426,107250426,102
TIC 107284659,107284659,102
TIC 107285822,107285822,102
TIC 107285994,107285994,102
TIC 107288978,107288978,102
TIC 107309237,107309237,102
TIC 107310012,107310012,102
TIC 107310223,107310223,102
TIC 107310549,107310549,102
TIC 107377469,107377469,102
TIC 107401547,107401547,102
TIC 107461667,107461667,102
TIC 107462919,107462919,102
TIC 107463148,107463148,102
TIC 107504747,107504747,102
TIC 107504752,107504752,102
TIC 107506563,107506563,102
TIC 107507173,107507173,102
TIC 107507962,107507962,102
TIC 107511613,107511613,102
TIC 107548305,107548305,102
TIC 107550319,107550319,102
TIC 107550903,107550903,102
TIC 107552320,107552320,102
TIC 107552322,107552322,102
TIC 107609915,107609915,102
TIC 107609917,107609917,102
TIC 107610580,107610580,102
TIC 107614154,107614154,102
TIC 107616651,107616651,102
TIC 107652210,107652210,102
TIC 107653567,107653567,102
TIC 107654210,107654210,102
TIC 111834564,111834564,102
TIC 111834730,111834730,102
TIC 111835484,111835484,102
TIC 111836065,111836065,102
TIC 111838943,111838943,102
TIC 111868456,111868456,102
TIC 111876082,111876082,102
TIC 111880742,111880742,102
TIC 111880795,111880795,102
TIC 111946196,111946196,102
TIC 111946960,111946960,102
TIC 111947267,111947267,102
TIC 111947706,111947706,102
TIC 111948529,111948529,102
TIC 111950240,111950240,102
TIC 111950241,111950241,102
TIC 111988284,111988284,102
TIC 111988286,111988286,102
TIC 111990273,111990273,102
TIC 111991770,111991770,102
TIC 111992340,111992340,102
TIC 112028775,112028775,102
TIC 112031255,112031255,102
TIC 112037166,112037166,102
TIC 112037211,112037211,102
TIC 112038594,112038594,102
TIC 112040169,112040169,102
TIC 112075279,112075279,102
TIC 112076276,112076276,102
TIC 112083186,112083186,102
TIC 112099249,112099249,102
TIC 112176566,112176566,102
TIC 112176925,112176925,102
TIC 112181349,112181349,102
TIC 112181864,112181864,102
TIC 112183210,112183210,102
TIC 113275637,113275637,102
TIC 113278226,113278226,102
TIC 113278456,113278456,102
TIC 113350106,113350106,102
TIC 113350416,113350416,102
TIC 118194917,118194917,102
TIC 119461830,119461830,102
TIC 120138212,120138212,102
TIC 120471632,120471632,102
TIC 121059130,121059130,102
TIC 121062105,121062105,102
TIC 121094269,121094269,102
TIC 121094784,121094784,102
TIC 121094871,121094871,102
TIC 121095946,121095946,102
TIC 121096687,121096687,102
TIC 121097077,121097077,102
TIC 121097596,121097596,102
TIC 121098253,121098253,102
TIC 121098563,121098563,102
TIC 121101318,121101318,102
TIC 121102052,121102052,102
TIC 121103722,121103722,102
TIC 121194310,121194310,102
TIC 121194926,121194926,102
TIC 121196226,121196226,102
TIC 121196256,121196256,102
TIC 121240521,121240521,102
TIC 121241912,121241912,102
TIC 121242334,121242334,102
TIC 121247405,121247405,102
TIC 121250534,121250534,102
TIC 121250827,121250827,102
TIC 121304539,121304539,102
TIC 121348569,121348569,102
TIC 121351488,121351488,102
TIC 121353282,121353282,102
TIC 121353669,121353669,102
TIC 121357059,121357059,102
TIC 121362357,121362357,102
TIC 121362695,121362695,102
TIC 121407551,121407551,102
TIC 121408042,121408042,102
TIC 121409109,121409109,102
TIC 121409701,121409701,102
TIC 121411664,121411664,102
TIC 121415852,121415852,102
TIC 121416074,121416074,102
TIC 121475795,121475795,102
TIC 121483532,121483532,102
TIC 121560857,121560857,102
TIC 121560868,121560868,102
TIC 121560908,121560908,102
TIC 121563550,121563550,102
TIC 121623499,121623499,102
TIC 121625070,121625070,102
TIC 121632459,121632459,102
TIC 121632493,121632493,102
TIC 121634048,121634048,102
TIC 121661393,121661393,102
TIC 121662532,121662532,102
TIC 121668325,121668325,102
TIC 121669514,121669514,102
TIC 121670253,121670253,102
TIC 121672534,121672534,102
TIC 121780621,121780621,102
TIC 121784072,121784072,102
TIC 121786426,121786426,102
TIC 121787116,121787116,102
TIC 121787134,121787134,102
TIC 121792588,121792588,102
TIC 121794563,121794563,102
TIC 121796893,121796893,102
TIC 121838351,121838351,102
TIC 121839849,121839849,102
TIC 121850064,121850064,102
TIC 121850125,121850125,102
TIC 121857074,121857074,102
TIC 121858260,121858260,102
TIC 121927947,121927947,102
TIC 121932564,121932564,102
TIC 121979152,121979152,102
TIC 122050390,122050390,102
TIC 122051630,122051630,102
TIC 122052656,122052656,102
TIC 122058536,122058536,102
TIC 122162041,122162041,102
TIC 122162363,122162363,102
TIC 122165525,122165525,102
TIC 122244909,122244909,102
TIC 122288890,122288890,102
TIC 122290196,122290196,102
TIC 122292402,122292402,102
TIC 122293150,122293150,102
TIC 122353380,122353380,102
TIC 122400254,122400254,102
TIC 122402517,122402517,102
TIC 122407975,122407975,102
TIC 122408587,122408587,102
TIC 122455778,122455778,102
TIC 122551399,122551399,102
TIC 122552630,122552630,102
TIC 122554693,122554693,102
TIC 124427245,124427245,102
TIC 124603638,124603638,102
TIC 124693126,124693126,102
TIC 124693708,124693708,102
TIC 124768372,124768372,102
TIC 124768378,124768378,102
TIC 125080827,125080827,102
TIC 125080828,125080828,102
TIC 125080998,125080998,102
TIC 125433045,125433045,102
TIC 125729192,125729192,102
TIC 125729193,125729193,102
TIC 125729221,125729221,102
TIC 125729222,125729222,102
TIC 125730842,125730842,102
TIC 125739286,125739286,102
TIC 125740033,125740033,102
TIC 125741950,125741950,102
TIC 125742177,125742177,102
TIC 125742446,125742446,102
TIC 125742805,125742805,102
TIC 125743176,125743176,102
TIC 125743567,125743567,102
TIC 125758616,125758616,102
TIC 125779103,125779103,102
TIC 125779290,125779290,102
TIC 125802421,125802421,102
TIC 125810799,125810799,102
TIC 125829378,125829378,102
TIC 125829386,125829386,102
TIC 125831210,125831210,102
TIC 125833964,125833964,102
TIC 125836107,125836107,102
TIC 125873512,125873512,102
TIC 125877372,125877372,102
TIC 125877373,125877373,102
TIC 125879401,125879401,102
TIC 125880230,125880230,102
TIC 125924263,125924263,102
TIC 125930531,125930531,102
TIC 125930865,125930865,102
TIC 125983911,125983911,102
TIC 125984355,125984355,102
TIC 125986066,125986066,102
TIC 125989316,125989316,102
TIC 125989352,125989352,102
TIC 125990816,125990816,102
TIC 126046115,126046115,102
TIC 126046118,126046118,102
TIC 126465541,126465541,102
TIC 126970160,126970160,102
TIC 126975139,126975139,102
TIC 126980720,126980720,102
TIC 126980816,126980816,102
TIC 127022227,127022227,102
TIC 127023474,127023474,102
TIC 127023649,127023649,102
TIC 127025631,127025631,102
TIC 127025883,127025883,102
TIC 127026216,127026216,102
TIC 127026437,127026437,102
TIC 127028657,127028657,102
TIC 127032288,127032288,102
TIC 127033034,127033034,102
TIC 127088158,127088158,102
TIC 127088844,127088844,102
TIC 127089264,127089264,102
TIC 127091064,127091064,102
TIC 127092145,127092145,102
TIC 127092253,127092253,102
TIC 127096854,127096854,102
TIC 127100081,127100081,102
TIC 127170330,127170330,102
TIC 127194537,127194537,102
TIC 127195459,127195459,102
TIC 127203998,127203998,102
TIC 127204357,127204357,102
TIC 127239043,127239043,102
TIC 127246209,127246209,102
TIC 127247391,127247391,102
TIC 127249445,127249445,102
TIC 127249954,127249954,102
TIC 127308560,127308560,102
TIC 127310814,127310814,102
TIC 127311608,127311608,102
TIC 127312173,127312173,102
TIC 127312905,127312905,102
TIC 127316739,127316739,102
TIC 127318195,127318195,102
TIC 127319112,127319112,102
TIC 127372771,127372771,102
TIC 127375796,127375796,102
TIC 127382640,127382640,102
TIC 127432428,127432428,102
TIC 127435139,127435139,102
TIC 127437678,127437678,102
TIC 127442482,127442482,102
TIC 127528383,127528383,102
TIC 127528834,127528834,102
TIC 127530399,127530399,102
TIC 127532620,127532620,102
TIC 127601329,127601329,102
TIC 127603753,127603753,102
TIC 127662340,127662340,102
TIC 127663326,127663326,102
TIC 127664511,127664511,102
TIC 127725191,127725191,102
TIC 127791732,127791732,102
TIC 127794299,127794299,102
TIC 127860350,127860350,102
TIC 127861245,127861245,102
TIC 127861722,127861722,102
TIC 127866720,127866720,102
TIC 127869718,127869718,102
TIC 127949405,127949405,102
TIC 127949477,127949477,102
TIC 127949575,127949575,102
TIC 127950046,127950046,102
TIC 127952923,127952923,102
TIC 127953507,127953507,102
TIC 127955143,127955143,102
TIC 127955334,127955334,102
TIC 128005532,128005532,102
TIC 128012319,128012319,102
TIC 128014417,128014417,102
TIC 128079374,128079374,102
TIC 128080711,128080711,102
TIC 128082634,128082634,102
TIC 128083578,128083578,102
TIC 128083617,128083617,102
TIC 128118604,128118604,102
TIC 128119540,128119540,102
TIC 128208036,128208036,102
TIC 128210471,128210471,102
TIC 128213162,128213162,102
TIC 128214766,128214766,102
TIC 128284798,128284798,102
TIC 128285413,128285413,102
TIC 128288512,128288512,102
TIC 128347753,128347753,102
TIC 128352727,128352727,102
TIC 128408711,128408711,102
TIC 128408900,128408900,102
TIC 128409635,128409635,102
TIC 128409681,128409681,102
TIC 128414141,128414141,102
TIC 128447666,128447666,102
TIC 128447887,128447887,102
TIC 128449729,128449729,102
TIC 128449971,128449971,102
TIC 128454721,128454721,102
TIC 128529229,128529229,102
TIC 128531633,128531633,102
TIC 128538249,128538249,102
TIC 128540327,128540327,102
TIC 128551155,128551155,102
TIC 128586631,128586631,102
TIC 128620331,128620331,102
TIC 128621140,128621140,102
TIC 128622430,128622430,102
TIC 128622489,128622489,102
TIC 128623217,128623217,102
TIC 128624313,128624313,102
TIC 128693119,128693119,102
TIC 128696327,128696327,102
TIC 128697557,128697557,102
TIC 128703021,128703021,102
TIC 128752565,128752565,102
TIC 128829776,128829776,102
TIC 128833743,128833743,102
TIC 128835094,128835094,102
TIC 128835102,128835102,102
TIC 128835104,128835104,102
TIC 128839273,128839273,102
TIC 128839524,128839524,102
TIC 128885879,128885879,102
TIC 128888776,128888776,102
TIC 128948818,128948818,102
TIC 128982853,128982853,102
TIC 129053465,129053465,102
TIC 129057504,129057504,102
TIC 129060941,129060941,102
TIC 129117005,129117005,102
TIC 129117325,129117325,102
TIC 129186399,129186399,102
TIC 129191700,129191700,102
TIC 129192104,129192104,102
TIC 129227909,129227909,102
TIC 129230127,129230127,102
TIC 129230131,129230131,102
TIC 129230711,129230711,102
TIC 129239456,129239456,102
TIC 129241230,129241230,102
TIC 129246924,129246924,102
TIC 129309458,129309458,102
TIC 129416036,129416036,102
TIC 129419398,129419398,102
TIC 129425814,129425814,102
TIC 129468675,129468675,102
TIC 129470268,129470268,102
TIC 129473639,129473639,102
TIC 129547934,129547934,102
TIC 129549285,129549285,102
TIC 129552814,129552814,102
TIC 129558492,129558492,102
TIC 129560048,129560048,102
TIC 129623324,129623324,102
TIC 129629605,129629605,102
TIC 129662780,129662780,102
TIC 129775925,129775925,102
TIC 129778070,129778070,102
TIC 129827934,129827934,102
TIC 129890791,129890791,102
TIC 129892047,129892047,102
TIC 129893000,129893000,102
TIC 129893049,129893049,102
TIC 129894519,129894519,102
TIC 129897311,129897311,102
TIC 129897649,129897649,102
TIC 129897650,129897650,102
TIC 129947939,129947939,102
TIC 129948345,129948345,102
TIC 129954502,129954502,102
TIC 129954965,129954965,102
TIC 130010183,130010183,102
TIC 130011375,130011375,102
TIC 130066313,130066313,102
TIC 130430186,130430186,102
TIC 130430194,130430194,102
TIC 130430195,130430195,102
TIC 130808781,130808781,102
TIC 131329549,131329549,102
TIC 131330815,131330815,102
TIC 131330816,131330816,102
TIC 131331583,131331583,102
TIC 131332934,131332934,102
TIC 131352624,131352624,102
TIC 131411936,131411936,102
TIC 131429065,131429065,102
TIC 131431998,131431998,102
TIC 131432644,131432644,102
TIC 131432688,131432688,102
TIC 131433309,131433309,102
TIC 131498447,131498447,102
TIC 131936123,131936123,102
TIC 132241629,132241629,102
TIC 132245544,132245544,102
TIC 132611413,132611413,102
TIC 132622108,132622108,102
TIC 133701671,133701671,102
TIC 133701683,133701683,102
TIC 134024409,134024409,102
TIC 134362049,134362049,102
TIC 135939383,135939383,102
TIC 135943889,135943889,102
TIC 135944328,135944328,102
TIC 136274063,136274063,102
TIC 136915882,136915882,102
TIC 136916387,136916387,102
TIC 137222573,137222573,102
TIC 137872682,137872682,102
TIC 138187450,138187450,102
TIC 138188560,138188560,102
TIC 139456204,139456204,102
TIC 139679492,139679492,102
TIC 139875765,139875765,102
TIC 139880563,139880563,102
TIC 139984275,139984275,102
TIC 140041379,140041379,102
TIC 140067390,140067390,102
TIC 140485896,140485896,102
TIC 140715180,140715180,102
TIC 140724078,140724078,102
TIC 140762174,140762174,102
TIC 140762187,140762187,102
TIC 140768124,140768124,102
TIC 140768618,140768618,102
TIC 141045436,141045436,102
TIC 141045993,141045993,102
TIC 141074654,141074654,102
TIC 141347973,141347973,102
TIC 141390785,141390785,102
TIC 141662384,141662384,102
TIC 141662385,141662385,102
TIC 141663326,141663326,102
TIC 141663529,141663529,102
TIC 141669551,141669551,102
TIC 141669660,141669660,102
TIC 141691538,141691538,102
TIC 141961225,141961225,102
TIC 141961796,141961796,102
TIC 142019956,142019956,102
TIC 142029026,142029026,102
TIC 142245721,142245721,102
TIC 142250087,142250087,102
TIC 142250801,142250801,102
TIC 142250845,142250845,102
TIC 142329176,142329176,102
TIC 142329679,142329679,102
TIC 142334562,142334562,102
TIC 142505108,142505108,102
TIC 142505560,142505560,102
TIC 142505974,142505974,102
TIC 142506950,142506950,102
TIC 142511932,142511932,102
TIC 142513032,142513032,102
TIC 142518324,142518324,102
TIC 142812084,142812084,102
TIC 142812088,142812088,102
TIC 142812861,142812861,102
TIC 142818984,142818984,102
TIC 142819569,142819569,102
TIC 143127398,143127398,102
TIC 143128783,143128783,102
TIC 143298188,143298188,102
TIC 143306434,143306434,102
TIC 143414073,143414073,102
TIC 143414168,143414168,102
TIC 143420854,143420854,102
TIC 143705205,143705205,102
TIC 143705973,143705973,102
TIC 143706523,143706523,102
TIC 143850430,143850430,102
TIC 143852280,143852280,102
TIC 143859261,143859261,102
TIC 143894228,143894228,102
TIC 143895450,143895450,102
TIC 143896271,143896271,102
TIC 143927507,143927507,102
TIC 143934343,143934343,102
TIC 143943592,143943592,102
TIC 143949910,143949910,102
TIC 143980685,143980685,102
TIC 144028101,144028101,102
TIC 144582845,144582845,102
TIC 144637483,144637483,102
TIC 144637867,144637867,102
TIC 144638918,144638918,102
TIC 144639753,144639753,102
TIC 144640924,144640924,102
TIC 144645881,144645881,102
TIC 144648596,144648596,102
TIC 144933945,144933945,102
TIC 144953387,144953387,102
TIC 145004854,145004854,102
TIC 145054120,145054120,102
TIC 145204126,145204126,102
TIC 145204443,145204443,102
TIC 145204601,145204601,102
TIC 145482588,145482588,102
TIC 145798431,145798431,102
TIC 145804834,145804834,102
TIC 145804908,145804908,102
TIC 146076932,146076932,102
TIC 146077130,146077130,102
TIC 146159585,146159585,102
TIC 146160146,146160146,102
TIC 146357787,146357787,102
TIC 146454560,146454560,102
TIC 147219064,147219064,102
TIC 147221715,147221715,102
TIC 147226597,147226597,102
TIC 147229305,147229305,102
TIC 147541271,147541271,102
TIC 147549593,147549593,102
TIC 147551675,147551675,102
TIC 147723246,147723246,102
TIC 147822755,147822755,102
TIC 147829016,147829016,102
TIC 148016893,148016893,102
TIC 148133787,148133787,102
TIC 148141415,148141415,102
TIC 148749514,148749514,102
TIC 148749525,148749525,102
TIC 149022647,149022647,102
TIC 149030773,149030773,102
TIC 149323631,149323631,102
TIC 149640056,149640056,102
TIC 150801707,150801707,102
TIC 150803999,150803999,102
TIC 150808542,150808542,102
TIC 150810466,150810466,102
TIC 151746799,151746799,102
TIC 151747664,151747664,102
TIC 152377452,152377452,102
TIC 152385559,152385559,102
TIC 153415912,153415912,102
TIC 153788562,153788562,102
TIC 154117121,154117121,102
TIC 154780284,154780284,102
TIC 155757287,155757287,102
TIC 158857190,158857190,102
TIC 158861047,158861047,102
TIC 158861190,158861190,102
TIC 158861354,158861354,102
TIC 158863388,158863388,102
TIC 158948694,158948694,102
TIC 158974607,158974607,102
TIC 158975431,158975431,102
TIC 158977739,158977739,102
TIC 158978146,158978146,102
TIC 158978373,158978373,102
TIC 158978658,158978658,102
TIC 158981324,158981324,102
TIC 158981836,158981836,102
TIC 158982315,158982315,102
TIC 159034513,159034513,102
TIC 159034720,159034720,102
TIC 159034875,159034875,102
TIC 159039014,159039014,102
TIC 159040360,159040360,102
TIC 159043143,159043143,102
TIC 159074596,159074596,102
TIC 159074957,159074957,102
TIC 159075628,159075628,102
TIC 159081211,159081211,102
TIC 159083506,159083506,102
TIC 159084106,159084106,102
TIC 159149812,159149812,102
TIC 159150734,159150734,102
TIC 159153559,159153559,102
TIC 159154410,159154410,102
TIC 159192758,159192758,102
TIC 159195919,159195919,102
TIC 159197255,159197255,102
TIC 159261916,159261916,102
TIC 159262969,159262969,102
TIC 159265378,159265378,102
TIC 159265989,159265989,102
TIC 159315099,159315099,102
TIC 159317657,159317657,102
TIC 159320508,159320508,102
TIC 159322360,159322360,102
TIC 159365452,159365452,102
TIC 159372538,159372538,102
TIC 159376787,159376787,102
TIC 159379977,159379977,102
TIC 159422640,159422640,102
TIC 159424529,159424529,102
TIC 159428519,159428519,102
TIC 159428617,159428617,102
TIC 159429051,159429051,102
TIC 159489053,159489053,102
TIC 159495863,159495863,102
TIC 159496289,159496289,102
TIC 159496513,159496513,102
TIC 159496676,159496676,102
TIC 159528504,159528504,102
TIC 159535297,159535297,102
TIC 159536015,159536015,102
TIC 159537448,159537448,102
TIC 159589178,159589178,102
TIC 159589410,159589410,102
TIC 159589603,159589603,102
TIC 159594715,159594715,102
TIC 159655520,159655520,102
TIC 159656570,159656570,102
TIC 159659088,159659088,102
TIC 159662343,159662343,102
TIC 159707692,159707692,102
TIC 159708899,159708899,102
TIC 159712752,159712752,102
TIC 159751326,159751326,102
TIC 159752939,159752939,102
TIC 159754469,159754469,102
TIC 159754671,159754671,102
TIC 159754676,159754676,102
TIC 159755466,159755466,102
TIC 159756522,159756522,102
TIC 159757364,159757364,102
TIC 159757630,159757630,102
TIC 159757932,159757932,102
TIC 159821024,159821024,102
TIC 159822811,159822811,102
TIC 159824296,159824296,102
TIC 159825551,159825551,102
TIC 159826045,159826045,102
TIC 159826940,159826940,102
TIC 159827589,159827589,102
TIC 159861879,159861879,102
TIC 159865726,159865726,102
TIC 159866419,159866419,102
TIC 159869523,159869523,102
TIC 159929111,159929111,102
TIC 159932751,159932751,102
TIC 159933085,159933085,102
TIC 159934652,159934652,102
TIC 159994000,159994000,102
TIC 159995914,159995914,102
TIC 159996002,159996002,102
TIC 159996466,159996466,102
TIC 160001375,160001375,102
TIC 160001637,160001637,102
TIC 160056476,160056476,102
TIC 160059700,160059700,102
TIC 160061147,160061147,102
TIC 160086759,160086759,102
TIC 160095372,160095372,102
TIC 160150808,160150808,102
TIC 160151636,160151636,102
TIC 160152672,160152672,102
TIC 160156631,160156631,102
TIC 160157250,160157250,102
TIC 160157693,160157693,102
TIC 160211682,160211682,102
TIC 160288091,160288091,102
TIC 160289653,160289653,102
TIC 160292501,160292501,102
TIC 160293822,160293822,102
TIC 160295582,160295582,102
TIC 160295940,160295940,102
TIC 160296452,160296452,102
TIC 160335602,160335602,102
TIC 160339274,160339274,102
TIC 160340001,160340001,102
TIC 160342015,160342015,102
TIC 160342386,160342386,102
TIC 160342506,160342506,102
TIC 160343798,160343798,102
TIC 160402713,160402713,102
TIC 160403365,160403365,102
TIC 160404487,160404487,102
TIC 160413824,160413824,102
TIC 160417350,160417350,102
TIC 160418081,160418081,102
TIC 160442598,160442598,102
TIC 160442729,160442729,102
TIC 160444291,160444291,102
TIC 160444622,160444622,102
TIC 160444687,160444687,102
TIC 160476088,160476088,102
TIC 160478438,160478438,102
TIC 160483016,160483016,102
TIC 160483253,160483253,102
TIC 160484494,160484494,102
TIC 160486806,160486806,102
TIC 160502472,160502472,102
TIC 160502478,160502478,102
TIC 160502580,160502580,102
TIC 160537981,160537981,102
TIC 160539036,160539036,102
TIC 160543551,160543551,102
TIC 160545037,160545037,102
TIC 160545965,160545965,102
TIC 160573277,160573277,102
TIC 160574439,160574439,102
TIC 160575035,160575035,102
TIC 160578764,160578764,102
TIC 160620676,160620676,102
TIC 160623681,160623681,102
TIC 160630615,160630615,102
TIC 160631812,160631812,102
TIC 160632888,160632888,102
TIC 160632970,160632970,102
TIC 160633268,160633268,102
TIC 160635811,160635811,102
TIC 160636601,160636601,102
TIC 160637038,160637038,102
TIC 160638398,160638398,102
TIC 160639549,160639549,102
TIC 160640370,160640370,102
TIC 160642647,160642647,102
TIC 160692652,160692652,102
TIC 160695823,160695823,102
TIC 160700822,160700822,102
TIC 160701354,160701354,102
TIC 160702612,160702612,102
TIC 160703546,160703546,102
TIC 160704414,160704414,102
TIC 160706790,160706790,102
TIC 160707155,160707155,102
TIC 160708862,160708862,102
TIC 160741560,160741560,102
TIC 160747321,160747321,102
TIC 160747323,160747323,102
TIC 160824451,160824451,102
TIC 160887614,160887614,102
TIC 160890430,160890430,102
TIC 160890565,160890565,102
TIC 160892110,160892110,102
TIC 160968032,160968032,102
TIC 160968460,160968460,102
TIC 160972431,160972431,102
TIC 160977077,160977077,102
TIC 161052103,161052103,102
TIC 161052108,161052108,102
TIC 161052887,161052887,102
TIC 161053434,161053434,102
TIC 161101234,161101234,102
TIC 161105295,161105295,102
TIC 161137557,161137557,102
TIC 161194825,161194825,102
TIC 161198040,161198040,102
TIC 161262978,161262978,102
TIC 161271115,161271115,102
TIC 161333043,161333043,102
TIC 161356237,161356237,102
TIC 161441781,161441781,102
TIC 165770388,165770388,102
TIC 165770389,165770389,102
TIC 165773298,165773298,102
TIC 165827520,165827520,102
TIC 165872361,165872361,102
TIC 165895694,165895694,102
TIC 165969112,165969112,102
TIC 165972298,165972298,102
TIC 166001183,166001183,102
TIC 166001802,166001802,102
TIC 166078885,166078885,102
TIC 166079654,166079654,102
TIC 166079658,166079658,102
TIC 166080242,166080242,102
TIC 166230886,166230886,102
TIC 166233471,166233471,102
TIC 166233894,166233894,102
TIC 166310851,166310851,102
TIC 166320868,166320868,102
TIC 166324492,166324492,102
TIC 166327075,166327075,102
TIC 166387228,166387228,102
TIC 166388351,166388351,102
TIC 166417326,166417326,102
TIC 166419653,166419653,102
TIC 166522095,166522095,102
TIC 166570184,166570184,102
TIC 166572450,166572450,102
TIC 166576067,166576067,102
TIC 166576834,166576834,102
TIC 166617521,166617521,102
TIC 166624597,166624597,102
TIC 166662332,166662332,102
TIC 166662588,166662588,102
TIC 166664024,166664024,102
TIC 166703438,166703438,102
TIC 166753423,166753423,102
TIC 166756122,166756122,102
TIC 166756574,166756574,102
TIC 166793425,166793425,102
TIC 166795583,166795583,102
TIC 166888663,166888663,102
TIC 166989783,166989783,102
TIC 167397242,167397242,102
TIC 167442161,167442161,102
TIC 167442762,167442762,102
TIC 167444999,167444999,102
TIC 167445627,167445627,102
TIC 167449196,167449196,102
TIC 167476144,167476144,102
TIC 167477661,167477661,102
TIC 167479085,167479085,102
TIC 167480388,167480388,102
TIC 167480737,167480737,102
TIC 167481583,167481583,102
TIC 167481970,167481970,102
TIC 167481974,167481974,102
TIC 167543393,167543393,102
TIC 167546864,167546864,102
TIC 167548304,167548304,102
TIC 167592810,167592810,102
TIC 167597352,167597352,102
TIC 167598132,167598132,102
TIC 167662395,167662395,102
TIC 167664935,167664935,102
TIC 169854185,169854185,102
TIC 169857228,169857228,102
TIC 169949494,169949494,102
TIC 170043521,170043521,102
TIC 170055993,170055993,102
TIC 170056887,170056887,102
TIC 170056888,170056888,102
TIC 170140527,170140527,102
TIC 170341426,170341426,102
TIC 170602411,170602411,102
TIC 170603117,170603117,102
TIC 170681072,170681072,102
TIC 171210997,171210997,102
TIC 171384908,171384908,102
TIC 171532358,171532358,102
TIC 171644414,171644414,102
TIC 171886633,171886633,102
TIC 172202225,172202225,102
TIC 172317034,172317034,102
TIC 172317707,172317707,102
TIC 172638193,172638193,102
TIC 173372181,173372181,102
TIC 173987938,173987938,102
TIC 174185806,174185806,102
TIC 178821242,178821242,102
TIC 178892789,178892789,102
TIC 178892828,178892828,102
TIC 178892829,178892829,102
TIC 178929717,178929717,102
TIC 178959057,178959057,102
TIC 178959058,178959058,102
TIC 178960553,178960553,102
TIC 178962001,178962001,102
TIC 178965470,178965470,102
TIC 178965914,178965914,102
TIC 178966330,178966330,102
TIC 179006184,179006184,102
TIC 179006576,179006576,102
TIC 179006947,179006947,102
TIC 179026807,179026807,102
TIC 179026809,179026809,102
TIC 179027432,179027432,102
TIC 179027553,179027553,102
TIC 179130687,179130687,102
TIC 179133784,179133784,102
TIC 179134959,179134959,102
TIC 179188558,179188558,102
TIC 179191662,179191662,102
TIC 179192313,179192313,102
TIC 179220436,179220436,102
TIC 179221689,179221689,102
TIC 179251083,179251083,102
TIC 179287362,179287362,102
TIC 179291515,179291515,102
TIC 179291552,179291552,102
TIC 179292549,179292549,102
TIC 179319057,179319057,102
TIC 179320299,179320299,102
TIC 179361570,179361570,102
TIC 179365107,179365107,102
TIC 179367009,179367009,102
TIC 179367270,179367270,102
TIC 179405612,179405612,102
TIC 179410344,179410344,102
TIC 179411006,179411006,102
TIC 179413040,179413040,102
TIC 179413673,179413673,102
TIC 179413905,179413905,102
TIC 179450088,179450088,102
TIC 179451870,179451870,102
TIC 179453712,179453712,102
TIC 179496300,179496300,102
TIC 179499804,179499804,102
TIC 179502485,179502485,102
TIC 179537916,179537916,102
TIC 179538740,179538740,102
TIC 179538968,179538968,102
TIC 179539294,179539294,102
TIC 179539303,179539303,102
TIC 179539433,179539433,102
TIC 179544753,179544753,102
TIC 179566059,179566059,102
TIC 179569864,179569864,102
TIC 179570253,179570253,102
TIC 179614003,179614003,102
TIC 179615113,179615113,102
TIC 179622555,179622555,102
TIC 179669627,179669627,102
TIC 179669729,179669729,102
TIC 179669857,179669857,102
TIC 179674537,179674537,102
TIC 179705212,179705212,102
TIC 179712650,179712650,102
TIC 179714174,179714174,102
TIC 179715231,179715231,102
TIC 179717813,179717813,102
TIC 179739531,179739531,102
TIC 179739873,179739873,102
TIC 179740808,179740808,102
TIC 179743507,179743507,102
TIC 179745228,179745228,102
TIC 179746019,179746019,102
TIC 179784667,179784667,102
TIC 179787082,179787082,102
TIC 179788018,179788018,102
TIC 179790704,179790704,102
TIC 179793013,179793013,102
TIC 179814238,179814238,102
TIC 179821882,179821882,102
TIC 179822391,179822391,102
TIC 179827912,179827912,102
TIC 179828850,179828850,102
TIC 179828938,179828938,102
TIC 179829512,179829512,102
TIC 179830753,179830753,102
TIC 179875936,179875936,102
TIC 179875966,179875966,102
TIC 179877070,179877070,102
TIC 179878368,179878368,102
TIC 179878569,179878569,102
TIC 179878718,179878718,102
TIC 179878966,179878966,102
TIC 179882817,179882817,102
TIC 179903320,179903320,102
TIC 179905128,179905128,102
TIC 179906345,179906345,102
TIC 179907564,179907564,102
TIC 179908085,179908085,102
TIC 179908912,179908912,102
TIC 179951194,179951194,102
TIC 179954534,179954534,102
TIC 179956109,179956109,102
TIC 179956516,179956516,102
TIC 179959424,179959424,102
TIC 179959875,179959875,102
TIC 179960049,179960049,102
TIC 179960552,179960552,102
TIC 179964001,179964001,102
TIC 179965963,179965963,102
TIC 180022332,180022332,102
TIC 180027857,180027857,102
TIC 180028370,180028370,102
TIC 180028859,180028859,102
TIC 186089825,186089825,102
TIC 188865842,188865842,102
TIC 188948405,188948405,102
TIC 188953543,188953543,102
TIC 188961994,188961994,102
TIC 189026573,189026573,102
TIC 189092005,189092005,102
TIC 189309573,189309573,102
TIC 189379939,189379939,102
TIC 189430890,189430890,102
TIC 189560238,189560238,102
TIC 189561605,189561605,102
TIC 189599637,189599637,102
TIC 189608533,189608533,102
TIC 189834748,189834748,102
TIC 189834927,189834927,102
TIC 189931058,189931058,102
TIC 190138951,190138951,102
TIC 190148055,190148055,102
TIC 190148804,190148804,102
TIC 190369353,190369353,102
TIC 190398822,190398822,102
TIC 190415214,190415214,102
TIC 190464348,190464348,102
TIC 190564890,190564890,102
TIC 190634775,190634775,102
TIC 190709664,190709664,102
TIC 190714422,190714422,102
TIC 197767178,197767178,102
TIC 197952868,197952868,102
TIC 197959361,197959361,102
TIC 197977097,197977097,102
TIC 197978847,197978847,102
TIC 197979610,197979610,102
TIC 197980575,197980575,102
TIC 197989685,197989685,102
TIC 201255204,201255204,102
TIC 201309769,201309769,102
TIC 201310151,201310151,102
TIC 201352214,201352214,102
TIC 206284989,206284989,102
TIC 206360745,206360745,102
TIC 206815368,206815368,102
TIC 206828302,206828302,102
TIC 206967767,206967767,102
TIC 207113343,207113343,102
TIC 207446984,207446984,102
TIC 207450841,207450841,102
TIC 207458362,207458362,102
TIC 207505006,207505006,102
TIC 207511576,207511576,102
TIC 207556694,207556694,102
TIC 207560497,207560497,102
TIC 207857392,207857392,102
TIC 207981062,207981062,102
TIC 207981861,207981861,102
TIC 207988674,207988674,102
TIC 208038051,208038051,102
TIC 208110884,208110884,102
TIC 208114754,208114754,102
TIC 208116500,208116500,102
TIC 208116533,208116533,102
TIC 208207964,208207964,102
TIC 208261387,208261387,102
TIC 208284358,208284358,102
TIC 208286471,208286471,102
TIC 208297760,208297760,102
TIC 208394930,208394930,102
TIC 208411338,208411338,102
TIC 208496290,208496290,102
TIC 208534201,208534201,102
TIC 208640009,208640009,102
TIC 208641050,208641050,102
TIC 208687691,208687691,102
TIC 208772165,208772165,102
TIC 208772211,208772211,102
TIC 208772468,208772468,102
TIC 208773258,208773258,102
TIC 208816059,208816059,102
TIC 211519761,211519761,102
TIC 214676349,214676349,102
TIC 214716930,214716930,102
TIC 214724054,214724054,102
TIC 214724055,214724055,102
TIC 214933198,214933198,102
TIC 215111769,215111769,102
TIC 215132982,215132982,102
TIC 215354488,215354488,102
TIC 215354826,215354826,102
TIC 215520816,215520816,102
TIC 215862202,215862202,102
TIC 216055581,216055581,102
TIC 216065006,216065006,102
TIC 216448331,216448331,102
TIC 217037213,217037213,102
TIC 219120579,219120579,102
TIC 219139751,219139751,102
TIC 219140650,219140650,102
TIC 219332453,219332453,102
TIC 219332485,219332485,102
TIC 219332771,219332771,102
TIC 219976663,219976663,102
TIC 220375917,220375917,102
TIC 220491897,220491897,102
TIC 220496357,220496357,102
TIC 220664371,220664371,102
TIC 220873834,220873834,102
TIC 220877777,220877777,102
TIC 220978100,220978100,102
TIC 221002144,221002144,102
TIC 221100311,221100311,102
TIC 221117575,221117575,102
TIC 221163086,221163086,102
TIC 221164716,221164716,102
TIC 221192014,221192014,102
TIC 221193587,221193587,102
TIC 221251469,221251469,102
TIC 221297976,221297976,102
TIC 221307887,221307887,102
TIC 221451009,221451009,102
TIC 221454557,221454557,102
TIC 221566773,221566773,102
TIC 221567653,221567653,102
TIC 221567884,221567884,102
TIC 221591792,221591792,102
TIC 221614904,221614904,102
TIC 221724023,221724023,102
TIC 221727593,221727593,102
TIC 221733870,221733870,102
TIC 221746564,221746564,102
TIC 221785300,221785300,102
TIC 221804193,221804193,102
TIC 221907430,221907430,102
TIC 222171334,222171334,102
TIC 222174960,222174960,102
TIC 222228700,222228700,102
TIC 222236569,222236569,102
TIC 229801988,229801988,102
TIC 231266325,231266325,102
TIC 231667327,231667327,102
TIC 231667346,231667346,102
TIC 231703242,231703242,102
TIC 231706611,231706611,102
TIC 231708952,231708952,102
TIC 231910337,231910337,102
TIC 231911171,231911171,102
TIC 231913444,231913444,102
TIC 234281755,234281755,102
TIC 234282351,234282351,102
TIC 234284933,234284933,102
TIC 234288207,234288207,102
TIC 234290907,234290907,102
TIC 234967625,234967625,102
TIC 234990333,234990333,102
TIC 234993287,234993287,102
TIC 234996701,234996701,102
TIC 235005214,235005214,102
TIC 235005215,235005215,102
TIC 235041234,235041234,102
TIC 237312769,237312769,102
TIC 237313246,237313246,102
TIC 237317437,237317437,102
TIC 237324767,237324767,102
TIC 237325372,237325372,102
TIC 237329236,237329236,102
TIC 237338677,237338677,102
TIC 238168956,238168956,102
TIC 238171697,238171697,102
TIC 238171952,238171952,102
TIC 238172404,238172404,102
TIC 238176984,238176984,102
TIC 238177471,238177471,102
TIC 238178474,238178474,102
TIC 238832536,238832536,102
TIC 241273373,241273373,102
TIC 241297273,241297273,102
TIC 241317466,241317466,102
TIC 241318996,241318996,102
TIC 241324070,241324070,102
TIC 241356493,241356493,102
TIC 241379510,241379510,102
TIC 241442273,241442273,102
TIC 241447466,241447466,102
TIC 241475810,241475810,102
TIC 241514174,241514174,102
TIC 241572463,241572463,102
TIC 241707359,241707359,102
TIC 241709284,241709284,102
TIC 241739877,241739877,102
TIC 241772704,241772704,102
TIC 241825308,241825308,102
TIC 241825778,241825778,102
TIC 241827747,241827747,102
TIC 241827885,241827885,102
TIC 241830772,241830772,102
TIC 241832614,241832614,102
TIC 241834032,241834032,102
TIC 241834087,241834087,102
TIC 241834592,241834592,102
TIC 241835011,241835011,102
TIC 241836611,241836611,102
TIC 241838088,241838088,102
TIC 241839813,241839813,102
TIC 241841935,241841935,102
TIC 241843318,241843318,102
TIC 241845273,241845273,102
TIC 241848510,241848510,102
TIC 241849415,241849415,102
TIC 241852820,241852820,102
TIC 241854378,241854378,102
TIC 241856112,241856112,102
TIC 241856430,241856430,102
TIC 241857040,241857040,102
TIC 241857381,241857381,102
TIC 241857672,241857672,102
TIC 241865918,241865918,102
TIC 241866017,241866017,102
TIC 241866438,241866438,102
TIC 241870520,241870520,102
TIC 241872082,241872082,102
TIC 241872087,241872087,102
TIC 241873142,241873142,102
TIC 241874026,241874026,102
TIC 241876597,241876597,102
TIC 241881411,241881411,102
TIC 241881435,241881435,102
TIC 241882001,241882001,102
TIC 241883235,241883235,102
TIC 241883618,241883618,102
TIC 241883662,241883662,102
TIC 241883852,241883852,102
TIC 241884143,241884143,102
TIC 241884900,241884900,102
TIC 241884901,241884901,102
TIC 242091706,242091706,102
TIC 242126027,242126027,102
TIC 242166819,242166819,102
TIC 242168318,242168318,102
TIC 242169230,242169230,102
TIC 242181738,242181738,102
TIC 242189360,242189360,102
TIC 242190195,242190195,102
TIC 242218420,242218420,102
TIC 242218500,242218500,102
TIC 242241237,242241237,102
TIC 242245522,242245522,102
TIC 242252643,242252643,102
TIC 242264260,242264260,102
TIC 242295785,242295785,102
TIC 242295957,242295957,102
TIC 242300136,242300136,102
TIC 242323003,242323003,102
TIC 242323026,242323026,102
TIC 242326812,242326812,102
TIC 242338317,242338317,102
TIC 242339000,242339000,102
TIC 242352557,242352557,102
TIC 242362938,242362938,102
TIC 242363197,242363197,102
TIC 242367242,242367242,102
TIC 242367499,242367499,102
TIC 242368071,242368071,102
TIC 242383965,242383965,102
TIC 242393801,242393801,102
TIC 242401652,242401652,102
TIC 242402846,242402846,102
TIC 242422103,242422103,102
TIC 242443918,242443918,102
TIC 242445932,242445932,102
TIC 242456166,242456166,102
TIC 242459537,242459537,102
TIC 242462210,242462210,102
TIC 242477126,242477126,102
TIC 242478827,242478827,102
TIC 242480010,242480010,102
TIC 242481276,242481276,102
TIC 242497929,242497929,102
TIC 242498142,242498142,102
TIC 242506338,242506338,102
TIC 242506853,242506853,102
TIC 242509321,242509321,102
TIC 242515843,242515843,102
TIC 242530295,242530295,102
TIC 242530449,242530449,102
TIC 242531129,242531129,102
TIC 242532142,242532142,102
TIC 242533233,242533233,102
TIC 242533278,242533278,102
TIC 242534637,242534637,102
TIC 242537474,242537474,102
TIC 242540004,242540004,102
TIC 242541249,242541249,102
TIC 242542752,242542752,102
TIC 242557809,242557809,102
TIC 242558187,242558187,102
TIC 242559364,242559364,102
TIC 242560747,242560747,102
TIC 242565136,242565136,102
TIC 242568288,242568288,102
TIC 242569467,242569467,102
TIC 242571303,242571303,102
TIC 242571696,242571696,102
TIC 242572879,242572879,102
TIC 242574054,242574054,102
TIC 242576059,242576059,102
TIC 242576163,242576163,102
TIC 242576700,242576700,102
TIC 242577912,242577912,102
TIC 242581036,242581036,102
TIC 242583230,242583230,102
TIC 242583644,242583644,102
TIC 242584041,242584041,102
TIC 242584559,242584559,102
TIC 242587235,242587235,102
TIC 242588592,242588592,102
TIC 242589597,242589597,102
TIC 242591695,242591695,102
TIC 242592238,242592238,102
TIC 242598929,242598929,102
TIC 242609973,242609973,102
TIC 242610390,242610390,102
TIC 242611768,242611768,102
TIC 242611806,242611806,102
TIC 242612195,242612195,102
TIC 242614413,242614413,102
TIC 242616509,242616509,102
TIC 242619788,242619788,102
TIC 242621377,242621377,102
TIC 242623113,242623113,102
TIC 242624345,242624345,102
TIC 242628114,242628114,102
TIC 242628844,242628844,102
TIC 243195032,243195032,102
TIC 243216934,243216934,102
TIC 243219033,243219033,102
TIC 243306143,243306143,102
TIC 243308606,243308606,102
TIC 243325760,243325760,102
TIC 243326488,243326488,102
TIC 243417693,243417693,102
TIC 243499355,243499355,102
TIC 243502438,243502438,102
TIC 243558097,243558097,102
TIC 243612091,243612091,102
TIC 243621238,243621238,102
TIC 243640331,243640331,102
TIC 243641887,243641887,102
TIC 243644902,243644902,102
TIC 243659474,243659474,102
TIC 243662765,243662765,102
TIC 244906762,244906762,102
TIC 245009138,245009138,102
TIC 245071119,245071119,102
TIC 245257695,245257695,102
TIC 245355532,245355532,102
TIC 245381311,245381311,102
TIC 245487236,245487236,102
TIC 249973811,249973811,102
TIC 250027450,250027450,102
TIC 250034703,250034703,102
TIC 250035006,250035006,102
TIC 250035011,250035011,102
TIC 250091359,250091359,102
TIC 250128476,250128476,102
TIC 250144006,250144006,102
TIC 250268926,250268926,102
TIC 250269326,250269326,102
TIC 250272297,250272297,102
TIC 250277600,250277600,102
TIC 250280268,250280268,102
TIC 250306572,250306572,102
TIC 250425126,250425126,102
TIC 254418337,254418337,102
TIC 254456803,254456803,102
TIC 254471626,254471626,102
TIC 254542655,254542655,102
TIC 254732447,254732447,102
TIC 254732707,254732707,102
TIC 255832461,255832461,102
TIC 256098421,256098421,102
TIC 257377547,257377547,102
TIC 258454507,258454507,102
TIC 258591195,258591195,102
TIC 258687058,258687058,102
TIC 258792636,258792636,102
TIC 259291108,259291108,102
TIC 259534828,259534828,102
TIC 260711833,260711833,102
TIC 260749385,260749385,102
TIC 260754594,260754594,102
TIC 260795850,260795850,102
TIC 260821924,260821924,102
TIC 260821925,260821925,102
TIC 260822727,260822727,102
TIC 260839573,260839573,102
TIC 260853063,260853063,102
TIC 260853064,260853064,102
TIC 260853867,260853867,102
TIC 260889990,260889990,102
TIC 261007330,261007330,102
TIC 261524157,261524157,102
TIC 261540897,261540897,102
TIC 261590229,261590229,102
TIC 261592209,261592209,102
TIC 261644938,261644938,102
TIC 262550101,262550101,102
TIC 263385369,263385369,102
TIC 263390220,263390220,102
TIC 263390315,263390315,102
TIC 264357341,264357341,102
TIC 264850606,264850606,102
TIC 264854835,264854835,102
TIC 264860471,264860471,102
TIC 265332766,265332766,102
TIC 265487957,265487957,102
TIC 265610309,265610309,102
TIC 266994922,266994922,102
TIC 266995429,266995429,102
TIC 267039998,267039998,102
TIC 267061074,267061074,102
TIC 267061191,267061191,102
TIC 267061192,267061192,102
TIC 267063619,267063619,102
TIC 267080591,267080591,102
TIC 267080594,267080594,102
TIC 267081284,267081284,102
TIC 267232611,267232611,102
TIC 268206054,268206054,102
TIC 269655424,269655424,102
TIC 270027093,270027093,102
TIC 270051339,270051339,102
TIC 270051983,270051983,102
TIC 270288917,270288917,102
TIC 270288933,270288933,102
TIC 270289178,270289178,102
TIC 270347597,270347597,102
TIC 270347814,270347814,102
TIC 270348731,270348731,102
TIC 270349976,270349976,102
TIC 270350043,270350043,102
TIC 270350156,270350156,102
TIC 270350538,270350538,102
TIC 270350539,270350539,102
TIC 270595010,270595010,102
TIC 270599600,270599600,102
TIC 271122973,271122973,102
TIC 271123329,271123329,102
TIC 271168962,271168962,102
TIC 271173708,271173708,102
TIC 271225003,271225003,102
TIC 271225192,271225192,102
TIC 271225702,271225702,102
TIC 271230060,271230060,102
TIC 271231382,271231382,102
TIC 271274288,271274288,102
TIC 271277100,271277100,102
TIC 271277137,271277137,102
TIC 271278739,271278739,102
TIC 271520198,271520198,102
TIC 272021842,272021842,102
TIC 272098067,272098067,102
TIC 272099236,272099236,102
TIC 272208411,272208411,102
TIC 272208416,272208416,102
TIC 272210165,272210165,102
TIC 272968213,272968213,102
TIC 272977820,272977820,102
TIC 272978239,272978239,102
TIC 272983172,272983172,102
TIC 273323814,273323814,102
TIC 273511567,273511567,102
TIC 273835698,273835698,102
TIC 274246158,274246158,102
TIC 274367763,274367763,102
TIC 274433672,274433672,102
TIC 274459817,274459817,102
TIC 274464641,274464641,102
TIC 274862252,274862252,102
TIC 275348063,275348063,102
TIC 275405163,275405163,102
TIC 275548876,275548876,102
TIC 275698228,275698228,102
TIC 275780369,275780369,102
TIC 275877197,275877197,102
TIC 275917184,275917184,102
TIC 275920234,275920234,102
TIC 275920236,275920236,102
TIC 276006105,276006105,102
TIC 276088676,276088676,102
TIC 276093181,276093181,102
TIC 276099008,276099008,102
TIC 276127511,276127511,102
TIC 276128561,276128561,102
TIC 276130740,276130740,102
TIC 276131161,276131161,102
TIC 276131565,276131565,102
TIC 276135164,276135164,102
TIC 276225001,276225001,102
TIC 276326382,276326382,102
TIC 276328166,276328166,102
TIC 276356714,276356714,102
TIC 276452267,276452267,102
TIC 276503464,276503464,102
TIC 276570613,276570613,102
TIC 276673730,276673730,102
TIC 276714021,276714021,102
TIC 276723662,276723662,102
TIC 276906598,276906598,102
TIC 277074963,277074963,102
TIC 277201444,277201444,102
TIC 277532722,277532722,102
TIC 277665086,277665086,102
TIC 277666462,277666462,102
TIC 277674241,277674241,102
TIC 277799788,277799788,102
TIC 277803336,277803336,102
TIC 277835735,277835735,102
TIC 277872275,277872275,102
TIC 277928544,277928544,102
TIC 278425683,278425683,102
TIC 278575928,278575928,102
TIC 278642491,278642491,102
TIC 278657667,278657667,102
TIC 279542841,279542841,102
TIC 280683742,280683742,102
TIC 280694407,280694407,102
TIC 280694414,280694414,102
TIC 280792785,280792785,102
TIC 281540839,281540839,102
TIC 281593709,281593709,102
TIC 281597648,281597648,102
TIC 281955920,281955920,102
TIC 281970412,281970412,102
TIC 282701278,282701278,102
TIC 282962807,282962807,102
TIC 282967608,282967608,102
TIC 282974530,282974530,102
TIC 283655771,283655771,102
TIC 283665218,283665218,102
TIC 283805164,283805164,102
TIC 283965883,283965883,102
TIC 285383926,285383926,102
TIC 285772229,285772229,102
TIC 285776818,285776818,102
TIC 286266119,286266119,102
TIC 287607305,287607305,102
TIC 287669489,287669489,102
TIC 287707101,287707101,102
TIC 287711894,287711894,102
TIC 287715572,287715572,102
TIC 288163117,288163117,102
TIC 288168182,288168182,102
TIC 288971260,288971260,102
TIC 289072134,289072134,102
TIC 289074137,289074137,102
TIC 289076007,289076007,102
TIC 289180183,289180183,102
TIC 289192212,289192212,102
TIC 289422940,289422940,102
TIC 289425857,289425857,102
TIC 289445553,289445553,102
TIC 290008270,290008270,102
TIC 290112560,290112560,102
TIC 290139833,290139833,102
TIC 290736968,290736968,102
TIC 290826942,290826942,102
TIC 290837273,290837273,102
TIC 290901742,290901742,102
TIC 291093075,291093075,102
TIC 291318155,291318155,102
TIC 291444550,291444550,102
TIC 291445921,291445921,102
TIC 292566342,292566342,102
TIC 292571514,292571514,102
TIC 293036089,293036089,102
TIC 293244374,293244374,102
TIC 293483642,293483642,102
TIC 293483650,293483650,102
TIC 293486564,293486564,102
TIC 293582175,293582175,102
TIC 293731771,293731771,102
TIC 293801948,293801948,102
TIC 293903285,293903285,102
TIC 294293911,294293911,102
TIC 294510108,294510108,102
TIC 294765449,294765449,102
TIC 294839085,294839085,102
TIC 294954513,294954513,102
TIC 294957690,294957690,102
TIC 295451585,295451585,102
TIC 295600449,295600449,102
TIC 295650542,295650542,102
TIC 295968943,295968943,102
TIC 297834753,297834753,102
TIC 297860406,297860406,102
TIC 297870438,297870438,102
TIC 299377596,299377596,102
TIC 299392726,299392726,102
TIC 299611510,299611510,102
TIC 299612108,299612108,102
TIC 299717015,299717015,102
TIC 300107009,300107009,102
TIC 300266747,300266747,102
TIC 300440728,300440728,102
TIC 300854713,300854713,102
TIC 300950957,300950957,102
TIC 301149701,301149701,102
TIC 301150134,301150134,102
TIC 301150596,301150596,102
TIC 301150902,301150902,102
TIC 301152053,301152053,102
TIC 301153074,301153074,102
TIC 301246852,301246852,102
TIC 301254429,301254429,102
TIC 301255134,301255134,102
TIC 301302362,301302362,102
TIC 301313628,301313628,102
TIC 301394156,301394156,102
TIC 301397156,301397156,102
TIC 301401335,301401335,102
TIC 301403150,301403150,102
TIC 301452984,301452984,102
TIC 301455673,301455673,102
TIC 301543715,301543715,102
TIC 301548257,301548257,102
TIC 301550424,301550424,102
TIC 301682771,301682771,102
TIC 301685603,301685603,102
TIC 301687669,301687669,102
TIC 301751966,301751966,102
TIC 301754918,301754918,102
TIC 301951194,301951194,102
TIC 302053895,302053895,102
TIC 302054837,302054837,102
TIC 303386440,303386440,102
TIC 303398110,303398110,102
TIC 303398391,303398391,102
TIC 303557970,303557970,102
TIC 303648839,303648839,102
TIC 303649012,303649012,102
TIC 303713691,303713691,102
TIC 303715420,303715420,102
TIC 303793571,303793571,102
TIC 303890006,303890006,102
TIC 303894057,303894057,102
TIC 304059161,304059161,102
TIC 304062535,304062535,102
TIC 304065400,304065400,102
TIC 304065612,304065612,102
TIC 304071829,304071829,102
TIC 304187834,304187834,102
TIC 304208977,304208977,102
TIC 304244630,304244630,102
TIC 304327674,304327674,102
TIC 304438813,304438813,102
TIC 304471366,304471366,102
TIC 304576895,304576895,102
TIC 304593036,304593036,102
TIC 304736872,304736872,102
TIC 304738395,304738395,102
TIC 304743489,304743489,102
TIC 304836591,304836591,102
TIC 305424808,305424808,102
TIC 305590176,305590176,102
TIC 305673534,305673534,102
TIC 305716720,305716720,102
TIC 305739565,305739565,102
TIC 305742185,305742185,102
TIC 305764555,305764555,102
TIC 305934113,305934113,102
TIC 306002590,306002590,102
TIC 306103082,306103082,102
TIC 306200873,306200873,102
TIC 306461959,306461959,102
TIC 306883549,306883549,102
TIC 307221976,307221976,102
TIC 307225534,307225534,102
TIC 307315768,307315768,102
TIC 307321681,307321681,102
TIC 307329308,307329308,102
TIC 307421142,307421142,102
TIC 307425592,307425592,102
TIC 307525994,307525994,102
TIC 307527030,307527030,102
TIC 307739457,307739457,102
TIC 308730878,308730878,102
TIC 308731030,308731030,102
TIC 308824147,308824147,102
TIC 308826146,308826146,102
TIC 309212940,309212940,102
TIC 309321590,309321590,102
TIC 309456378,309456378,102
TIC 309456404,309456404,102
TIC 309742573,309742573,102
TIC 310055452,310055452,102
TIC 310103200,310103200,102
TIC 310179642,310179642,102
TIC 310274576,310274576,102
TIC 310356441,310356441,102
TIC 310360935,310360935,102
TIC 310424249,310424249,102
TIC 310566792,310566792,102
TIC 310660559,310660559,102
TIC 310798187,310798187,102
TIC 311161871,311161871,102
TIC 311296720,311296720,102
TIC 311656430,311656430,102
TIC 311859231,311859231,102
TIC 312040725,312040725,102
TIC 312718453,312718453,102
TIC 312721918,312721918,102
TIC 313070051,313070051,102
TIC 313656894,313656894,102
TIC 313664255,313664255,102
TIC 313687913,313687913,102
TIC 314025651,314025651,102
TIC 314025660,314025660,102
TIC 314717673,314717673,102
TIC 315506577,315506577,102
TIC 315525276,315525276,102
TIC 316155983,316155983,102
TIC 316831862,316831862,102
TIC 316851769,316851769,102
TIC 316856623,316856623,102
TIC 317818006,317818006,102
TIC 318274155,318274155,102
TIC 319371723,319371723,102
TIC 319547031,319547031,102
TIC 322811512,322811512,102
TIC 322811584,322811584,102
TIC 322812087,322812087,102
TIC 322922590,322922590,102
TIC 322923799,322923799,102
TIC 323085873,323085873,102
TIC 323187591,323187591,102
TIC 323268571,323268571,102
TIC 323268578,323268578,102
TIC 323269451,323269451,102
TIC 323413916,323413916,102
TIC 323414179,323414179,102
TIC 323581250,323581250,102
TIC 324659256,324659256,102
TIC 324780716,324780716,102
TIC 325016285,325016285,102
TIC 325202247,325202247,102
TIC 325202254,325202254,102
TIC 325209942,325209942,102
TIC 325210265,325210265,102
TIC 325219117,325219117,102
TIC 325279209,325279209,102
TIC 325373452,325373452,102
TIC 325373992,325373992,102
TIC 327712403,327712403,102
TIC 327751904,327751904,102
TIC 327857918,327857918,102
TIC 327917279,327917279,102
TIC 328012209,328012209,102
TIC 328804402,328804402,102
TIC 329296867,329296867,102
TIC 329606607,329606607,102
TIC 329804385,329804385,102
TIC 330783348,330783348,102
TIC 330786459,330786459,102
TIC 331531563,331531563,102
TIC 331910262,331910262,102
TIC 332122474,332122474,102
TIC 332224510,332224510,102
TIC 333651699,333651699,102
TIC 333748919,333748919,102
TIC 333834676,333834676,102
TIC 333840824,333840824,102
TIC 333843969,333843969,102
TIC 333945119,333945119,102
TIC 333947284,333947284,102
TIC 333950446,333950446,102
TIC 333951078,333951078,102
TIC 333952605,333952605,102
TIC 333954983,333954983,102
TIC 334040793,334040793,102
TIC 334136224,334136224,102
TIC 334137763,334137763,102
TIC 334138196,334138196,102
TIC 334138300,334138300,102
TIC 334139310,334139310,102
TIC 334232932,334232932,102
TIC 334233850,334233850,102
TIC 334314224,334314224,102
TIC 334325312,334325312,102
TIC 334325329,334325329,102
TIC 334423657,334423657,102
TIC 334427268,334427268,102
TIC 334527745,334527745,102
TIC 334530355,334530355,102
TIC 334530940,334530940,102
TIC 334531040,334531040,102
TIC 334641286,334641286,102
TIC 334645904,334645904,102
TIC 334648804,334648804,102
TIC 334738999,334738999,102
TIC 334741199,334741199,102
TIC 334744893,334744893,102
TIC 334749573,334749573,102
TIC 334842886,334842886,102
TIC 334843226,334843226,102
TIC 334961151,334961151,102
TIC 334967096,334967096,102
TIC 335011632,335011632,102
TIC 335013526,335013526,102
TIC 335015156,335015156,102
TIC 335021255,335021255,102
TIC 335139519,335139519,102
TIC 335139625,335139625,102
TIC 335141990,335141990,102
TIC 335145136,335145136,102
TIC 335146096,335146096,102
TIC 335253093,335253093,102
TIC 335312074,335312074,102
TIC 335314692,335314692,102
TIC 335321625,335321625,102
TIC 335321659,335321659,102
TIC 335444168,335444168,102
TIC 335445449,335445449,102
TIC 335452175,335452175,102
TIC 335454137,335454137,102
TIC 339203147,339203147,102
TIC 339206648,339206648,102
TIC 339415366,339415366,102
TIC 339415690,339415690,102
TIC 339496156,339496156,102
TIC 339496987,339496987,102
TIC 339498713,339498713,102
TIC 339530484,339530484,102
TIC 339600902,339600902,102
TIC 339719968,339719968,102
TIC 340628721,340628721,102
TIC 340868447,340868447,102
TIC 340972086,340972086,102
TIC 341058455,341058455,102
TIC 341180903,341180903,102
TIC 341196554,341196554,102
TIC 341197095,341197095,102
TIC 341460220,341460220,102
TIC 342780491,342780491,102
TIC 343166644,343166644,102
TIC 343297242,343297242,102
TIC 343405004,343405004,102
TIC 343406817,343406817,102
TIC 343653580,343653580,102
TIC 344347385,344347385,102
TIC 344583833,344583833,102
TIC 344602444,344602444,102
TIC 344602447,344602447,102
TIC 344666532,344666532,102
TIC 344797718,344797718,102
TIC 344798247,344798247,102
TIC 344803695,344803695,102
TIC 344803704,344803704,102
TIC 344923159,344923159,102
TIC 344923184,344923184,102
TIC 344923581,344923581,102
TIC 344923600,344923600,102
TIC 345053190,345053190,102
TIC 345084992,345084992,102
TIC 345201662,345201662,102
TIC 349859681,349859681,102
TIC 350213220,350213220,102
TIC 350213888,350213888,102
TIC 350221590,350221590,102
TIC 350221848,350221848,102
TIC 350222875,350222875,102
TIC 350271749,350271749,102
TIC 350273432,350273432,102
TIC 350575634,350575634,102
TIC 350850432,350850432,102
TIC 351174876,351174876,102
TIC 351234114,351234114,102
TIC 351234598,351234598,102
TIC 351352175,351352175,102
TIC 352227750,352227750,102
TIC 352292065,352292065,102
TIC 352293586,352293586,102
TIC 352312090,352312090,102
TIC 352479571,352479571,102
TIC 354138519,354138519,102
TIC 354171904,354171904,102
TIC 355545346,355545346,102
TIC 355586253,355586253,102
TIC 355705361,355705361,102
TIC 355765896,355765896,102
TIC 359762726,359762726,102
TIC 359762838,359762838,102
TIC 359764221,359764221,102
TIC 359830488,359830488,102
TIC 359832526,359832526,102
TIC 360550499,360550499,102
TIC 360851505,360851505,102
TIC 360959116,360959116,102
TIC 361084965,361084965,102
TIC 361331782,361331782,102
TIC 361569934,361569934,102
TIC 361863257,361863257,102
TIC 361967041,361967041,102
TIC 362122048,362122048,102
TIC 362168924,362168924,102
TIC 362171504,362171504,102
TIC 362231730,362231730,102
TIC 362325750,362325750,102
TIC 362374235,362374235,102
TIC 362377964,362377964,102
TIC 362548427,362548427,102
TIC 362921054,362921054,102
TIC 363135898,363135898,102
TIC 363136927,363136927,102
TIC 363137088,363137088,102
TIC 363210919,363210919,102
TIC 363216666,363216666,102
TIC 363269954,363269954,102
TIC 363273887,363273887,102
TIC 363378006,363378006,102
TIC 363380035,363380035,102
TIC 363448856,363448856,102
TIC 363455735,363455735,102
TIC 363591920,363591920,102
TIC 363641369,363641369,102
TIC 363722767,363722767,102
TIC 363773536,363773536,102
TIC 363796150,363796150,102
TIC 363928112,363928112,102
TIC 363932557,363932557,102
TIC 364098083,364098083,102
TIC 364099255,364099255,102
TIC 364101569,364101569,102
TIC 364105992,364105992,102
TIC 364163280,364163280,102
TIC 364208364,364208364,102
TIC 364276477,364276477,102
TIC 364282328,364282328,102
TIC 364285794,364285794,102
TIC 364352487,364352487,102
TIC 364353897,364353897,102
TIC 364354652,364354652,102
TIC 364355783,364355783,102
TIC 364417946,364417946,102
TIC 364479925,364479925,102
TIC 364485991,364485991,102
TIC 364550050,364550050,102
TIC 364550967,364550967,102
TIC 364552581,364552581,102
TIC 364619136,364619136,102
TIC 364623757,364623757,102
TIC 364623967,364623967,102
TIC 364625351,364625351,102
TIC 365714263,365714263,102
TIC 365715366,365715366,102
TIC 365717150,365717150,102
TIC 365717153,365717153,102
TIC 365717837,365717837,102
TIC 365718157,365718157,102
TIC 365728038,365728038,102
TIC 365731090,365731090,102
TIC 365731145,365731145,102
TIC 365813371,365813371,102
TIC 365898818,365898818,102
TIC 365899652,365899652,102
TIC 365952328,365952328,102
TIC 366011440,366011440,102
TIC 366094182,366094182,102
TIC 366094700,366094700,102
TIC 366095732,366095732,102
TIC 366178112,366178112,102
TIC 366178219,366178219,102
TIC 366178473,366178473,102
TIC 366182605,366182605,102
TIC 366182609,366182609,102
TIC 366248595,366248595,102
TIC 366250512,366250512,102
TIC 366251962,366251962,102
TIC 366251979,366251979,102
TIC 366254870,366254870,102
TIC 366257359,366257359,102
TIC 366315051,366315051,102
TIC 366315735,366315735,102
TIC 366316586,366316586,102
TIC 366316893,366316893,102
TIC 366317003,366317003,102
TIC 366320977,366320977,102
TIC 366358846,366358846,102
TIC 366857561,366857561,102
TIC 367130875,367130875,102
TIC 367383791,367383791,102
TIC 368494221,368494221,102
TIC 368495490,368495490,102
TIC 368498185,368498185,102
TIC 368639856,368639856,102
TIC 368640830,368640830,102
TIC 368713985,368713985,102
TIC 368723998,368723998,102
TIC 368724833,368724833,102
TIC 369812175,369812175,102
TIC 369893606,369893606,102
TIC 369969602,369969602,102
TIC 369974811,369974811,102
TIC 369976402,369976402,102
TIC 369977399,369977399,102
TIC 370091691,370091691,102
TIC 370097124,370097124,102
TIC 370232273,370232273,102
TIC 370239970,370239970,102
TIC 370242325,370242325,102
TIC 370385007,370385007,102
TIC 370391086,370391086,102
TIC 370476997,370476997,102
TIC 371800929,371800929,102
TIC 372104368,372104368,102
TIC 372104506,372104506,102
TIC 372319577,372319577,102
TIC 372345124,372345124,102
TIC 372382100,372382100,102
TIC 372481928,372481928,102
TIC 372539759,372539759,102
TIC 374347620,374347620,102
TIC 374348416,374348416,102
TIC 375233654,375233654,102
TIC 376778136,376778136,102
TIC 379593456,379593456,102
TIC 379593642,379593642,102
TIC 379593793,379593793,102
TIC 379804800,379804800,102
TIC 379903659,379903659,102
TIC 380172336,380172336,102
TIC 380336303,380336303,102
TIC 380337147,380337147,102
TIC 380397503,380397503,102
TIC 380398482,380398482,102
TIC 380399106,380399106,102
TIC 380463000,380463000,102
TIC 380538902,380538902,102
TIC 381139412,381139412,102
TIC 381231091,381231091,102
TIC 381233966,381233966,102
TIC 381236258,381236258,102
TIC 381239451,381239451,102
TIC 381241785,381241785,102
TIC 381284788,381284788,102
TIC 381285557,381285557,102
TIC 381288048,381288048,102
TIC 381398321,381398321,102
TIC 381519010,381519010,102
TIC 381924169,381924169,102
TIC 382077828,382077828,102
TIC 382468124,382468124,102
TIC 383585723,383585723,102
TIC 383591751,383591751,102
TIC 383632304,383632304,102
TIC 383633205,383633205,102
TIC 383633212,383633212,102
TIC 383634892,383634892,102
TIC 383635186,383635186,102
TIC 383635259,383635259,102
TIC 383636116,383636116,102
TIC 383704691,383704691,102
TIC 383704693,383704693,102
TIC 383707358,383707358,102
TIC 383707447,383707447,102
TIC 383760207,383760207,102
TIC 383762714,383762714,102
TIC 383769789,383769789,102
TIC 383812823,383812823,102
TIC 383815451,383815451,102
TIC 383817178,383817178,102
TIC 383819885,383819885,102
TIC 383819890,383819890,102
TIC 383854578,383854578,102
TIC 383854885,383854885,102
TIC 384068686,384068686,102
TIC 384150736,384150736,102
TIC 384607632,384607632,102
TIC 384664609,384664609,102
TIC 387114142,387114142,102
TIC 389049116,389049116,102
TIC 389080523,389080523,102
TIC 392655783,392655783,102
TIC 392656941,392656941,102
TIC 392664683,392664683,102
TIC 392694988,392694988,102
TIC 392706677,392706677,102
TIC 392747437,392747437,102
TIC 392748564,392748564,102
TIC 392750298,392750298,102
TIC 392753570,392753570,102
TIC 392753815,392753815,102
TIC 392754357,392754357,102
TIC 392755259,392755259,102
TIC 392755260,392755260,102
TIC 392786188,392786188,102
TIC 392786675,392786675,102
TIC 392787203,392787203,102
TIC 392788625,392788625,102
TIC 392789013,392789013,102
TIC 392791065,392791065,102
TIC 392792977,392792977,102
TIC 392814143,392814143,102
TIC 392815631,392815631,102
TIC 392837782,392837782,102
TIC 392838349,392838349,102
TIC 392838495,392838495,102
TIC 392841743,392841743,102
TIC 392843486,392843486,102
TIC 392860047,392860047,102
TIC 392860079,392860079,102
TIC 392911663,392911663,102
TIC 392914067,392914067,102
TIC 392914193,392914193,102
TIC 394018151,394018151,102
TIC 394045650,394045650,102
TIC 394046124,394046124,102
TIC 394125166,394125166,102
TIC 394126943,394126943,102
TIC 394127005,394127005,102
TIC 394495632,394495632,102
TIC 394520681,394520681,102
TIC 394558057,394558057,102
TIC 396041930,396041930,102
TIC 396042165,396042165,102
TIC 401667994,401667994,102
TIC 401679429,401679429,102
TIC 401721283,401721283,102
TIC 401721287,401721287,102
TIC 401727214,401727214,102
TIC 401727216,401727216,102
TIC 401758410,401758410,102
TIC 402064471,402064471,102
TIC 402066136,402066136,102
TIC 402222698,402222698,102
TIC 402331598,402331598,102
TIC 402519694,402519694,102
TIC 402724615,402724615,102
TIC 402742149,402742149,102
TIC 402742689,402742689,102
TIC 402756148,402756148,102
TIC 402795848,402795848,102
TIC 403150018,403150018,102
TIC 403153647,403153647,102
TIC 403220942,403220942,102
TIC 403223535,403223535,102
TIC 403267171,403267171,102
TIC 403284386,403284386,102
TIC 403317410,403317410,102
TIC 403507502,403507502,102
TIC 403509140,403509140,102
TIC 404342815,404342815,102
TIC 404342817,404342817,102
TIC 404346622,404346622,102
TIC 404379938,404379938,102
TIC 404379941,404379941,102
TIC 404379953,404379953,102
TIC 404429901,404429901,102
TIC 404431645,404431645,102
TIC 404449869,404449869,102
TIC 405535371,405535371,102
TIC 405535372,405535372,102
TIC 405551391,405551391,102
TIC 405601752,405601752,102
TIC 405604184,405604184,102
TIC 405604185,405604185,102
TIC 405616790,405616790,102
TIC 405617574,405617574,102
TIC 407770611,407770611,102
TIC 409588973,409588973,102
TIC 409623784,409623784,102
TIC 409781549,409781549,102
TIC 409849968,409849968,102
TIC 409859446,409859446,102
TIC 409936946,409936946,102
TIC 410001394,410001394,102
TIC 410121781,410121781,102
TIC 410155018,410155018,102
TIC 410213353,410213353,102
TIC 410214984,410214984,102
TIC 410215314,410215314,102
TIC 410403473,410403473,102
TIC 410519525,410519525,102
TIC 411190601,411190601,102
TIC 411191624,411191624,102
TIC 411203039,411203039,102
TIC 411776522,411776522,102
TIC 412050940,412050940,102
TIC 412064070,412064070,102
TIC 412140640,412140640,102
TIC 412504741,412504741,102
TIC 412588485,412588485,102
TIC 412596704,412596704,102
TIC 412596719,412596719,102
TIC 413337672,413337672,102
TIC 413343957,413343957,102
TIC 413885551,413885551,102
TIC 414361638,414361638,102
TIC 414447536,414447536,102
TIC 419485210,419485210,102
TIC 420375768,420375768,102
TIC 420396041,420396041,102
TIC 420437359,420437359,102
TIC 420437379,420437379,102
TIC 420460048,420460048,102
TIC 420461387,420461387,102
TIC 420467395,420467395,102
TIC 420522238,420522238,102
TIC 420570419,420570419,102
TIC 420591928,420591928,102
TIC 420632694,420632694,102
TIC 420667940,420667940,102
TIC 420688716,420688716,102
TIC 420829332,420829332,102
TIC 420835129,420835129,102
TIC 420974949,420974949,102
TIC 421056636,421056636,102
TIC 421279279,421279279,102
TIC 421542600,421542600,102
TIC 421546465,421546465,102
TIC 421547418,421547418,102
TIC 421571708,421571708,102
TIC 421660215,421660215,102
TIC 421661089,421661089,102
TIC 421800932,421800932,102
TIC 421937389,421937389,102
TIC 421937394,421937394,102
TIC 421939528,421939528,102
TIC 422634288,422634288,102
TIC 422757793,422757793,102
TIC 423985800,423985800,102
TIC 424017228,424017228,102
TIC 424969508,424969508,102
TIC 424974701,424974701,102
TIC 424979462,424979462,102
TIC 425579548,425579548,102
TIC 425580168,425580168,102
TIC 425582142,425582142,102
TIC 425587465,425587465,102
TIC 425589502,425589502,102
TIC 425591703,425591703,102
TIC 425592136,425592136,102
TIC 425593780,425593780,102
TIC 425594181,425594181,102
TIC 425595645,425595645,102
TIC 425596319,425596319,102
TIC 425743227,425743227,102
TIC 425884358,425884358,102
TIC 425907664,425907664,102
TIC 425935530,425935530,102
TIC 425935532,425935532,102
TIC 425937489,425937489,102
TIC 426188747,426188747,102
TIC 426268358,426268358,102
TIC 426282865,426282865,102
TIC 426325998,426325998,102
TIC 426359725,426359725,102
TIC 426366736,426366736,102
TIC 426426069,426426069,102
TIC 426452677,426452677,102
TIC 426489976,426489976,102
TIC 426492489,426492489,102
TIC 426539700,426539700,102
TIC 426546024,426546024,102
TIC 426704762,426704762,102
TIC 426706740,426706740,102
TIC 426796340,426796340,102
TIC 426843037,426843037,102
TIC 427008894,427008894,102
TIC 427406031,427406031,102
TIC 427411516,427411516,102
TIC 428132532,428132532,102
TIC 429791387,429791387,102
TIC 429796791,429796791,102
TIC 429797824,429797824,102
TIC 430247798,430247798,102
TIC 430258206,430258206,102
TIC 430262284,430262284,102
TIC 431085335,431085335,102
TIC 431253996,431253996,102
TIC 431254483,431254483,102
TIC 431259116,431259116,102
TIC 431269621,431269621,102
TIC 438596424,438596424,102
TIC 438635455,438635455,102
TIC 438642915,438642915,102
TIC 438680037,438680037,102
TIC 438692318,438692318,102
TIC 438811939,438811939,102
TIC 441815029,441815029,102
TIC 441820012,441820012,102
TIC 441820013,441820013,102
TIC 441821495,441821495,102
TIC 441821576,441821576,102
TIC 441827276,441827276,102
TIC 441827802,441827802,102
TIC 441832845,441832845,102
TIC 441833887,441833887,102
TIC 441834730,441834730,102
TIC 441834987,441834987,102
TIC 446363451,446363451,102
TIC 447069936,447069936,102
TIC 447075323,447075323,102
TIC 447178981,447178981,102
TIC 447264399,447264399,102
TIC 447290831,447290831,102
TIC 447298914,447298914,102
TIC 447347046,447347046,102
TIC 447404444,447404444,102
TIC 447423918,447423918,102
TIC 447428383,447428383,102
TIC 447451404,447451404,102
TIC 447455371,447455371,102
TIC 447470484,447470484,102
TIC 447482238,447482238,102
TIC 447487586,447487586,102
TIC 447490941,447490941,102
TIC 447492773,447492773,102
TIC 447551311,447551311,102
TIC 447554903,447554903,102
TIC 447557560,447557560,102
TIC 447580759,447580759,102
TIC 447583313,447583313,102
TIC 447604577,447604577,102
TIC 447611322,447611322,102
TIC 447644334,447644334,102
TIC 447726452,447726452,102
TIC 447735770,447735770,102
TIC 447750098,447750098,102
TIC 447790248,447790248,102
TIC 448379494,448379494,102
TIC 448677123,448677123,102
TIC 451211270,451211270,102
TIC 451247360,451247360,102
TIC 451269744,451269744,102
TIC 451299978,451299978,102
TIC 451362383,451362383,102
TIC 451395622,451395622,102
TIC 451592551,451592551,102
TIC 453505778,453505778,102
TIC 453819389,453819389,102
TIC 454007419,454007419,102
TIC 455254460,455254460,102
TIC 455309397,455309397,102
TIC 455315001,455315001,102
TIC 455315004,455315004,102
TIC 455343400,455343400,102
TIC 455370684,455370684,102
TIC 455375884,455375884,102
TIC 455385458,455385458,102
TIC 455409177,455409177,102
TIC 455410480,455410480,102
TIC 455414178,455414178,102
TIC 455416518,455416518,102
TIC 455419985,455419985,102
TIC 455442427,455442427,102
TIC 455445445,455445445,102
TIC 455445450,455445450,102
TIC 455472487,455472487,102
TIC 457153438,457153438,102
TIC 457186791,457186791,102
TIC 457464502,457464502,102
TIC 457558267,457558267,102
TIC 457660591,457660591,102
TIC 457752872,457752872,102
TIC 457755551,457755551,102
TIC 457811090,457811090,102
TIC 457853448,457853448,102
TIC 460213472,460213472,102
TIC 460216915,460216915,102
TIC 460218478,460218478,102
TIC 460316238,460316238,102
TIC 460839218,460839218,102
TIC 460839733,460839733,102
TIC 460840566,460840566,102
TIC 460842610,460842610,102
TIC 460844899,460844899,102
TIC 460845883,460845883,102
TIC 460849032,460849032,102
TIC 461278225,461278225,102
TIC 461299672,461299672,102
TIC 461301177,461301177,102
TIC 461303379,461303379,102
TIC 461305276,461305276,102
TIC 461313203,461313203,102
TIC 461313540,461313540,102
TIC 461317888,461317888,102
TIC 461318442,461318442,102
TIC 461640917,461640917,102
TIC 461667246,461667246,102
TIC 461674879,461674879,102
TIC 461674959,461674959,102
TIC 461685626,461685626,102
TIC 461685643,461685643,102
TIC 461685920,461685920,102
TIC 461686502,461686502,102
TIC 461692616,461692616,102
TIC 461692902,461692902,102
TIC 461692907,461692907,102
TIC 461728725,461728725,102
TIC 461756567,461756567,102
TIC 461808335,461808335,102
TIC 461844590,461844590,102
TIC 461855957,461855957,102
TIC 461920379,461920379,102
TIC 464823587,464823587,102
TIC 464846595,464846595,102
TIC 465799379,465799379,102
TIC 466162943,466162943,102
TIC 466163773,466163773,102
TIC 466163775,466163775,102
TIC 466230861,466230861,102
TIC 466274672,466274672,102
TIC 467932891,467932891,102
TIC 469880418,469880418,102
TIC 469903178,469903178,102
TIC 469904910,469904910,102
TIC 469933993,469933993,102
TIC 469973124,469973124,102
TIC 469978865,469978865,102
TIC 471012269,471012269,102
TIC 471015390,471015390,102
TIC 471015416,471015416,102
TIC 512633674,512633674,102
TIC 615667615,615667615,102
TIC 615668156,615668156,102
TIC 615745116,615745116,102
TIC 615751562,615751562,102
TIC 615754158,615754158,102
TIC 615770493,615770493,102
TIC 615770524,615770524,102
TIC 615770865,615770865,102
TIC 615772638,615772638,102
TIC 615779153,615779153,102
TIC 615842321,615842321,102
TIC 615847325,615847325,102
TIC 615849190,615849190,102
TIC 615850346,615850346,102
TIC 615855564,615855564,102
TIC 615856263,615856263,102
TIC 615863282,615863282,102
TIC 615867058,615867058,102
TIC 615867621,615867621,102
TIC 615867632,615867632,102
TIC 615869694,615869694,102
TIC 615918291,615918291,102
TIC 615918355,615918355,102
TIC 615924870,615924870,102
TIC 615926236,615926236,102
TIC 615926852,615926852,102
TIC 615927573,615927573,102
TIC 615928157,615928157,102
TIC 615928710,615928710,102
TIC 615929403,615929403,102
TIC 615929666,615929666,102
TIC 615931163,615931163,102
TIC 615931941,615931941,102
TIC 615933651,615933651,102
TIC 615935397,615935397,102
TIC 615936020,615936020,102
TIC 615937944,615937944,102
TIC 615940652,615940652,102
TIC 615941733,615941733,102
TIC 615944417,615944417,102
TIC 615948650,615948650,102
TIC 615950019,615950019,102
TIC 615952306,615952306,102
TIC 615952577,615952577,102
TIC 615953007,615953007,102
TIC 615953760,615953760,102
TIC 615954365,615954365,102
TIC 615954416,615954416,102
TIC 616036775,616036775,102
TIC 616036800,616036800,102
TIC 616038894,616038894,102
TIC 616043864,616043864,102
TIC 616052525,616052525,102
TIC 616053761,616053761,102
TIC 616055819,616055819,102
TIC 616058292,616058292,102
TIC 616091350,616091350,102
TIC 616091946,616091946,102
TIC 616092241,616092241,102
TIC 616094407,616094407,102
TIC 616094653,616094653,102
TIC 616097730,616097730,102
TIC 616098415,616098415,102
TIC 616101316,616101316,102
TIC 616107881,616107881,102
TIC 616108612,616108612,102
TIC 616108762,616108762,102
TIC 616109563,616109563,102
TIC 616110320,616110320,102
TIC 616111416,616111416,102
TIC 616114021,616114021,102
TIC 616213714,616213714,102
TIC 997259577,997259577,102
TIC 997265839,997265839,102
TIC 1043403505,1043403505,102
TIC 1047582548,1047582548,102
TIC 1049968785,1049968785,102
TIC 1050221684,1050221684,102
TIC 1050222233,1050222233,102
TIC 1050251774,1050251774,102
TIC 1050296539,1050296539,102
TIC 1050845023,1050845023,102
TIC 1050860598,1050860598,102
TIC 1050886674,1050886674,102
TIC 1050888400,1050888400,102
TIC 1050902523,1050902523,102
TIC 1050910815,1050910815,102
TIC 1050952753,1050952753,102
TIC 1051313853,1051313853,102
TIC 1051348298,1051348298,102
TIC 1051457584,1051457584,102
TIC 1051485829,1051485829,102
TIC 1051494310,1051494310,102
TIC 1051532636,1051532636,102
TIC 1051548780,1051548780,102
TIC 1051600657,1051600657,102
TIC 1051712965,1051712965,102
TIC 1051769169,1051769169,102
TIC 1051769816,1051769816,102
TIC 1051803805,1051803805,102
TIC 1051825210,1051825210,102
TIC 1051843147,1051843147,102
TIC 1051872929,1051872929,102
TIC 1051897187,1051897187,102
TIC 1051921350,1051921350,102
TIC 1051949724,1051949724,102
TIC 1052017972,1052017972,102
TIC 1052023415,1052023415,102
TIC 1052049297,1052049297,102
TIC 1052091518,1052091518,102
TIC 1052095478,1052095478,102
TIC 1052101168,1052101168,102
TIC 1052104279,1052104279,102
TIC 1052106668,1052106668,102
TIC 1052118370,1052118370,102
TIC 1052125828,1052125828,102
TIC 1052141924,1052141924,102
TIC 1052147338,1052147338,102
TIC 1052168727,1052168727,102
TIC 1052171888,1052171888,102
TIC 1052185242,1052185242,102
TIC 1052191007,1052191007,102
TIC 1052248841,1052248841,102
TIC 1052249073,1052249073,102
TIC 1052296007,1052296007,102
TIC 1052313187,1052313187,102
TIC 1052321158,1052321158,102
TIC 1052322777,1052322777,102
TIC 1052325153,1052325153,102
TIC 1052337002,1052337002,102
TIC 1052344216,1052344216,102
TIC 1052347484,1052347484,102
TIC 1052359734,1052359734,102
TIC 1052371896,1052371896,102
TIC 1052374807,1052374807,102
TIC 1052381661,1052381661,102
TIC 1052419234,1052419234,102
TIC 1052421174,1052421174,102
TIC 1052422829,1052422829,102
TIC 1052426612,1052426612,102
TIC 1052449828,1052449828,102
TIC 1052462760,1052462760,102
TIC 1052489323,1052489323,102
TIC 1052508502,1052508502,102
TIC 1052561953,1052561953,102
TIC 1052565201,1052565201,102
TIC 1052568210,1052568210,102
TIC 1052576224,1052576224,102
TIC 1052587493,1052587493,102
TIC 1052589254,1052589254,102
TIC 1052611149,1052611149,102
TIC 1052614614,1052614614,102
TIC 1052618096,1052618096,102
TIC 1052651176,1052651176,102
TIC 1052669344,1052669344,102
TIC 1053125705,1053125705,102
TIC 1053128837,1053128837,102
TIC 1053132218,1053132218,102
TIC 1053190873,1053190873,102
TIC 1053222257,1053222257,102
TIC 1053247538,1053247538,102
TIC 1053260811,1053260811,102
TIC 1053300610,1053300610,102
TIC 1053310650,1053310650,102
TIC 1053335305,1053335305,102
TIC 1053347685,1053347685,102
TIC 1053360759,1053360759,102
TIC 1053713164,1053713164,102
TIC 1053814228,1053814228,102
TIC 1053827056,1053827056,102
TIC 1053833342,1053833342,102
TIC 1053841381,1053841381,102
TIC 1053847998,1053847998,102
TIC 1053860283,1053860283,102
TIC 1053865621,1053865621,102
TIC 1053879612,1053879612,102
TIC 1053905438,1053905438,102
TIC 1053905553,1053905553,102
TIC 1053909152,1053909152,102
TIC 1053919476,1053919476,102
TIC 1053922668,1053922668,102
TIC 1053972218,1053972218,102
TIC 1053972531,1053972531,102
TIC 1053974358,1053974358,102
TIC 1053982601,1053982601,102
TIC 1054006402,1054006402,102
TIC 1054008428,1054008428,102
TIC 1054083160,1054083160,102
TIC 1054085968,1054085968,102
TIC 1054093438,1054093438,102
TIC 1054183020,1054183020,102
TIC 1054191656,1054191656,102
TIC 1054211787,1054211787,102
TIC 1054244738,1054244738,102
TIC 1054247184,1054247184,102
TIC 1054254333,1054254333,102
TIC 1054256960,1054256960,102
TIC 1054257149,1054257149,102
TIC 1054264517,1054264517,102
TIC 1054296894,1054296894,102
TIC 1054300471,1054300471,102
TIC 1054314591,1054314591,102
TIC 1054317501,1054317501,102
TIC 1054318859,1054318859,102
TIC 1054320375,1054320375,102
TIC 1054322669,1054322669,102
TIC 1054337841,1054337841,102
TIC 1054351719,1054351719,102
TIC 1054354050,1054354050,102
TIC 1054357358,1054357358,102
TIC 1054358355,1054358355,102
TIC 1054365727,1054365727,102
TIC 1054379217,1054379217,102
TIC 1054380646,1054380646,102
TIC 1054389346,1054389346,102
TIC 1054422101,1054422101,102
TIC 1054432645,1054432645,102
TIC 1054443939,1054443939,102
TIC 1054449318,1054449318,102
TIC 1054456036,1054456036,102
TIC 1054461911,1054461911,102
TIC 1054463006,1054463006,102
TIC 1054475734,1054475734,102
TIC 1054497599,1054497599,102
TIC 1054504137,1054504137,102
TIC 1054512275,1054512275,102
TIC 1054513288,1054513288,102
TIC 1054513753,1054513753,102
TIC 1054515296,1054515296,102
TIC 1054517386,1054517386,102
TIC 1054522072,1054522072,102
TIC 1054533761,1054533761,102
TIC 1054534305,1054534305,102
TIC 1054535655,1054535655,102
TIC 1054537108,1054537108,102
TIC 1054545941,1054545941,102
TIC 1054546508,1054546508,102
TIC 1054570858,1054570858,102
TIC 1054573660,1054573660,102
TIC 1054585515,1054585515,102
TIC 1054588535,1054588535,102
TIC 1054588828,1054588828,102
TIC 1054594775,1054594775,102
TIC 1054608387,1054608387,102
TIC 1054608896,1054608896,102
TIC 1054615092,1054615092,102
TIC 1054624074,1054624074,102
TIC 1054630986,1054630986,102
TIC 1054637722,1054637722,102
TIC 1054647314,1054647314,102
TIC 1054653434,1054653434,102
TIC 1054654489,1054654489,102
TIC 1054656944,1054656944,102
TIC 1054667426,1054667426,102
TIC 1054672927,1054672927,102
TIC 1054674955,1054674955,102
TIC 1054677446,1054677446,102
TIC 1054682705,1054682705,102
TIC 1054695514,1054695514,102
TIC 1054707368,1054707368,102
TIC 1054708587,1054708587,102
TIC 1054731477,1054731477,102
TIC 1054733288,1054733288,102
TIC 1054736490,1054736490,102
TIC 1054736555,1054736555,102
TIC 1054738412,1054738412,102
TIC 1054739548,1054739548,102
TIC 1054739830,1054739830,102
TIC 1054739845,1054739845,102
TIC 1054750314,1054750314,102
TIC 1054770477,1054770477,102
TIC 1054777035,1054777035,102
TIC 1054779974,1054779974,102
TIC 1054781926,1054781926,102
TIC 1055065844,1055065844,102
TIC 1055068518,1055068518,102
TIC 1055087088,1055087088,102
TIC 1055087725,1055087725,102
TIC 1055093195,1055093195,102
TIC 1055099209,1055099209,102
TIC 1055103149,1055103149,102
TIC 1055104951,1055104951,102
TIC 1055115185,1055115185,102
TIC 1055123337,1055123337,102
TIC 1055132847,1055132847,102
TIC 1055133027,1055133027,102
TIC 1055135034,1055135034,102
TIC 1055171371,1055171371,102
TIC 1055175342,1055175342,102
TIC 1055182509,1055182509,102
TIC 1055183341,1055183341,102
TIC 1055186218,1055186218,102
TIC 1055187572,1055187572,102
TIC 1055190603,1055190603,102
TIC 1055195887,1055195887,102
TIC 1055203947,1055203947,102
TIC 1055206356,1055206356,102
TIC 1055211563,1055211563,102
TIC 1055212260,1055212260,102
TIC 1055228136,1055228136,102
TIC 1055273507,1055273507,102
TIC 1055277354,1055277354,102
TIC 1055278220,1055278220,102
TIC 1055279219,1055279219,102
TIC 1055279647,1055279647,102
TIC 1055284193,1055284193,102
TIC 1055294485,1055294485,102
TIC 1055302300,1055302300,102
TIC 1055305922,1055305922,102
TIC 1055307131,1055307131,102
TIC 1055312334,1055312334,102
TIC 1055320667,1055320667,102
TIC 1055327894,1055327894,102
TIC 1055328421,1055328421,102
TIC 1055344857,1055344857,102
TIC 1055346022,1055346022,102
TIC 1055362090,1055362090,102
TIC 1055368387,1055368387,102
TIC 1055368530,1055368530,102
TIC 1055370842,1055370842,102
TIC 1055373287,1055373287,102
TIC 1055375583,1055375583,102
TIC 1055404778,1055404778,102
TIC 1055405141,1055405141,102
TIC 1055405601,1055405601,102
TIC 1055405761,1055405761,102
TIC 1055422836,1055422836,102
TIC 1055429129,1055429129,102
TIC 1055430843,1055430843,102
TIC 1055445111,1055445111,102
TIC 1055447125,1055447125,102
TIC 1055454629,1055454629,102
TIC 1055462071,1055462071,102
TIC 1055483352,1055483352,102
TIC 1055500664,1055500664,102
TIC 1055500818,1055500818,102
TIC 1055501598,1055501598,102
TIC 1055506581,1055506581,102
TIC 1055517601,1055517601,102
TIC 1055523415,1055523415,102
TIC 1055524689,1055524689,102
TIC 1055527127,1055527127,102
TIC 1055529515,1055529515,102
TIC 1055532147,1055532147,102
TIC 1055534238,1055534238,102
TIC 1055535197,1055535197,102
TIC 1055537569,1055537569,102
TIC 1055540985,1055540985,102
TIC 1055553451,1055553451,102
TIC 1055562806,1055562806,102
TIC 1055570234,1055570234,102
TIC 1055594557,1055594557,102
TIC 1055598459,1055598459,102
TIC 1055608426,1055608426,102
TIC 1055615074,1055615074,102
TIC 1055617210,1055617210,102
TIC 1055617373,1055617373,102
TIC 1055618756,1055618756,102
TIC 1055619941,1055619941,102
TIC 1055623478,1055623478,102
TIC 1055625940,1055625940,102
TIC 1055628845,1055628845,102
TIC 1055630101,1055630101,102
TIC 1055630278,1055630278,102
TIC 1055631321,1055631321,102
TIC 1055632890,1055632890,102
TIC 1055637628,1055637628,102
TIC 1055641613,1055641613,102
TIC 1055649042,1055649042,102
TIC 1055655645,1055655645,102
TIC 1055657101,1055657101,102
TIC 1055657402,1055657402,102
TIC 1055657826,1055657826,102
TIC 1055658558,1055658558,102
TIC 1055659342,1055659342,102
TIC 1055667840,1055667840,102
TIC 1055668849,1055668849,102
TIC 1055678213,1055678213,102
TIC 1055687097,1055687097,102
TIC 1055688932,1055688932,102
TIC 1055700223,1055700223,102
TIC 1055702499,1055702499,102
TIC 1055711913,1055711913,102
TIC 1055718753,1055718753,102
TIC 1055718764,1055718764,102
TIC 1055720271,1055720271,102
TIC 1055722137,1055722137,102
TIC 1055727390,1055727390,102
TIC 1055732706,1055732706,102
TIC 1055747747,1055747747,102
TIC 1055748274,1055748274,102
TIC 1055755764,1055755764,102
TIC 1055758858,1055758858,102
TIC 1055760338,1055760338,102
TIC 1055771476,1055771476,102
TIC 1055779304,1055779304,102
TIC 1055783945,1055783945,102
TIC 1055788262,1055788262,102
TIC 1055790638,1055790638,102
TIC 1055791233,1055791233,102
TIC 1055795259,1055795259,102
TIC 1055797323,1055797323,102
TIC 1055802439,1055802439,102
TIC 1055803622,1055803622,102
TIC 1055818175,1055818175,102
TIC 1055818473,1055818473,102
TIC 1055868401,1055868401,102
TIC 1055877401,1055877401,102
TIC 1055878367,1055878367,102
TIC 1055883924,1055883924,102
TIC 1055897256,1055897256,102
TIC 1055903063,1055903063,102
TIC 1056173534,1056173534,102
TIC 1056195106,1056195106,102
TIC 1056208223,1056208223,102
TIC 1056236061,1056236061,102
TIC 1056241604,1056241604,102
TIC 1056243744,1056243744,102
TIC 1056251280,1056251280,102
TIC 1056254963,1056254963,102
TIC 1056256674,1056256674,102
TIC 1056257816,1056257816,102
TIC 1056266221,1056266221,102
TIC 1056268018,1056268018,102
TIC 1056281053,1056281053,102
TIC 1056293212,1056293212,102
TIC 1056296123,1056296123,102
TIC 1056304416,1056304416,102
TIC 1056309280,1056309280,102
TIC 1056312757,1056312757,102
TIC 1056315651,1056315651,102
TIC 1056317278,1056317278,102
TIC 1056320624,1056320624,102
TIC 1056334452,1056334452,102
TIC 1056339043,1056339043,102
TIC 1056342499,1056342499,102
TIC 1056351995,1056351995,102
TIC 1056356947,1056356947,102
TIC 1056391907,1056391907,102
TIC 1056417063,1056417063,102
TIC 1056417644,1056417644,102
TIC 1056424242,1056424242,102
TIC 1056426395,1056426395,102
TIC 1056430955,1056430955,102
TIC 1056433528,1056433528,102
TIC 1056433576,1056433576,102
TIC 1056436591,1056436591,102
TIC 1056438027,1056438027,102
TIC 1056438677,1056438677,102
TIC 1056448571,1056448571,102
TIC 1056453227,1056453227,102
TIC 1056459016,1056459016,102
TIC 1056469980,1056469980,102
TIC 1056479410,1056479410,102
TIC 1056482464,1056482464,102
TIC 1056495411,1056495411,102
TIC 1056504257,1056504257,102
TIC 1056561662,1056561662,102
TIC 1056567419,1056567419,102
TIC 1056580706,1056580706,102
TIC 1056583597,1056583597,102
TIC 1056584794,1056584794,102
TIC 1056591303,1056591303,102
TIC 1056601387,1056601387,102
TIC 1056603388,1056603388,102
TIC 1056606496,1056606496,102
TIC 1056610659,1056610659,102
TIC 1056612614,1056612614,102
TIC 1056613612,1056613612,102
TIC 1056615171,1056615171,102
TIC 1056615378,1056615378,102
TIC 1056617287,1056617287,102
TIC 1056618999,1056618999,102
TIC 1056622167,1056622167,102
TIC 1056630118,1056630118,102
TIC 1056630515,1056630515,102
TIC 1056632995,1056632995,102
TIC 1056644436,1056644436,102
TIC 1056656588,1056656588,102
TIC 1056657494,1056657494,102
TIC 1056659570,1056659570,102
TIC 1056662420,1056662420,102
TIC 1056663087,1056663087,102
TIC 1056666267,1056666267,102
TIC 1056668102,1056668102,102
TIC 1056668974,1056668974,102
TIC 1056672417,1056672417,102
TIC 1056682897,1056682897,102
TIC 1056710340,1056710340,102
TIC 1056711677,1056711677,102
TIC 1056715694,1056715694,102
TIC 1056720196,1056720196,102
TIC 1056754772,1056754772,102
TIC 1056762741,1056762741,102
TIC 1056764223,1056764223,102
TIC 1109033324,1109033324,102
TIC 1109054905,1109054905,102
TIC 1113029289,1113029289,102
TIC 1138134640,1138134640,102
TIC 1138165707,1138165707,102
TIC 1138230720,1138230720,102
TIC 1138959881,1138959881,102
TIC 1139122880,1139122880,102
TIC 1139324887,1139324887,102
TIC 1139414339,1139414339,102
TIC 1139529505,1139529505,102
TIC 1139552767,1139552767,102
TIC 1139594565,1139594565,102
TIC 1139597469,1139597469,102
TIC 1139661410,1139661410,102
TIC 1139686195,1139686195,102
TIC 1139787274,1139787274,102
TIC 1139901814,1139901814,102
TIC 1139963865,1139963865,102
TIC 1140080687,1140080687,102
TIC 1140988333,1140988333,102
TIC 1143434623,1143434623,102
TIC 1143467567,1143467567,102
TIC 1144127305,1144127305,102
TIC 1144158261,1144158261,102
TIC 1145962309,1145962309,102
TIC 1146371369,1146371369,102
TIC 1146491310,1146491310,102
TIC 1146928766,1146928766,102
TIC 1149954124,1149954124,102
TIC 1150828370,1150828370,102
TIC 1150985199,1150985199,102
TIC 1151200842,1151200842,102
TIC 1151312292,1151312292,102
TIC 1151822095,1151822095,102
TIC 1151997899,1151997899,102
TIC 1152291600,1152291600,102
TIC 1152488183,1152488183,102
TIC 1152489805,1152489805,102
TIC 1152539311,1152539311,102
TIC 1152716886,1152716886,102
TIC 1153337753,1153337753,102
TIC 1153511898,1153511898,102
TIC 1153684472,1153684472,102
TIC 1153926013,1153926013,102
TIC 1154134520,1154134520,102
TIC 1154323811,1154323811,102
TIC 1154407812,1154407812,102
TIC 1154435173,1154435173,102
TIC 1154536018,1154536018,102
TIC 1154604942,1154604942,102
TIC 1154703833,1154703833,102
TIC 1154709659,1154709659,102
TIC 1154804418,1154804418,102
TIC 1154816654,1154816654,102
TIC 1154953635,1154953635,102
TIC 1154973266,1154973266,102
TIC 1155027028,1155027028,102
TIC 1155124899,1155124899,102
TIC 1155153005,1155153005,102
TIC 1155351501,1155351501,102
TIC 1155489185,1155489185,102
TIC 1155513102,1155513102,102
TIC 1155559362,1155559362,102
TIC 1155614675,1155614675,102
TIC 1155752710,1155752710,102
TIC 1155927247,1155927247,102
TIC 1155942798,1155942798,102
TIC 1155992173,1155992173,102
TIC 1156124561,1156124561,102
TIC 1156152542,1156152542,102
TIC 1156179178,1156179178,102
TIC 1156182137,1156182137,102
TIC 1156193976,1156193976,102
TIC 1156422479,1156422479,102
TIC 1156528772,1156528772,102
TIC 1156756406,1156756406,102
TIC 1156914574,1156914574,102
TIC 1157050811,1157050811,102
TIC 1159968895,1159968895,102
TIC 1160170248,1160170248,102
TIC 1160548235,1160548235,102
TIC 1160953652,1160953652,102
TIC 1161062991,1161062991,102
TIC 1165055353,1165055353,102
TIC 1165167388,1165167388,102
TIC 1165319820,1165319820,102
TIC 1165323748,1165323748,102
TIC 1165461851,1165461851,102
TIC 1165490777,1165490777,102
TIC 1165517005,1165517005,102
TIC 1165546656,1165546656,102
TIC 1165548224,1165548224,102
TIC 1165682403,1165682403,102
TIC 1165739763,1165739763,102
TIC 1165778427,1165778427,102
TIC 1165830782,1165830782,102
TIC 1165918926,1165918926,102
TIC 1165932691,1165932691,102
TIC 1166013336,1166013336,102
TIC 1166036367,1166036367,102
TIC 1166150307,1166150307,102
TIC 1166284323,1166284323,102
TIC 1166435743,1166435743,102
TIC 1167921220,1167921220,102
TIC 1168053778,1168053778,102
TIC 1168120879,1168120879,102
TIC 1168123824,1168123824,102
TIC 1168195532,1168195532,102
TIC 1168203096,1168203096,102
TIC 1168291769,1168291769,102
TIC 1168314285,1168314285,102
TIC 1168417412,1168417412,102
TIC 1168458205,1168458205,102
TIC 1168520971,1168520971,102
TIC 1168534372,1168534372,102
TIC 1168556619,1168556619,102
TIC 1168657949,1168657949,102
TIC 1168673267,1168673267,102
TIC 1168676334,1168676334,102
TIC 1168677163,1168677163,102
TIC 1172776480,1172776480,102
TIC 1172813298,1172813298,102
TIC 1172855938,1172855938,102
TIC 1172871362,1172871362,102
TIC 1172873753,1172873753,102
TIC 1172899204,1172899204,102
TIC 1172901529,1172901529,102
TIC 1172951532,1172951532,102
TIC 1172962401,1172962401,102
TIC 1172978312,1172978312,102
TIC 1172981319,1172981319,102
TIC 1173009827,1173009827,102
TIC 1173022095,1173022095,102
TIC 1173024213,1173024213,102
TIC 1173032319,1173032319,102
TIC 1173038612,1173038612,102
TIC 1173045557,1173045557,102
TIC 1173065026,1173065026,102
TIC 1173086585,1173086585,102
TIC 1173122109,1173122109,102
TIC 1173140394,1173140394,102
TIC 1173152098,1173152098,102
TIC 1173165341,1173165341,102
TIC 1173195775,1173195775,102
TIC 1173223091,1173223091,102
TIC 1173297484,1173297484,102
TIC 1173322686,1173322686,102
TIC 1173330053,1173330053,102
TIC 1173336160,1173336160,102
TIC 1173348607,1173348607,102
TIC 1173353342,1173353342,102
TIC 1173363063,1173363063,102
TIC 1173374132,1173374132,102
TIC 1173381650,1173381650,102
TIC 1173384661,1173384661,102
TIC 1173387724,1173387724,102
TIC 1173388847,1173388847,102
TIC 1173389968,1173389968,102
TIC 1173415528,1173415528,102
TIC 1173423287,1173423287,102
TIC 1173423962,1173423962,102
TIC 1173425396,1173425396,102
TIC 1173439681,1173439681,102
TIC 1173473680,1173473680,102
TIC 1173491957,1173491957,102
TIC 1173499609,1173499609,102
TIC 1173505178,1173505178,102
TIC 1173556625,1173556625,102
TIC 1173570958,1173570958,102
TIC 1173607467,1173607467,102
TIC 1173616560,1173616560,102
TIC 1173674605,1173674605,102
TIC 1173677844,1173677844,102
TIC 1173709765,1173709765,102
TIC 1173743986,1173743986,102
TIC 1173754330,1173754330,102
TIC 1173775828,1173775828,102
TIC 1173821555,1173821555,102
TIC 1173822578,1173822578,102
TIC 1173828220,1173828220,102
TIC 1173859457,1173859457,102
TIC 1173895541,1173895541,102
TIC 1173896215,1173896215,102
TIC 1173896220,1173896220,102
TIC 1173901640,1173901640,102
TIC 1173905204,1173905204,102
TIC 1173921823,1173921823,102
TIC 1174316464,1174316464,102
TIC 1174333592,1174333592,102
TIC 1174355317,1174355317,102
TIC 1174366083,1174366083,102
TIC 1174374794,1174374794,102
TIC 1174380125,1174380125,102
TIC 1174382122,1174382122,102
TIC 1174385040,1174385040,102
TIC 1174400605,1174400605,102
TIC 1174401993,1174401993,102
TIC 1174408266,1174408266,102
TIC 1174415284,1174415284,102
TIC 1174426925,1174426925,102
TIC 1174432532,1174432532,102
TIC 1174440396,1174440396,102
TIC 1174468728,1174468728,102
TIC 1174475436,1174475436,102
TIC 1174477396,1174477396,102
TIC 1174478753,1174478753,102
TIC 1174480067,1174480067,102
TIC 1174484117,1174484117,102
TIC 1174489937,1174489937,102
TIC 1174519955,1174519955,102
TIC 1174527157,1174527157,102
TIC 1174528647,1174528647,102
TIC 1174528654,1174528654,102
TIC 1174585147,1174585147,102
TIC 1174761001,1174761001,102
TIC 1174761636,1174761636,102
TIC 1175896151,1175896151,102
TIC 1175896919,1175896919,102
TIC 1175914891,1175914891,102
TIC 1175919202,1175919202,102
TIC 1175926156,1175926156,102
TIC 1175927277,1175927277,102
TIC 1175929272,1175929272,102
TIC 1175937133,1175937133,102
TIC 1175940637,1175940637,102
TIC 1175982112,1175982112,102
TIC 1176051829,1176051829,102
TIC 1176052991,1176052991,102
TIC 1176072249,1176072249,102
TIC 1205794004,1205794004,102
TIC 1210767151,1210767151,102
TIC 1210884393,1210884393,102
TIC 1211456547,1211456547,102
TIC 1211727347,1211727347,102
TIC 1212260796,1212260796,102
TIC 1215379696,1215379696,102
TIC 1216819490,1216819490,102
TIC 1218686167,1218686167,102
TIC 1218733871,1218733871,102
TIC 1218759100,1218759100,102
TIC 1219195427,1219195427,102
TIC 1220143780,1220143780,102
TIC 1226980756,1226980756,102
TIC 1227116847,1227116847,102
TIC 1228441515,1228441515,102
TIC 1229509165,1229509165,102
TIC 1233494974,1233494974,102
TIC 1240446450,1240446450,102
TIC 1240469951,1240469951,102
TIC 1310159419,1310159419,102
TIC 1310160573,1310160573,102
TIC 1310183121,1310183121,102
TIC 1311720101,1311720101,102
TIC 1312903641,1312903641,102
TIC 1313191492,1313191492,102
TIC 1313195332,1313195332,102
TIC 1313531687,1313531687,102
TIC 1313547518,1313547518,102
TIC 1313739508,1313739508,102
TIC 1313961582,1313961582,102
TIC 1313996357,1313996357,102
TIC 1314222671,1314222671,102
TIC 1314224015,1314224015,102
TIC 1314350877,1314350877,102
TIC 1314530430,1314530430,102
TIC 1314554249,1314554249,102
TIC 1314590941,1314590941,102
TIC 1315061074,1315061074,102
TIC 1315079975,1315079975,102
TIC 1315082311,1315082311,102
TIC 1315282751,1315282751,102
TIC 1319978601,1319978601,102
TIC 1320001531,1320001531,102
TIC 1320020322,1320020322,102
TIC 1320081724,1320081724,102
TIC 1320105044,1320105044,102
TIC 1320136231,1320136231,102
TIC 1321622493,1321622493,102
TIC 1321770513,1321770513,102
TIC 1508992151,1508992151,102
TIC 1509025778,1509025778,102
TIC 1509131834,1509131834,102
TIC 1509137214,1509137214,102
TIC 1510313557,1510313557,102
TIC 1510955737,1510955737,102
TIC 1510976590,1510976590,102
TIC 1511000103,1511000103,102
TIC 1511060513,1511060513,102
TIC 1511076815,1511076815,102
TIC 1511095991,1511095991,102
TIC 1511128727,1511128727,102
TIC 1511159288,1511159288,102
TIC 1511238638,1511238638,102
TIC 1511272538,1511272538,102
TIC 1511286521,1511286521,102
TIC 1511337147,1511337147,102
TIC 1511396117,1511396117,102
TIC 1511691541,1511691541,102
TIC 1511836662,1511836662,102
TIC 1511838447,1511838447,102
TIC 1511994332,1511994332,102
TIC 1688426868,1688426868,102
TIC 1688427718,1688427718,102
TIC 1688440821,1688440821,102
TIC 1688453221,1688453221,102
TIC 1688457018,1688457018,102
TIC 1688461950,1688461950,102
TIC 1688463533,1688463533,102
TIC 1688672401,1688672401,102
TIC 1689659281,1689659281,102
TIC 1689709788,1689709788,102
TIC 1689780419,1689780419,102
TIC 1689820764,1689820764,102
TIC 1690054787,1690054787,102
TIC 1690055649,1690055649,102
TIC 1690057160,1690057160,102
TIC 1815752767,1815752767,102
TIC 1815758191,1815758191,102
TIC 1816416315,1816416315,102
TIC 1922004135,1922004135,102
TIC 1922004217,1922004217,102
TIC 1922259144,1922259144,102
TIC 1922285837,1922285837,102
TIC 1922458519,1922458519,102
TIC 1922462047,1922462047,102
TIC 1922513356,1922513356,102
TIC 1922521285,1922521285,102
TIC 1922633593,1922633593,102
TIC 1922823406,1922823406,102
TIC 1922882348,1922882348,102
TIC 1987711522,1987711522,102
TIC 1987988333,1987988333,102
TIC 1988000068,1988000068,102
TIC 1988001975,1988001975,102
TIC 1988002885,1988002885,102
TIC 1988008573,1988008573,102
TIC 1988077273,1988077273,102
TIC 1988136069,1988136069,102
TIC 1988136167,1988136167,102
TIC 1988297501,1988297501,102
TIC 1988303319,1988303319,102
TIC 1988304198,1988304198,102
TIC 1988312577,1988312577,102
TIC 1988313611,1988313611,102
TIC 1988329533,1988329533,102
TIC 1988341310,1988341310,102
TIC 1988342266,1988342266,102
TIC 1988342732,1988342732,102
TIC 1988347351,1988347351,102
TIC 1988348504,1988348504,102
TIC 1988348826,1988348826,102
TIC 1988362426,1988362426,102
TIC 1988390226,1988390226,102
TIC 1988391770,1988391770,102
TIC 1988394438,1988394438,102
TIC 1988398536,1988398536,102
TIC 1988402293,1988402293,102
TIC 1988430145,1988430145,102
TIC 1988812533,1988812533,102
TIC 1988818073,1988818073,102
TIC 1988818439,1988818439,102
TIC 1988826632,1988826632,102
TIC 1988877658,1988877658,102
TIC 1988878664,1988878664,102
TIC 1989053679,1989053679,102
TIC 1989057421,1989057421,102
TIC 1989065371,1989065371,102
TIC 1989065388,1989065388,102
TIC 1989068344,1989068344,102
TIC 1989117455,1989117455,102
TIC 1989118577,1989118577,102
TIC 1989119989,1989119989,102
TIC 1989121756,1989121756,102
TIC 1989124850,1989124850,102
TIC 2025821631,2025821631,102
TIC 2025822894,2025822894,102
TIC 2025835633,2025835633,102
TIC 2025835705,2025835705,102
TIC 2025835706,2025835706,102
TIC 2025841306,2025841306,102
TIC 2025857906,2025857906,102
TIC 2025862024,2025862024,102
TIC 2025865646,2025865646,102
TIC 2025871122,2025871122,102
TIC 2025876704,2025876704,102
TIC 2025878884,2025878884,102
TIC 2025884213,2025884213,102
TIC 2025887998,2025887998,102
TIC 2025901618,2025901618,102
TIC 2025957412,2025957412,102
TIC 2025995485,2025995485,102
TIC 2025998153,2025998153,102
TIC 2026000513,2026000513,102
TIC 2026000805,2026000805,102
TIC 2026001083,2026001083,102
TIC 2026039360,2026039360,102
TIC 2026048561,2026048561,102
TIC 2026048975,2026048975,102
TIC 2026484856,2026484856,102
TIC 2026492243,2026492243,102
TIC 2026510306,2026510306,102
TIC 2026518033,2026518033,102
TIC 2026522184,2026522184,102
TIC 2026522916,2026522916,102
TIC 2026525371,2026525371,102
TIC 2026526432,2026526432,102
TIC 2026533059,2026533059,102
TIC 2026545272,2026545272,102
TIC 2026546223,2026546223,102
TIC 2026548107,2026548107,102
TIC 2026548394,2026548394,102
TIC 2026548483,2026548483,102
TIC 2026561186,2026561186,102
TIC 2026564359,2026564359,102
TIC 2026565294,2026565294,102
TIC 2026574437,2026574437,102
TIC 2026576953,2026576953,102
TIC 2026582029,2026582029,102
TIC 2026591425,2026591425,102
TIC 2026599752,2026599752,102
TIC 2026604172,2026604172,102
TIC 2026605957,2026605957,102
TIC 2026611178,2026611178,102
TIC 2026613049,2026613049,102
TIC 2026622897,2026622897,102
TIC 2026624947,2026624947,102
TIC 2026627316,2026627316,102
TIC 2026629015,2026629015,102
TIC 2026629942,2026629942,102
TIC 2026639006,2026639006,102
TIC 2026639986,2026639986,102
TIC 2026643143,2026643143,102
TIC 2026646585,2026646585,102
TIC 2026651233,2026651233,102
TIC 2026653274,2026653274,102
TIC 2026658493,2026658493,102
TIC 2026658627,2026658627,102
TIC 2026658730,2026658730,102
TIC 2026660986,2026660986,102
TIC 2026662042,2026662042,102
TIC 2026669192,2026669192,102
TIC 2026673813,2026673813,102
TIC 2026681836,2026681836,102
TIC 2026684170,2026684170,102
TIC 2026684183,2026684183,102
TIC 2026692494,2026692494,102
TIC 2026693872,2026693872,102
TIC 2026698317,2026698317,102
TIC 2026698410,2026698410,102
TIC 2026702173,2026702173,102
TIC 2026719623,2026719623,102
TIC 2026723259,2026723259,102
TIC 2026738660,2026738660,102
TIC 2026739298,2026739298,102
TIC 2026742167,2026742167,102
TIC 2026743413,2026743413,102
TIC 2026745476,2026745476,102
TIC 2026745620,2026745620,102
TIC 2026751113,2026751113,102
TIC 2026758185,2026758185,102
TIC 2026760914,2026760914,102
TIC 2026761072,2026761072,102
TIC 2026762480,2026762480,102
TIC 2026762481,2026762481,102
TIC 2026767866,2026767866,102
TIC 2026772759,2026772759,102
TIC 2026775626,2026775626,102
TIC 2026776583,2026776583,102
TIC 2026787188,2026787188,102
TIC 2026794978,2026794978,102
TIC 2026804903,2026804903,102
TIC 2026808037,2026808037,102
TIC 2026812533,2026812533,102
TIC 2026813200,2026813200,102
TIC 2026813914,2026813914,102
TIC 2026826012,2026826012,102
TIC 2026834337,2026834337,102
TIC 2026849793,2026849793,102
TIC 2026857444,2026857444,102
TIC 2026871708,2026871708,102
TIC 2026876023,2026876023,102
TIC 2026885091,2026885091,102
TIC 2026953694,2026953694,102
TIC 2026953829,2026953829,102
TIC 2026959389,2026959389,102
TIC 2026960633,2026960633,102
TIC 2026963883,2026963883,102
TIC 2026966482,2026966482,102
TIC 2026967784,2026967784,102
TIC 2026972950,2026972950,102
TIC 2026974047,2026974047,102
TIC 2026974869,2026974869,102
TIC 2026982897,2026982897,102
TIC 2026983799,2026983799,102
TIC 2026993572,2026993572,102
TIC 2026994484,2026994484,102
TIC 2026994664,2026994664,102
TIC 2026995077,2026995077,102
TIC 2027000738,2027000738,102
TIC 2027001506,2027001506,102
TIC 2027001655,2027001655,102
TIC 2027001657,2027001657,102
TIC 2027003705,2027003705,102
TIC 2027012057,2027012057,102
TIC 2027012253,2027012253,102
TIC 2027012587,2027012587,102
TIC 2027017200,2027017200,102
TIC 2027017990,2027017990,102
TIC 2027021995,2027021995,102
TIC 2027024189,2027024189,102
TIC 2027025151,2027025151,102
TIC 2027027973,2027027973,102
TIC 2027028764,2027028764,102
TIC 2027034196,2027034196,102
TIC 2027039936,2027039936,102
TIC 2027042822,2027042822,102
TIC 2027043588,2027043588,102
TIC 2027046157,2027046157,102
TIC 2027047640,2027047640,102
TIC 2027049935,2027049935,102
TIC 2027051869,2027051869,102
TIC 2027057357,2027057357,102
TIC 2027062132,2027062132,102
TIC 2027063879,2027063879,102
TIC 2027064771,2027064771,102
TIC 2027068347,2027068347,102
TIC 2027073142,2027073142,102
TIC 2027075905,2027075905,102
TIC 2027078376,2027078376,102
TIC 2027088191,2027088191,102
TIC 2027093948,2027093948,102
TIC 2027102587,2027102587,102
TIC 2027102735,2027102735,102
TIC 2027102913,2027102913,102
TIC 2027104135,2027104135,102
TIC 2027106469,2027106469,102
TIC 2027108548,2027108548,102
TIC 2027109125,2027109125,102
TIC 2027112792,2027112792,102
TIC 2027113599,2027113599,102
TIC 2027119903,2027119903,102
TIC 2027120280,2027120280,102
TIC 2027120916,2027120916,102
TIC 2027125576,2027125576,102
TIC 2027125967,2027125967,102
TIC 2027127037,2027127037,102
TIC 2027140602,2027140602,102
TIC 2027141184,2027141184,102
TIC 2027148172,2027148172,102
TIC 2027150563,2027150563,102
TIC 2027177503,2027177503,102
TIC 2027179349,2027179349,102
TIC 2027179350,2027179350,102
TIC 2027192799,2027192799,102
TIC 2027195166,2027195166,102
TIC 2027196825,2027196825,102
TIC 2027197147,2027197147,102
TIC 2027197499,2027197499,102
TIC 2027198493,2027198493,102
TIC 2027199457,2027199457,102
TIC 2027200415,2027200415,102
TIC 2027202481,2027202481,102
TIC 2027205817,2027205817,102
TIC 2027210032,2027210032,102
TIC 2027210617,2027210617,102
TIC 2027234157,2027234157,102
TIC 2027234998,2027234998,102
TIC 2027236727,2027236727,102
TIC 2027238880,2027238880,102
TIC 2027245141,2027245141,102
TIC 2027245638,2027245638,102
TIC 2027249905,2027249905,102
TIC 2027402201,2027402201,102
TIC 2054590505,2054590505,102
TIC 2054595482,2054595482,102
TIC 2054595847,2054595847,102
TIC 2054604223,2054604223,102
TIC 2054616015,2054616015,102
TIC 2054616143,2054616143,102
TIC 2054621530,2054621530,102
TIC 2054650600,2054650600,102
TIC 2054655088,2054655088,102
TIC 2054662852,2054662852,102
TIC 2054663095,2054663095,102
TIC 2054666375,2054666375,102
TIC 2054666603,2054666603,102
TIC 2054669002,2054669002,102
TIC 2054673118,2054673118,102
TIC 2054675719,2054675719,102
TIC 2054678303,2054678303,102
TIC 2054685996,2054685996,102
TIC 2054688785,2054688785,102
TIC 2054689447,2054689447,102
TIC 2054704450,2054704450,102
TIC 2054712060,2054712060,102
TIC 2054723021,2054723021,102
TIC 2054724331,2054724331,102
TIC 2054726920,2054726920,102
TIC 2054727221,2054727221,102
TIC 2054732633,2054732633,102
TIC 2054739025,2054739025,102
TIC 2054740881,2054740881,102
TIC 2054741370,2054741370,102
TIC 2054742449,2054742449,102
TIC 2054748124,2054748124,102
TIC 2054750241,2054750241,102
TIC 2054754487,2054754487,102
TIC 2054758198,2054758198,102
TIC 2054762863,2054762863,102
TIC 2054766215,2054766215,102
TIC 2054767007,2054767007,102
TIC 2054767047,2054767047,102
TIC 2054767500,2054767500,102
TIC 2054772133,2054772133,102
TIC 2054779067,2054779067,102
TIC 2054780267,2054780267,102
TIC 2054792781,2054792781,102
TIC 2054819938,2054819938,102
TIC 2054822104,2054822104,102
TIC 2054823375,2054823375,102
TIC 2054828464,2054828464,102
TIC 2054830594,2054830594,102
TIC 2054831655,2054831655,102
TIC 2054832391,2054832391,102
TIC 2054840060,2054840060,102
TIC 2054840981,2054840981,102
TIC 2054841501,2054841501,102
TIC 2054841767,2054841767,102
TIC 2054843848,2054843848,102
TIC 2054845400,2054845400,102
TIC 2054851454,2054851454,102
TIC 2054854626,2054854626,102
TIC 2054859225,2054859225,102
TIC 2054861935,2054861935,102
TIC 2054862125,2054862125,102
TIC 2054869508,2054869508,102
TIC 2054872427,2054872427,102
TIC 2054881735,2054881735,102
TIC 2054882042,2054882042,102
TIC 2054885301,2054885301,102
TIC 2054886157,2054886157,102
TIC 2054887534,2054887534,102
TIC 2054891571,2054891571,102
TIC 2054891744,2054891744,102
TIC 2054894958,2054894958,102
TIC 2054903456,2054903456,102
TIC 2054908324,2054908324,102
TIC 2054908645,2054908645,102
TIC 2054913705,2054913705,102
TIC 2054914173,2054914173,102
TIC 2054925633,2054925633,102
TIC 2054940784,2054940784,102
TIC 2054941211,2054941211,102
TIC 2054945300,2054945300,102
TIC 2054968505,2054968505,102
TIC 2054970358,2054970358,102
TIC 2054975283,2054975283,102
TIC 2054976416,2054976416,102
TIC 2054977481,2054977481,102
TIC 2054984267,2054984267,102
TIC 2054989765,2054989765,102
TIC 2054996858,2054996858,102
TIC 2054998899,2054998899,102
TIC 2055005565,2055005565,102
TIC 2055008212,2055008212,102
TIC 2055009780,2055009780,102
TIC 2055016023,2055016023,102
TIC 2055018064,2055018064,102
TIC 2055022387,2055022387,102
TIC 2055024898,2055024898,102
TIC 2055034680,2055034680,102
TIC 2055039638,2055039638,102
TIC 2055040479,2055040479,102
TIC 2055043456,2055043456,102
TIC 2055050919,2055050919,102
TIC 2055056467,2055056467,102
TIC 2055062544,2055062544,102
TIC 2055062941,2055062941,102
TIC 2055065354,2055065354,102
TIC 2055068430,2055068430,102
TIC 2055069641,2055069641,102
TIC 2055070877,2055070877,102
TIC 2055071012,2055071012,102
TIC 2055075311,2055075311,102
TIC 2055079015,2055079015,102
TIC 2055079038,2055079038,102
TIC 2055083374,2055083374,102
TIC 2055083538,2055083538,102
TIC 2055085742,2055085742,102
TIC 2055090470,2055090470,102
TIC 2055091437,2055091437,102
TIC 2055093705,2055093705,102
TIC 2055096910,2055096910,102
TIC 2055097551,2055097551,102
TIC 2055099282,2055099282,102
TIC 2055100253,2055100253,102
TIC 2055100949,2055100949,102
TIC 2055106383,2055106383,102
TIC 2055106984,2055106984,102
TIC 2055108057,2055108057,102
TIC 2055108755,2055108755,102
TIC 2055111525,2055111525,102
TIC 2055114970,2055114970,102
TIC 2055120231,2055120231,102
TIC 2055121829,2055121829,102
TIC 2055121926,2055121926,102
TIC 2055122792,2055122792,102
TIC 2055123702,2055123702,102
TIC 2055129009,2055129009,102
TIC 2055129558,2055129558,102
TIC 2055130053,2055130053,102
TIC 2055132200,2055132200,102
TIC 2055133127,2055133127,102
TIC 2055134778,2055134778,102
TIC 2055135686,2055135686,102
TIC 2055141858,2055141858,102
TIC 2055143198,2055143198,102
TIC 2055145474,2055145474,102
TIC 2055145714,2055145714,102
TIC 2055148518,2055148518,102
TIC 2055155577,2055155577,102
TIC 2055157781,2055157781,102
TIC 2055164372,2055164372,102
TIC 2055164643,2055164643,102
TIC 2055168117,2055168117,102
TIC 2055169397,2055169397,102
TIC 2055171697,2055171697,102
TIC 2055173314,2055173314,102
TIC 2055176967,2055176967,102
TIC 2055182058,2055182058,102
TIC 2055183421,2055183421,102
TIC 2055185714,2055185714,102
TIC 2055187070,2055187070,102
TIC 2055187323,2055187323,102
TIC 2055187785,2055187785,102
TIC 2055190909,2055190909,102
TIC 2055192744,2055192744,102
TIC 2055198129,2055198129,102
TIC 2055210443,2055210443,102
TIC 2055212373,2055212373,102
TIC 2055212606,2055212606,102
TIC 2055213836,2055213836,102
TIC 2055215285,2055215285,102
TIC 2055219466,2055219466,102
TIC 2055220708,2055220708,102
TIC 2055221285,2055221285,102
TIC 2055222418,2055222418,102
TIC 2055222559,2055222559,102
TIC 2055223480,2055223480,102
TIC 2055232125,2055232125,102
TIC 2055232485,2055232485,102
TIC 2055238843,2055238843,102
TIC 2055238949,2055238949,102
TIC 2055241697,2055241697,102
TIC 2055242803,2055242803,102
TIC 2055243603,2055243603,102
TIC 2055244848,2055244848,102
TIC 2055248625,2055248625,102
TIC 2055250663,2055250663,102
TIC 2055251423,2055251423,102
TIC 2055252119,2055252119,102
TIC 2055253071,2055253071,102
TIC 2055253526,2055253526,102
TIC 2055255527,2055255527,102
TIC 2055255937,2055255937,102
TIC 2055256037,2055256037,102
TIC 2055256574,2055256574,102
TIC 2055261012,2055261012,102
TIC 2055261322,2055261322,102
TIC 2055264756,2055264756,102
TIC 2055264865,2055264865,102
TIC 2055265067,2055265067,102
TIC 2055267624,2055267624,102
TIC 2055273727,2055273727,102
TIC 2055277388,2055277388,102
TIC 2055279032,2055279032,102
TIC 2055283590,2055283590,102
TIC 2055283792,2055283792,102
TIC 2055284772,2055284772,102
TIC 2055289803,2055289803,102
TIC 2055291014,2055291014,102
TIC 2055291319,2055291319,102
TIC 2055293157,2055293157,102
TIC 2055294586,2055294586,102
TIC 2055295797,2055295797,102
TIC 2055296394,2055296394,102
TIC 2055299297,2055299297,102
TIC 2055301029,2055301029,102
TIC 2055314872,2055314872,102
TIC 2055314977,2055314977,102
TIC 2055316642,2055316642,102
TIC 2055320635,2055320635,102
TIC 2055321156,2055321156,102
TIC 2055322562,2055322562,102
TIC 2055323918,2055323918,102
TIC 2055327787,2055327787,102
TIC 2055329143,2055329143,102
TIC 2055332580,2055332580,102
TIC 2055336602,2055336602,102
TIC 2055338492,2055338492,102
TIC 2055339210,2055339210,102
TIC 2055339469,2055339469,102
TIC 2055347694,2055347694,102
TIC 2055348249,2055348249,102
TIC 2055350962,2055350962,102
TIC 2055354673,2055354673,102
TIC 2055357403,2055357403,102
TIC 2055362098,2055362098,102
TIC 2055363459,2055363459,102
TIC 2055363879,2055363879,102
TIC 2055364815,2055364815,102
TIC 2055364887,2055364887,102
TIC 2055370073,2055370073,102
TIC 2055376973,2055376973,102
TIC 2055376976,2055376976,102
TIC 2055378173,2055378173,102
TIC 2055378604,2055378604,102
TIC 2055379098,2055379098,102
TIC 2055383674,2055383674,102
TIC 2055386212,2055386212,102
TIC 2055389704,2055389704,102
TIC 2055390448,2055390448,102
TIC 2055398188,2055398188,102
TIC 2055403579,2055403579,102
TIC 2055403598,2055403598,102
TIC 2055406025,2055406025,102
TIC 2055409003,2055409003,102
TIC 2055410049,2055410049,102
TIC 2055416454,2055416454,102
TIC 2055418384,2055418384,102
TIC 2055424775,2055424775,102
TIC 2055425591,2055425591,102
TIC 2055426742,2055426742,102
TIC 2055428831,2055428831,102
TIC 2055430221,2055430221,102
TIC 2055435487,2055435487,102
TIC 2055441020,2055441020,102
TIC 2055442655,2055442655,102
TIC 2055448695,2055448695,102
TIC 2055449363,2055449363,102
TIC 2055450324,2055450324,102
TIC 2055450766,2055450766,102
TIC 2055450890,2055450890,102
TIC 2055451548,2055451548,102
TIC 2055453549,2055453549,102
TIC 2055454733,2055454733,102
TIC 2055457546,2055457546,102
TIC 2055461713,2055461713,102
TIC 2055463929,2055463929,102
TIC 2055467929,2055467929,102
TIC 2055473464,2055473464,102
TIC 2055476982,2055476982,102
TIC 2055480686,2055480686,102
TIC 2055480800,2055480800,102
TIC 2055482138,2055482138,102
TIC 2055482457,2055482457,102
TIC 2055487739,2055487739,102
TIC 2055491491,2055491491,102
TIC 2055491695,2055491695,102
TIC 2055492054,2055492054,102
TIC 2055496955,2055496955,102
TIC 2055497451,2055497451,102
TIC 2055498546,2055498546,102
TIC 2055499009,2055499009,102
TIC 2055511399,2055511399,102
TIC 2055513076,2055513076,102
