target,tic_id,ra,dec,tmag,teff_k,radius_solar,distance_pc,contamination_ratio,gaia_source_id
TIC 441807873,441807873,266.29626874917,73.66797996174,12.505,3900.0,0.594,117.345,0.0027,1652474274702852352
TIC 275691658,275691658,286.99786024341,60.45268551763,12.506,3871.0,0.598,117.373,0.0488,2155734937307901312
TIC 233086272,233086272,272.16628180574,64.2115389389,12.507,3699.0,0.544,98.9748,0.0242,2161073478576647936
TIC 341816210,341816210,267.53230614569,55.64640942477,12.507,3420.0,0.432,63.6089,0.2285,1418202740920930816
TIC 233211759,233211759,266.77271251539,70.77961680577,12.51,3489.0,0.323,46.6227,0.0228,1638976257642500480
TIC 259039250,259039250,290.54699496559,70.83112106881,12.524,3480.0,0.394,60.1256,0.1306,2262681547123067392
TIC 237219280,237219280,295.72257221029,73.51576775983,12.526,3912.0,0.494,94.1956,0.0227,2264162176968940928
TIC 353735240,353735240,276.19923167134,58.10868336406,12.529,3497.0,0.558,97.7601,0.0178,2151500477511161088
TIC 198185138,198185138,245.60288335838,62.07973479451,12.53,3744.0,0.536,97.8241,0.033,1628252445859419008
TIC 256375401,256375401,298.5452995377,64.28000779553,12.533,3897.0,0.563,111.79,0.1145,2247391291752773376
TIC 219807827,219807827,266.56383959872,61.42123368647,12.537,3702.0,0.518,92.1283,0.0719,1436208790013880576
TIC 229611412,229611412,274.90208314287,72.48915708895,12.54,3531.0,0.431,71.2171,0.0522,2266664287476890240
TIC 229975545,229975545,289.99858485858,60.03586506477,12.54,3837.0,0.576,113.163,0.0568,2239520403404818176
TIC 307987410,307987410,257.43338072331,61.62992955404,12.54,3940.0,0.592,122.358,0.0133,1438467977171319680
TIC 165551882,165551882,266.76625634544,57.22476105257,12.544,3429.0,0.323,48.049,0.0434,1421760279512055808
TIC 219810383,219810383,267.01133738674,63.33847049657,12.546,3523.0,0.45,73.8199,0.0067,1439789006032014336
TIC 298781419,298781419,278.64626960484,57.7769108981,12.546,3735.0,0.547,103.539,0.0107,2154254616699762560
TIC 233728450,233728450,277.00937358231,62.86449662897,12.55,3865.0,0.578,116.288,0.0205,2160325432712844416
TIC 376879869,376879869,283.78178224614,74.01535338627,12.55,3669.0,0.529,95.8109,0.0813,2267813517646939008
TIC 307955351,307955351,256.67318387586,60.48195318598,12.551,3625.0,0.409,67.3977,0.004,1437587027839518464
TIC 233657951,233657951,259.65770010462,61.43208717628,12.554,3887.0,0.588,118.768,0.0118,1437756833666671488
TIC 165530589,165530589,266.45005813714,58.88861773586,12.558,3159.0,0.267,32.0218,0.0981,1422937203630815488
TIC 229483270,229483270,295.72320227467,62.26793217313,12.558,3937.0,0.563,114.195,0.0583,2240982960028550016
TIC 237098529,237098529,239.9397333861,70.69154562985,12.559,3689.0,0.555,103.801,0.0011,1647921575008098560
TIC 406927364,406927364,287.34867578069,58.32387646676,12.562,3752.0,0.536,100.108,0.0967,2143109279646536064
TIC 280074384,280074384,298.21407482499,67.53483076287,12.563,3577.0,0.499,85.5625,0.3951,2249148276973131136
TIC 229713960,229713960,278.79948547758,66.15382539258,12.567,3959.0,0.588,123.857,0.0386,2256999511551394432
TIC 230377324,230377324,285.15367503988,60.5592714309,12.569,3839.0,0.57,114.26,0.151,2155879420007758848
TIC 233614943,233614943,283.73321662377,61.83116736851,12.574,3755.0,0.544,103.296,0.0631,2156844275821597312
TIC 198210588,198210588,247.88635867328,62.21693475618,12.575,3781.0,0.561,109.717,8.0E-4,1625633787118451200
TIC 233060935,233060935,269.88333176316,61.1113503789,12.58,3561.0,0.53,91.097,0.0075,1435240360788783232
TIC 362258727,362258727,286.53841831383,76.61453635907,12.58,3204.0,0.271,33.725,0.0057,2292548371742214528
TIC 165501015,165501015,265.72911856991,57.35925289734,12.582,3919.0,0.558,112.364,0.0013,1422198915932247680
TIC 232607180,232607180,258.15723855917,60.5539875637,12.588,3570.0,0.393,64.6659,0.0169,1437558749774750976
TIC 230087050,230087050,247.18389865001,66.85480225424,12.589,3513.0,0.432,69.6542,0.1034,1648387939737462656
TIC 229581854,229581854,270.50632426767,73.12341529159,12.593,3522.0,0.574,105.585,0.0119,2266950332298087040
TIC 320525039,320525039,264.9447830933,55.68342380876,12.594,3657.0,0.522,95.5884,0.0049,1421056420271734272
TIC 280070427,280070427,297.93764022792,69.31678127717,12.596,3388.0,0.326,47.6881,0.0406,2251008856805013760
TIC 233124171,233124171,273.61600774463,62.07871461441,12.598,3766.0,0.534,102.177,0.0042,2159115110929160320
TIC 441714800,441714800,253.80701814182,75.39196079933,12.601,3672.0,0.555,105.126,0.0121,1656566210304675072
TIC 198388593,198388593,258.09516118855,56.03186567342,12.604,3850.0,0.583,118.9,2.0E-4,1432349744718684160
TIC 237103217,237103217,240.93896316503,69.39753653399,12.604,3700.0,0.543,103.154,0.0039,1646956890993615104
TIC 258873648,258873648,288.31862900463,68.68461426439,12.604,3686.0,0.492,89.6681,0.0249,2261980608461492352
TIC 229798009,229798009,285.35247816505,71.81171645991,12.613,3884.0,0.545,109.329,0.0511,2263017654083713280
TIC 233735382,233735382,277.62877476143,60.39752033126,12.616,3664.0,0.569,108.171,0.01,2158009139671230720
TIC 230135143,230135143,252.72137396207,68.75917946502,12.617,3798.0,0.554,109.227,0.0845,1648966798249460224
TIC 237099895,237099895,240.13753736749,66.11349645457,12.617,3672.0,0.478,87.1379,0.004,1642850318142259712
TIC 377054794,377054794,285.19372377711,59.59073496871,12.617,3763.0,0.562,111.768,0.0177,2155439512277714944
TIC 219429281,219429281,254.43291665167,61.69724307521,12.619,3535.0,0.512,89.6423,0.0071,1630471260323402112
TIC 233545908,233545908,281.56744417152,61.17218822316,12.622,3839.0,0.493,95.8315,0.1014,2156379766518405248
TIC 219087338,219087338,268.40759302667,71.62486782124,12.628,3936.0,0.595,127.34,0.002,1639227152452158208
TIC 353898013,353898013,271.89985371913,56.32422873225,12.629,3230.0,0.328,43.8758,0.0227,2150363719926715520
TIC 259036250,259036250,290.17580102086,66.29847172924,12.63,3897.0,0.596,125.277,0.0205,2254843575406746112
TIC 416193088,416193088,285.63993266664,69.73352966151,12.63,3892.0,0.591,126.009,0.003,2262363479024817792
TIC 243336237,243336237,290.0365746484,59.46207197204,12.633,3252.0,0.388,56.5714,0.0428,2143425732837222784
TIC 229454246,229454246,294.26918005037,61.95686121931,12.635,3438.0,0.527,91.5837,0.0265,2240919050914706688
TIC 233208400,233208400,266.33683026016,70.90154106703,12.635,3615.0,0.542,101.43,0.2024,1639075866523951744
TIC 229598094,229598094,273.56255302698,73.38886635235,12.636,3460.0,0.413,65.6844,0.0684,2267291112183222528
TIC 233501675,233501675,250.65567423627,73.39728784452,12.636,3634.0,0.452,80.1148,0.003,1654658626349599360
TIC 284900411,284900411,260.97493076257,57.06684421633,12.636,3925.0,0.588,126.36,0.0288,1432883759476325760
TIC 229507871,229507871,297.08647489841,63.29315002072,12.637,3450.0,0.385,60.9354,0.0666,2241424551386344320
TIC 229615081,229615081,278.03557071361,74.83016579332,12.638,3345.0,0.336,49.509,0.0016,2268835750310316416
TIC 341839537,341839537,267.85654823215,57.49703789896,12.638,3609.0,0.41,70.2889,0.0842,1421781616909489536
TIC 356893337,356893337,272.86530994601,58.74561029084,12.638,3271.0,0.278,37.0581,0.0146,2152373970779309440
TIC 233684437,233684437,260.82182922418,63.55758094269,12.642,3670.0,0.578,114.829,0.0293,1440405144861194368
TIC 165498437,165498437,265.18032357366,56.68492350342,12.646,3441.0,0.335,50.9777,0.0061,1421366826148660864
TIC 236769908,236769908,274.22971251232,67.82665494326,12.646,3898.0,0.59,125.02,0.9829,2258213372385766144
TIC 424388104,424388104,281.02180695158,77.78996499654,12.646,3992.0,0.517,107.826,0.0198,2292857471948827136
TIC 232634180,232634180,269.39831263679,56.22021103174,12.649,3620.0,0.52,95.6284,0.3063,1418337568534408704
TIC 229764062,229764062,281.70844923302,71.96621530983,12.65,3696.0,0.456,85.2045,0.0357,2265999254740508672
TIC 284889132,284889132,260.41171363111,58.08558439142,12.654,3572.0,0.391,66.148,0.0041,1433164414115387776
TIC 298289582,298289582,251.60355106966,59.29311911844,12.655,3868.0,0.577,120.586,0.0512,1431851391073498624
TIC 441809255,441809255,266.51630329891,73.85080978993,12.659,3385.0,0.347,52.2476,0.0111,1652490217621580288
TIC 198414922,198414922,259.57644759896,55.91631621692,12.66,3858.0,0.585,123.337,0.0017,1420663757181266048
TIC 233072899,233072899,271.15205409465,61.40197809024,12.663,3808.0,0.522,103.641,0.1551,2158886721748451840
TIC 233208639,233208639,266.34285218736,70.10057897728,12.665,3502.0,0.44,73.5761,0.0038,1638793532553738752
TIC 229973176,229973176,290.03376931014,62.98793863604,12.669,3260.0,0.401,56.8717,0.044,2240524738556548864
TIC 233733207,233733207,277.52351814251,64.82351557137,12.672,3391.0,0.367,55.9813,0.0371,2256627292504045440
TIC 233123014,233123014,273.62683141133,64.4939148571,12.673,3665.0,0.574,114.332,0.0848,2161280736518936704
TIC 377159677,377159677,285.6273750325,57.19015257292,12.673,3768.0,0.55,111.48,0.414,2153453381961206528
TIC 320504102,320504102,264.61496258597,59.79708460422,12.674,3441.0,0.412,65.132,0.0131,1434925797383133312
TIC 229650375,229650375,280.88560498515,74.77544045321,12.676,3558.0,0.511,90.8821,0.0629,2268046167434287104
TIC 441792976,441792976,262.99939403276,74.12837836611,12.676,3511.0,0.539,99.362,0.0072,1655645438034987648
TIC 229937722,229937722,287.69033220616,63.28540426304,12.679,3773.0,0.544,109.418,0.0108,2252501336464563200
TIC 233051855,233051855,269.18770380906,60.44572875498,12.681,3676.0,0.428,77.0666,0.1632,1435159546684050176
TIC 229963163,229963163,289.38466393274,65.16798675586,12.682,3372.0,0.361,55.6555,0.0126,2254303921357211136
TIC 390018919,390018919,277.4370048256,55.92167438776,12.683,3721.0,0.565,113.654,0.0112,2150659797792098304
TIC 232616666,232616666,259.44034036275,64.52772932598,12.684,3356.0,0.355,53.8103,0.0274,1631358394408506624
TIC 376849566,376849566,276.16315618036,66.75026717892,12.686,3622.0,0.554,105.133,0.1447,2257272705830748800
TIC 232611481,232611481,259.02625763826,60.37350525558,12.687,3974.0,0.597,130.837,0.0318,1437440998951778688
TIC 219104885,219104885,270.79987005495,71.67225628724,12.69,3609.0,0.519,97.0285,0.1315,2260763105490977024
TIC 289581681,289581681,252.41639342317,65.17798490795,12.69,3609.0,0.479,87.2857,0.2747,1635050966771922688
TIC 287149955,287149955,253.66301664899,62.64591570129,12.691,3225.0,0.228,29.7585,0.0012,1630809153990860032
TIC 232611387,232611387,258.86714005061,60.09813328482,12.698,3655.0,0.554,108.016,0.0311,1437328848765400704
TIC 236758399,236758399,272.5366330686,68.91146009443,12.698,3353.0,0.354,55.169,0.0012,2259968811419624448
TIC 229940234,229940234,287.98834644652,64.1338847673,12.699,3721.0,0.513,100.498,0.0235,2252643658798530176
TIC 233094467,233094467,272.92682714356,61.68509286912,12.699,3805.0,0.564,117.754,0.0268,2159047250445653632
TIC 233527444,233527444,279.92137973843,60.68212741198,12.7,3577.0,0.505,93.7646,0.0059,2156492500820139008
TIC 198388382,198388382,258.19270127805,56.67283207685,12.702,3365.0,0.343,50.9387,0.0044,1432801781436609792
TIC 233073451,233073451,271.11151076522,62.56246768776,12.703,3838.0,0.556,116.82,0.0246,2159414757910680064
TIC 356824045,356824045,275.06831035488,67.29679509058,12.703,3511.0,0.438,74.1344,0.0083,2258056039144574720
TIC 233692706,233692706,275.58914938092,59.97401606125,12.707,3636.0,0.508,95.8592,0.425,2157716119822030976
TIC 198188588,198188588,246.10253033446,64.58218176779,12.708,3645.0,0.465,85.7724,0.0095,1629859725700890496
TIC 441716120,441716120,254.04681332002,73.3937725628,12.708,3564.0,0.405,70.6195,5.0E-4,1653875121235416576
TIC 229944188,229944188,288.19321183094,61.49210220822,12.709,3915.0,0.586,128.947,0.1229,2251948801807717376
TIC 230071306,230071306,243.33542399575,69.00279336509,12.709,3536.0,0.497,88.1381,5.0E-4,1643800880305143552
TIC 288428750,288428750,269.22493620641,78.47673516712,12.71,3531.0,0.521,97.9187,0.03,1705382911669505280
TIC 237216719,237216719,295.21079639325,75.18297442207,12.711,3885.0,0.525,110.733,0.0144,2289125557686408960
TIC 280069113,280069113,297.98668964527,67.28384684005,12.711,3295.0,0.462,73.5867,0.0226,2249045197758833536
TIC 198358201,198358201,256.44789588338,57.75971739613,12.713,3855.0,0.567,121.202,0.0022,1433704411763653248
TIC 233055200,233055200,269.25859090993,62.77446137543,12.713,3840.0,0.591,127.893,0.0259,1436567746200733184
TIC 233128986,233128986,274.16512161254,64.3150248069,12.714,3316.0,0.363,53.7262,0.0279,2161230880538463232
TIC 232612888,232612888,258.99925512282,64.61900068133,12.716,3191.0,0.192,24.5385,0.0438,1631420379376431488
TIC 237229596,237229596,296.71013474096,72.28290846164,12.716,3875.0,0.573,125.079,0.0123,2263851668013393408
TIC 356870100,356870100,275.90294739747,67.97185498745,12.716,3956.0,0.574,127.428,0.0118,2259681392207722240
TIC 229749413,229749413,280.46715834119,66.9649259454,12.717,3656.0,0.415,73.8787,0.028,2258583632927579520
TIC 356870317,356870317,275.94261168721,67.75299742354,12.717,3756.0,0.528,105.886,0.0321,2258176985422901760
TIC 441807661,441807661,266.2962776653,74.24824463228,12.72,3980.0,0.574,128.571,0.0207,1652703110560042880
TIC 230069215,230069215,242.76107562973,71.46931207082,12.721,3636.0,0.558,108.822,0.0014,1653978544047408384
TIC 229937610,229937610,287.73030266569,63.10008117201,12.725,3724.0,0.534,106.846,0.008,2252489898968015872
TIC 198409149,198409149,258.93874882844,56.77676390345,12.729,3532.0,0.575,108.935,0.2124,1432795218726512384
TIC 258776466,258776466,286.46872781489,70.63686538863,12.729,3578.0,0.417,73.2382,0.0014,2262793662949277056
TIC 230129303,230129303,251.59665798956,66.00805975859,12.734,3444.0,0.521,94.6631,0.0106,1636083854867146624
TIC 230084392,230084392,246.36382632598,67.27156014274,12.735,3379.0,0.315,47.4815,0.0021,1642599182815790720
TIC 232626447,232626447,268.86432976298,57.66342732573,12.74,3441.0,0.369,59.9265,0.0968,1421693346741767296
TIC 198279258,198279258,250.17078363053,65.01183679555,12.741,3462.0,0.399,66.4806,0.2153,1635194075082209536
TIC 341817646,341817646,267.54402697563,59.13569323483,12.743,3390.0,0.344,53.6093,0.0185,1422923047418503936
TIC 233070040,233070040,270.77409461718,64.75824770524,12.744,3970.0,0.547,120.019,0.5572,2161522418625364096
TIC 233573351,233573351,282.12879979223,60.68076288494,12.744,3590.0,0.555,107.626,0.0243,2156351454093858176
TIC 287139872,287139872,253.46299315864,60.70908067856,12.746,3652.0,0.527,103.021,0.002,1438168463332034816
TIC 359483451,359483451,278.95370110407,57.48308414032,12.746,3711.0,0.573,119.122,0.019,2154214450165500928
TIC 287152070,287152070,253.71841712808,62.01642120327,12.748,3278.0,0.3,43.8612,0.0131,1630539567483392896
TIC 198185371,198185371,245.57656164046,63.07639934788,12.749,3693.0,0.488,94.7493,0.0011,1628918646826461696
TIC 233098282,233098282,273.30155087251,61.41748886607,12.761,3966.0,0.544,120.439,0.0171,2159022683232642688
TIC 198236586,198236586,248.80097799314,60.54522875856,12.763,3462.0,0.439,75.277,0.035,1624498644441880832
TIC 219865662,219865662,258.73867308831,65.99360858017,12.763,3453.0,0.428,73.2998,0.1286,1632483813279908992
TIC 233542652,233542652,281.30094588201,64.25780953857,12.763,3851.0,0.558,120.359,0.0938,2253431321438881792
TIC 367837191,367837191,275.49284511192,73.35148445526,12.766,3705.0,0.502,99.55,0.0031,2267109211728730496
TIC 219757125,219757125,261.84710842345,64.14192932547,12.768,3343.0,0.361,56.5179,0.1815,1632600773828334720
TIC 377158364,377158364,285.65356059371,59.03121032342,12.771,3839.0,0.409,80.8858,0.8336,2155200471577887616
TIC 353818806,353818806,270.3933002208,56.37780822485,12.776,3804.0,0.466,94.5847,0.2811,2150320323577456768
TIC 219859253,219859253,257.90823538437,67.95125733699,12.779,3634.0,0.392,72.0621,0.0164,1636683466660795904
TIC 232682547,232682547,282.37384934998,59.69663101953,12.781,3335.0,0.422,66.3616,0.0083,2156154882030566656
TIC 334832207,334832207,250.62430198351,63.29217407532,12.781,3692.0,0.558,118.462,0.0046,1631784764402444032
TIC 367856400,367856400,277.0097068643,74.55663775016,12.784,3465.0,0.436,77.2857,0.0074,2268743086007264256
TIC 311234972,311234972,253.86586078801,66.25061337664,12.786,3814.0,0.511,108.468,0.0044,1635724314564926464
TIC 341816918,341816918,267.68157072482,57.31819173015,12.787,3797.0,0.551,117.275,0.002,1421774882400749184
TIC 441811392,441811392,267.00977889287,74.61561682659,12.788,3211.0,0.251,34.4626,0.0055,1652765232967046016
TIC 233656978,233656978,259.68458772969,64.88642676891,12.79,3666.0,0.422,78.7645,0.0109,1632926091831608192
TIC 233732152,233732152,277.36531968203,64.70259118422,12.79,3618.0,0.381,70.4071,0.2899,2256602072456053376
TIC 259126333,259126333,291.39866054298,69.50520582685,12.79,3586.0,0.372,66.8784,0.0125,2261708582412857984
TIC 229780270,229780270,283.23623400171,71.01786682181,12.791,3476.0,0.393,66.5949,0.0243,2265503581154809088
TIC 441807865,441807865,266.11277432712,73.69506029007,12.793,3543.0,0.5,93.9415,0.1416,1652475133696307328
TIC 356871098,356871098,276.05259310826,66.93570685296,12.795,3406.0,0.4,66.0022,0.0507,2257284285062657280
TIC 199610779,199610779,249.05675297725,59.60176547454,12.796,3770.0,0.558,119.277,0.0,1624144945295320448
TIC 287138506,287138506,252.93590922601,63.51204459301,12.796,3356.0,0.36,56.9725,1.0E-4,1631664883274936192
TIC 219881731,219881731,261.56812534625,71.85267341503,12.797,3522.0,0.371,64.5099,0.0896,1651100572361974656
TIC 329250783,329250783,264.0346559826,59.67440073311,12.798,3800.0,0.554,118.87,0.0614,1434903562336827648
TIC 233614230,233614230,283.63215985817,60.59114813046,12.8,3719.0,0.406,78.4746,0.5655,2155913470508521728
TIC 229796245,229796245,284.95123956833,68.28249267263,12.805,3222.0,0.329,48.3489,0.0058,2256173365999919104
TIC 219098304,219098304,269.6976916805,65.92127254586,12.808,3738.0,0.564,120.182,0.8386,1441079592165386496
TIC 219771690,219771690,263.13720098349,62.48515601002,12.809,3496.0,0.49,93.2746,0.0752,1439395346509896704
TIC 334780276,334780276,247.43398197134,62.94763324285,12.809,3832.0,0.586,131.005,0.0288,1628728809271762432
TIC 243297689,243297689,289.25515704884,59.4425147009,12.81,3730.0,0.451,89.1699,0.1048,2143612581093991552
TIC 359679221,359679221,280.94356056364,55.80179401205,12.81,3543.0,0.429,77.0917,0.0403,2147852057412195072
TIC 441739871,441739871,259.56424337166,74.30288591408,12.812,3520.0,0.473,88.0677,0.2501,1655531398063340800
TIC 441813157,441813157,267.42033856118,74.2149481685,12.812,3468.0,0.378,64.758,0.0141,1652692493400860288
TIC 376880903,376880903,283.7362703552,76.7382290857,12.819,3729.0,0.498,102.569,0.0095,2292657051594467840
TIC 219844898,219844898,255.00007887087,68.39212812316,12.82,3825.0,0.5,104.887,0.0085,1636988787295920512
TIC 376847566,376847566,275.47005447242,69.55270002529,12.822,3965.0,0.571,131.297,0.0324,2259884492621634560
TIC 233680140,233680140,260.3468332823,61.63018290823,12.823,3750.0,0.521,109.626,0.2103,1437755562356390016
TIC 219097107,219097107,269.73373006498,69.00026442462,12.825,3651.0,0.516,103.971,0.05,1634782685935736704
TIC 367815544,367815544,275.7736009457,77.93173792859,12.826,3837.0,0.567,125.583,0.1371,2293587307151836288
TIC 237278618,237278618,299.13279002903,72.19572281149,12.827,3469.0,0.598,114.902,0.0182,2263802739746124416
TIC 229782543,229782543,283.36408871033,67.70976047552,12.83,3515.0,0.503,94.2823,0.0283,2256095060156509184
TIC 356821294,356821294,269.48823147159,75.09183225806,12.832,3765.0,0.527,112.381,0.0016,1652814539191707904
TIC 219763122,219763122,262.47456497939,61.2680221129,12.833,3813.0,0.585,131.228,0.0032,1438957156766756608
TIC 198238742,198238742,249.16693648288,63.87702497302,12.836,3400.0,0.438,74.033,0.0435,1628887138946355968
TIC 229672676,229672676,252.37222362015,74.01166578943,12.839,3388.0,0.309,48.9321,0.0021,1654711883944191104
TIC 233732265,233732265,277.3293681912,64.96372393483,12.839,3578.0,0.597,117.935,0.0564,2256634782927022592
TIC 219108100,219108100,271.2771619119,68.8283226401,12.841,3772.0,0.57,125.669,0.0076,2258521888477181056
TIC 233580770,233580770,282.59233090945,62.05371113468,12.845,3423.0,0.559,107.116,0.0246,2156889493237407360
TIC 259167982,259167982,292.04624202029,66.64203644439,12.847,3716.0,0.565,123.815,0.0234,2260812927112300672
TIC 229612885,229612885,277.59452672447,74.7707763084,12.848,3501.0,0.567,115.111,0.0022,2268741024423111168
TIC 237098997,237098997,240.09237090169,70.52848212059,12.848,3760.0,0.589,129.883,0.1955,1647915940011001088
TIC 362225191,362225191,285.70199187187,75.14960258403,12.851,3757.0,0.511,106.673,0.0998,2268298093036223360
TIC 233199387,233199387,264.86848157468,69.46749492105,12.852,3142.0,0.296,39.8986,0.004,1637989067999562624
TIC 353819662,353819662,270.40249769447,58.58147633026,12.852,3415.0,0.335,57.8657,0.3162,2152143348215379968
TIC 233054932,233054932,269.41134153351,63.4335861272,12.853,3999.0,0.529,123.491,0.0043,1439653319425625216
TIC 357527102,357527102,270.1518881246,56.05585930989,12.853,3435.0,0.392,67.0149,0.113,2150289399812853376
TIC 160599479,160599479,243.81119068941,74.18295370863,12.856,3725.0,0.505,105.477,0.0112,1702615406542224640
TIC 198365980,198365980,257.18396468209,57.88389001333,12.856,3683.0,0.501,103.826,0.0089,1433544157944041984
TIC 233093714,233093714,273.08692236021,60.16369256388,12.858,3640.0,0.522,107.476,8.0E-4,2158562709415067648
TIC 357035009,357035009,274.19868261196,58.01246395793,12.859,3373.0,0.55,101.973,0.1026,2151451583603695488
TIC 236764134,236764134,273.42567932285,66.4857101399,12.86,3317.0,0.319,49.6245,0.9457,2257667121267351296
TIC 462617944,462617944,259.65349147172,57.06177922292,12.86,3698.0,0.587,126.604,0.1937,1432828891270160512
TIC 389914919,389914919,275.94629373525,56.5980007705,12.862,3803.0,0.514,110.754,0.3312,2150937458837946752
TIC 230079652,230079652,245.30038531367,70.15074344737,12.864,3534.0,0.595,123.533,0.2633,1652878894980675584
TIC 259131740,259131740,291.86370676862,71.33593788827,12.864,3941.0,0.592,141.07,0.0024,2263473332934664192
TIC 230380624,230380624,285.31093183433,65.43349275332,12.865,3421.0,0.364,64.1968,0.2087,2255205555250449152
TIC 198186473,198186473,245.92286611166,64.2030984996,12.868,3602.0,0.499,99.3667,0.0094,1629796538142109184
TIC 229444326,229444326,293.76996512719,63.81457913185,12.868,3417.0,0.306,51.9916,0.0055,2241923970183944576
TIC 233656965,233656965,259.53696113516,64.9369992167,12.868,3493.0,0.42,76.4623,0.0033,1632929940122279168
TIC 359674630,359674630,280.82169524381,55.89869644981,12.869,3963.0,0.564,134.124,0.0015,2147853534880947968
TIC 441800672,441800672,264.60131709519,72.99777284585,12.871,3884.0,0.529,117.509,0.0071,1652299589792519680
TIC 334831854,334831854,250.75350331566,61.89192774209,12.872,3638.0,0.448,88.7196,0.0243,1625423024483244800
TIC 232676321,232676321,282.296416494,57.1262119553,12.873,3576.0,0.508,99.8397,0.0493,2153274230285901952
TIC 198416190,198416190,260.20669624555,59.47854794615,12.876,3439.0,0.414,72.7632,0.0385,1434296704933603200
TIC 237203014,237203014,293.30197202942,73.60882858092,12.877,3336.0,0.551,102.187,0.002,2264905515548694656
TIC 353781241,353781241,276.48793021022,59.47087230633,12.877,3405.0,0.251,41.085,0.0971,2157684440143134592
TIC 353895923,353895923,271.73401763622,58.66375616019,12.879,3945.0,0.584,139.088,0.0199,2152455575157697536
TIC 359482441,359482441,278.88598643853,59.26165021366,12.88,3315.0,0.34,55.3846,0.0196,2154818734884313728
TIC 165549035,165549035,266.6558451364,54.99938824405,12.881,3620.0,0.484,94.7212,0.0037,1418145669395379840
TIC 230111888,230111888,248.58980044495,71.71469999646,12.882,3796.0,0.589,134.166,0.0784,1653666110946790400
TIC 219874441,219874441,260.2351583268,70.75999485251,12.883,3722.0,0.549,119.273,0.012,1650787177188535168
TIC 441803099,441803099,265.49552333508,77.06289512758,12.883,3772.0,0.581,130.731,2.0E-4,1657190423670750848
TIC 229978252,229978252,290.29632158363,63.20587252701,12.885,3488.0,0.441,81.9615,0.0457,2240533087972966784
TIC 233577023,233577023,282.45851843918,64.2307047423,12.887,3524.0,0.27,46.6859,0.01,2253398782766572672
TIC 389917014,389917014,276.02319236139,59.42331942482,12.887,3682.0,0.444,87.1549,0.1915,2157663377623472512
TIC 230119493,230119493,249.79318730739,66.57101132707,12.889,3347.0,0.43,73.0098,0.0027,1636277403273418496
TIC 229675969,229675969,253.25904500716,75.68938660916,12.892,3383.0,0.374,64.0694,0.2632,1704623355293583232
TIC 160583739,160583739,243.29466086075,74.26762815833,12.902,3713.0,0.545,117.547,0.1563,1702631418180342400
TIC 230075220,230075220,244.47788920138,68.92482335356,12.903,3446.0,0.364,64.2695,0.0037,1643740991281128704
TIC 356785359,356785359,268.39210580038,73.60385477901,12.903,3407.0,0.402,70.1531,0.0082,1652435001521970560
TIC 230391988,230391988,286.3426574586,61.98035397432,12.905,3397.0,0.378,64.752,0.0143,2252129396593420928
TIC 230396449,230396449,286.48612571415,61.60851739864,12.905,3856.0,0.561,129.903,0.0631,2251929216757422976
TIC 367835979,367835979,275.64811954865,76.36629141066,12.906,3629.0,0.51,104.873,0.1059,2269375751870013056
TIC 219762242,219762242,262.66499052978,63.84820460408,12.91,3989.0,0.566,134.512,0.1348,1440471252997848576
TIC 229788783,229788783,284.13895657071,66.66576205924,12.914,3434.0,0.446,86.6124,0.1396,2255608629341277824
TIC 236770256,236770256,274.0615196182,68.67444512484,12.916,3641.0,0.382,74.6716,0.1059,2259765951523900032
TIC 198162429,198162429,243.967467448,62.40885682434,12.917,3439.0,0.447,82.2191,0.0051,1628498186708292352
TIC 230050842,230050842,292.06204897277,62.75180006345,12.918,3570.0,0.497,100.794,0.005,2241760898864940416
TIC 441810173,441810173,266.74672013075,76.8400406746,12.919,3497.0,0.512,99.699,0.01,1656987048379363200
TIC 232617516,232617516,268.31594589344,58.78828192743,12.92,3503.0,0.448,85.5092,0.1203,1422789869072400640
TIC 243278225,243278225,288.52411111181,59.69982342147,12.92,3462.0,0.471,88.1154,0.0027,2143655736925559168
TIC 311234051,311234051,253.56177729131,68.64349194742,12.921,3543.0,0.303,53.7346,0.053,1648935943204423680
TIC 229799905,229799905,285.3277739348,67.63050209569,12.922,3937.0,0.572,137.078,0.1241,2255873542924010368
TIC 233501704,233501704,250.62554152142,73.31074459961,12.922,3535.0,0.349,65.7822,0.0012,1654655808851049984
TIC 165554718,165554718,266.97066486459,57.46081697017,12.924,3817.0,0.556,129.567,0.0501,1421836038438985600
TIC 236785450,236785450,283.14385910056,59.30334782853,12.924,3736.0,0.489,104.556,0.0122,2155383093587148544
TIC 336008893,336008893,282.34122089432,77.26717970135,12.924,3532.0,0.525,104.227,0.0013,2292826238946510080
TIC 311235091,311235091,253.87406092912,66.63321325566,12.926,3564.0,0.497,99.0657,0.0053,1635753520342407552
TIC 232648181,232648181,281.80436135168,58.06704467339,12.927,3710.0,0.55,125.761,0.1047,2154463764427123200
TIC 441715840,441715840,253.9210481901,72.30443009802,12.927,3730.0,0.447,95.297,0.0073,1653568185692015488
TIC 462619951,462619951,259.88655981515,56.40710140654,12.927,3652.0,0.457,93.6984,0.1667,1420738764490284032
TIC 219106240,219106240,270.80954524065,67.81629353786,12.93,3621.0,0.519,112.824,0.0033,2258350605181226240
TIC 233088272,233088272,272.57320110164,60.01416619598,12.93,3921.0,0.595,145.251,0.0047,2158475126442040064
TIC 233501287,233501287,250.7168918526,74.87591614025,12.931,3229.0,0.261,38.6927,0.0047,1655056134162726656
TIC 198157501,198157501,242.91715860437,64.79268614467,12.932,3512.0,0.462,89.9954,0.0126,1641741941703542272
TIC 462620192,462620192,259.9107874994,57.06550418207,12.932,3590.0,0.364,68.1177,0.0483,1432919051223515008
TIC 229607373,229607373,273.9493781649,72.60289856894,12.934,3582.0,0.458,91.7565,0.0088,2266680161675988992
TIC 341874772,341874772,275.35436445278,77.68491455665,12.936,3863.0,0.567,133.466,0.0096,2293554287443150080
TIC 356014712,356014712,254.0730755781,67.33479113494,12.937,3761.0,0.575,132.187,0.0041,1636605710573049856
TIC 232608892,232608892,258.43527114751,64.37474674024,12.939,3505.0,0.427,80.5994,0.6295,1631399419936207616
TIC 229502129,229502129,296.74612280436,62.7568973365,12.943,3546.0,0.423,81.3796,0.5243,2241385484363408000
TIC 230119054,230119054,249.60465641951,68.13877976622,12.943,3508.0,0.491,96.7365,0.1136,1648748476471670656
TIC 230069233,230069233,242.90305406313,71.54536295912,12.944,3560.0,0.426,82.3885,0.0025,1653980468192762368
TIC 332504630,332504630,267.23244742696,59.28357430455,12.947,3444.0,0.435,73.717,0.1132,1422982043089431808
TIC 441805730,441805730,265.67969834021,74.98958840247,12.947,3611.0,0.543,115.03,0.0068,1655846957900698112
TIC 420137203,420137203,291.92895026969,73.82781833075,12.949,3426.0,0.376,67.4147,0.0058,2264972517038593920
TIC 229704090,229704090,277.80800619321,66.83376769619,12.95,3452.0,0.407,74.2111,0.0478,2257315037026823296
TIC 288523776,288523776,274.33538747211,78.16158509464,12.952,3397.0,0.343,60.4199,0.0029,2293781267873849728
TIC 289581485,289581485,252.26515751071,64.36035785131,12.952,3722.0,0.496,108.394,0.0773,1634950739415310848
TIC 230133607,230133607,252.27091977577,69.55503888548,12.954,3671.0,0.471,99.2023,0.2033,1649272153244294784
TIC 233682516,233682516,260.66067143282,62.10177851985,12.954,3458.0,0.423,78.1161,0.021,1440030967310140928
TIC 229749275,229749275,280.34626257909,67.24988397406,12.956,3620.0,0.583,131.718,0.0131,2258615690563635584
TIC 232682362,232682362,282.45291366632,59.40388592076,12.956,3507.0,0.38,71.1967,0.0104,2156125500157823744
TIC 233532668,233532668,280.47144956804,62.45822331262,12.958,3767.0,0.578,134.249,0.0495,2157158564347684352
TIC 230125089,230125089,250.79893523607,69.50435829412,12.961,3356.0,0.367,62.451,0.8553,1650006833169924224
TIC 259232212,259232212,292.70430933594,70.6515955879,12.961,3576.0,0.38,72.6288,0.0154,2263368226494912384
TIC 236767740,236767740,273.76635297593,69.10888718341,12.963,3613.0,0.459,93.8514,0.0059,2259813436682441600
TIC 353937502,353937502,272.04392759158,59.68302195691,12.964,3437.0,0.495,97.7479,0.1503,2152627717447048320
TIC 357045445,357045445,274.30442629296,55.66371216907,12.965,3563.0,0.557,112.337,0.0145,2149337154023467520
TIC 219775481,219775481,263.59498843033,63.55735629686,12.968,3196.0,0.165,23.7163,0.0537,1440254133811195904
TIC 230114598,230114598,248.73525541533,70.31684673156,12.968,3494.0,0.377,71.5361,0.0281,1649973744742416640
TIC 233616461,233616461,283.73169006417,64.46861573986,12.97,3580.0,0.441,88.248,0.0647,2253602020619765248
TIC 230072725,230072725,243.85743672421,68.19242627994,12.972,3393.0,0.443,79.2194,0.0754,1643496178145292416
TIC 219881072,219881072,261.27124829164,69.59479259949,12.973,3059.0,0.195,24.9694,0.0087,1638426776706401920
TIC 389917517,389917517,276.12796109268,58.4235560729,12.973,3531.0,0.508,101.768,0.0159,2157515871267087872
TIC 441811894,441811894,266.95852785921,73.17616584069,12.973,3136.0,0.278,41.2466,0.0132,1651646445525996160
TIC 230071466,230071466,243.5675892003,69.75998467072,12.974,3637.0,0.596,125.61,0.0541,1646886316090911744
TIC 233629963,233629963,284.55494482482,64.48904608572,12.974,3910.0,0.583,143.658,0.0272,2253557627837877248
TIC 258700593,258700593,285.76040157584,67.88462464135,12.975,3317.0,0.313,51.3092,0.03,2255960163824146560
TIC 235678882,235678882,285.30477898286,75.832136536,12.978,3532.0,0.55,118.589,9.0E-4,2268388802745754624
TIC 280069361,280069361,297.95996049827,67.62466806346,12.978,3418.0,0.563,114.714,0.0486,2249196655484733696
TIC 441789247,441789247,262.32421279172,73.5841545506,12.98,3905.0,0.568,141.731,0.0529,1652610614143768832
TIC 229588207,229588207,271.64671084897,75.08142134881,12.981,3505.0,0.397,75.1742,0.0288,2269044592712007808
TIC 377252767,377252767,286.2256086492,58.46857670558,12.985,3736.0,0.578,134.413,0.0104,2155132439295762432
TIC 272786763,272786763,239.3451070982,70.05797672735,12.986,3531.0,0.43,85.4595,0.0025,1647799872814967552
TIC 229689348,229689348,263.23532210847,57.09233669542,12.987,3365.0,0.43,76.4907,0.0336,1422141810046979584
TIC 287137160,287137160,252.68946766784,63.50038973584,12.992,3591.0,0.524,111.503,0.0029,1631664024281470208
TIC 233130965,233130965,274.1059082285,60.30845568724,12.993,3568.0,0.487,102.4,0.0491,2158533056960834432
TIC 198382049,198382049,257.4871351784,56.21800117157,12.997,3589.0,0.428,85.4231,0.0603,1432411179930986368
TIC 229586554,229586554,271.46234958193,75.4211421577,12.998,3439.0,0.412,77.1176,0.0021,2269056068864762496
TIC 233096878,233096878,273.12510270004,64.504718042,12.999,3445.0,0.408,77.394,0.0035,2161289051575600768
TIC 229941196,229941196,288.13100722114,62.53987047529,13.005,3656.0,0.445,93.6491,0.5709,2252442070211908736
TIC 232607175,232607175,258.21137205461,60.58734320098,13.007,3729.0,0.566,131.398,0.0169,1437559093372139008
TIC 233073893,233073893,271.14655870176,63.56240765026,13.008,3734.0,0.535,123.36,0.0055,2160989915693102592
TIC 441793937,441793937,263.57213134255,72.69435900059,13.01,3514.0,0.447,90.4368,0.1118,1652268837826658688
TIC 230010341,230010341,291.29828571404,60.54415525003,13.011,3904.0,0.576,142.131,0.2074,2239662858880018688
TIC 230391647,230391647,286.24953097675,61.45771024547,13.011,3416.0,0.385,70.2584,0.0036,2252090741885213440
TIC 235681781,235681781,286.97433982871,77.31200651113,13.012,3556.0,0.564,122.971,0.0099,2292595818245719168
TIC 233196182,233196182,264.46323133721,71.10475015694,13.015,3859.0,0.59,146.798,0.0024,1639129261557413376
TIC 279979393,279979393,297.13432364027,70.31757817379,13.016,3850.0,0.569,138.118,0.0211,2251197697927181952
TIC 219771638,219771638,262.94484864691,62.60489555459,13.019,3492.0,0.507,105.19,0.0038,1439411113334726784
TIC 233201320,233201320,265.28336922897,67.97941861635,13.022,3878.0,0.588,147.15,0.001,1634611127760738688
TIC 359679087,359679087,281.04639878995,55.9934778645,13.022,3862.0,0.545,133.21,0.0198,2147857967287230720
TIC 376925883,376925883,284.76317799914,76.68612890863,13.022,3803.0,0.583,143.674,0.0085,2292657910587961088
TIC 229406415,229406415,292.83782555014,65.73081252635,13.024,3345.0,0.415,72.9061,0.0166,2242737780587401344
TIC 422828485,422828485,269.86954673574,72.96807052678,13.025,3785.0,0.522,120.987,0.0488,1651408779215365632
TIC 229779843,229779843,283.01975524923,70.00189613211,13.027,3833.0,0.568,138.387,0.0049,2265348927972249856
TIC 264222497,264222497,295.48208121129,71.48465076815,13.027,3876.0,0.564,138.783,0.0155,2263335206786966016
TIC 165555541,165555541,266.93940737096,59.88866219004,13.029,3533.0,0.477,97.281,0.0034,1435070383162337920
TIC 229737193,229737193,279.34308855991,70.16681994327,13.029,3410.0,0.403,75.2252,0.0015,2259590029663543552
TIC 233070039,233070039,270.77074131275,64.75859840595,13.029,3562.0,0.549,120.707,0.4712,2161522422918149760
TIC 229768704,229768704,281.94104084992,69.90213828832,13.033,3784.0,0.558,133.646,0.0012,2265338482611734016
TIC 289537812,289537812,251.48888432999,63.11961686258,13.033,3454.0,0.353,66.1245,0.0103,1631745972257961088
TIC 229709436,229709436,278.40880095888,67.46864551647,13.034,3737.0,0.447,96.0297,0.0296,2258844011023880192
TIC 237208287,237208287,294.07634162721,73.58559045646,13.034,3998.0,0.492,123.765,,2264924275965880576
TIC 377190846,377190846,285.67618672735,59.743058131,13.034,3524.0,0.502,107.384,0.0291,2155627563126107648
TIC 230071938,230071938,243.80354444987,71.85260927581,13.036,3714.0,0.547,127.22,0.0083,1654014484333779584
TIC 1400936171,1400936171,268.72262646736,64.76110860275,13.039,3938.0,0.519,127.827,,1440770693823527168
TIC 233740704,233740704,277.98959587115,61.87300921087,13.04,3337.0,0.28,46.4889,0.0184,2159697508494676480
TIC 233096632,233096632,273.1509371291,65.09640365314,13.042,3761.0,0.588,142.519,0.0546,2161405668527476864
TIC 394121998,394121998,288.44238790809,72.44978154538,13.043,3369.0,0.41,75.5104,0.003,2264514467366396416
TIC 198213522,198213522,248.46299217211,62.51364749108,13.044,3936.0,0.582,151.547,0.0813,1625734358073107840
TIC 230084667,230084667,246.56732649497,68.48982100854,13.045,3665.0,0.529,118.977,0.1767,1649473398232212992
TIC 259037434,259037434,290.54676028965,67.47076286283,13.045,3744.0,0.579,139.694,0.1293,2261098009861123328
TIC 424731131,424731131,255.21604260355,62.58638305959,13.046,3368.0,0.364,65.2814,8.0E-4,1630583547948463744
TIC 259272854,259272854,293.78129451631,69.42782759729,13.047,3737.0,0.565,133.051,0.0433,2261593477288623872
TIC 357034672,357034672,274.10975295771,57.31894436364,13.049,3766.0,0.528,123.697,0.0111,2151031157844663168
TIC 224608234,224608234,255.90692932351,59.2492246991,13.05,3323.0,0.336,58.1448,0.1853,1436894198075181952
TIC 233726366,233726366,276.95717804865,63.9405526844,13.052,3588.0,0.484,103.103,0.0072,2160489844061238784
TIC 198213555,198213555,248.41076893365,62.6528768959,13.053,3682.0,0.527,120.064,0.0117,1625748583004748544
TIC 420109324,420109324,285.2573317499,72.06478396449,13.053,3416.0,0.443,86.1048,0.0265,2263045382392733952
TIC 298664568,298664568,277.81234636055,57.96115028094,13.054,3735.0,0.461,100.334,,2157241783633793024
TIC 198210511,198210511,248.06234734161,61.8256193939,13.055,3457.0,0.337,65.0909,0.0074,1625560394717393536
TIC 441730472,441730472,257.51675769679,77.7793860679,13.055,3769.0,0.566,135.979,0.0108,1705146997706685056
TIC 233744805,233744805,278.62597584661,65.83233965495,13.056,3583.0,0.494,106.32,0.0028,2256965048733457920
TIC 441794921,441794921,263.67602017442,75.73315155503,13.057,3773.0,0.56,134.773,0.3372,1656047103376773248
TIC 198211716,198211716,248.14779616291,64.8834072093,13.059,3467.0,0.439,86.5201,0.0015,1629924425087928320
TIC 219793020,219793020,264.94138891561,62.5144629456,13.063,3318.0,0.403,72.4358,9.0E-4,1439176474976457856
TIC 232616549,232616549,259.47630759317,64.13813365651,13.064,3411.0,0.554,119.374,4.0E-4,1631334514390315008
TIC 230082843,230082843,245.99374557397,71.25695275154,13.066,3635.0,0.376,77.0652,0.0205,1653263895849464576
TIC 311236437,311236437,253.96563113772,71.16775808068,13.066,3762.0,0.557,134.214,5.0E-4,1650250856031943808
TIC 394130811,394130811,288.96865019577,72.45765781767,13.066,3436.0,0.288,51.6848,0.0012,2264421180676758656
TIC 230119055,230119055,249.61090391887,68.13060309405,13.068,3484.0,0.469,96.4347,0.0742,1648560803580865408
TIC 233607120,233607120,283.1282058423,60.14196329944,13.068,3451.0,0.597,130.956,0.0161,2156275622151122432
TIC 280163415,280163415,298.61058375093,68.28774506382,13.069,3815.0,0.593,149.908,0.0155,2249242319577406720
TIC 356700300,356700300,254.3816875997,68.09804599157,13.07,3560.0,0.459,95.5249,0.0,1636843548681861504
TIC 237205536,237205536,293.72710502808,75.75915906685,13.071,3574.0,0.483,103.78,0.0146,2289225544525133568
TIC 311236420,311236420,253.88463636247,71.11970442088,13.074,3813.0,0.57,141.752,0.0075,1650250512434557824
TIC 233161002,233161002,275.06407065391,61.74406107839,13.075,3706.0,0.491,112.23,0.016,2158344903033829632
TIC 383673150,383673150,279.00881647093,63.40219785393,13.076,3453.0,0.465,97.0007,0.0143,2160237059465812736
TIC 441812190,441812190,266.89720847755,72.44170490318,13.076,3504.0,0.424,85.0447,0.1115,1651367753687661952
TIC 198361748,198361748,256.79291931077,58.77194093081,13.079,3870.0,0.53,130.237,0.0025,1433830752521823360
TIC 199547573,199547573,240.7210762566,65.78375594939,13.083,3691.0,0.405,88.4715,0.006,1642082309271554688
TIC 259264537,259264537,293.39850284048,70.85543652853,13.083,3639.0,0.529,120.671,0.0128,2263384031974598912
TIC 230081659,230081659,245.88613125881,67.35858477547,13.084,3361.0,0.369,67.2892,0.0296,1642614575978572800
TIC 229749145,229749145,280.57436838204,67.46425769386,13.085,3928.0,0.556,142.515,0.0028,2258624039980178816
TIC 367681716,367681716,247.13813281204,72.89581504794,13.085,3285.0,0.211,35.0158,2.0E-4,1654582313370246400
TIC 229781039,229781039,283.4358029352,70.94978030521,13.087,3439.0,0.391,77.2092,0.0021,2265502103686064384
TIC 233082738,233082738,271.76322217708,60.25539749332,13.088,3519.0,0.404,82.737,0.0553,2158672523139033088
TIC 237097978,237097978,239.89657243776,67.99875777053,13.088,3759.0,0.538,129.321,0.643,1646254474862167936
TIC 219875617,219875617,260.52656763549,68.76922471831,13.089,3574.0,0.444,95.8711,0.003,1638235805280965120
TIC 165550041,165550041,266.50804676321,57.64466899107,13.092,3493.0,0.372,72.1744,0.0012,1422583504484182912
TIC 441730358,441730358,257.21688479659,77.66993255982,13.096,3381.0,0.253,44.2867,0.0029,1705141255334074880
TIC 219111452,219111452,271.77610374495,66.08840079903,13.097,3873.0,0.592,154.753,0.0062,2257732095532341376
TIC 233009460,233009460,248.12013753502,74.23516765075,13.097,3727.0,0.587,144.571,1.0E-4,1654911548383218432
TIC 376869545,376869545,283.30128767299,76.39763293077,13.097,3377.0,0.374,71.6471,0.0,2292633652612622336
TIC 229669459,229669459,251.54815607032,72.11060522074,13.098,3705.0,0.541,117.911,,1653596566835938432
TIC 233570753,233570753,281.94805223838,63.62809431519,13.098,3746.0,0.58,144.069,0.0028,2253271686094731136
TIC 236759049,236759049,272.72474269873,67.26009177541,13.099,3212.0,0.3,48.8861,0.0048,2258274876317794560
TIC 258701920,258701920,285.7725330252,70.7264819576,13.099,3446.0,0.444,90.0085,6.0E-4,2262808884313328128
TIC 258955869,258955869,289.53203463181,66.54309487247,13.1,3887.0,0.583,151.49,0.4056,2255038120245095168
TIC 230050730,230050730,292.10097319138,62.59955481903,13.101,3279.0,0.204,33.3045,0.0046,2240257866468499968
TIC 420136065,420136065,291.78218440198,76.20133871857,13.101,3878.0,0.594,156.232,2.0E-4,2289437887708022912
TIC 298732908,298732908,278.43957299682,55.35810977015,13.102,3894.0,0.598,156.745,0.0102,2147623118475342976
TIC 235674879,235674879,282.80788671663,72.17709908541,13.103,3958.0,0.566,147.388,8.0E-4,2266087284390554496
TIC 229458013,229458013,294.70562477239,62.68682341523,13.104,3745.0,0.483,112.796,0.2492,2241054393924694144
TIC 233011083,233011083,248.75247933196,74.67646271915,13.104,3668.0,0.532,125.156,0.0015,1703065175517785984
TIC 284892190,284892190,260.53079569871,58.38891849797,13.104,3418.0,0.379,72.9372,0.1596,1433253268398836608
TIC 229772173,229772173,282.10806842279,66.40960676125,13.106,3619.0,0.494,111.053,0.0184,2255543655076487296
TIC 229479827,229479827,295.52459400747,64.80885156693,13.107,3736.0,0.548,133.437,0.0339,2242423526419782016
TIC 230073286,230073286,244.04356274114,65.97569884404,13.11,3622.0,0.345,71.7383,0.0725,1642249022722317824
TIC 219110035,219110035,271.3780294257,69.42143997331,13.111,3947.0,0.565,148.404,0.0388,2260045227477835776
TIC 389965606,389965606,277.14844405391,56.4918522619,13.111,3877.0,0.586,153.475,0.0127,2151065070906139520
TIC 233212208,233212208,266.95018947379,71.53475137867,13.112,3631.0,0.493,112.089,1.0E-4,1639247630856168320
TIC 230136009,230136009,252.89724326889,66.24995365862,13.113,3830.0,0.507,123.897,4.0E-4,1635362987556007680
TIC 233199944,233199944,264.83431795636,71.27579633181,13.113,3544.0,0.44,93.4178,0.0045,1639157642701317120
TIC 219773818,219773818,263.31158146847,63.2077449758,13.114,2994.0,0.183,24.022,0.0013,1440197680761004288
TIC 237099061,237099061,240.29598693073,70.17884752015,13.114,3417.0,0.297,54.6882,8.0E-4,1647144220287436672
TIC 289571829,289571829,252.17462727854,63.49366424007,13.115,3281.0,0.346,59.93,0.0,1631761365420667264
TIC 441789542,441789542,262.51491777835,72.79079311243,13.115,3454.0,0.362,69.7618,8.0E-4,1652281722728588160
TIC 287138335,287138335,252.90984050299,64.05456294958,13.119,3798.0,0.523,127.795,0.0113,1631883960967186304
TIC 219791334,219791334,264.64875867344,64.41662126729,13.12,3933.0,0.546,141.599,6.0E-4,1440513515475992960
TIC 441795677,441795677,263.73412641318,77.31162340441,13.121,3449.0,0.509,106.178,0.0014,1657179669072751232
TIC 441734228,441734228,258.53159773211,76.35034978496,13.123,3616.0,0.46,102.276,0.0191,1656734573021905408
TIC 376880828,376880828,283.69831517044,76.49628881487,13.124,3498.0,0.418,85.4057,0.0081,2292628704810310784
TIC 362212998,362212998,270.84767597748,55.18997822026,13.126,3778.0,0.592,150.793,0.0043,2149871207437253632
TIC 230388486,230388486,286.07713721127,63.50172500087,13.127,3528.0,0.523,113.754,0.0132,2252727496559432448
TIC 232616019,232616019,259.48265064723,62.34009516569,13.127,3196.0,0.367,63.1474,0.0206,1438606412557428352
TIC 233572515,233572515,281.96636220513,60.52333820484,13.127,3860.0,0.519,129.525,0.009,2156326062247357440
TIC 219791669,219791669,264.64194038772,65.43849662067,13.128,3317.0,0.448,86.4532,7.0E-4,1633192654682829440
TIC 235709534,235709534,289.71193433985,72.53648453385,13.129,3829.0,0.595,155.436,0.0278,2264424822809260032
TIC 219801595,219801595,266.00301573871,63.44920432667,13.13,3832.0,0.492,120.39,0.2791,1439827282780662528
TIC 237096789,237096789,239.63424522371,69.88544010554,13.134,3598.0,0.367,77.6079,0.0198,1647043477534393728
TIC 229703754,229703754,277.78151600613,66.09171036916,13.135,3966.0,0.54,138.141,0.0647,2257162720307892352
TIC 232608992,232608992,258.51739799044,64.71436233775,13.137,3736.0,0.506,122.763,0.0021,1632169662192085888
TIC 275693340,275693340,287.03002410527,63.20722947301,13.137,3795.0,0.549,137.257,0.0521,2252683997130544128
TIC 229595601,229595601,273.34667924545,77.48705730498,13.138,3668.0,0.494,114.098,0.0164,2269727870468895744
TIC 288428751,288428751,269.15054768277,78.47837593641,13.139,3588.0,0.448,98.0996,0.0042,1705383083468196224
TIC 198204693,198204693,246.66311243368,64.00331018694,13.141,3546.0,0.451,96.7042,0.2919,1629032721157710464
TIC 237114159,237114159,269.70421506524,56.02043640213,13.144,3560.0,0.484,106.687,0.0043,1418275102530047488
TIC 441719484,441719484,254.87480202327,73.94711380211,13.146,3680.0,0.573,141.157,0.0033,1655451923988477568
TIC 353935105,353935105,272.20210388161,56.24739811334,13.148,3596.0,0.533,123.635,4.0E-4,2150174844445168640
TIC 424389265,424389265,281.22287243848,74.14876460774,13.149,2976.0,0.174,23.2267,0.0234,2268003149041626240
TIC 441813927,441813927,267.59469173318,76.98885947411,13.149,3813.0,0.576,148.793,7.0E-4,1657013608457220864
TIC 259270741,259270741,293.55467476189,70.35647508829,13.15,3549.0,0.31,62.208,0.0013,2263349088120533888
TIC 389915503,389915503,275.91314577452,57.62088474498,13.152,3611.0,0.469,104.531,0.0171,2151460723293772416
TIC 459984389,459984389,256.36066334418,60.34391444803,13.152,3754.0,0.538,132.11,0.0048,1437210342027594368
TIC 233616746,233616746,283.61988389888,65.01441114015,13.153,3801.0,0.56,142.982,6.0E-4,2253721695588917120
TIC 237096439,237096439,239.7199346178,71.81114057131,13.153,3478.0,0.363,70.71,0.0078,1648284963601089792
TIC 259132326,259132326,292.17247829675,71.21833900584,13.153,3527.0,0.495,108.229,0.0086,2263454228920143488
TIC 237216824,237216824,295.32354043422,74.94808879017,13.154,3821.0,0.546,139.52,0.0125,2289103945410802432
TIC 376870091,376870091,283.51967695391,74.94467017435,13.154,3162.0,0.241,37.7709,0.0849,2268253356657403136
TIC 280034701,280034701,297.63853051903,69.00577233654,13.155,3583.0,0.531,122.648,0.0028,2250963948626955136
TIC 441802044,441802044,265.21177573578,74.87610600114,13.156,3614.0,0.479,109.048,0.0071,1655705189620151040
TIC 287137981,287137981,252.77236390522,65.44853573111,13.157,3519.0,0.494,107.781,0.001,1635265131021330688
TIC 237218043,237218043,295.24989731589,72.61292964788,13.159,3481.0,0.32,62.5369,0.0046,2263968937800416384
TIC 232629466,232629466,268.94157116776,55.23118316465,13.162,3662.0,0.459,104.102,0.0747,1417454729417154560
TIC 230078715,230078715,245.10676402324,66.10651177711,13.163,3897.0,0.566,149.673,0.0032,1642336227738501888
TIC 233204783,233204783,265.78101578491,69.24959953234,13.163,3340.0,0.346,63.4073,0.0177,1637941617200904576
TIC 219740029,219740029,242.0053373709,65.27517589661,13.164,3488.0,0.443,92.8975,0.0233,1641830521108918272
TIC 259233660,259233660,292.60639275951,68.15454362307,13.164,3419.0,0.378,75.7664,0.0259,2261062378812852992
TIC 420131754,420131754,291.10765456502,73.27281400848,13.164,3659.0,0.44,102.581,0.005,2264857824232062080
TIC 441722448,441722448,255.83068777926,72.49348286173,13.167,3521.0,0.501,110.633,7.0E-4,1652071990885097728
TIC 236760281,236760281,272.8436071182,67.34132155983,13.168,3798.0,0.449,108.667,0.006,2258276181987892864
TIC 229473874,229473874,295.22368476075,61.96166566023,13.169,3619.0,0.417,90.7238,0.0083,2240878781301692416
TIC 229740520,229740520,279.42361701567,68.85317230717,13.169,3851.0,0.572,151.256,0.0101,2259214890040025344
TIC 233211109,233211109,266.83559780952,68.82839346027,13.171,3439.0,0.352,68.5669,0.0018,1637673886119592960
TIC 258350606,258350606,296.44296184804,71.31219073818,13.171,3299.0,0.297,52.4747,0.0011,2263692238827471104
TIC 459980945,459980945,256.09924941911,60.99435156926,13.171,3633.0,0.42,93.7089,0.0014,1438049578637171328
TIC 233498444,233498444,249.78933024031,74.7912425461,13.173,3480.0,0.41,83.9746,0.0013,1655034143930097280
TIC 233071930,233071930,270.80045079747,60.41134260859,13.174,3547.0,0.458,99.8476,0.0012,2158715782049718784
TIC 298735541,298735541,278.79782637687,59.72249193393,13.175,3494.0,0.377,77.1005,0.0219,2154925662390551680
TIC 356734938,356734938,254.78083951829,69.64248724475,13.176,3801.0,0.589,154.728,2.0E-4,1649124234570670848
TIC 441761963,441761963,260.88647157453,76.94445222041,13.177,3328.0,0.404,78.0746,0.0037,1657139674337246208
TIC 406855375,406855375,274.62964690139,70.24544450853,13.179,3747.0,0.588,153.862,1.0E-4,2260327595807679616
TIC 237225294,237225294,296.51388140334,74.24423975243,13.18,3250.0,0.405,74.6288,0.0106,2288229696226998272
TIC 230125309,230125309,250.92551943861,68.6409791609,13.181,3586.0,0.474,106.869,0.0117,1648785619349009280
TIC 229976076,229976076,290.32466050697,60.41659476718,13.184,3800.0,0.599,160.315,0.0206,2239649183704261120
TIC 198208825,198208825,247.87340756498,64.53861354671,13.185,3915.0,0.58,159.994,0.0012,1629165074869835776
TIC 219844846,219844846,255.16385842026,68.58309159006,13.185,3639.0,0.508,119.754,0.0042,1636995590524134528
TIC 219859629,219859629,257.62681271256,69.323554556,13.186,3141.0,0.254,39.9409,0.0547,1638544252651809664
TIC 233688373,233688373,275.47827756476,61.41300564082,13.187,3520.0,0.483,105.863,0.006,2158321641490939008
TIC 441793872,441793872,263.63088370237,72.49832680804,13.187,3923.0,0.573,155.92,0.0101,1651511789711754624
TIC 232982333,232982333,241.63250608952,66.83643949055,13.188,3855.0,0.553,145.171,4.0E-4,1643274592192480768
TIC 459977111,459977111,255.47321048833,60.54846430799,13.191,3486.0,0.432,91.5284,0.001,1438022193925787904
TIC 353938213,353938213,272.38391956325,59.26284826471,13.193,3181.0,0.285,45.269,0.0157,2152426197581758080
TIC 367854750,367854750,276.38703099476,73.00571736754,13.193,3586.0,0.455,102.4,0.0861,2267030115611039616
TIC 219107616,219107616,271.27034878747,67.51591519461,13.194,3566.0,0.436,97.5417,0.0012,2257967700257504640
TIC 199685281,199685281,252.77300990362,57.66419724658,13.195,3658.0,0.48,113.725,0.2526,1430709857485407360
TIC 233610488,233610488,283.50869533741,65.64548920276,13.195,3703.0,0.463,109.839,4.0E-4,2253957369034936064
TIC 198237009,198237009,248.98413328834,60.82088194559,13.196,3870.0,0.563,150.276,0.0034,1624512250898294656
TIC 284900651,284900651,261.07282381143,56.33686878302,13.196,3477.0,0.448,94.4889,5.0E-4,1420758109022846080
TIC 219779729,219779729,263.93588522634,63.33737014554,13.197,3323.0,0.424,81.6993,0.1444,1440220323828624384
TIC 198278424,198278424,249.9690143198,63.60200478459,13.198,3438.0,0.426,87.654,0.0019,1634811479395543040
TIC 165549362,165549362,266.66938368817,55.86072160392,13.199,3623.0,0.493,115.393,0.0022,1418436490220994432
TIC 198236332,198236332,248.63764048624,61.53052803341,13.199,3555.0,0.595,148.582,0.1574,1625352930616940032
TIC 198356747,198356747,256.25560461244,57.46728572406,13.199,3696.0,0.498,119.599,0.0015,1433508492535546880
TIC 230384068,230384068,285.87545185252,60.09058913209,13.199,3627.0,0.532,125.2,0.0324,2155662335181388544
TIC 237214260,237214260,294.74484321346,74.57105309695,13.199,3230.0,0.416,78.426,0.0197,2288998186136062848
TIC 236763411,236763411,273.30478446729,68.21148982512,13.201,3666.0,0.528,128.449,0.0219,2258237218044280064
TIC 235672944,235672944,282.5639302874,76.88694586736,13.203,3654.0,0.485,114.483,0.0259,2292719929915788032
TIC 232602562,232602562,257.58607151134,63.07361884287,13.204,3970.0,0.524,141.943,,1630983426583655424
TIC 259265659,259265659,293.2204739561,68.93212765184,13.204,3903.0,0.512,134.133,0.011,2261479780914340864
TIC 219806608,219806608,266.49732222157,61.6129729944,13.205,3697.0,0.558,143.395,0.0067,1436402338419887616
TIC 219878156,219878156,260.67867616656,71.78830208586,13.205,3442.0,0.388,79.3713,0.0282,1651090608037816064
TIC 441801132,441801132,265.08271540786,72.17965447155,13.205,3755.0,0.549,140.712,0.0026,1651451522730596096
TIC 377055663,377055663,285.12172315491,58.22213462039,13.207,3605.0,0.546,131.818,0.1419,2155069595334596224
TIC 198360298,198360298,256.68124553105,56.39604132356,13.209,3325.0,0.494,101.297,0.0011,1432597822029999616
TIC 233540482,233540482,281.22350796245,60.25601877364,13.209,3525.0,0.405,86.8338,0.0061,2156236177171639936
TIC 326259293,326259293,298.97475520021,69.17406328466,13.209,3729.0,0.471,113.781,0.11,2250810394956818432
TIC 424462057,424462057,279.74535616599,61.22798855696,13.21,3678.0,0.454,109.169,0.0048,2156617604627547904
TIC 233199884,233199884,265.05092310872,71.05241046733,13.212,3698.0,0.47,111.466,0.0079,1639136374023266816
TIC 219878686,219878686,261.14250570257,70.01232913584,13.213,3384.0,0.435,87.0194,0.0295,1638639287392775296
TIC 287137165,287137165,252.60068831041,63.52463874303,13.213,3749.0,0.583,151.552,0.0026,1631851628453491840
TIC 219104186,219104186,270.52592350386,70.02280153803,13.214,3803.0,0.512,129.574,0.2062,2260098485072407936
TIC 230120119,230120119,249.90939874673,67.4817852967,13.216,3727.0,0.554,143.219,0.0888,1648466314300261760
TIC 420113332,420113332,290.4516143461,72.14635343832,13.217,3804.0,0.559,146.993,0.002,2264351567846750848
TIC 229647164,229647164,280.57598518983,77.28026338206,13.22,3598.0,0.493,115.249,0.0333,2292744772006681344
TIC 233678701,233678701,260.21386726054,62.79455844532,13.22,3676.0,0.476,113.33,0.0024,1438810646841984896
TIC 219118188,219118188,272.48529202937,71.29145825725,13.221,3704.0,0.573,146.357,0.0032,2260687033030089728
TIC 289571416,289571416,252.12258432016,65.04362146377,13.222,3763.0,0.563,147.062,0.0437,1635045572293030272
TIC 441740483,441740483,259.66373974563,76.31885852879,13.222,3162.0,0.216,34.7322,3.0E-4,1656689012008851456
TIC 264299537,264299537,295.90628775592,69.52725301802,13.224,3591.0,0.539,130.703,0.01,2251051462880440064
TIC 280035662,280035662,297.76180097045,67.51199742279,13.224,3720.0,0.541,139.317,0.0014,2249101238492269568
TIC 420108235,420108235,285.10162867536,74.24233376152,13.224,3675.0,0.597,154.019,0.014,2268148142841617792
TIC 233614513,233614513,283.72501211029,61.05362213115,13.225,3314.0,0.395,76.6654,0.0084,2156705462478296832
TIC 233746342,233746342,278.64342172315,62.59545827224,13.225,3516.0,0.44,95.4125,0.0108,2160072476319085184
TIC 399787571,399787571,278.03675639612,59.62747093355,13.225,3334.0,0.404,80.2108,0.0148,2157841807745557376
TIC 459979376,459979376,255.76284765683,63.6045785082,13.225,3248.0,0.304,53.4317,0.0034,1631246274286246912
TIC 264301493,264301493,295.93739303659,66.72378620005,13.226,3330.0,0.363,68.7694,0.0352,2248666931399767936
TIC 229458022,229458022,294.79584788058,62.67514133673,13.228,3534.0,0.404,90.0802,0.0058,2241053702438571392
TIC 198387251,198387251,257.84404810318,59.59764994009,13.229,3407.0,0.463,96.5724,0.0061,1437245869997376128
TIC 233194992,233194992,264.33998185684,66.91346479751,13.229,3674.0,0.48,116.402,0.0099,1634315496572685568
TIC 219798398,219798398,265.4257745672,59.91165328316,13.23,3444.0,0.559,132.59,0.0025,1434887039598163200
TIC 280069332,280069332,298.12997978971,67.57356639464,13.23,3505.0,0.507,114.993,0.0044,2249149303469718144
TIC 320323745,320323745,246.69002952326,73.53810485521,13.231,3362.0,0.221,42.0927,0.013,1654813176452152320
TIC 353895145,353895145,271.76494272181,56.80149867543,13.231,3524.0,0.41,91.2101,0.0073,2151878228474189824
TIC 280165296,280165296,298.59664188583,71.38259992529,13.232,3758.0,0.52,132.722,0.0441,2251649734645874048
TIC 198412432,198412432,259.33018808605,59.21661662391,13.234,3616.0,0.533,130.581,0.0202,1434274989579047040
TIC 233728673,233728673,277.15379249189,62.4121876852,13.234,3381.0,0.462,95.6888,0.004,2159934075292916480
TIC 275691483,275691483,287.11478645378,60.18984491918,13.234,3692.0,0.526,128.234,0.0189,2155704357140563584
TIC 198211853,198211853,248.30842298434,64.1903269512,13.235,3746.0,0.516,130.9,1.0E-4,1629094122010209280
TIC 229707739,229707739,278.1374330826,67.90863717233,13.235,3266.0,0.276,48.0472,0.0088,2258892114657721344
TIC 233198578,233198578,265.0541212456,66.89262119461,13.235,3229.0,0.25,42.6853,0.4062,1634271241229731072
TIC 441809825,441809825,266.7093140426,75.65937710741,13.236,3686.0,0.536,132.013,0.0129,1656071430071331712
TIC 229413248,229413248,293.07601855801,63.62539182595,13.237,3906.0,0.579,161.228,0.0086,2241907614948205824
TIC 233056271,233056271,269.37186283278,60.31305911464,13.237,3655.0,0.477,113.241,0.2716,1435139686755264512
TIC 233624156,233624156,284.30103691815,65.49960359732,13.237,3817.0,0.55,146.086,0.0061,2255253487085417856
TIC 258772382,258772382,286.1961515708,68.89058463481,13.238,3694.0,0.491,119.68,0.0085,2262033591178088192
TIC 383674624,383674624,279.03863570167,60.46848363558,13.238,3784.0,0.559,146.598,0.0267,2156473774762653952
TIC 230070331,230070331,243.15084957849,67.1801890722,13.239,3708.0,0.562,144.424,0.0201,1643294864438152576
TIC 359552510,359552510,279.44156927113,57.47965114165,13.239,3741.0,0.54,139.013,0.0112,2154188027526590592
TIC 198242647,198242647,249.62114914716,60.80710887569,13.24,3526.0,0.472,105.746,0.0045,1624556093924545024
TIC 230091561,230091561,247.81893808976,70.10373719695,13.24,3244.0,0.508,103.601,0.0111,1649946463110121984
TIC 424731007,424731007,255.34255147171,63.0590972414,13.241,3522.0,0.458,102.765,0.003,1631169995667242112
TIC 229590398,229590398,272.19331733604,74.7321315755,13.242,3480.0,0.464,101.181,0.001,2267482667725094912
TIC 230080569,230080569,245.63752753121,69.27843196902,13.242,3943.0,0.525,144.303,2.0E-4,1649757450188860800
TIC 376925996,376925996,284.52421490412,76.97569409034,13.242,3925.0,0.543,150.559,0.6794,2292759409255328256
TIC 233547261,233547261,281.73833263445,60.89595859604,13.243,3376.0,0.39,77.8944,0.008,2156366572378845952
TIC 237103326,237103326,241.10189112348,69.94353759902,13.244,3401.0,0.328,64.09,0.0063,1647076909559910784
TIC 259003792,259003792,289.88062982317,68.65821054252,13.245,3655.0,0.578,151.929,0.0078,2261311761793725952
TIC 353935515,353935515,272.22398552964,57.20509929904,13.245,3879.0,0.588,164.748,0.0186,2151731924709082624
TIC 376975102,376975102,284.05031500311,57.45402577452,13.245,3454.0,0.412,87.5337,0.6523,2153615869163934080
TIC 462620300,462620300,259.95725934947,57.37224790168,13.245,3787.0,0.54,140.712,0.0012,1432941316334098816
TIC 232611886,232611886,259.02787819917,61.52224417944,13.248,3329.0,0.344,64.5901,0.7852,1438491307433775232
TIC 441799761,441799761,264.67787564959,75.75513874636,13.248,3337.0,0.236,42.7937,0.0077,1656037894966903296
TIC 199666364,199666364,252.03042234873,59.06386603906,13.249,3841.0,0.555,142.026,,1431830534712186624
TIC 219850511,219850511,256.31614300111,71.17549737674,13.249,3599.0,0.51,122.616,0.0088,1651713442718945664
TIC 233158153,233158153,274.93444725191,64.16572138806,13.249,3484.0,0.47,103.136,0.0133,2161212223200451072
TIC 424438094,424438094,279.45721016643,64.81131467747,13.249,3424.0,0.42,89.6191,0.0589,2256477552764001664
TIC 199685885,199685885,252.76861340597,59.9581900719,13.25,3844.0,0.542,143.902,2.0E-4,1438063013294926464
TIC 353818721,353818721,270.45513004631,56.15171662373,13.251,3578.0,0.362,78.9869,0.0033,2150311252606552960
TIC 230123559,230123559,250.50880465193,68.06294698435,13.252,3348.0,0.419,86.0993,0.0037,1648568294003847936
TIC 232984380,232984380,241.81965179859,67.43197275176,13.252,3752.0,0.582,153.44,0.0396,1643354650382958592
TIC 198416983,198416983,260.23500397284,56.62060799448,13.253,3809.0,0.508,129.508,0.0458,1420835074836909696
TIC 233077981,233077981,271.61898310154,60.69913785722,13.254,3574.0,0.507,126.156,0.0116,2158790754999271936
TIC 233193008,233193008,264.16370427354,71.60606864116,13.255,3661.0,0.55,139.938,0.19,1651214681053586688
TIC 367853714,367853714,276.3765743827,75.4931056989,13.256,3744.0,0.55,141.113,0.1135,2268936668773263616
TIC 377307022,377307022,286.95058933949,58.60879086725,13.256,3474.0,0.48,104.943,0.0372,2155148897610508288
TIC 392537357,392537357,280.48576700796,57.11999561062,13.257,3463.0,0.392,85.219,0.0241,2153979807512817280
TIC 353872908,353872908,271.32200953985,56.93491400632,13.258,3291.0,0.287,51.9704,0.0035,2151895305264150400
TIC 356111990,356111990,262.67508475845,59.3729443086,13.259,3925.0,0.58,164.877,0.0011,1434808871193533696
TIC 356788334,356788334,268.97684267242,73.25515510029,13.259,3563.0,0.515,125.197,0.0014,1651614868926499200
TIC 441764571,441764571,261.19862345923,75.27591818806,13.259,3750.0,0.542,140.705,0.0102,1656009788700764288
TIC 219799069,219799069,265.74079738743,61.58127323304,13.26,3546.0,0.489,112.761,0.0023,1436387941689490304
TIC 377165060,377165060,285.8006889678,57.30494384239,13.26,3397.0,0.415,86.0615,0.0367,2153477811735240960
TIC 199610766,199610766,249.11174682013,59.50974310037,13.261,3485.0,0.352,76.1107,0.1122,1624140753407138304
TIC 230079112,230079112,245.16438002729,67.75892445131,13.261,3296.0,0.352,66.2488,0.0052,1643430551044951296
TIC 359631360,359631360,280.22545658099,57.69467811285,13.261,3831.0,0.578,159.683,0.0018,2154278393638418048
TIC 424389327,424389327,281.24124023113,73.97265312516,13.261,3609.0,0.524,128.872,0.0061,2267907732048733952
TIC 224597588,224597588,254.71737535703,58.13057749548,13.262,3717.0,0.518,132.469,0.0015,1436703879484064640
TIC 219114453,219114453,272.13184777606,69.92100639858,13.263,3524.0,0.46,104.854,0.0058,2260131642219671936
TIC 219846123,219846123,255.49994851568,68.3074713774,13.263,3565.0,0.415,92.2494,0.0154,1636938244120736640
TIC 258389773,258389773,296.74363343055,70.89943361789,13.264,3814.0,0.584,159.421,0.0051,2263255286035439744
TIC 441717644,441717644,254.61464013013,76.44628659473,13.264,3589.0,0.445,103.574,6.0E-4,1704732069505911808
TIC 230376832,230376832,285.17073549509,61.40262951957,13.265,3520.0,0.494,113.797,0.1038,2156025105298447104
TIC 219855010,219855010,256.7688460175,67.16128029661,13.266,3012.0,0.2,29.948,0.0027,1635873435829345536
TIC 441730773,441730773,257.43752228543,76.52714777136,13.267,3546.0,0.469,108.622,4.0E-4,1704769109303362688
TIC 219091864,219091864,269.07809836424,70.84423022367,13.268,3639.0,0.565,145.498,0.003,1638930868428092288
TIC 230129453,230129453,251.71979322225,66.33061112401,13.268,3304.0,0.415,80.4251,0.0051,1636106978970969984
TIC 287152008,287152008,253.91375526194,62.21364826187,13.268,3407.0,0.367,74.403,2.0E-4,1630735280553205888
TIC 233628695,233628695,284.63654193965,62.27566587641,13.269,3399.0,0.319,62.6474,0.0319,2252209076826895360
TIC 258799016,258799016,286.66183918186,69.82122809553,13.269,3817.0,0.547,147.453,0.2062,2262202194413785856
TIC 233687729,233687729,275.49965351088,60.08323810008,13.272,3728.0,0.574,152.224,0.1064,2158139083904902784
TIC 264171088,264171088,294.5828355388,66.9023974841,13.272,3711.0,0.498,126.111,0.0608,2248869413336793472
TIC 406928339,406928339,287.43211801853,59.85371144634,13.272,3661.0,0.566,144.407,0.016,2155679686848398336
TIC 229944662,229944662,288.20649019723,62.19999132597,13.273,3815.0,0.566,154.245,0.0098,2252009309307329536
TIC 219106510,219106510,270.75165213634,67.1572584949,13.274,3318.0,0.356,68.7927,0.0098,2257930523020556544
TIC 229614557,229614557,278.20175435656,76.30504974894,13.274,3353.0,0.399,79.5002,0.0135,2269409939809962496
TIC 233199069,233199069,264.83889740492,68.42865054813,13.274,3862.0,0.574,156.908,0.0028,1637649731223358848
TIC 233529647,233529647,280.19719692794,63.16661166509,13.275,3588.0,0.525,127.445,0.0317,2157213952246137088
TIC 237097061,237097061,239.46706752633,68.38616783923,13.275,3637.0,0.459,110.666,0.0033,1646700189388209408
TIC 229792529,229792529,284.55541877337,70.75100536926,13.276,3596.0,0.544,132.779,0.1367,2262865337363426688
TIC 233056405,233056405,269.29680881831,60.0189049583,13.276,3768.0,0.566,152.571,0.0157,1423122333901645184
TIC 441799492,441799492,264.66437124691,76.76031885492,13.276,3661.0,0.473,114.86,0.5817,1657089543478940416
TIC 235683570,235683570,287.2899341949,73.72550420437,13.277,3371.0,0.384,78.5275,0.506,2265105897246433920
TIC 356109440,356109440,261.31207268914,56.21653894252,13.277,3382.0,0.33,65.2475,0.0013,1420588681152989440
TIC 219845010,219845010,255.05215991951,67.85545002769,13.278,3819.0,0.589,164.063,6.0E-4,1636634847631384448
TIC 229581728,229581728,270.43274167011,72.74549330154,13.279,3457.0,0.436,95.3156,0.0097,2266846222291014912
TIC 237101244,237101244,240.8616599988,71.67954756847,13.28,3560.0,0.453,103.272,0.002,1648224490461576064
TIC 229708553,229708553,277.93182555974,66.18950896599,13.281,3945.0,0.595,171.983,0.0024,2257187489381188224
TIC 243315602,243315602,289.48049218429,59.19236080751,13.281,3605.0,0.431,100.39,0.0296,2143394534194602752
TIC 287152323,287152323,253.79099629817,61.24189153003,13.283,3924.0,0.575,164.723,0.0375,1630351138678265728
TIC 441738458,441738458,259.11949690101,73.93688598845,13.283,3852.0,0.58,163.819,0.0046,1655299298030591360
TIC 441741287,441741287,260.14585786739,76.5506128247,13.283,3377.0,0.37,73.5483,2.0E-4,1656742716279938688
TIC 219428705,219428705,254.58020907372,63.97357683417,13.284,3676.0,0.54,139.635,0.0129,1631692645943529984
TIC 376846865,376846865,275.41549678753,71.28779956575,13.284,3543.0,0.497,115.541,3.0E-4,2266459847033635072
TIC 229709207,229709207,278.40165175707,67.0224457552,13.285,3558.0,0.519,126.237,0.0091,2257327681410621056
TIC 230084344,230084344,246.43948568903,67.08980376931,13.285,3386.0,0.486,106.657,0.0036,1642591967270644352
TIC 233054052,233054052,269.30894374794,65.78329315482,13.285,3703.0,0.592,158.599,0.0011,1441068287811572736
TIC 420176286,420176286,292.05625068783,75.60865391783,13.285,3520.0,0.422,96.8745,0.0084,2289384595753689472
TIC 233570240,233570240,281.99663156509,64.58244272115,13.287,3263.0,0.276,49.5384,0.0727,2253792888966236544
TIC 235687253,235687253,289.91714014785,76.53807339394,13.287,3881.0,0.551,152.013,0.027,2289507363099082624
TIC 237201572,237201572,293.0068637287,73.11842668149,13.287,3871.0,0.572,161.392,0.0043,2264793812039409280
TIC 233546770,233546770,281.72689908213,60.09668482685,13.288,3784.0,0.556,149.497,0.1525,2156218997302467712
TIC 400405451,400405451,294.57829235141,61.18429803532,13.288,3641.0,0.507,127.223,0.1769,2239330565850286976
TIC 233502473,233502473,250.78899995489,73.41818968319,13.289,3377.0,0.364,73.2128,0.0054,1654658798148294400
TIC 230120954,230120954,250.11105857527,70.69449119268,13.29,3494.0,0.463,105.055,0.0094,1650360978993459456
TIC 219819293,219819293,267.7924750765,63.70053196248,13.291,3705.0,0.536,138.974,0.4948,1439893012960404224
TIC 219816797,219816797,267.6135910692,61.25165743616,13.292,3313.0,0.351,67.878,0.0053,1436133542186653312
TIC 233045481,233045481,268.46186571818,63.65677224705,13.293,3457.0,0.397,86.5956,0.0062,1439707126775900416
TIC 289589667,289589667,253.25396991614,62.16199736797,13.293,3799.0,0.545,147.094,0.0104,1630649346847683072
TIC 198358449,198358449,256.37059469152,56.90891590668,13.294,3406.0,0.329,65.6511,0.0034,1433415686882168064
TIC 219095882,219095882,269.27189871923,71.3698679076,13.295,3363.0,0.366,73.1588,0.0028,1639021303259574272
TIC 362212245,362212245,270.95490098794,56.64020566921,13.296,3847.0,0.523,139.962,0.2028,2150410208652801536
TIC 233234793,233234793,267.23957010576,70.65786443535,13.297,3433.0,0.393,84.439,0.003,1638914169595185536
TIC 233692264,233692264,275.70940878083,60.89166229236,13.297,3841.0,0.582,162.565,4.0E-4,2158280439868690048
TIC 332503007,332503007,267.22795177715,55.12652341359,13.297,3346.0,0.382,75.9254,9.0E-4,1418129657757346176
TIC 219097842,219097842,269.70298363646,67.12994330394,13.298,3745.0,0.477,120.783,0.0026,1633586314205522304
TIC 229744714,229744714,280.10385104081,66.44107783608,13.3,3450.0,0.578,140.846,0.018,2257065138651422336
TIC 258462259,258462259,300.09515943994,70.13316716053,13.3,3532.0,0.427,98.0314,0.0346,2250955083814754304
TIC 289580377,289580377,252.33554768035,60.42427274418,13.3,3384.0,0.382,76.4855,0.0137,1438147022855324416
TIC 165501611,165501611,265.79299527893,59.01253894736,13.301,3650.0,0.559,142.78,0.1326,1434960741237118080
TIC 237237147,237237147,298.10468958663,74.26575737191,13.302,3246.0,0.288,53.4834,0.0491,2288271683827227008
TIC 353807582,353807582,270.34427830275,57.61266105848,13.303,3737.0,0.539,140.819,0.0042,2151976875283244416
TIC 224597832,224597832,254.70734363639,57.41726759215,13.304,3532.0,0.356,79.2316,0.0045,1433610712756885504
TIC 230023448,230023448,291.96033591948,65.90813902526,13.304,3627.0,0.583,155.941,0.0235,2254764204411046784
TIC 229615901,229615901,278.10946926073,72.75657702529,13.305,3526.0,0.422,96.2401,0.0329,2266283306698510848
TIC 289624039,289624039,254.35856676997,60.43402711877,13.305,3421.0,0.346,71.9816,0.0255,1438008553109665792
TIC 198180911,198180911,244.85304577031,62.96437779429,13.306,3735.0,0.566,149.938,0.0133,1628589205655158912
TIC 229412511,229412511,293.02516959807,62.5892864004,13.306,3310.0,0.379,71.8926,0.0917,2241699669811452800
TIC 229647655,229647655,280.50544365953,75.82910020516,13.306,3252.0,0.274,50.5437,0.019,2268529368434835328
TIC 230090756,230090756,247.674526673,70.15526724322,13.308,3042.0,0.199,30.3628,0.011,1649949658565789056
TIC 233692418,233692418,275.75174873011,60.57538729765,13.308,3826.0,0.583,162.63,0.9992,2158129879791031424
TIC 259168516,259168516,292.31338072882,65.97436723334,13.308,3231.0,0.213,37.2209,0.0207,2242756094328104576
TIC 359586421,359586421,279.75553167013,55.70336953571,13.308,3686.0,0.506,130.677,0.0449,2147791996589848704
TIC 441730672,441730672,257.54067410209,76.94223873325,13.308,3190.0,0.282,48.8135,0.1611,1704863358065733888
TIC 235682392,235682392,287.52679665222,76.78523047675,13.309,3481.0,0.464,104.732,0.0151,2292508067769144192
TIC 199685853,199685853,252.65412185592,59.80609772853,13.31,3230.0,0.304,54.0744,0.0118,1438058134212069504
TIC 198207519,198207519,247.27297024809,64.25937025368,13.311,3705.0,0.543,141.938,0.0016,1629131230527574528
TIC 459977474,459977474,255.62569178256,61.75169083774,13.311,3340.0,0.338,65.5131,0.4776,1438331912607134080
TIC 198238727,198238727,249.1657400942,63.9153824067,13.312,3835.0,0.561,155.252,0.0012,1628887413824254336
TIC 219894805,219894805,262.79028549129,68.89057588736,13.312,3826.0,0.587,164.229,0.0135,1637590151436764800
TIC 441741323,441741323,260.05182515555,76.3829566116,13.312,3622.0,0.494,121.923,0.0031,1656691073593165952
TIC 359585093,359585093,279.77843130106,57.91089203653,13.313,3854.0,0.472,123.396,0.0056,2154297600732238208
TIC 160521128,160521128,240.80918797135,73.48053411688,13.314,3790.0,0.585,163.739,4.0E-4,1702486832401375104
TIC 229582596,229582596,270.49272659757,75.20375014766,13.314,3313.0,0.284,53.3551,0.0055,2267560389453431040
TIC 230395143,230395143,286.68381142904,63.92099257791,13.314,3457.0,0.516,118.488,0.1258,2252810440968123136
TIC 392571152,392571152,280.64234753837,57.72217487717,13.314,3710.0,0.555,146.702,0.0046,2154112333023509376
TIC 357517756,357517756,267.68249117967,77.81107851279,13.316,3690.0,0.532,137.877,4.0E-4,1657307899616377472
TIC 229674228,229674228,252.81936402333,75.03725255693,13.317,3844.0,0.587,168.221,0.0027,1656504362775492096
TIC 233081806,233081806,271.86045418344,62.21084318283,13.317,3508.0,0.404,89.8582,0.0644,2159343259591524608
TIC 198189672,198189672,246.22163574665,62.23054704803,13.318,3383.0,0.386,81.2999,0.0674,1628633083040773120
TIC 353819950,353819950,270.49336464339,59.31010477876,13.319,3360.0,0.362,75.4995,0.0023,2152565285802513920
TIC 229759296,229759296,281.14559574648,70.43470699978,13.324,3934.0,0.582,169.785,0.003,2265424004000659456
TIC 230015492,230015492,291.43993067568,64.24017799532,13.324,3818.0,0.596,170.64,0.0119,2242175036791669248
TIC 230388662,230388662,286.06878815376,63.17042329602,13.324,3441.0,0.309,63.8051,0.0127,2252715333211819904
TIC 232603695,232603695,258.00640246795,60.21856234414,13.324,3775.0,0.557,152.816,5.0E-4,1437531261984016128
TIC 298665865,298665865,278.3927237414,59.45004815468,13.324,3482.0,0.412,91.5133,0.0373,2157826998698320256
TIC 243296938,243296938,288.6048028616,59.34049493338,13.325,3526.0,0.481,115.913,0.0139,2143595744822102656
TIC 258827509,258827509,287.30378074486,68.43904351049,13.325,3382.0,0.442,96.4056,0.0163,2261961298288443136
TIC 441738827,441738827,259.25384624624,72.74686478784,13.326,3630.0,0.467,114.549,0.0123,1652137995942479744
TIC 232645307,232645307,281.62493238833,57.08125631052,13.327,3561.0,0.471,111.407,0.0045,2154014201610449792
TIC 198390076,198390076,258.34634795879,56.5784602501,13.329,3507.0,0.442,100.363,0.0016,1432797933145796736
TIC 233084001,233084001,271.93077821716,62.16241511685,13.329,3752.0,0.555,151.553,0.0083,2159341472885126528
TIC 229997579,229997579,290.41592365816,64.36657250504,13.331,3618.0,0.463,113.904,0.1021,2254194519949880320
TIC 377190915,377190915,285.70346104273,59.83237405214,13.331,3664.0,0.434,104.554,0.0188,2155637080773645440
TIC 198186599,198186599,245.73525214664,63.64984968869,13.332,3751.0,0.529,142.395,2.0E-4,1628997639864859648
TIC 320504801,320504801,264.63800295372,58.96906858007,13.333,3848.0,0.59,168.823,0.0734,1434643875729787904
TIC 462615036,462615036,250.77655252429,60.78042828687,13.333,3465.0,0.423,94.8962,0.001,1624379141271959680
TIC 229970690,229970690,289.61458867933,65.04450244478,13.335,3815.0,0.556,156.339,0.0051,2254299351511958144
TIC 424388082,424388082,280.95282694151,77.83656898333,13.336,3754.0,0.471,117.416,,2292859293014959488
TIC 441741173,441741173,260.16294458539,77.02603889985,13.336,3668.0,0.552,145.688,6.0E-4,1705181731106240768
TIC 165530693,165530693,266.44193385402,58.55085876307,13.337,3767.0,0.559,153.143,0.0013,1422870854975837824
TIC 229791496,229791496,284.29701781822,70.5312635637,13.337,3713.0,0.535,139.242,0.0453,2262481332927626752
TIC 311236132,311236132,253.99739967213,70.12973113313,13.338,3758.0,0.484,126.199,0.0166,1649393340041304448
TIC 298733784,298733784,278.43206107799,56.91153005355,13.342,3354.0,0.381,77.5606,0.0068,2148200671317225472
TIC 357045864,357045864,274.38752904407,54.82648170137,13.342,3723.0,0.559,147.929,0.0025,2149184047029235456
TIC 230068436,230068436,242.75214618999,67.60470689398,13.343,3627.0,0.573,153.628,2.0E-4,1643383065886613888
TIC 232608853,232608853,258.41481454013,64.26121315174,13.343,3815.0,0.551,154.069,0.1632,1631394884450733440
TIC 233615111,233615111,283.65167575838,62.09424631666,13.343,3901.0,0.521,145.706,0.002,2156866025536028160
TIC 219110616,219110616,271.59848863906,67.86182347736,13.345,3561.0,0.48,119.491,0.1895,2258308063528985600
TIC 230077803,230077803,244.94040039311,69.66160797809,13.345,3456.0,0.397,86.7729,5.0E-4,1652830069792391296
TIC 308021548,308021548,257.35942697257,60.98749865161,13.345,3751.0,0.422,104.736,0.0628,1438354693113780992
TIC 235687135,235687135,289.77960736494,76.94193301384,13.346,3649.0,0.455,114.483,0.003,2292896912631685632
TIC 198214281,198214281,248.36983877766,65.75835151634,13.348,3695.0,0.449,114.521,0.0046,1636026955140191872
TIC 229913545,229913545,287.48740996586,64.82053900107,13.349,3641.0,0.432,104.814,0.0129,2254363810380564096
TIC 237104916,237104916,241.30715368684,66.50413091776,13.349,3245.0,0.263,47.9066,8.0E-4,1642890828274926336
TIC 229643390,229643390,279.79564814047,74.89414164289,13.35,3525.0,0.451,104.493,0.0612,2268109973468404480
TIC 287138612,287138612,252.94354333765,63.17302427121,13.35,3628.0,0.492,121.881,0.0,1631640831458168832
TIC 441731201,441731201,257.73825510752,75.02695022796,13.351,3608.0,0.475,116.862,0.0016,1656361254464451840
TIC 362257171,362257171,286.36817548707,75.25978292478,13.353,3568.0,0.458,113.185,0.0016,2268320220707917568
TIC 235677524,235677524,285.4160387851,72.51469483261,13.355,3761.0,0.579,161.61,0.0222,2264567621881471488
TIC 256458137,256458137,299.02034971081,65.35446673547,13.356,3829.0,0.533,147.224,0.0223,2247733377307754368
TIC 264252932,264252932,295.75188260221,70.28846582064,13.357,3827.0,0.588,169.333,3.0E-4,2263122176409202816
TIC 359676032,359676032,280.9080496087,58.20516213189,13.357,3831.0,0.569,162.708,0.1115,2154506503644554624
TIC 199573123,199573123,241.43670903493,65.06977539089,13.359,3154.0,0.22,37.363,0.0306,1641804029750648320
TIC 229684958,229684958,262.74339978585,58.2022534988,13.359,3836.0,0.573,162.941,0.0014,1434502244888321152
TIC 280035689,280035689,297.65089164555,67.46926270319,13.359,3354.0,0.332,68.4934,0.1426,2249100723096187776
TIC 357596695,357596695,270.05784505442,59.27213122902,13.359,3358.0,0.396,82.8859,0.0152,2152544601239988992
TIC 230083390,230083390,246.17634742051,68.63726929293,13.361,3735.0,0.573,157.793,0.0655,1649527102503183360
TIC 233604958,233604958,282.94309726733,63.28962441214,13.361,3484.0,0.475,111.331,0.0244,2253060854741138816
TIC 233050534,233050534,268.89210258442,62.55812578478,13.362,3413.0,0.389,83.59,0.0029,1436560526359817856
TIC 233735399,233735399,277.5648883247,60.35013017028,13.362,3706.0,0.554,147.901,0.0352,2158011476133429248
TIC 289536041,289536041,251.38504063566,60.07213487869,13.362,3697.0,0.569,154.266,0.0055,1432133759403535104
TIC 237102071,237102071,240.70468565652,67.48974143051,13.363,3489.0,0.368,80.9787,0.009,1643551566043342592
TIC 353808612,353808612,270.25846044288,54.9899741411,13.363,3560.0,0.556,143.472,0.623,2149760672159890944
TIC 394119855,394119855,287.89090263892,75.09920215003,13.363,3701.0,0.511,135.42,0.0027,2265301374095730688
TIC 237206738,237206738,293.53639819413,73.26151574906,13.364,3808.0,0.589,169.014,0.001,2264890912659907840
TIC 219795667,219795667,265.31130090115,64.44604342256,13.365,3514.0,0.468,109.042,0.0,1440877556904146048
TIC 233681536,233681536,260.64120444333,65.53918100152,13.365,3560.0,0.48,115.978,0.0187,1633721932092417152
TIC 441807571,441807571,266.11788707698,74.47793842517,13.366,3743.0,0.562,158.383,0.2441,1652757124068761216
TIC 229596934,229596934,273.49353911598,73.4342292235,13.367,3879.0,0.538,153.427,0.0579,2267291318341716224
TIC 357100050,357100050,274.93104728387,57.10863868872,13.367,3807.0,0.56,158.021,0.1408,2151384891351316736
TIC 362227064,362227064,286.13199996122,72.22383186127,13.367,3687.0,0.594,163.681,0.0017,2264541955156818432
TIC 198180376,198180376,244.95076631147,65.34258851209,13.368,3668.0,0.528,138.055,0.0016,1630148278783565568
TIC 219886543,219886543,262.15362403089,66.920425398,13.368,3422.0,0.594,147.603,0.0269,1634130847337930240
TIC 229464381,229464381,295.01010792795,64.93566917418,13.368,3521.0,0.466,109.947,0.0287,2242452285520825216
TIC 233060572,233060572,269.84534055753,61.89104194241,13.368,3149.0,0.322,57.9312,9.0E-4,1435521801405287040
TIC 219798240,219798240,265.47390189786,60.30312648794,13.369,3497.0,0.348,78.4935,0.0025,1434954900081462016
TIC 230084515,230084515,246.4168805455,67.76660084868,13.369,3479.0,0.298,62.7526,5.0E-4,1648675393308544768
TIC 258388716,258388716,296.73595899566,69.05218890556,13.369,3588.0,0.56,145.09,0.0013,2249524687906227200
TIC 236760750,236760750,273.12057236742,68.49842894359,13.37,3218.0,0.272,50.8319,0.0055,2258270821868517248
TIC 233692125,233692125,275.7605632052,61.18913659289,13.371,3131.0,0.551,120.669,0.0439,2158291473640532480
TIC 259270371,259270371,293.54693583677,69.75960113405,13.372,3855.0,0.595,175.118,0.0069,2261636461321501696
TIC 198459831,198459831,261.93688022282,58.8192395563,13.373,3509.0,0.437,101.875,4.0E-4,1434755678023105408
TIC 362259677,362259677,286.75401676533,74.44877265635,13.373,3711.0,0.459,116.481,0.003,2268163815179198208
TIC 399789191,399789191,278.18672372793,55.96971134769,13.373,3819.0,0.488,132.217,0.0081,2148033579909691776
TIC 219804079,219804079,266.25583542725,62.96420633992,13.374,3784.0,0.531,146.875,0.0079,1439567076482223616
TIC 219857360,219857360,257.40253027513,70.40810851253,13.374,3811.0,0.573,163.826,0.0029,1650859916753963392
TIC 219871379,219871379,259.81589650441,71.15535235498,13.374,3801.0,0.553,157.858,0.0087,1650998008542812928
TIC 229764574,229764574,281.71976734235,70.61602142677,13.374,3478.0,0.422,95.3762,0.3146,2265522960047026176
TIC 232630437,232630437,269.14567763665,54.74681989265,13.374,3435.0,0.451,103.22,0.0104,1417214864084068480
TIC 230387529,230387529,286.04561858181,65.30066185961,13.375,3473.0,0.483,114.479,0.0292,2255189131295515904
TIC 233621300,233621300,284.19899801761,61.05963814277,13.376,3696.0,0.523,139.565,0.0522,2156046648854249856
TIC 236764511,236764511,273.44524292734,66.27651670744,13.376,3567.0,0.386,87.5193,,2257658080358677760
TIC 219880806,219880806,261.2972370281,68.71589020644,13.377,3825.0,0.528,146.552,0.075,1637572765409203328
TIC 359496469,359496469,279.18217435758,55.55722342051,13.377,3640.0,0.485,122.011,0.0017,2147962489610807296
TIC 377292649,377292649,286.56149092543,59.16514225015,13.377,3765.0,0.581,164.395,0.0141,2155178824942853760
TIC 233056247,233056247,269.39363460717,60.3669766356,13.378,3820.0,0.557,159.057,0.001,1435142980993575424
TIC 219808183,219808183,266.60599523084,62.41958188838,13.38,3167.0,0.228,39.5358,3.0E-4,1439499078559840512
TIC 219857791,219857791,257.60369422063,68.93014012423,13.382,3312.0,0.455,102.56,0.117,1638483882591480576
TIC 233618393,233618393,283.9254416956,63.48851089968,13.382,3326.0,0.332,65.77,0.0172,2253125451048647168
TIC 230069011,230069011,242.94901355067,70.38754341925,13.383,3699.0,0.548,148.564,0.0018,1647116388899277952
TIC 236764512,236764512,273.44430508796,66.27729477035,13.383,3578.0,0.381,87.3599,,2257658084656168704
TIC 353808267,353808267,270.26792577443,55.85990325654,13.383,3426.0,0.406,88.6157,0.0058,2150277476983618176
TIC 359585884,359585884,279.82637474617,56.51740735517,13.384,3757.0,0.553,152.959,0.0246,2148121403400716160
TIC 219755626,219755626,261.60145381414,60.33184097674,13.385,3055.0,0.232,38.12,0.0072,1435884468443461888
TIC 229616740,229616740,278.5458188674,73.11656201003,13.385,3473.0,0.531,133.228,0.0329,2266387176187305344
TIC 258955153,258955153,289.20651906676,66.47189047963,13.386,3500.0,0.483,116.273,0.0311,2254945452031326208
TIC 389917516,389917516,276.03382330135,58.42413587859,13.386,3904.0,0.527,151.685,0.0145,2157512881969845632
TIC 219899534,219899534,263.66045114702,67.02443860651,13.387,3398.0,0.512,120.825,0.0087,1633959392244569344
TIC 237102888,237102888,241.04107300931,67.97652049079,13.387,3745.0,0.571,160.565,0.0018,1643617777259274496
TIC 280036313,280036313,297.84657461846,66.65367524989,13.387,3668.0,0.513,134.912,0.0043,2248990497055034240
TIC 229785456,229785456,283.71578006132,69.70067905431,13.388,3754.0,0.555,149.773,0.0284,2262338396416113152
TIC 230068229,230068229,242.70942239064,66.68094092264,13.388,3913.0,0.584,174.543,0.0047,1642510225453079424
TIC 198407657,198407657,258.80715264707,58.56757431357,13.389,3441.0,0.425,95.3745,5.0E-4,1433960666692877440
TIC 198182603,198182603,244.98954569384,63.92407676256,13.391,3423.0,0.352,76.9634,0.2344,1629765648737346304
TIC 229498900,229498900,296.63928153199,64.53821851725,13.391,3641.0,0.485,124.409,0.0183,2241651566178128512
TIC 232603239,232603239,257.81317781921,60.94142497012,13.391,3347.0,0.279,55.1498,0.0137,1437624067637509632
TIC 462613964,462613964,250.93937867682,64.42417841337,13.391,3303.0,0.517,117.726,7.0E-4,1634918922297264512
TIC 237114537,237114537,269.75617665031,56.93845044036,13.392,3690.0,0.431,108.923,0.0134,1418609766381848064
TIC 416191906,416191906,285.49320664116,67.51130415707,13.392,3545.0,0.463,113.831,0.029,2255854610708124288
TIC 230073281,230073281,243.99129904852,65.95901507736,13.393,3337.0,0.343,71.8857,0.0036,1642248988362584448
TIC 198366297,198366297,257.21949768988,56.95451243965,13.394,3554.0,0.33,77.3319,0.0075,1432680628999565824
TIC 356869126,356869126,276.02702247291,69.1370273557,13.394,3521.0,0.442,106.421,0.0064,2259858447939846528
TIC 165502230,165502230,265.84937187159,59.00624925069,13.395,3456.0,0.559,139.626,0.0085,1434960255904777216
TIC 233068267,233068267,270.47585285307,62.89828060631,13.397,3614.0,0.313,72.962,0.0611,2159435171891858176
TIC 219817592,219817592,267.69299944578,63.31938743438,13.398,3621.0,0.58,160.81,0.0026,1439692283369044864
TIC 233631156,233631156,284.96027985344,65.03423231332,13.398,3498.0,0.517,125.712,0.8703,2253686541278788992
TIC 259266022,259266022,293.25522555787,68.32836147576,13.398,3371.0,0.503,114.372,0.0126,2261394190805874432
TIC 298730264,298730264,278.3460261462,56.79005840201,13.401,3546.0,0.438,101.593,0.0322,2148175107671851904
TIC 394130110,394130110,288.95582730963,73.70805119051,13.401,3611.0,0.444,110.528,0.0427,2265059412817576704
TIC 198238477,198238477,249.29188761128,64.96267408791,13.402,3551.0,0.363,83.9753,3.0E-4,1635179643992080000
TIC 462618403,462618403,259.76092325193,55.74354272552,13.402,3495.0,0.387,87.6309,0.0011,1420643484935622144
TIC 165552354,165552354,266.73335157544,56.02858169643,13.405,3741.0,0.562,156.934,0.0208,1418451196189145728
TIC 233054739,233054739,269.25161213849,63.90176705838,13.405,3602.0,0.531,138.122,0.0945,1439734167890058752
TIC 198206492,198206492,247.01593945582,63.02795626281,13.406,3898.0,0.594,180.643,0.0325,1628739770028239616
TIC 233578293,233578293,282.42101109821,61.90282774523,13.406,3916.0,0.581,177.212,0.007,2156880972022259456
TIC 199682126,199682126,252.35120873765,58.57176197535,13.407,3399.0,0.439,97.8382,3.0E-4,1431005007637902976
TIC 219765026,219765026,262.91367947461,64.138642144,13.407,3849.0,0.587,172.764,0.0309,1440526228579276032
TIC 229774185,229774185,282.67711490793,69.52281287334,13.407,3789.0,0.548,156.229,0.007,2265311888174168704
TIC 230390207,230390207,286.00200293643,60.69781501612,13.407,3454.0,0.295,63.0377,7.0E-4,2155780601400288256
TIC 233691535,233691535,275.72483175133,62.49547005594,13.407,3812.0,0.482,131.212,0.0173,2159973692071297024
TIC 233658012,233658012,259.65260618131,61.17911732166,13.408,3383.0,0.368,79.3491,0.0049,1437691996840343040
TIC 362256592,362256592,286.18852787627,73.94650572426,13.408,3907.0,0.578,172.716,0.0063,2268126637942113664
TIC 219868530,219868530,259.21455614036,68.22053050083,13.409,3873.0,0.569,167.743,0.0531,1637444191268619520
TIC 230123494,230123494,250.72140652781,67.84302979512,13.409,3356.0,0.325,66.6632,0.0161,1648512321989969408
TIC 233198774,233198774,265.0747225418,67.52612526461,13.409,3812.0,0.598,174.662,0.3997,1634536017372554112
TIC 233504932,233504932,251.21147008228,72.24505445137,13.41,3529.0,0.425,101.801,0.0017,1653520082058927616
TIC 441727177,441727177,256.69277311975,77.72959882875,13.411,3219.0,0.234,42.5171,1.0E-4,1705146035633980032
TIC 307987270,307987270,257.51026978823,62.11186292846,13.413,3414.0,0.386,82.3706,0.006,1438685749192833024
TIC 219847563,219847563,255.76165114711,69.98744440804,13.414,3313.0,0.279,54.6448,0.5644,1649341662994765568
TIC 422990425,422990425,263.54876130655,56.60261113722,13.414,3458.0,0.386,87.2435,0.0037,1422060343107136128
TIC 198182602,198182602,244.99173091608,63.92371443739,13.415,3420.0,0.354,76.5921,0.2452,1629765648737346560
TIC 356871100,356871100,276.01113752289,66.92383194178,13.416,3659.0,0.556,152.556,0.0016,2257278375187651840
TIC 165471093,165471093,265.21857320473,59.23062091818,13.418,3591.0,0.527,138.706,0.0051,1434653152859191424
TIC 199710403,199710403,253.72915167861,58.34297699092,13.418,3340.0,0.345,73.2352,0.0057,1436750849246392960
TIC 233498293,233498293,249.94333529566,75.39798998033,13.419,3419.0,0.242,48.4687,0.0058,1703170144518594560
TIC 377054940,377054940,285.22489173239,59.36683125651,13.419,3564.0,0.546,142.432,0.0338,2155242837135485440
TIC 198383981,198383981,257.66334877296,57.93885172889,13.42,3410.0,0.334,74.1317,0.0019,1433908920926769152
TIC 258388087,258388087,296.90667161502,67.98487359454,13.42,3712.0,0.441,114.278,0.0043,2249407624277340160
TIC 219118336,219118336,272.48965281202,71.70687713835,13.422,3518.0,0.515,127.221,0.0017,2260728230356480640
TIC 229800696,229800696,285.13892429311,66.187102967,13.422,3475.0,0.468,113.397,0.0067,2255389654728382080
TIC 230025441,230025441,291.82145173505,62.98984816056,13.422,3683.0,0.539,144.539,0.0067,2241958467359926272
TIC 353875094,353875094,271.29299890037,59.75279931213,13.422,3672.0,0.547,150.019,0.0052,2152639708995832960
TIC 377783006,377783006,298.10688524915,65.69399309017,13.422,3830.0,0.555,161.967,0.1735,2247803265015720960
TIC 329250393,329250393,264.08275681976,58.61091308435,13.423,3685.0,0.518,138.658,0.02,1434561996473347328
TIC 198180297,198180297,244.91162496883,65.69558199882,13.424,3840.0,0.554,162.268,1.0E-4,1642174668248586368
TIC 232645112,232645112,281.55393617908,56.81408407334,13.424,3520.0,0.313,70.956,0.0166,2153910984956758400
TIC 353898466,353898466,271.89942069758,55.36520496677,13.424,3765.0,0.555,158.525,0.2991,2150196697238578048
TIC 237285290,237285290,300.30401772187,71.95133607076,13.425,3622.0,0.516,135.346,0.0344,2251773154826645632
TIC 259131513,259131513,291.88186912965,70.8533848135,13.425,3392.0,0.323,68.4444,0.0041,2263424164148923136
TIC 356107942,356107942,261.20772103071,58.95967570394,13.425,3146.0,0.344,64.0799,0.0011,1434024953762637696
TIC 359388713,359388713,268.0552137647,59.24917197215,13.426,3429.0,0.393,89.797,5.0E-4,1423016196669673600
TIC 230131178,230131178,251.99031305707,71.1571414286,13.427,3201.0,0.311,58.2432,5.0E-4,1650355859392513408
TIC 353934800,353934800,272.08336741695,55.54651597519,13.427,3341.0,0.426,95.1386,0.0081,2150035996742184960
TIC 441740063,441740063,259.50732087823,74.85007085065,13.427,3440.0,0.37,83.9747,0.0061,1655607058207333120
TIC 219751998,219751998,261.44576538117,60.13267246603,13.428,3641.0,0.521,138.274,0.0932,1435829286703621888
TIC 232607454,232607454,258.35657962511,60.08013066269,13.428,3736.0,0.532,147.757,0.0077,1437343245495894400
TIC 219109363,219109363,271.43296420424,71.47380605646,13.43,3893.0,0.564,169.681,0.0054,2260740359344080896
TIC 219863949,219863949,258.76930047775,71.56434560412,13.43,3457.0,0.376,83.277,0.0093,1651739938373266304
TIC 232674864,232674864,282.17588100519,59.45646918955,13.43,3489.0,0.294,64.082,0.337,2156129524543429888
TIC 233678922,233678922,260.15065324522,61.96643661466,13.43,3769.0,0.501,137.756,0.0276,1438527282079938176
TIC 219899079,219899079,263.4640120273,66.40387121278,13.431,3447.0,0.41,94.0844,0.0032,1633876722714227200
TIC 230385272,230385272,285.773430082,62.09035239958,13.431,3648.0,0.502,131.332,0.1555,2252144858475805696
TIC 420113184,420113184,290.25837297361,71.97816016443,13.432,3917.0,0.573,177.356,0.0245,2264254948262384000
TIC 289622328,289622328,254.06551127144,65.21225804679,13.433,3341.0,0.273,53.4681,0.0062,1635387692208652672
TIC 356919872,356919872,273.48847065613,57.58904790752,13.433,3311.0,0.382,80.272,0.0043,2151800128789519488
TIC 198384074,198384074,257.76764810153,57.60318545391,13.434,3486.0,0.449,108.316,0.0075,1433839273737063808
TIC 289582277,289582277,253.15613731471,64.15326001741,13.436,3575.0,0.511,133.939,0.0274,1631933095393043584
TIC 237096708,237096708,239.55804982939,70.33613031916,13.437,3594.0,0.447,113.194,0.0217,1647819114268466560
TIC 359483223,359483223,278.99473501408,57.91037913458,13.437,3800.0,0.568,167.01,0.2448,2154343780220692352
TIC 233691614,233691614,275.75895000105,62.34566449022,13.438,3902.0,0.592,182.976,0.0059,2159875595018433280
TIC 229708869,229708869,278.27582404174,66.36407585598,13.44,3674.0,0.527,142.015,0.0015,2257192853798638976
TIC 229967419,229967419,289.75385454614,60.49725821985,13.44,3881.0,0.565,160.493,,2239746902799679616
TIC 235679731,235679731,287.091718479,72.4201628531,13.44,3911.0,0.587,182.373,0.0075,2264525050165730560
TIC 259270670,259270670,293.57384027825,70.22408074325,13.44,3799.0,0.524,148.54,0.0254,2263154474563338624
TIC 232633324,232633324,269.55444326756,58.20847494343,13.442,3501.0,0.514,130.375,0.0446,1421932627959695872
TIC 198162140,198162140,243.80373820168,63.5500223621,13.443,3735.0,0.553,159.391,0.25,1629424731412729344
TIC 219798091,219798091,265.44845997424,60.64672177831,13.444,3615.0,0.465,120.467,1.0E-4,1435727891115539968
TIC 229767419,229767419,281.81620490487,67.22971468184,13.444,3565.0,0.421,103.603,9.0E-4,2255693154297886976
TIC 230384382,230384382,285.73068371019,60.58606457529,13.444,3293.0,0.377,76.668,0.0093,2155960199752466176
TIC 383622953,383622953,270.61423104076,56.76721638679,13.444,3554.0,0.466,118.982,0.0137,2150415637491572480
TIC 441764563,441764563,261.14115310123,75.23823072031,13.444,3476.0,0.433,103.323,6.0E-4,1656006455806139392
TIC 199633146,199633146,250.38272470019,59.07378923764,13.445,3777.0,0.554,161.477,0.5006,1431928082009315328
TIC 230086768,230086768,246.62458444596,66.14361427066,13.445,3428.0,0.389,89.6716,2.0E-4,1642301524402771200
TIC 230118520,230118520,249.62158999325,70.23461101989,13.445,3640.0,0.537,144.472,0.0053,1649916638857184640
TIC 230135258,230135258,252.74409853088,68.4120932088,13.445,3816.0,0.557,164.12,1.0E-4,1648907596420175232
TIC 441797007,441797007,264.07701364774,72.89251014027,13.445,3750.0,0.571,164.386,9.0E-4,1652275263097745920
TIC 243354593,243354593,290.39772573486,59.13395306115,13.446,3262.0,0.26,50.2476,0.0198,2143399963033430272
TIC 353733512,353733512,275.71180404667,59.88689779817,13.447,3563.0,0.441,109.291,0.0051,2157713405402590464
TIC 229701361,229701361,277.401839492,71.74356921131,13.448,3491.0,0.455,111.404,0.0126,2265828727359457536
TIC 376847609,376847609,275.21860082272,69.43236234052,13.448,3807.0,0.502,137.316,,2259881228446340480
TIC 236763603,236763603,273.25085335951,67.75620836145,13.449,3997.0,0.57,174.109,,2258129568984754048
TIC 441723554,441723554,255.83084862014,76.59552714191,13.449,3394.0,0.297,62.4315,1.0E-4,1704825459274246272
TIC 198206300,198206300,247.01525460346,62.23485650408,13.45,3489.0,0.38,90.509,6.0E-4,1625622826361845888
TIC 232673238,232673238,281.96473524721,57.67269808701,13.451,3897.0,0.593,185.811,0.0092,2154417310060635520
TIC 353894795,353894795,271.81028933777,55.99857889936,13.451,3686.0,0.439,115.316,0.0133,2150329772505178880
TIC 441722576,441722576,255.74556667013,72.94136964306,13.451,3540.0,0.401,95.7013,0.004,1655104547033818624
TIC 219871282,219871282,259.99226459282,71.48930437987,13.452,3879.0,0.512,150.355,0.1493,1651065765946946048
TIC 233605950,233605950,282.95648864839,61.51275364591,13.452,3649.0,0.407,102.458,0.0028,2156731232282280192
TIC 441739873,441739873,259.57847185029,74.30455109767,13.452,3405.0,0.395,88.5736,0.3069,1655531398063341184
TIC 219797103,219797103,265.44828820861,63.31022571816,13.453,3415.0,0.416,98.5236,0.0013,1439821682143271936
TIC 1718270877,1718270877,282.62782472122,75.24424193823,13.453,3912.0,0.593,167.344,,2268449516401720960
TIC 441787893,441787893,261.82296195383,77.69215132767,13.454,3924.0,0.575,177.784,0.0027,1705263236700684672
TIC 229748176,229748176,280.45463064265,69.55862505054,13.455,3772.0,0.58,170.585,0.0195,2259358067069593728
TIC 353933760,353933760,271.94134354768,54.70476045931,13.456,3428.0,0.365,81.336,0.0094,2149589113984767744
TIC 198410955,198410955,259.02941137837,56.10357452382,13.457,3584.0,0.393,96.3231,4.0E-4,1420704782708998144
TIC 199526564,199526564,240.58809632522,65.3858793195,13.458,3272.0,0.374,78.3921,0.0278,1642055233797808256
TIC 356108983,356108983,261.33325269923,57.50289354294,13.458,3467.0,0.418,98.2846,0.1934,1432911423361536128
TIC 199712563,199712563,253.94077403615,57.17712913631,13.459,3955.0,0.598,189.843,0.0011,1433624559731559424
TIC 219113773,219113773,272.04033364966,71.85768491201,13.459,3609.0,0.565,153.109,0.0015,2260734037152365440
TIC 229685294,229685294,262.78758104913,57.20884197902,13.459,3765.0,0.534,151.5,0.002,1422322507910705920
TIC 233195297,233195297,264.37505082822,67.92499785739,13.459,3672.0,0.474,125.849,0.009,1634615319648798720
TIC 259266095,259266095,293.19182462327,68.20584896457,13.459,3533.0,0.502,124.502,0.2856,2261389002485674752
TIC 219107969,219107969,271.23197482452,68.44049541767,13.46,3530.0,0.463,114.588,0.115,2258486807184169728
TIC 219758371,219758371,262.13622033757,63.67863565837,13.46,3489.0,0.496,125.757,0.0427,1440375973443220736
TIC 230124386,230124386,250.65100845565,71.47826109857,13.46,3522.0,0.452,110.49,0.003,1653425249180917376
TIC 233539813,233539813,280.95540288666,60.65649559361,13.46,3506.0,0.44,106.385,0.8403,2156527410314038400
TIC 280068709,280068709,297.89151613367,66.72095156431,13.46,3581.0,0.515,135.349,0.0874,2248992936596470912
TIC 229701316,229701316,277.48800895211,71.89816486082,13.462,3814.0,0.44,123.031,0.0011,2265837282934317696
TIC 230083258,230083258,246.21789638121,69.29185612795,13.464,3671.0,0.494,132.23,0.0275,1649777859873459712
TIC 376869857,376869857,283.65682854627,75.58556561558,13.464,3519.0,0.453,111.185,8.0E-4,2268556924944870400
TIC 233130372,233130372,274.23003622383,61.48467565336,13.465,3495.0,0.29,63.9527,0.0043,2159061333642493824
TIC 259233486,259233486,292.74885381381,68.44782544995,13.465,3746.0,0.541,155.82,0.2964,2261442191360327936
TIC 233567994,233567994,281.82039554244,62.74224754977,13.467,3498.0,0.385,92.4595,0.163,2157134272012639744
TIC 198178216,198178216,244.35195325967,62.61290830152,13.468,3883.0,0.528,155.85,0.0087,1628507807435014144
TIC 233204536,233204536,265.81241304892,70.0741786617,13.468,3417.0,0.495,122.588,0.0115,1638789821701991040
TIC 165502832,165502832,265.94433178203,57.42268745572,13.469,3616.0,0.492,131.846,0.0061,1422574570952174080
TIC 219100714,219100714,270.24695650748,70.93896115756,13.47,3478.0,0.405,97.3141,0.0128,2260618962092003328
TIC 229490055,229490055,295.94155700149,65.85276710123,13.47,3310.0,0.364,78.3994,0.0036,2248530351439867520
TIC 233096303,233096303,273.17608063978,65.97042610719,13.47,3659.0,0.52,141.547,0.0167,2257553871568179968
TIC 377157902,377157902,285.45892207109,59.70402618991,13.47,3255.0,0.252,50.5825,0.0045,2155629452911849728
TIC 198278730,198278730,249.8828654015,64.6828884235,13.471,3687.0,0.567,152.078,0.0233,1635116177258716544
TIC 229586245,229586245,271.42187502799,74.4783757489,13.471,3466.0,0.436,106.008,0.0361,2267499057320259712
TIC 258923752,258923752,289.04219578391,71.63913225647,13.472,3799.0,0.512,147.39,0.0047,2264269482431505664
TIC 258388856,258388856,296.76438855362,69.30843624246,13.473,3373.0,0.307,65.4592,0.0088,2251033046060723968
TIC 233097073,233097073,273.33505546756,64.01148896095,13.474,3851.0,0.581,177.986,0.0344,2161240913581996416
TIC 272887739,272887739,239.42849359393,66.86636454,13.476,3798.0,0.58,173.194,7.0E-4,1643125367848645248
TIC 441717893,441717893,254.30728202858,75.36184070363,13.476,3736.0,0.537,153.361,9.0E-4,1656585829715202944
TIC 406856783,406856783,274.81895527418,66.8514040103,13.477,3729.0,0.537,150.87,0.004,2258013845385677952
TIC 326259111,326259111,298.88317161261,68.84612570565,13.479,3719.0,0.512,144.516,0.089,2250773458238079360
TIC 230078915,230078915,245.17312637967,66.96092053805,13.48,3419.0,0.396,93.4544,0.0,1642575508955940736
TIC 376925098,376925098,284.85974788659,74.73601504839,13.48,3735.0,0.547,159.079,0.001,2268231984900030720
TIC 320526160,320526160,264.88999875281,58.45614012602,13.481,3611.0,0.48,128.732,0.0041,1422557872118853120
TIC 367857126,367857126,276.73264297696,76.68983199188,13.481,3898.0,0.589,184.034,0.8427,2269469588315853184
TIC 199661047,199661047,251.06909770592,59.95153728272,13.482,3760.0,0.588,174.543,0.8535,1432108127038788864
TIC 199715826,199715826,254.34593146365,57.18578057093,13.482,3640.0,0.513,139.106,0.001,1433583293685643392
TIC 199610768,199610768,249.00009249512,59.51524267915,13.483,3879.0,0.594,185.287,0.0061,1624143673984994816
TIC 237254965,237254965,298.93913080812,73.75428313141,13.483,3461.0,0.414,97.9948,0.0196,2287967840661345536
TIC 232673497,232673497,282.08983531417,58.05878468605,13.484,3575.0,0.51,134.621,0.0651,2154452563152448384
TIC 229944244,229944244,288.23975011835,61.56783734446,13.485,3617.0,0.562,155.378,0.0175,2251955020920378240
TIC 356784874,356784874,268.41210244955,72.4048276823,13.485,3812.0,0.568,170.432,0.0053,1651331779041546752
TIC 359585942,359585942,279.80804460256,56.44548965483,13.485,3721.0,0.487,133.426,0.0011,2148114943769893120
TIC 233498961,233498961,249.85486530029,72.88022877856,13.486,3754.0,0.565,163.705,0.0026,1653801866273258368
TIC 424388543,424388543,281.13704619167,76.26045995613,13.487,3878.0,0.566,172.867,0.0311,2268658423612169216
TIC 376847961,376847961,275.40222362863,68.65960925317,13.489,3338.0,0.428,94.521,0.0093,2259736677026868480
TIC 229943601,229943601,288.30894043391,60.7223505303,13.49,3402.0,0.46,110.902,0.0167,2239801397344950784
TIC 359677107,359677107,281.05022878967,59.61135031854,13.491,3921.0,0.59,184.942,0.0057,2154690504340921344
TIC 219852891,219852891,256.6897513946,68.88113127017,13.492,3355.0,0.25,50.8036,0.0014,1637032149285827200
TIC 233736162,233736162,277.88204930931,60.97142542212,13.492,3908.0,0.585,183.091,0.0094,2159548967048710784
TIC 237202553,237202553,293.43416489027,72.69635697615,13.492,3681.0,0.524,145.327,0.0086,2264028002190528384
TIC 219762916,219762916,262.54996234531,61.92366392164,13.493,3763.0,0.508,145.807,0.0027,1439227670986885120
TIC 243279081,243279081,288.43983173468,58.38043370221,13.494,3522.0,0.58,162.205,0.0187,2143437930543607808
TIC 264220088,264220088,295.0484819545,68.02333271829,13.494,3691.0,0.481,130.705,0.0121,2249352820494940160
TIC 376847982,376847982,275.34624992274,68.62847418359,13.494,3452.0,0.457,114.132,0.0136,2259736299069857408
TIC 441810190,441810190,266.46949636673,76.88997625492,13.494,3971.0,0.597,192.861,0.011,1656999727122904832
TIC 441804260,441804260,265.48893392718,72.98449421699,13.495,3201.0,0.258,48.5447,0.0959,1651551990605688064
TIC 219113415,219113415,271.89859605905,70.93647008613,13.496,3489.0,0.487,122.948,0.0304,2260584400491966208
TIC 233722966,233722966,276.59290419988,62.68929103377,13.496,3667.0,0.526,146.856,0.3296,2159954038301030656
TIC 441788920,441788920,262.34647507879,74.57033593425,13.496,3835.0,0.572,174.66,0.0113,1655714810346819712
TIC 199663984,199663984,251.44299146298,58.55080365636,13.499,3567.0,0.428,107.677,0.0084,1431743054818250240
TIC 230126832,230126832,251.28728066328,68.57365675377,13.499,3526.0,0.51,132.165,0.0204,1648597568500977152
TIC 219883632,219883632,261.98594428482,66.56459956744,13.5,3890.0,0.565,175.223,0.0152,1633917645162555008
TIC 320525495,320525495,264.96685118206,56.78002713996,13.5,3547.0,0.406,99.3444,4.0E-4,1421395482170463104
TIC 229446409,229446409,293.88127986785,61.05972836364,13.503,3867.0,0.595,186.134,0.0135,2239348810871270528
TIC 259037564,259037564,290.59242099682,67.68922942577,13.504,3657.0,0.429,111.02,0.0057,2261124741737693312
TIC 326209200,326209200,245.84094024832,72.81876005847,13.504,3097.0,0.195,33.924,2.0E-4,1654215076486441472
TIC 230390579,230390579,285.99912715025,60.12459118004,13.505,3633.0,0.519,141.989,0.1001,2155668451214834560
TIC 233571326,233571326,281.95332066453,62.50117305702,13.505,3607.0,0.507,135.248,0.1403,2157121765067846784
TIC 441768423,441768423,261.87651365255,75.70374665335,13.505,3852.0,0.533,160.104,0.013,1656782229979200768
TIC 219105733,219105733,270.96534848147,69.21735449776,13.506,3277.0,0.256,51.0906,0.0068,2260038492969095296
TIC 230396007,230396007,286.55130019119,62.29946857094,13.506,3342.0,0.426,96.3501,0.0351,2252232922485048320
TIC 233061797,233061797,270.16718868314,60.56033993405,13.506,3750.0,0.567,169.282,0.4592,2158727223842667136
TIC 441760371,441760371,260.50443480415,73.21350139759,13.506,3823.0,0.592,182.232,0.0518,1652223586050870656
TIC 233534471,233534471,280.81353414911,60.48601727005,13.507,3468.0,0.413,98.966,0.0294,2156430000455946112
TIC 233711692,233711692,275.90041060009,62.26492508441,13.508,3398.0,0.542,139.188,0.0061,2159874323708109568
TIC 237099945,237099945,240.46813503753,65.95008635382,13.508,3514.0,0.406,101.498,0.0013,1642837982997262848
TIC 280071754,280071754,298.03401426979,71.87921391609,13.508,3690.0,0.579,173.051,0.0342,2263780440275720960
TIC 392569934,392569934,280.64381583915,55.79715796842,13.508,3710.0,0.561,166.178,0.0318,2147875009715344896
TIC 219857065,219857065,257.35578839868,71.69509413451,13.509,3908.0,0.587,184.795,0.0041,1651778352560814592
TIC 229446305,229446305,293.93554773017,61.1998453005,13.509,3259.0,0.259,50.8331,0.0018,2239359943426529280
TIC 233622554,233622554,284.12978618974,63.13048282958,13.509,3444.0,0.426,101.772,0.0032,2253093255973745920
TIC 357517794,357517794,267.7333297594,77.95694242884,13.509,3939.0,0.583,186.539,0.0032,1657313431534264064
TIC 383677269,383677269,279.1661254536,64.34881557827,13.509,3742.0,0.536,156.115,0.0013,2256364681022773504
TIC 229780807,229780807,283.51332388213,71.48900352308,13.51,3809.0,0.533,159.716,0.0102,2265914867223005440
TIC 424384597,424384597,277.0224305008,73.35974693326,13.511,3776.0,0.579,175.399,0.003,2267146560763949568
TIC 198238432,198238432,249.31917752454,65.12082934992,13.512,3603.0,0.596,174.953,0.0086,1635184866672266752
TIC 284900972,284900972,260.89241715219,55.38452295789,13.513,3496.0,0.518,131.841,0.0063,1420473472950166528
TIC 289570215,289570215,251.94956561806,62.19687249935,13.514,3794.0,0.58,176.008,0.013,1630688448230072576
TIC 165530667,165530667,266.39883116161,58.61995584752,13.515,3931.0,0.592,192.629,0.0028,1422882915244161280
TIC 199632976,199632976,250.55100320793,59.81313261808,13.515,3534.0,0.41,102.295,0.1334,1432100121219740032
TIC 230071420,230071420,243.53276606363,69.52860819181,13.515,3360.0,0.341,74.1601,0.0069,1646832268222449792
TIC 230117182,230117182,249.35513262813,68.34144284103,13.515,3753.0,0.595,184.22,1.0E-4,1648760536739862400
TIC 390022666,390022666,277.64276532097,58.16461561934,13.515,3761.0,0.472,133.279,0.0094,2157280610138258816
TIC 219892426,219892426,262.70468669389,66.72866456258,13.517,3794.0,0.589,180.452,0.0119,1633926132017792512
TIC 258871921,258871921,287.7614511839,66.12354938092,13.517,3706.0,0.553,158.163,0.0077,2254592440080388608
TIC 334831492,334831492,250.62071166335,60.42292111636,13.518,3623.0,0.444,117.136,0.0445,1624334091359646720
TIC 198416743,198416743,260.22650624632,57.45347545774,13.519,3239.0,0.254,49.7977,0.0012,1432940388621094528
TIC 230395424,230395424,286.66202291256,63.36826037807,13.519,3642.0,0.438,114.864,0.1503,2252698703098557056
TIC 230127239,230127239,251.33597399969,70.21100530675,13.52,3861.0,0.585,184.742,0.0012,1650092285839304320
TIC 233610173,233610173,283.19125382599,65.56101555339,13.52,3944.0,0.559,175.252,0.0073,2253952833549392896
TIC 233723666,233723666,276.50881483384,61.29152502645,13.52,3473.0,0.423,102.457,0.0034,2158261615027955584
TIC 287079870,287079870,243.47794660975,64.30656707133,13.52,3717.0,0.58,172.52,7.0E-4,1629659717663425792
TIC 353819035,353819035,270.42314170988,56.9771890149,13.521,3887.0,0.537,163.702,0.1778,2150453742441438464
TIC 394129565,394129565,288.93980304236,74.72183047627,13.521,3758.0,0.554,164.419,0.0015,2265277013041082624
TIC 229975344,229975344,289.89317623556,60.26149520261,13.522,3253.0,0.281,57.7,0.162,2239735289208387968
TIC 230079468,230079468,245.17074093214,69.2977196621,13.522,3446.0,0.436,105.308,0.0104,1649799472148944896
TIC 207501873,207501873,247.99831545552,59.70053305461,13.523,3271.0,0.293,62.3892,0.0,1624017023989100032
TIC 230075817,230075817,244.3653074189,66.43890244335,13.523,3574.0,0.495,133.407,0.0062,1642454116000401920
TIC 233195949,233195949,264.2057866573,70.23038984205,13.523,3615.0,0.547,152.901,0.0206,1638845205304678784
TIC 233617997,233617997,283.96318658241,64.23911847763,13.523,3685.0,0.523,147.613,0.0663,2253571887129265664
TIC 219858131,219858131,257.43172003134,67.74546960836,13.524,3556.0,0.547,145.636,0.0038,1635929579642082048
TIC 233746487,233746487,278.67207836913,62.29422523276,13.524,3540.0,0.428,111.496,0.0446,2160061549922234496
TIC 219762708,219762708,262.57235832378,62.49057205836,13.526,3314.0,0.277,59.2977,0.0018,1439316216032875520
TIC 232630730,232630730,269.30745648767,55.38321297714,13.526,3373.0,0.342,75.6129,0.0536,1417480602300197504
TIC 233078882,233078882,271.4613941734,62.67457366505,13.527,3862.0,0.592,187.124,0.0078,2159393081212269568
TIC 233570875,233570875,281.9579729807,63.39501538965,13.527,3738.0,0.593,184.026,0.0026,2253250829733273216
TIC 421308028,421308028,288.78263647286,58.24409688812,13.527,3669.0,0.507,141.118,0.1354,2143432467345187968
TIC 229412070,229412070,293.15591283811,62.03566423123,13.528,3964.0,0.595,195.117,0.0098,2240180900654754944
TIC 233744887,233744887,278.56970170144,65.60940145813,13.528,3438.0,0.336,76.7603,0.0525,2256955840323378944
TIC 359552793,359552793,279.42732990769,56.96771856534,13.528,3839.0,0.595,186.435,0.3076,2154147448675480192
TIC 233127050,233127050,273.96901530619,63.23017424573,13.529,3426.0,0.444,106.201,0.0038,2160773689859971584
TIC 233205372,233205372,265.81755120698,67.68775941584,13.529,3693.0,0.518,146.839,0.006,1634562062054274816
TIC 259037885,259037885,290.69614141606,68.19898407523,13.529,3939.0,0.569,181.811,0.0021,2261236307808194048
