target,tic_id,toi,disposition,tmag,teff_k,stellar_radius_solar,distance_pc,known_period_days,unique_transiting_signal_count,available_sector_count,sectors
TIC 359271092,359271092,741.01,CP,7.6687400,3766.0000000,0.5300000,10.4540000,7.5768334,1,7,36;37;62
TIC 138819293,138819293,1796.01,KP,8.4034600,3456.0000000,0.4254320,9.7532100,2.6438856,1,2,22;49
TIC 37749396,37749396,260.01,CP,8.4991000,4111.0000000,0.6181730,20.1852000,13.4758478,1,3,3;42;70
