target,tic_id,sectors
TIC 1628071,1628071,101
TIC 1650025,1650025,101
TIC 5630042,5630042,101
TIC 5647251,5647251,101
TIC 5648410,5648410,101
TIC 5649509,5649509,101
TIC 5714469,5714469,101
TIC 5797560,5797560,101
TIC 5816844,5816844,101
TIC 5867325,5867325,101
TIC 5868840,5868840,101
TIC 5868998,5868998,101
TIC 5869755,5869755,101
TIC 5870216,5870216,101
TIC 5877537,5877537,101
TIC 5878609,5878609,101
TIC 5881491,5881491,101
TIC 5911169,5911169,101
TIC 5911256,5911256,101
TIC 5914116,5914116,101
TIC 5915129,5915129,101
TIC 5915144,5915144,101
TIC 5966772,5966772,101
TIC 5966788,5966788,101
TIC 5970086,5970086,101
TIC 5982485,5982485,101
TIC 5984440,5984440,101
TIC 5985469,5985469,101
TIC 6012158,6012158,101
TIC 9277748,9277748,101
TIC 9279365,9279365,101
TIC 9331851,9331851,101
TIC 9334938,9334938,101
TIC 9337741,9337741,101
TIC 9339369,9339369,101
TIC 9384703,9384703,101
TIC 9385460,9385460,101
TIC 9389532,9389532,101
TIC 9436181,9436181,101
TIC 9436243,9436243,101
TIC 9438270,9438270,101
TIC 9439284,9439284,101
TIC 9439286,9439286,101
TIC 9439380,9439380,101
TIC 9467408,9467408,101
TIC 9469264,9469264,101
TIC 9481811,9481811,101
TIC 9560142,9560142,101
TIC 9560564,9560564,101
TIC 9560567,9560567,101
TIC 9560965,9560965,101
TIC 9561716,9561716,101
TIC 9565470,9565470,101
TIC 9591460,9591460,101
TIC 14663544,14663544,101
TIC 14717198,14717198,101
TIC 15525212,15525212,101
TIC 15525527,15525527,101
TIC 15633716,15633716,101
TIC 21008903,21008903,101
TIC 21011493,21011493,101
TIC 21105161,21105161,101
TIC 21106378,21106378,101
TIC 21113446,21113446,101
TIC 21162863,21162863,101
TIC 21165132,21165132,101
TIC 21644726,21644726,101
TIC 21712079,21712079,101
TIC 21986991,21986991,101
TIC 22029931,22029931,101
TIC 22102358,22102358,101
TIC 22140831,22140831,101
TIC 22217266,22217266,101
TIC 22330361,22330361,101
TIC 22330922,22330922,101
TIC 22331205,22331205,101
TIC 22344190,22344190,101
TIC 22384225,22384225,101
TIC 22394173,22394173,101
TIC 22394712,22394712,101
TIC 22395174,22395174,101
TIC 22395594,22395594,101
TIC 22442522,22442522,101
TIC 22443063,22443063,101
TIC 22444513,22444513,101
TIC 22457223,22457223,101
TIC 22457387,22457387,101
TIC 22457824,22457824,101
TIC 22457828,22457828,101
TIC 22480430,22480430,101
TIC 22647848,22647848,101
TIC 22651697,22651697,101
TIC 22760680,22760680,101
TIC 22855930,22855930,101
TIC 25425217,25425217,101
TIC 25484487,25484487,101
TIC 25485058,25485058,101
TIC 25488580,25488580,101
TIC 25489613,25489613,101
TIC 27966954,27966954,101
TIC 30019744,30019744,101
TIC 30022867,30022867,101
TIC 30023898,30023898,101
TIC 30071355,30071355,101
TIC 30072900,30072900,101
TIC 30073345,30073345,101
TIC 30116867,30116867,101
TIC 30116886,30116886,101
TIC 30119120,30119120,101
TIC 30119875,30119875,101
TIC 30180071,30180071,101
TIC 30181300,30181300,101
TIC 30280604,30280604,101
TIC 30281683,30281683,101
TIC 30290773,30290773,101
TIC 30293512,30293512,101
TIC 30373490,30373490,101
TIC 30374981,30374981,101
TIC 30375100,30375100,101
TIC 30378697,30378697,101
TIC 30380653,30380653,101
TIC 30385924,30385924,101
TIC 30392474,30392474,101
TIC 30441887,30441887,101
TIC 30442175,30442175,101
TIC 30489588,30489588,101
TIC 30490789,30490789,101
TIC 30492356,30492356,101
TIC 30494130,30494130,101
TIC 30540538,30540538,101
TIC 30545382,30545382,101
TIC 30601456,30601456,101
TIC 30697060,30697060,101
TIC 30751305,30751305,101
TIC 30752217,30752217,101
TIC 30753143,30753143,101
TIC 30755602,30755602,101
TIC 30802397,30802397,101
TIC 30805042,30805042,101
TIC 30809039,30809039,101
TIC 30841635,30841635,101
TIC 30872191,30872191,101
TIC 30874463,30874463,101
TIC 30875397,30875397,101
TIC 30876081,30876081,101
TIC 30952620,30952620,101
TIC 30952621,30952621,101
TIC 30953375,30953375,101
TIC 30988774,30988774,101
TIC 30989857,30989857,101
TIC 30990555,30990555,101
TIC 30992795,30992795,101
TIC 32609205,32609205,101
TIC 32613546,32613546,101
TIC 32636439,32636439,101
TIC 32638161,32638161,101
TIC 32658752,32658752,101
TIC 32662773,32662773,101
TIC 32722714,32722714,101
TIC 35006277,35006277,101
TIC 35106764,35106764,101
TIC 35221659,35221659,101
TIC 35353027,35353027,101
TIC 35353045,35353045,101
TIC 35358254,35358254,101
TIC 35359078,35359078,101
TIC 35678037,35678037,101
TIC 35801964,35801964,101
TIC 35905913,35905913,101
TIC 35920267,35920267,101
TIC 36042232,36042232,101
TIC 36607746,36607746,101
TIC 36864008,36864008,101
TIC 36958337,36958337,101
TIC 37335547,37335547,101
TIC 37589272,37589272,101
TIC 37591208,37591208,101
TIC 38056779,38056779,101
TIC 38299159,38299159,101
TIC 38304058,38304058,101
TIC 38580218,38580218,101
TIC 38580997,38580997,101
TIC 38581295,38581295,101
TIC 38581831,38581831,101
TIC 38638193,38638193,101
TIC 38803061,38803061,101
TIC 38914373,38914373,101
TIC 39276230,39276230,101
TIC 39408757,39408757,101
TIC 39633709,39633709,101
TIC 39761579,39761579,101
TIC 39992051,39992051,101
TIC 40444646,40444646,101
TIC 40560248,40560248,101
TIC 40583859,40583859,101
TIC 40709970,40709970,101
TIC 41166007,41166007,101
TIC 41659964,41659964,101
TIC 42024738,42024738,101
TIC 42024746,42024746,101
TIC 42401016,42401016,101
TIC 42616129,42616129,101
TIC 42616952,42616952,101
TIC 42619105,42619105,101
TIC 43343195,43343195,101
TIC 43705631,43705631,101
TIC 44165460,44165460,101
TIC 44180973,44180973,101
TIC 44539143,44539143,101
TIC 44916961,44916961,101
TIC 45254409,45254409,101
TIC 45258968,45258968,101
TIC 45380036,45380036,101
TIC 45752078,45752078,101
TIC 45754445,45754445,101
TIC 45759001,45759001,101
TIC 46080184,46080184,101
TIC 46085986,46085986,101
TIC 46473449,46473449,101
TIC 46705199,46705199,101
TIC 46925043,46925043,101
TIC 47307785,47307785,101
TIC 47315372,47315372,101
TIC 47450759,47450759,101
TIC 52254854,52254854,101
TIC 52254858,52254858,101
TIC 57306425,57306425,101
TIC 57348820,57348820,101
TIC 57367859,57367859,101
TIC 57378518,57378518,101
TIC 57570218,57570218,101
TIC 57570617,57570617,101
TIC 57574224,57574224,101
TIC 57693006,57693006,101
TIC 57714798,57714798,101
TIC 57717864,57717864,101
TIC 57790484,57790484,101
TIC 57795673,57795673,101
TIC 60709182,60709182,101
TIC 60734281,60734281,101
TIC 60734330,60734330,101
TIC 61413837,61413837,101
TIC 61477444,61477444,101
TIC 61536029,61536029,101
TIC 61539454,61539454,101
TIC 61542962,61542962,101
TIC 61594255,61594255,101
TIC 61822201,61822201,101
TIC 61871671,61871671,101
TIC 61940515,61940515,101
TIC 65305860,65305860,101
TIC 65314847,65314847,101
TIC 65716946,65716946,101
TIC 67208897,67208897,101
TIC 67319732,67319732,101
TIC 67801852,67801852,101
TIC 68322226,68322226,101
TIC 68418284,68418284,101
TIC 68595017,68595017,101
TIC 71379213,71379213,101
TIC 72121577,72121577,101
TIC 72500833,72500833,101
TIC 72568304,72568304,101
TIC 72756853,72756853,101
TIC 72760821,72760821,101
TIC 72814920,72814920,101
TIC 72988676,72988676,101
TIC 73081785,73081785,101
TIC 73174531,73174531,101
TIC 73301828,73301828,101
TIC 73304453,73304453,101
TIC 73308290,73308290,101
TIC 73405282,73405282,101
TIC 73710356,73710356,101
TIC 73710370,73710370,101
TIC 77529668,77529668,101
TIC 77530888,77530888,101
TIC 77555289,77555289,101
TIC 77556322,77556322,101
TIC 77556406,77556406,101
TIC 82437857,82437857,101
TIC 82442489,82442489,101
TIC 82849372,82849372,101
TIC 83112462,83112462,101
TIC 83113208,83113208,101
TIC 83113252,83113252,101
TIC 83113607,83113607,101
TIC 83133871,83133871,101
TIC 83136506,83136506,101
TIC 83152944,83152944,101
TIC 83153075,83153075,101
TIC 83154030,83154030,101
TIC 83207850,83207850,101
TIC 88741544,88741544,101
TIC 89635056,89635056,101
TIC 90048949,90048949,101
TIC 90050066,90050066,101
TIC 90144286,90144286,101
TIC 90801126,90801126,101
TIC 93844598,93844598,101
TIC 93847832,93847832,101
TIC 94016706,94016706,101
TIC 94017750,94017750,101
TIC 94017782,94017782,101
TIC 94017827,94017827,101
TIC 94342280,94342280,101
TIC 94465914,94465914,101
TIC 94554742,94554742,101
TIC 94555919,94555919,101
TIC 97744411,97744411,101
TIC 98871628,98871628,101
TIC 98873225,98873225,101
TIC 98873439,98873439,101
TIC 98939709,98939709,101
TIC 98940766,98940766,101
TIC 98956912,98956912,101
TIC 98957720,98957720,101
TIC 98992581,98992581,101
TIC 98994305,98994305,101
TIC 99028233,99028233,101
TIC 99028319,99028319,101
TIC 99029327,99029327,101
TIC 99049821,99049821,101
TIC 99053300,99053300,101
TIC 99059830,99059830,101
TIC 99060505,99060505,101
TIC 99129610,99129610,101
TIC 99138443,99138443,101
TIC 99141741,99141741,101
TIC 99176838,99176838,101
TIC 99176851,99176851,101
TIC 99180081,99180081,101
TIC 100229378,100229378,101
TIC 101905319,101905319,101
TIC 101906109,101906109,101
TIC 102079691,102079691,101
TIC 102169275,102169275,101
TIC 102170045,102170045,101
TIC 102171374,102171374,101
TIC 102171925,102171925,101
TIC 102174732,102174732,101
TIC 102176459,102176459,101
TIC 102190939,102190939,101
TIC 102192004,102192004,101
TIC 102192161,102192161,101
TIC 102193494,102193494,101
TIC 102302709,102302709,101
TIC 102303816,102303816,101
TIC 102305337,102305337,101
TIC 102306789,102306789,101
TIC 102307332,102307332,101
TIC 102310237,102310237,101
TIC 102311007,102311007,101
TIC 102313745,102313745,101
TIC 103576633,103576633,101
TIC 103578831,103578831,101
TIC 103578925,103578925,101
TIC 103625404,103625404,101
TIC 103625477,103625477,101
TIC 103626477,103626477,101
TIC 103630061,103630061,101
TIC 103678148,103678148,101
TIC 103683084,103683084,101
TIC 103694819,103694819,101
TIC 103749630,103749630,101
TIC 103780876,103780876,101
TIC 103829791,103829791,101
TIC 103831065,103831065,101
TIC 103832313,103832313,101
TIC 103834814,103834814,101
TIC 103859362,103859362,101
TIC 103860852,103860852,101
TIC 103914433,103914433,101
TIC 103916828,103916828,101
TIC 103943485,103943485,101
TIC 103944219,103944219,101
TIC 103957501,103957501,101
TIC 103959618,103959618,101
TIC 104022191,104022191,101
TIC 104022675,104022675,101
TIC 104024556,104024556,101
TIC 107017977,107017977,101
TIC 107018378,107018378,101
TIC 107138637,107138637,101
TIC 107139259,107139259,101
TIC 107140803,107140803,101
TIC 107143473,107143473,101
TIC 107146641,107146641,101
TIC 113277037,113277037,101
TIC 113279107,113279107,101
TIC 124078045,124078045,101
TIC 124078721,124078721,101
TIC 124093439,124093439,101
TIC 124095230,124095230,101
TIC 124095894,124095894,101
TIC 124145124,124145124,101
TIC 124145125,124145125,101
TIC 124146529,124146529,101
TIC 124147053,124147053,101
TIC 124148366,124148366,101
TIC 124151115,124151115,101
TIC 124172843,124172843,101
TIC 124174267,124174267,101
TIC 124175489,124175489,101
TIC 124176552,124176552,101
TIC 124205690,124205690,101
TIC 124206468,124206468,101
TIC 124232576,124232576,101
TIC 124235800,124235800,101
TIC 124236567,124236567,101
TIC 124282575,124282575,101
TIC 124283249,124283249,101
TIC 124283250,124283250,101
TIC 124287396,124287396,101
TIC 124307021,124307021,101
TIC 124307040,124307040,101
TIC 124308044,124308044,101
TIC 124334450,124334450,101
TIC 124336291,124336291,101
TIC 124401411,124401411,101
TIC 124401869,124401869,101
TIC 124401907,124401907,101
TIC 124402313,124402313,101
TIC 124402693,124402693,101
TIC 124404442,124404442,101
TIC 124423510,124423510,101
TIC 124426377,124426377,101
TIC 124450683,124450683,101
TIC 124452817,124452817,101
TIC 124453339,124453339,101
TIC 124454726,124454726,101
TIC 124515764,124515764,101
TIC 124515950,124515950,101
TIC 124528023,124528023,101
TIC 124528572,124528572,101
TIC 124528578,124528578,101
TIC 124567694,124567694,101
TIC 124568458,124568458,101
TIC 124568633,124568633,101
TIC 124569177,124569177,101
TIC 124570753,124570753,101
TIC 124572032,124572032,101
TIC 124601236,124601236,101
TIC 124602475,124602475,101
TIC 124605573,124605573,101
TIC 124617560,124617560,101
TIC 124618044,124618044,101
TIC 124692823,124692823,101
TIC 124694915,124694915,101
TIC 124695373,124695373,101
TIC 124766750,124766750,101
TIC 124771255,124771255,101
TIC 124786345,124786345,101
TIC 124836842,124836842,101
TIC 130711040,130711040,101
TIC 130720430,130720430,101
TIC 130721469,130721469,101
TIC 130722201,130722201,101
TIC 130722760,130722760,101
TIC 130722835,130722835,101
TIC 130731769,130731769,101
TIC 130731771,130731771,101
TIC 130790372,130790372,101
TIC 130822918,130822918,101
TIC 130822919,130822919,101
TIC 130825131,130825131,101
TIC 130826839,130826839,101
TIC 130826881,130826881,101
TIC 130843533,130843533,101
TIC 130867300,130867300,101
TIC 130867301,130867301,101
TIC 130867823,130867823,101
TIC 130868394,130868394,101
TIC 130869600,130869600,101
TIC 130923066,130923066,101
TIC 130924120,130924120,101
TIC 130924645,130924645,101
TIC 130926221,130926221,101
TIC 130927019,130927019,101
TIC 130942594,130942594,101
TIC 130943028,130943028,101
TIC 130943601,130943601,101
TIC 130945039,130945039,101
TIC 130945054,130945054,101
TIC 130947181,130947181,101
TIC 130947183,130947183,101
TIC 130981260,130981260,101
TIC 130983301,130983301,101
TIC 130983665,130983665,101
TIC 130984243,130984243,101
TIC 131003697,131003697,101
TIC 131040362,131040362,101
TIC 131043744,131043744,101
TIC 131060107,131060107,101
TIC 131081098,131081098,101
TIC 131081589,131081589,101
TIC 131081852,131081852,101
TIC 131084221,131084221,101
TIC 131116202,131116202,101
TIC 131139233,131139233,101
TIC 131193769,131193769,101
TIC 131195882,131195882,101
TIC 131216669,131216669,101
TIC 131218848,131218848,101
TIC 131234318,131234318,101
TIC 131234322,131234322,101
TIC 131234993,131234993,101
TIC 131235037,131235037,101
TIC 131235038,131235038,101
TIC 131236578,131236578,101
TIC 131237300,131237300,101
TIC 131238605,131238605,101
TIC 131238610,131238610,101
TIC 131238969,131238969,101
TIC 131308706,131308706,101
TIC 131309921,131309921,101
TIC 131311326,131311326,101
TIC 131312528,131312528,101
TIC 134650373,134650373,101
TIC 134653865,134653865,101
TIC 134717669,134717669,101
TIC 134754537,134754537,101
TIC 134765602,134765602,101
TIC 134812686,134812686,101
TIC 134815154,134815154,101
TIC 134866849,134866849,101
TIC 134871830,134871830,101
TIC 134903083,134903083,101
TIC 134905011,134905011,101
TIC 134963187,134963187,101
TIC 134971152,134971152,101
TIC 134977626,134977626,101
TIC 135048781,135048781,101
TIC 135093389,135093389,101
TIC 135165545,135165545,101
TIC 135176716,135176716,101
TIC 135225496,135225496,101
TIC 135225667,135225667,101
TIC 135246293,135246293,101
TIC 135247956,135247956,101
TIC 135257476,135257476,101
TIC 135371083,135371083,101
TIC 135432237,135432237,101
TIC 135506567,135506567,101
TIC 135510377,135510377,101
TIC 141969034,141969034,101
TIC 141973945,141973945,101
TIC 142006351,142006351,101
TIC 142039761,142039761,101
TIC 142039824,142039824,101
TIC 142040742,142040742,101
TIC 142110847,142110847,101
TIC 142113230,142113230,101
TIC 142116609,142116609,101
TIC 142141870,142141870,101
TIC 142156498,142156498,101
TIC 142212386,142212386,101
TIC 142261885,142261885,101
TIC 142323008,142323008,101
TIC 142324190,142324190,101
TIC 142324512,142324512,101
TIC 142375417,142375417,101
TIC 142392159,142392159,101
TIC 142392797,142392797,101
TIC 144078405,144078405,101
TIC 144113767,144113767,101
TIC 144150613,144150613,101
TIC 144182383,144182383,101
TIC 144183522,144183522,101
TIC 144219989,144219989,101
TIC 144223597,144223597,101
TIC 144225167,144225167,101
TIC 144292152,144292152,101
TIC 144292639,144292639,101
TIC 144292650,144292650,101
TIC 144323513,144323513,101
TIC 144324239,144324239,101
TIC 144324618,144324618,101
TIC 144370079,144370079,101
TIC 144391378,144391378,101
TIC 144391379,144391379,101
TIC 144394495,144394495,101
TIC 144395071,144395071,101
TIC 144425121,144425121,101
TIC 144428633,144428633,101
TIC 144430246,144430246,101
TIC 144430248,144430248,101
TIC 144430749,144430749,101
TIC 144488191,144488191,101
TIC 144492663,144492663,101
TIC 144506852,144506852,101
TIC 144510349,144510349,101
TIC 144510619,144510619,101
TIC 144566783,144566783,101
TIC 144566805,144566805,101
TIC 144568325,144568325,101
TIC 144569472,144569472,101
TIC 144603871,144603871,101
TIC 144606315,144606315,101
TIC 144656793,144656793,101
TIC 144657649,144657649,101
TIC 144660658,144660658,101
TIC 144661978,144661978,101
TIC 144677321,144677321,101
TIC 144720283,144720283,101
TIC 144720670,144720670,101
TIC 144723568,144723568,101
TIC 144726187,144726187,101
TIC 144765188,144765188,101
TIC 144771989,144771989,101
TIC 144772106,144772106,101
TIC 144786725,144786725,101
TIC 144786727,144786727,101
TIC 144822795,144822795,101
TIC 144823282,144823282,101
TIC 144826574,144826574,101
TIC 144844492,144844492,101
TIC 144845017,144845017,101
TIC 144918085,144918085,101
TIC 144919053,144919053,101
TIC 144921815,144921815,101
TIC 144949446,144949446,101
TIC 144951268,144951268,101
TIC 145005999,145005999,101
TIC 145006683,145006683,101
TIC 145006967,145006967,101
TIC 145011233,145011233,101
TIC 145015441,145015441,101
TIC 145015449,145015449,101
TIC 145016382,145016382,101
TIC 145016752,145016752,101
TIC 145016981,145016981,101
TIC 145017001,145017001,101
TIC 145053881,145053881,101
TIC 145054162,145054162,101
TIC 145055850,145055850,101
TIC 145092212,145092212,101
TIC 152597296,152597296,101
TIC 152597840,152597840,101
TIC 157137788,157137788,101
TIC 157138079,157138079,101
TIC 157321602,157321602,101
TIC 157324520,157324520,101
TIC 157337995,157337995,101
TIC 160527775,160527775,101
TIC 161162087,161162087,101
TIC 161739042,161739042,101
TIC 162397998,162397998,101
TIC 163030651,163030651,101
TIC 163041049,163041049,101
TIC 163046062,163046062,101
TIC 163580647,163580647,101
TIC 163649080,163649080,101
TIC 163653342,163653342,101
TIC 163946606,163946606,101
TIC 164293200,164293200,101
TIC 165230981,165230981,101
TIC 165290320,165290320,101
TIC 165295158,165295158,101
TIC 165317334,165317334,101
TIC 165317493,165317493,101
TIC 165323000,165323000,101
TIC 165377279,165377279,101
TIC 165456234,165456234,101
TIC 165560681,165560681,101
TIC 165562062,165562062,101
TIC 165633864,165633864,101
TIC 165635555,165635555,101
TIC 165662321,165662321,101
TIC 165664257,165664257,101
TIC 165666968,165666968,101
TIC 165667705,165667705,101
TIC 165719512,165719512,101
TIC 165725822,165725822,101
TIC 165726911,165726911,101
TIC 165768177,165768177,101
TIC 165768736,165768736,101
TIC 165769486,165769486,101
TIC 165774110,165774110,101
TIC 165775281,165775281,101
TIC 165823121,165823121,101
TIC 165823257,165823257,101
TIC 165826719,165826719,101
TIC 165898206,165898206,101
TIC 165898278,165898278,101
TIC 165898498,165898498,101
TIC 165904594,165904594,101
TIC 165909249,165909249,101
TIC 165968866,165968866,101
TIC 165968870,165968870,101
TIC 165975689,165975689,101
TIC 165995511,165995511,101
TIC 165997104,165997104,101
TIC 165997727,165997727,101
TIC 166058030,166058030,101
TIC 166059828,166059828,101
TIC 166061741,166061741,101
TIC 166063262,166063262,101
TIC 166141721,166141721,101
TIC 166142430,166142430,101
TIC 166145361,166145361,101
TIC 166184428,166184428,101
TIC 166186464,166186464,101
TIC 166187322,166187322,101
TIC 166188286,166188286,101
TIC 166234670,166234670,101
TIC 166322623,166322623,101
TIC 166325753,166325753,101
TIC 166411574,166411574,101
TIC 166445059,166445059,101
TIC 166445064,166445064,101
TIC 166447153,166447153,101
TIC 166447438,166447438,101
TIC 166527623,166527623,101
TIC 166563438,166563438,101
TIC 166620979,166620979,101
TIC 166666719,166666719,101
TIC 166667038,166667038,101
TIC 167214117,167214117,101
TIC 167215719,167215719,101
TIC 167533895,167533895,101
TIC 167861264,167861264,101
TIC 168168120,168168120,101
TIC 169468632,169468632,101
TIC 170435713,170435713,101
TIC 170459141,170459141,101
TIC 170460782,170460782,101
TIC 170494921,170494921,101
TIC 170497144,170497144,101
TIC 170573738,170573738,101
TIC 170574775,170574775,101
TIC 170574878,170574878,101
TIC 170587031,170587031,101
TIC 170587182,170587182,101
TIC 170627786,170627786,101
TIC 170654459,170654459,101
TIC 170656933,170656933,101
TIC 170657104,170657104,101
TIC 170659914,170659914,101
TIC 178726083,178726083,101
TIC 178756651,178756651,101
TIC 178758712,178758712,101
TIC 178816361,178816361,101
TIC 178818626,178818626,101
TIC 178819397,178819397,101
TIC 178819686,178819686,101
TIC 178824328,178824328,101
TIC 178861865,178861865,101
TIC 178869592,178869592,101
TIC 178887276,178887276,101
TIC 179486821,179486821,101
TIC 179490977,179490977,101
TIC 180172954,180172954,101
TIC 180998196,180998196,101
TIC 181020045,181020045,101
TIC 181020271,181020271,101
TIC 181059947,181059947,101
TIC 181061812,181061812,101
TIC 181062415,181062415,101
TIC 181084080,181084080,101
TIC 181114373,181114373,101
TIC 181152530,181152530,101
TIC 181153195,181153195,101
TIC 181158879,181158879,101
TIC 181163751,181163751,101
TIC 181203963,181203963,101
TIC 181206360,181206360,101
TIC 181224055,181224055,101
TIC 181229140,181229140,101
TIC 181240055,181240055,101
TIC 181823402,181823402,101
TIC 181854331,181854331,101
TIC 181857383,181857383,101
TIC 181860841,181860841,101
TIC 181877779,181877779,101
TIC 181913586,181913586,101
TIC 185084647,185084647,101
TIC 186325202,186325202,101
TIC 186574542,186574542,101
TIC 186588827,186588827,101
TIC 186818732,186818732,101
TIC 187730895,187730895,101
TIC 188221781,188221781,101
TIC 188756200,188756200,101
TIC 189513190,189513190,101
TIC 190267332,190267332,101
TIC 190271688,190271688,101
TIC 191327202,191327202,101
TIC 191562171,191562171,101
TIC 192865791,192865791,101
TIC 193403895,193403895,101
TIC 193413306,193413306,101
TIC 193907722,193907722,101
TIC 194198618,194198618,101
TIC 194966293,194966293,101
TIC 194971186,194971186,101
TIC 195501035,195501035,101
TIC 201600307,201600307,101
TIC 201600309,201600309,101
TIC 201642601,201642601,101
TIC 201687177,201687177,101
TIC 201690280,201690280,101
TIC 201690578,201690578,101
TIC 201723074,201723074,101
TIC 201723935,201723935,101
TIC 201730394,201730394,101
TIC 201730948,201730948,101
TIC 201732264,201732264,101
TIC 201732436,201732436,101
TIC 201745945,201745945,101
TIC 201748996,201748996,101
TIC 201749918,201749918,101
TIC 201750125,201750125,101
TIC 204618705,204618705,101
TIC 204619086,204619086,101
TIC 204643786,204643786,101
TIC 204645414,204645414,101
TIC 204649819,204649819,101
TIC 204650483,204650483,101
TIC 204650822,204650822,101
TIC 204671232,204671232,101
TIC 204671405,204671405,101
TIC 204695287,204695287,101
TIC 204696963,204696963,101
TIC 204698337,204698337,101
TIC 204698427,204698427,101
TIC 204698580,204698580,101
TIC 204698586,204698586,101
TIC 204699050,204699050,101
TIC 204699376,204699376,101
TIC 204700146,204700146,101
TIC 204719068,204719068,101
TIC 204719664,204719664,101
TIC 204719763,204719763,101
TIC 204719766,204719766,101
TIC 207792130,207792130,101
TIC 208383886,208383886,101
TIC 208573112,208573112,101
TIC 208607938,208607938,101
TIC 208789160,208789160,101
TIC 208791781,208791781,101
TIC 208875033,208875033,101
TIC 209014246,209014246,101
TIC 209446819,209446819,101
TIC 209476931,209476931,101
TIC 209702928,209702928,101
TIC 209971455,209971455,101
TIC 210096523,210096523,101
TIC 210502402,210502402,101
TIC 210809900,210809900,101
TIC 211507984,211507984,101
TIC 219285759,219285759,101
TIC 219382427,219382427,101
TIC 219442838,219442838,101
TIC 219516729,219516729,101
TIC 219643957,219643957,101
TIC 219699276,219699276,101
TIC 219699410,219699410,101
TIC 219700573,219700573,101
TIC 219701594,219701594,101
TIC 219701748,219701748,101
TIC 219767019,219767019,101
TIC 219768234,219768234,101
TIC 219769290,219769290,101
TIC 219769847,219769847,101
TIC 219828968,219828968,101
TIC 219829145,219829145,101
TIC 219942866,219942866,101
TIC 219943378,219943378,101
TIC 219952292,219952292,101
TIC 219963669,219963669,101
TIC 219963958,219963958,101
TIC 219964560,219964560,101
TIC 219965825,219965825,101
TIC 219975536,219975536,101
TIC 219978562,219978562,101
TIC 219981528,219981528,101
TIC 220345533,220345533,101
TIC 220347617,220347617,101
TIC 220347928,220347928,101
TIC 220370034,220370034,101
TIC 220370211,220370211,101
TIC 220371163,220371163,101
TIC 220372086,220372086,101
TIC 228694499,228694499,101
TIC 228697178,228697178,101
TIC 228697180,228697180,101
TIC 228758453,228758453,101
TIC 228760810,228760810,101
TIC 228761172,228761172,101
TIC 228840439,228840439,101
TIC 228840468,228840468,101
TIC 228843099,228843099,101
TIC 228883011,228883011,101
TIC 228885384,228885384,101
TIC 228885563,228885563,101
TIC 228885892,228885892,101
TIC 228969041,228969041,101
TIC 228971871,228971871,101
TIC 228972002,228972002,101
TIC 228972228,228972228,101
TIC 228972732,228972732,101
TIC 229044450,229044450,101
TIC 229047362,229047362,101
TIC 229106161,229106161,101
TIC 229106210,229106210,101
TIC 229181083,229181083,101
TIC 229181237,229181237,101
TIC 229254851,229254851,101
TIC 229255152,229255152,101
TIC 229255155,229255155,101
TIC 229255362,229255362,101
TIC 229258156,229258156,101
TIC 229258252,229258252,101
TIC 229310586,229310586,101
TIC 229311138,229311138,101
TIC 229311253,229311253,101
TIC 229311838,229311838,101
TIC 229388113,229388113,101
TIC 229390943,229390943,101
TIC 229465678,229465678,101
TIC 229468261,229468261,101
TIC 229544020,229544020,101
TIC 229544078,229544078,101
TIC 229599397,229599397,101
TIC 229676917,229676917,101
TIC 229679814,229679814,101
TIC 229814009,229814009,101
TIC 230949405,230949405,101
TIC 230979227,230979227,101
TIC 231620255,231620255,101
TIC 231632822,231632822,101
TIC 231666244,231666244,101
TIC 232061901,232061901,101
TIC 232062254,232062254,101
TIC 234281396,234281396,101
TIC 234281664,234281664,101
TIC 234282389,234282389,101
TIC 234285392,234285392,101
TIC 234287962,234287962,101
TIC 234288438,234288438,101
TIC 234288549,234288549,101
TIC 234289138,234289138,101
TIC 237322080,237322080,101
TIC 237322105,237322105,101
TIC 237325365,237325365,101
TIC 238809900,238809900,101
TIC 238809913,238809913,101
TIC 238813087,238813087,101
TIC 238815187,238815187,101
TIC 238815210,238815210,101
TIC 238815671,238815671,101
TIC 238829525,238829525,101
TIC 238830991,238830991,101
TIC 238831201,238831201,101
TIC 238831647,238831647,101
TIC 238852606,238852606,101
TIC 238853890,238853890,101
TIC 238855251,238855251,101
TIC 241299185,241299185,101
TIC 241320066,241320066,101
TIC 241347516,241347516,101
TIC 241357076,241357076,101
TIC 241358980,241358980,101
TIC 241402261,241402261,101
TIC 241409833,241409833,101
TIC 241414705,241414705,101
TIC 241417275,241417275,101
TIC 241417279,241417279,101
TIC 241423838,241423838,101
TIC 241439216,241439216,101
TIC 241439813,241439813,101
TIC 241449929,241449929,101
TIC 241469750,241469750,101
TIC 241470109,241470109,101
TIC 241483053,241483053,101
TIC 241505459,241505459,101
TIC 241505859,241505859,101
TIC 241506132,241506132,101
TIC 241514378,241514378,101
TIC 241514551,241514551,101
TIC 241525834,241525834,101
TIC 241532550,241532550,101
TIC 241532908,241532908,101
TIC 241535771,241535771,101
TIC 241537051,241537051,101
TIC 241544671,241544671,101
TIC 241550661,241550661,101
TIC 241552893,241552893,101
TIC 241559630,241559630,101
TIC 241567613,241567613,101
TIC 241567624,241567624,101
TIC 241567772,241567772,101
TIC 241568079,241568079,101
TIC 241569046,241569046,101
TIC 241581808,241581808,101
TIC 241600190,241600190,101
TIC 241601924,241601924,101
TIC 241603329,241603329,101
TIC 241611533,241611533,101
TIC 241638905,241638905,101
TIC 241640242,241640242,101
TIC 241641298,241641298,101
TIC 241641457,241641457,101
TIC 241643693,241643693,101
TIC 241660076,241660076,101
TIC 241660335,241660335,101
TIC 241681553,241681553,101
TIC 241682179,241682179,101
TIC 241685708,241685708,101
TIC 241692860,241692860,101
TIC 241702109,241702109,101
TIC 241710866,241710866,101
TIC 241716964,241716964,101
TIC 241719516,241719516,101
TIC 241734101,241734101,101
TIC 241734117,241734117,101
TIC 241734596,241734596,101
TIC 241750015,241750015,101
TIC 241751294,241751294,101
TIC 241761762,241761762,101
TIC 241771689,241771689,101
TIC 241775524,241775524,101
TIC 241782708,241782708,101
TIC 241793168,241793168,101
TIC 241808794,241808794,101
TIC 242082921,242082921,101
TIC 242083025,242083025,101
TIC 242086186,242086186,101
TIC 242088840,242088840,101
TIC 242089153,242089153,101
TIC 242089966,242089966,101
TIC 242092425,242092425,101
TIC 242096315,242096315,101
TIC 242102439,242102439,101
TIC 242106482,242106482,101
TIC 242107495,242107495,101
TIC 242120692,242120692,101
TIC 242120884,242120884,101
TIC 242153310,242153310,101
TIC 242154009,242154009,101
TIC 242155024,242155024,101
TIC 242163792,242163792,101
TIC 242165766,242165766,101
TIC 242172446,242172446,101
TIC 242176768,242176768,101
TIC 242179598,242179598,101
TIC 242183815,242183815,101
TIC 242185548,242185548,101
TIC 242207675,242207675,101
TIC 242238486,242238486,101
TIC 242247659,242247659,101
TIC 242247820,242247820,101
TIC 242248398,242248398,101
TIC 242248403,242248403,101
TIC 242256346,242256346,101
TIC 242260454,242260454,101
TIC 242260526,242260526,101
TIC 242275404,242275404,101
TIC 242304661,242304661,101
TIC 242304668,242304668,101
TIC 242310307,242310307,101
TIC 242327987,242327987,101
TIC 242328781,242328781,101
TIC 242328834,242328834,101
TIC 242332063,242332063,101
TIC 242333404,242333404,101
TIC 242355345,242355345,101
TIC 242383134,242383134,101
TIC 242385558,242385558,101
TIC 242385947,242385947,101
TIC 242465680,242465680,101
TIC 242522699,242522699,101
TIC 242524119,242524119,101
TIC 243140378,243140378,101
TIC 243140448,243140448,101
TIC 243142263,243142263,101
TIC 243144355,243144355,101
TIC 243159963,243159963,101
TIC 243160876,243160876,101
TIC 243161100,243161100,101
TIC 243164696,243164696,101
TIC 243177869,243177869,101
TIC 243178105,243178105,101
TIC 243178382,243178382,101
TIC 243179565,243179565,101
TIC 243180748,243180748,101
TIC 243181433,243181433,101
TIC 243192184,243192184,101
TIC 243194645,243194645,101
TIC 243198273,243198273,101
TIC 243200602,243200602,101
TIC 243214048,243214048,101
TIC 243215335,243215335,101
TIC 243215742,243215742,101
TIC 243219146,243219146,101
TIC 243219824,243219824,101
TIC 243221067,243221067,101
TIC 243237647,243237647,101
TIC 243237779,243237779,101
TIC 243254022,243254022,101
TIC 243262712,243262712,101
TIC 243265010,243265010,101
TIC 243265170,243265170,101
TIC 243265270,243265270,101
TIC 243265638,243265638,101
TIC 243291790,243291790,101
TIC 243296277,243296277,101
TIC 243304823,243304823,101
TIC 243306857,243306857,101
TIC 243308487,243308487,101
TIC 243309549,243309549,101
TIC 243309743,243309743,101
TIC 243309999,243309999,101
TIC 243310310,243310310,101
TIC 243311475,243311475,101
TIC 243321910,243321910,101
TIC 243327003,243327003,101
TIC 243327980,243327980,101
TIC 243330489,243330489,101
TIC 243340074,243340074,101
TIC 243340367,243340367,101
TIC 243341756,243341756,101
TIC 243343013,243343013,101
TIC 243343455,243343455,101
TIC 243343875,243343875,101
TIC 243344181,243344181,101
TIC 243344284,243344284,101
TIC 243357222,243357222,101
TIC 243357690,243357690,101
TIC 243359910,243359910,101
TIC 243364927,243364927,101
TIC 243379962,243379962,101
TIC 243381460,243381460,101
TIC 243382369,243382369,101
TIC 243383481,243383481,101
TIC 243388629,243388629,101
TIC 243389399,243389399,101
TIC 243390044,243390044,101
TIC 243392720,243392720,101
TIC 243393072,243393072,101
TIC 243393076,243393076,101
TIC 243394576,243394576,101
TIC 243413956,243413956,101
TIC 243414924,243414924,101
TIC 243416139,243416139,101
TIC 243421079,243421079,101
TIC 243421478,243421478,101
TIC 243422613,243422613,101
TIC 243423798,243423798,101
TIC 243427058,243427058,101
TIC 243430178,243430178,101
TIC 243430654,243430654,101
TIC 243446420,243446420,101
TIC 243447066,243447066,101
TIC 243448621,243448621,101
TIC 243449082,243449082,101
TIC 243449892,243449892,101
TIC 243449997,243449997,101
TIC 243453366,243453366,101
TIC 243453639,243453639,101
TIC 243455472,243455472,101
TIC 243469399,243469399,101
TIC 243470227,243470227,101
TIC 243470744,243470744,101
TIC 243472478,243472478,101
TIC 243472479,243472479,101
TIC 243472556,243472556,101
TIC 243473362,243473362,101
TIC 243474898,243474898,101
TIC 243475355,243475355,101
TIC 243475605,243475605,101
TIC 243476396,243476396,101
TIC 243477650,243477650,101
TIC 243493710,243493710,101
TIC 243495503,243495503,101
TIC 243496587,243496587,101
TIC 243499472,243499472,101
TIC 243499565,243499565,101
TIC 243502815,243502815,101
TIC 243507678,243507678,101
TIC 243510037,243510037,101
TIC 243510252,243510252,101
TIC 243510466,243510466,101
TIC 243510629,243510629,101
TIC 243511069,243511069,101
TIC 243511200,243511200,101
TIC 243511383,243511383,101
TIC 243525202,243525202,101
TIC 243526259,243526259,101
TIC 243526368,243526368,101
TIC 243530962,243530962,101
TIC 243548785,243548785,101
TIC 243549626,243549626,101
TIC 243550555,243550555,101
TIC 243552638,243552638,101
TIC 243559025,243559025,101
TIC 243563219,243563219,101
TIC 243565174,243565174,101
TIC 243565299,243565299,101
TIC 243565535,243565535,101
TIC 243567516,243567516,101
TIC 243582295,243582295,101
TIC 243583759,243583759,101
TIC 243588142,243588142,101
TIC 243590245,243590245,101
TIC 243607628,243607628,101
TIC 243611722,243611722,101
TIC 243611773,243611773,101
TIC 243620200,243620200,101
TIC 243622210,243622210,101
TIC 243641947,243641947,101
TIC 243642384,243642384,101
TIC 243643661,243643661,101
TIC 243645139,243645139,101
TIC 243647020,243647020,101
TIC 243647165,243647165,101
TIC 243665314,243665314,101
TIC 244866914,244866914,101
TIC 244869373,244869373,101
TIC 244869645,244869645,101
TIC 244903149,244903149,101
TIC 244934834,244934834,101
TIC 245008002,245008002,101
TIC 245074237,245074237,101
TIC 245166595,245166595,101
TIC 245254490,245254490,101
TIC 245414169,245414169,101
TIC 245440777,245440777,101
TIC 248074315,248074315,101
TIC 248075138,248075138,101
TIC 248076118,248076118,101
TIC 248093171,248093171,101
TIC 248109478,248109478,101
TIC 248127641,248127641,101
TIC 248145126,248145126,101
TIC 248146308,248146308,101
TIC 248146490,248146490,101
TIC 248146827,248146827,101
TIC 248146829,248146829,101
TIC 248146907,248146907,101
TIC 248146918,248146918,101
TIC 248147068,248147068,101
TIC 248149975,248149975,101
TIC 248150976,248150976,101
TIC 248185416,248185416,101
TIC 248200372,248200372,101
TIC 248202492,248202492,101
TIC 248207049,248207049,101
TIC 248244865,248244865,101
TIC 248245043,248245043,101
TIC 249998165,249998165,101
TIC 250119205,250119205,101
TIC 250174789,250174789,101
TIC 253085110,253085110,101
TIC 253181080,253181080,101
TIC 253182472,253182472,101
TIC 253197611,253197611,101
TIC 253319385,253319385,101
TIC 253375354,253375354,101
TIC 253394683,253394683,101
TIC 253398821,253398821,101
TIC 253410027,253410027,101
TIC 253422871,253422871,101
TIC 253430040,253430040,101
TIC 253940746,253940746,101
TIC 253951371,253951371,101
TIC 253958220,253958220,101
TIC 253961660,253961660,101
TIC 253961767,253961767,101
TIC 255776006,255776006,101
TIC 255854921,255854921,101
TIC 255954832,255954832,101
TIC 255967473,255967473,101
TIC 256056579,256056579,101
TIC 256216396,256216396,101
TIC 256239953,256239953,101
TIC 256241525,256241525,101
TIC 256253582,256253582,101
TIC 256300730,256300730,101
TIC 256470183,256470183,101
TIC 256589688,256589688,101
TIC 256597468,256597468,101
TIC 257496988,257496988,101
TIC 257499004,257499004,101
TIC 257499005,257499005,101
TIC 257520272,257520272,101
TIC 257572873,257572873,101
TIC 257574423,257574423,101
TIC 257577230,257577230,101
TIC 258095326,258095326,101
TIC 258236455,258236455,101
TIC 258314976,258314976,101
TIC 258414179,258414179,101
TIC 258518383,258518383,101
TIC 258520047,258520047,101
TIC 258583749,258583749,101
TIC 258583891,258583891,101
TIC 258587377,258587377,101
TIC 258587557,258587557,101
TIC 258588345,258588345,101
TIC 258655731,258655731,101
TIC 258658170,258658170,101
TIC 258686739,258686739,101
TIC 258688129,258688129,101
TIC 258704817,258704817,101
TIC 258706265,258706265,101
TIC 258789022,258789022,101
TIC 258790078,258790078,101
TIC 258791348,258791348,101
TIC 258794623,258794623,101
TIC 258794982,258794982,101
TIC 258835206,258835206,101
TIC 258838968,258838968,101
TIC 258906153,258906153,101
TIC 258907375,258907375,101
TIC 258908663,258908663,101
TIC 259424304,259424304,101
TIC 259440345,259440345,101
TIC 259529822,259529822,101
TIC 259600910,259600910,101
TIC 259716719,259716719,101
TIC 259717418,259717418,101
TIC 259719464,259719464,101
TIC 259719482,259719482,101
TIC 259723764,259723764,101
TIC 259762205,259762205,101
TIC 259762298,259762298,101
TIC 259765082,259765082,101
TIC 259787303,259787303,101
TIC 259834419,259834419,101
TIC 259860423,259860423,101
TIC 260646994,260646994,101
TIC 260650678,260650678,101
TIC 260719949,260719949,101
TIC 260772408,260772408,101
TIC 260777057,260777057,101
TIC 260828081,260828081,101
TIC 260833774,260833774,101
TIC 260926702,260926702,101
TIC 261095540,261095540,101
TIC 261097229,261097229,101
TIC 261097508,261097508,101
TIC 261098001,261098001,101
TIC 261098036,261098036,101
TIC 261241692,261241692,101
TIC 261382375,261382375,101
TIC 261385436,261385436,101
TIC 261389056,261389056,101
TIC 261389834,261389834,101
TIC 261389883,261389883,101
TIC 261424477,261424477,101
TIC 261427053,261427053,101
TIC 261427146,261427146,101
TIC 261427392,261427392,101
TIC 261458818,261458818,101
TIC 261460023,261460023,101
TIC 261462443,261462443,101
TIC 261463562,261463562,101
TIC 261497366,261497366,101
TIC 261499941,261499941,101
TIC 261526008,261526008,101
TIC 261570492,261570492,101
TIC 261586418,261586418,101
TIC 261696824,261696824,101
TIC 261859708,261859708,101
TIC 261862960,261862960,101
TIC 261863003,261863003,101
TIC 261955756,261955756,101
TIC 261993378,261993378,101
TIC 262020326,262020326,101
TIC 262021962,262021962,101
TIC 262022587,262022587,101
TIC 262126225,262126225,101
TIC 262128099,262128099,101
TIC 262259472,262259472,101
TIC 262374255,262374255,101
TIC 262457542,262457542,101
TIC 262822171,262822171,101
TIC 262871257,262871257,101
TIC 262909826,262909826,101
TIC 262929483,262929483,101
TIC 262998312,262998312,101
TIC 263018409,263018409,101
TIC 263211317,263211317,101
TIC 263313986,263313986,101
TIC 263315158,263315158,101
TIC 263523769,263523769,101
TIC 263665054,263665054,101
TIC 263772098,263772098,101
TIC 263789026,263789026,101
TIC 263952679,263952679,101
TIC 264026227,264026227,101
TIC 264142427,264142427,101
TIC 264147612,264147612,101
TIC 265124285,265124285,101
TIC 265143793,265143793,101
TIC 265177596,265177596,101
TIC 265179710,265179710,101
TIC 265181301,265181301,101
TIC 265184287,265184287,101
TIC 265214901,265214901,101
TIC 265214924,265214924,101
TIC 265214955,265214955,101
TIC 265215908,265215908,101
TIC 265284160,265284160,101
TIC 265285561,265285561,101
TIC 265332355,265332355,101
TIC 265333973,265333973,101
TIC 265336403,265336403,101
TIC 265368974,265368974,101
TIC 265371235,265371235,101
TIC 265371495,265371495,101
TIC 265435357,265435357,101
TIC 265436996,265436996,101
TIC 265467007,265467007,101
TIC 265467908,265467908,101
TIC 265468367,265468367,101
TIC 265487870,265487870,101
TIC 265488188,265488188,101
TIC 265527315,265527315,101
TIC 265528114,265528114,101
TIC 270172851,270172851,101
TIC 270173850,270173850,101
TIC 270204401,270204401,101
TIC 270204508,270204508,101
TIC 270245472,270245472,101
TIC 270245694,270245694,101
TIC 270247756,270247756,101
TIC 270262695,270262695,101
TIC 270265624,270265624,101
TIC 270272909,270272909,101
TIC 270372747,270372747,101
TIC 270396876,270396876,101
TIC 270907021,270907021,101
TIC 271108398,271108398,101
TIC 271111798,271111798,101
TIC 271403377,271403377,101
TIC 271466490,271466490,101
TIC 271506863,271506863,101
TIC 271519524,271519524,101
TIC 271520041,271520041,101
TIC 271520227,271520227,101
TIC 271576664,271576664,101
TIC 271578884,271578884,101
TIC 271579973,271579973,101
TIC 271580224,271580224,101
TIC 271701447,271701447,101
TIC 271708665,271708665,101
TIC 271942422,271942422,101
TIC 272055198,272055198,101
TIC 272118101,272118101,101
TIC 272159436,272159436,101
TIC 272212990,272212990,101
TIC 272216091,272216091,101
TIC 272309839,272309839,101
TIC 272314139,272314139,101
TIC 272482277,272482277,101
TIC 272581419,272581419,101
TIC 272588795,272588795,101
TIC 272807849,272807849,101
TIC 273058186,273058186,101
TIC 273128088,273128088,101
TIC 273209702,273209702,101
TIC 273220246,273220246,101
TIC 273268112,273268112,101
TIC 273270473,273270473,101
TIC 273272475,273272475,101
TIC 273274163,273274163,101
TIC 273305810,273305810,101
TIC 273306452,273306452,101
TIC 273308398,273308398,101
TIC 273314616,273314616,101
TIC 273365294,273365294,101
TIC 273366457,273366457,101
TIC 273394199,273394199,101
TIC 273460871,273460871,101
TIC 273460874,273460874,101
TIC 273911309,273911309,101
TIC 275359885,275359885,101
TIC 275359886,275359886,101
TIC 275360276,275360276,101
TIC 275379929,275379929,101
TIC 275591731,275591731,101
TIC 275651537,275651537,101
TIC 275698736,275698736,101
TIC 275701459,275701459,101
TIC 275705109,275705109,101
TIC 275708941,275708941,101
TIC 275709825,275709825,101
TIC 275771265,275771265,101
TIC 275778610,275778610,101
TIC 275780251,275780251,101
TIC 275883138,275883138,101
TIC 275884492,275884492,101
TIC 275884787,275884787,101
TIC 275886244,275886244,101
TIC 275913227,275913227,101
TIC 276003818,276003818,101
TIC 276004385,276004385,101
TIC 276009669,276009669,101
TIC 276011822,276011822,101
TIC 276071697,276071697,101
TIC 276078538,276078538,101
TIC 276085969,276085969,101
TIC 276536438,276536438,101
TIC 276646863,276646863,101
TIC 276676383,276676383,101
TIC 276734709,276734709,101
TIC 276798745,276798745,101
TIC 276837430,276837430,101
TIC 276872829,276872829,101
TIC 276877011,276877011,101
TIC 276963807,276963807,101
TIC 276967365,276967365,101
TIC 276975310,276975310,101
TIC 276977745,276977745,101
TIC 277029529,277029529,101
TIC 277070297,277070297,101
TIC 277073209,277073209,101
TIC 277074217,277074217,101
TIC 277124898,277124898,101
TIC 277130148,277130148,101
TIC 277130151,277130151,101
TIC 277130983,277130983,101
TIC 277350005,277350005,101
TIC 277686948,277686948,101
TIC 277748318,277748318,101
TIC 277748932,277748932,101
TIC 277749000,277749000,101
TIC 277749774,277749774,101
TIC 277751710,277751710,101
TIC 277751989,277751989,101
TIC 277773221,277773221,101
TIC 277774250,277774250,101
TIC 277800037,277800037,101
TIC 277834603,277834603,101
TIC 277835242,277835242,101
TIC 277872060,277872060,101
TIC 278031843,278031843,101
TIC 278036258,278036258,101
TIC 278048070,278048070,101
TIC 278175826,278175826,101
TIC 278659026,278659026,101
TIC 278660115,278660115,101
TIC 278660127,278660127,101
TIC 278661054,278661054,101
TIC 278661055,278661055,101
TIC 278661182,278661182,101
TIC 278661555,278661555,101
TIC 278662858,278662858,101
TIC 279404964,279404964,101
TIC 282163444,282163444,101
TIC 282216837,282216837,101
TIC 282326777,282326777,101
TIC 282406261,282406261,101
TIC 282568877,282568877,101
TIC 282568895,282568895,101
TIC 282571567,282571567,101
TIC 285193274,285193274,101
TIC 285647924,285647924,101
TIC 285655079,285655079,101
TIC 286166627,286166627,101
TIC 286190272,286190272,101
TIC 286190896,286190896,101
TIC 286190897,286190897,101
TIC 286191360,286191360,101
TIC 286191384,286191384,101
TIC 286196290,286196290,101
TIC 286229284,286229284,101
TIC 286229461,286229461,101
TIC 286332607,286332607,101
TIC 286335432,286335432,101
TIC 286507416,286507416,101
TIC 286651329,286651329,101
TIC 286831934,286831934,101
TIC 286864983,286864983,101
TIC 286865921,286865921,101
TIC 286866372,286866372,101
TIC 286910068,286910068,101
TIC 286910922,286910922,101
TIC 286911346,286911346,101
TIC 286987985,286987985,101
TIC 287148985,287148985,101
TIC 287560195,287560195,101
TIC 287561676,287561676,101
TIC 287563610,287563610,101
TIC 287564315,287564315,101
TIC 287564618,287564618,101
TIC 287584141,287584141,101
TIC 287605404,287605404,101
TIC 287607394,287607394,101
TIC 287609748,287609748,101
TIC 287664762,287664762,101
TIC 287670422,287670422,101
TIC 287671059,287671059,101
TIC 287672433,287672433,101
TIC 287673403,287673403,101
TIC 287675512,287675512,101
TIC 287676188,287676188,101
TIC 287676203,287676203,101
TIC 287752945,287752945,101
TIC 287905390,287905390,101
TIC 288020208,288020208,101
TIC 288456177,288456177,101
TIC 288593298,288593298,101
TIC 288863013,288863013,101
TIC 288866941,288866941,101
TIC 288867707,288867707,101
TIC 289303542,289303542,101
TIC 289393944,289393944,101
TIC 289394390,289394390,101
TIC 289620187,289620187,101
TIC 289945654,289945654,101
TIC 289990429,289990429,101
TIC 290023243,290023243,101
TIC 290302447,290302447,101
TIC 290302491,290302491,101
TIC 290305042,290305042,101
TIC 290305110,290305110,101
TIC 290306250,290306250,101
TIC 290352455,290352455,101
TIC 290370601,290370601,101
TIC 290376803,290376803,101
TIC 290401720,290401720,101
TIC 290402323,290402323,101
TIC 290402339,290402339,101
TIC 290403522,290403522,101
TIC 290403648,290403648,101
TIC 290404650,290404650,101
TIC 290460897,290460897,101
TIC 290493086,290493086,101
TIC 290732717,290732717,101
TIC 290904607,290904607,101
TIC 290932786,290932786,101
TIC 291040350,291040350,101
TIC 291042435,291042435,101
TIC 291445431,291445431,101
TIC 291540474,291540474,101
TIC 291668351,291668351,101
TIC 291766513,291766513,101
TIC 292110499,292110499,101
TIC 292221964,292221964,101
TIC 292234186,292234186,101
TIC 292297198,292297198,101
TIC 292327036,292327036,101
TIC 292333486,292333486,101
TIC 292333585,292333585,101
TIC 292419302,292419302,101
TIC 292422455,292422455,101
TIC 292426570,292426570,101
TIC 292441719,292441719,101
TIC 292563530,292563530,101
TIC 292631204,292631204,101
TIC 292634628,292634628,101
TIC 292747446,292747446,101
TIC 292750423,292750423,101
TIC 292989385,292989385,101
TIC 293077991,293077991,101
TIC 293082187,293082187,101
TIC 293108438,293108438,101
TIC 293112127,293112127,101
TIC 293244976,293244976,101
TIC 293246403,293246403,101
TIC 293419639,293419639,101
TIC 293589933,293589933,101
TIC 293730838,293730838,101
TIC 293901590,293901590,101
TIC 294147619,294147619,101
TIC 294292672,294292672,101
TIC 294295243,294295243,101
TIC 294336247,294336247,101
TIC 294340797,294340797,101
TIC 294344593,294344593,101
TIC 294535052,294535052,101
TIC 294540814,294540814,101
TIC 294541385,294541385,101
TIC 294560973,294560973,101
TIC 294765277,294765277,101
TIC 294840275,294840275,101
TIC 294840875,294840875,101
TIC 294888245,294888245,101
TIC 294955727,294955727,101
TIC 294960223,294960223,101
TIC 294960851,294960851,101
TIC 295039858,295039858,101
TIC 295046932,295046932,101
TIC 295250926,295250926,101
TIC 295312916,295312916,101
TIC 295314957,295314957,101
TIC 295317087,295317087,101
TIC 295346435,295346435,101
TIC 295545756,295545756,101
TIC 295595101,295595101,101
TIC 295598663,295598663,101
TIC 295600977,295600977,101
TIC 295604573,295604573,101
TIC 295649670,295649670,101
TIC 295770044,295770044,101
TIC 295853424,295853424,101
TIC 296107877,296107877,101
TIC 296672519,296672519,101
TIC 296805612,296805612,101
TIC 296969980,296969980,101
TIC 297024771,297024771,101
TIC 297024805,297024805,101
TIC 297075865,297075865,101
TIC 297075945,297075945,101
TIC 297076030,297076030,101
TIC 297076422,297076422,101
TIC 297076465,297076465,101
TIC 297446213,297446213,101
TIC 297628338,297628338,101
TIC 298275012,298275012,101
TIC 299298654,299298654,101
TIC 299453721,299453721,101
TIC 299511830,299511830,101
TIC 299607053,299607053,101
TIC 299753136,299753136,101
TIC 299755887,299755887,101
TIC 299953878,299953878,101
TIC 300947233,300947233,101
TIC 301097051,301097051,101
TIC 301098674,301098674,101
TIC 301246514,301246514,101
TIC 301404113,301404113,101
TIC 301458049,301458049,101
TIC 301547080,301547080,101
TIC 301685529,301685529,101
TIC 301685667,301685667,101
TIC 301690351,301690351,101
TIC 301840033,301840033,101
TIC 301842094,301842094,101
TIC 301850211,301850211,101
TIC 301894267,301894267,101
TIC 301950278,301950278,101
TIC 301951317,301951317,101
TIC 301951386,301951386,101
TIC 301953702,301953702,101
TIC 301956407,301956407,101
TIC 302061421,302061421,101
TIC 302106773,302106773,101
TIC 302107568,302107568,101
TIC 303486063,303486063,101
TIC 303537300,303537300,101
TIC 303538037,303538037,101
TIC 303647102,303647102,101
TIC 303658933,303658933,101
TIC 303696290,303696290,101
TIC 303704858,303704858,101
TIC 303838799,303838799,101
TIC 303842397,303842397,101
TIC 303843280,303843280,101
TIC 303843296,303843296,101
TIC 303893911,303893911,101
TIC 303914401,303914401,101
TIC 303990872,303990872,101
TIC 303999019,303999019,101
TIC 304065196,304065196,101
TIC 304125535,304125535,101
TIC 304129546,304129546,101
TIC 304130406,304130406,101
TIC 304192664,304192664,101
TIC 304248080,304248080,101
TIC 304410431,304410431,101
TIC 304430794,304430794,101
TIC 304472372,304472372,101
TIC 304555088,304555088,101
TIC 304597522,304597522,101
TIC 304598130,304598130,101
TIC 304663241,304663241,101
TIC 304694872,304694872,101
TIC 304792964,304792964,101
TIC 304860571,304860571,101
TIC 304904153,304904153,101
TIC 305176519,305176519,101
TIC 305272585,305272585,101
TIC 305321139,305321139,101
TIC 305325015,305325015,101
TIC 305421338,305421338,101
TIC 305426725,305426725,101
TIC 305510727,305510727,101
TIC 305512404,305512404,101
TIC 305673776,305673776,101
TIC 305685377,305685377,101
TIC 305687191,305687191,101
TIC 305841055,305841055,101
TIC 305849019,305849019,101
TIC 305946666,305946666,101
TIC 306011509,306011509,101
TIC 306353173,306353173,101
TIC 306725314,306725314,101
TIC 306806661,306806661,101
TIC 306881354,306881354,101
TIC 306988678,306988678,101
TIC 306988730,306988730,101
TIC 306996173,306996173,101
TIC 307048897,307048897,101
TIC 307145442,307145442,101
TIC 307219715,307219715,101
TIC 307221757,307221757,101
TIC 307222819,307222819,101
TIC 307307858,307307858,101
TIC 307309259,307309259,101
TIC 307311160,307311160,101
TIC 307313258,307313258,101
TIC 307314394,307314394,101
TIC 307397152,307397152,101
TIC 308769611,308769611,101
TIC 308976746,308976746,101
TIC 309033091,309033091,101
TIC 309523447,309523447,101
TIC 309537028,309537028,101
TIC 309636161,309636161,101
TIC 309797185,309797185,101
TIC 309806125,309806125,101
TIC 310051035,310051035,101
TIC 310054248,310054248,101
TIC 310103203,310103203,101
TIC 310104035,310104035,101
TIC 310177122,310177122,101
TIC 310267123,310267123,101
TIC 310425221,310425221,101
TIC 310426629,310426629,101
TIC 310507132,310507132,101
TIC 310512172,310512172,101
TIC 310515887,310515887,101
TIC 310555052,310555052,101
TIC 310580480,310580480,101
TIC 310655582,310655582,101
TIC 310658582,310658582,101
TIC 310712554,310712554,101
TIC 310735022,310735022,101
TIC 310737463,310737463,101
TIC 310737486,310737486,101
TIC 310737497,310737497,101
TIC 310795658,310795658,101
TIC 310854881,310854881,101
TIC 310855822,310855822,101
TIC 310883625,310883625,101
TIC 310962494,310962494,101
TIC 310962562,310962562,101
TIC 311045472,311045472,101
TIC 311106921,311106921,101
TIC 311108321,311108321,101
TIC 311174169,311174169,101
TIC 311291807,311291807,101
TIC 311294247,311294247,101
TIC 311348962,311348962,101
TIC 311401333,311401333,101
TIC 311421987,311421987,101
TIC 311424709,311424709,101
TIC 311461627,311461627,101
TIC 311462040,311462040,101
TIC 311538063,311538063,101
TIC 311649327,311649327,101
TIC 311695847,311695847,101
TIC 312129805,312129805,101
TIC 312134943,312134943,101
TIC 312136850,312136850,101
TIC 312138903,312138903,101
TIC 312139235,312139235,101
TIC 312213695,312213695,101
TIC 312213701,312213701,101
TIC 312330407,312330407,101
TIC 312331831,312331831,101
TIC 312410735,312410735,101
TIC 312416379,312416379,101
TIC 312420298,312420298,101
TIC 312421176,312421176,101
TIC 312508092,312508092,101
TIC 312593578,312593578,101
TIC 312612366,312612366,101
TIC 312711817,312711817,101
TIC 312716892,312716892,101
TIC 312718795,312718795,101
TIC 313367898,313367898,101
TIC 313551384,313551384,101
TIC 313551867,313551867,101
TIC 313552150,313552150,101
TIC 313552816,313552816,101
TIC 313553792,313553792,101
TIC 313554509,313554509,101
TIC 313585374,313585374,101
TIC 313671963,313671963,101
TIC 314265097,314265097,101
TIC 314393072,314393072,101
TIC 314401071,314401071,101
TIC 314624925,314624925,101
TIC 315035146,315035146,101
TIC 315340047,315340047,101
TIC 315350812,315350812,101
TIC 315658083,315658083,101
TIC 316422737,316422737,101
TIC 316758849,316758849,101
TIC 316991247,316991247,101
TIC 317019189,317019189,101
TIC 317019578,317019578,101
TIC 317021841,317021841,101
TIC 317058444,317058444,101
TIC 317060587,317060587,101
TIC 317210320,317210320,101
TIC 317362389,317362389,101
TIC 317497603,317497603,101
TIC 317497604,317497604,101
TIC 318007796,318007796,101
TIC 318008280,318008280,101
TIC 318008761,318008761,101
TIC 318008762,318008762,101
TIC 318020620,318020620,101
TIC 318040836,318040836,101
TIC 318041132,318041132,101
TIC 318041780,318041780,101
TIC 318045187,318045187,101
TIC 318045921,318045921,101
TIC 318085813,318085813,101
TIC 318087025,318087025,101
TIC 318087385,318087385,101
TIC 318087625,318087625,101
TIC 318089042,318089042,101
TIC 318089045,318089045,101
TIC 318125360,318125360,101
TIC 318163669,318163669,101
TIC 318178605,318178605,101
TIC 318178607,318178607,101
TIC 318179763,318179763,101
TIC 318180226,318180226,101
TIC 318180448,318180448,101
TIC 318213519,318213519,101
TIC 318234836,318234836,101
TIC 318515879,318515879,101
TIC 318516986,318516986,101
TIC 318516988,318516988,101
TIC 318566416,318566416,101
TIC 318567328,318567328,101
TIC 318567991,318567991,101
TIC 318568428,318568428,101
TIC 318570817,318570817,101
TIC 318570818,318570818,101
TIC 319604495,319604495,101
TIC 319647981,319647981,101
TIC 319865783,319865783,101
TIC 319865787,319865787,101
TIC 319866119,319866119,101
TIC 320007483,320007483,101
TIC 320173450,320173450,101
TIC 320173459,320173459,101
TIC 320173862,320173862,101
TIC 320204627,320204627,101
TIC 320205468,320205468,101
TIC 320255338,320255338,101
TIC 320265488,320265488,101
TIC 320266984,320266984,101
TIC 320302567,320302567,101
TIC 320327056,320327056,101
TIC 320429222,320429222,101
TIC 320529428,320529428,101
TIC 320529727,320529727,101
TIC 320529729,320529729,101
TIC 320529836,320529836,101
TIC 320530660,320530660,101
TIC 320533176,320533176,101
TIC 320659697,320659697,101
TIC 320660280,320660280,101
TIC 320660807,320660807,101
TIC 320662567,320662567,101
TIC 320688368,320688368,101
TIC 320690083,320690083,101
TIC 320690782,320690782,101
TIC 320783984,320783984,101
TIC 320784905,320784905,101
TIC 320805242,320805242,101
TIC 320805672,320805672,101
TIC 320806887,320806887,101
TIC 320807270,320807270,101
TIC 320809777,320809777,101
TIC 320809967,320809967,101
TIC 320841837,320841837,101
TIC 320842011,320842011,101
TIC 321049291,321049291,101
TIC 322285359,322285359,101
TIC 322285377,322285377,101
TIC 322769378,322769378,101
TIC 322777087,322777087,101
TIC 322808734,322808734,101
TIC 322909720,322909720,101
TIC 323082858,323082858,101
TIC 324608514,324608514,101
TIC 324609409,324609409,101
TIC 324609476,324609476,101
TIC 324654011,324654011,101
TIC 324654727,324654727,101
TIC 324759802,324759802,101
TIC 324940571,324940571,101
TIC 324945165,324945165,101
TIC 324981153,324981153,101
TIC 325073334,325073334,101
TIC 325077739,325077739,101
TIC 325079358,325079358,101
TIC 325081244,325081244,101
TIC 325093832,325093832,101
TIC 325096527,325096527,101
TIC 325176527,325176527,101
TIC 325176535,325176535,101
TIC 325177252,325177252,101
TIC 325178532,325178532,101
TIC 325222244,325222244,101
TIC 325247654,325247654,101
TIC 325275736,325275736,101
TIC 325276580,325276580,101
TIC 325280344,325280344,101
TIC 325338668,325338668,101
TIC 325339416,325339416,101
TIC 325341805,325341805,101
TIC 325341811,325341811,101
TIC 325794885,325794885,101
TIC 325820602,325820602,101
TIC 326467176,326467176,101
TIC 326538408,326538408,101
TIC 326667109,326667109,101
TIC 326942590,326942590,101
TIC 327150358,327150358,101
TIC 327161947,327161947,101
TIC 327301957,327301957,101
TIC 327303189,327303189,101
TIC 327303570,327303570,101
TIC 327303574,327303574,101
TIC 327303945,327303945,101
TIC 327305219,327305219,101
TIC 327305253,327305253,101
TIC 327322205,327322205,101
TIC 327594610,327594610,101
TIC 327595545,327595545,101
TIC 327596745,327596745,101
TIC 327597963,327597963,101
TIC 327598630,327598630,101
TIC 327667965,327667965,101
TIC 327669904,327669904,101
TIC 327670036,327670036,101
TIC 327672504,327672504,101
TIC 327709211,327709211,101
TIC 327710325,327710325,101
TIC 327710327,327710327,101
TIC 327712776,327712776,101
TIC 327712864,327712864,101
TIC 327724364,327724364,101
TIC 327724621,327724621,101
TIC 327725122,327725122,101
TIC 327725745,327725745,101
TIC 327726690,327726690,101
TIC 327728507,327728507,101
TIC 327773535,327773535,101
TIC 327774344,327774344,101
TIC 327785134,327785134,101
TIC 327787009,327787009,101
TIC 327787012,327787012,101
TIC 327788069,327788069,101
TIC 327788541,327788541,101
TIC 327925616,327925616,101
TIC 328021070,328021070,101
TIC 328329822,328329822,101
TIC 328476086,328476086,101
TIC 328691515,328691515,101
TIC 328694579,328694579,101
TIC 328700272,328700272,101
TIC 328802637,328802637,101
TIC 328811406,328811406,101
TIC 328812354,328812354,101
TIC 328989123,328989123,101
TIC 329067981,329067981,101
TIC 329090488,329090488,101
TIC 329122550,329122550,101
TIC 329122651,329122651,101
TIC 329162201,329162201,101
TIC 329193908,329193908,101
TIC 329197261,329197261,101
TIC 329197656,329197656,101
TIC 329204700,329204700,101
TIC 329299765,329299765,101
TIC 329368970,329368970,101
TIC 329459784,329459784,101
TIC 329483109,329483109,101
TIC 329488484,329488484,101
TIC 329489791,329489791,101
TIC 329530621,329530621,101
TIC 329600417,329600417,101
TIC 329600422,329600422,101
TIC 329603458,329603458,101
TIC 329604894,329604894,101
TIC 329604972,329604972,101
TIC 329608600,329608600,101
TIC 329609449,329609449,101
TIC 329650621,329650621,101
TIC 329691586,329691586,101
TIC 329693923,329693923,101
TIC 329698341,329698341,101
TIC 329806935,329806935,101
TIC 329810778,329810778,101
TIC 329815628,329815628,101
TIC 329879897,329879897,101
TIC 329888006,329888006,101
TIC 329926400,329926400,101
TIC 330014070,330014070,101
TIC 330140211,330140211,101
TIC 330147423,330147423,101
TIC 330147511,330147511,101
TIC 330220897,330220897,101
TIC 330303598,330303598,101
TIC 330304467,330304467,101
TIC 330305155,330305155,101
TIC 330307739,330307739,101
TIC 330548648,330548648,101
TIC 330551496,330551496,101
TIC 330552369,330552369,101
TIC 330565441,330565441,101
TIC 330576657,330576657,101
TIC 330684489,330684489,101
TIC 330885564,330885564,101
TIC 330971549,330971549,101
TIC 330971560,330971560,101
TIC 330987798,330987798,101
TIC 331183881,331183881,101
TIC 331325958,331325958,101
TIC 331327236,331327236,101
TIC 331396281,331396281,101
TIC 331400541,331400541,101
TIC 331403553,331403553,101
TIC 331403557,331403557,101
TIC 331521972,331521972,101
TIC 331522286,331522286,101
TIC 331525820,331525820,101
TIC 331634064,331634064,101
TIC 331639205,331639205,101
TIC 331664814,331664814,101
TIC 331679394,331679394,101
TIC 331680594,331680594,101
TIC 331681541,331681541,101
TIC 331708294,331708294,101
TIC 331723119,331723119,101
TIC 331753560,331753560,101
TIC 331754267,331754267,101
TIC 331754996,331754996,101
TIC 331774813,331774813,101
TIC 331902311,331902311,101
TIC 331903323,331903323,101
TIC 331905817,331905817,101
TIC 332017079,332017079,101
TIC 332017722,332017722,101
TIC 332017724,332017724,101
TIC 332020324,332020324,101
TIC 332076204,332076204,101
TIC 332116396,332116396,101
TIC 332163041,332163041,101
TIC 332163365,332163365,101
TIC 332167674,332167674,101
TIC 332218043,332218043,101
TIC 332345656,332345656,101
TIC 332354219,332354219,101
TIC 332404833,332404833,101
TIC 332456001,332456001,101
TIC 332460747,332460747,101
TIC 332552275,332552275,101
TIC 332552335,332552335,101
TIC 332674122,332674122,101
TIC 332724839,332724839,101
TIC 332789595,332789595,101
TIC 332793697,332793697,101
TIC 332796646,332796646,101
TIC 332841294,332841294,101
TIC 332880327,332880327,101
TIC 332887363,332887363,101
TIC 332888505,332888505,101
TIC 333011691,333011691,101
TIC 333127661,333127661,101
TIC 333128094,333128094,101
TIC 333128099,333128099,101
TIC 333192137,333192137,101
TIC 333193271,333193271,101
TIC 333194329,333194329,101
TIC 333212104,333212104,101
TIC 333218248,333218248,101
TIC 333290117,333290117,101
TIC 333292021,333292021,101
TIC 333306195,333306195,101
TIC 333310113,333310113,101
TIC 333544395,333544395,101
TIC 333572754,333572754,101
TIC 333666707,333666707,101
TIC 333670665,333670665,101
TIC 333670784,333670784,101
TIC 333670854,333670854,101
TIC 333796385,333796385,101
TIC 333824155,333824155,101
TIC 333879879,333879879,101
TIC 333922671,333922671,101
TIC 333926801,333926801,101
TIC 334214822,334214822,101
TIC 334217681,334217681,101
TIC 334220146,334220146,101
TIC 334434789,334434789,101
TIC 334496224,334496224,101
TIC 334564391,334564391,101
TIC 334569267,334569267,101
TIC 334683390,334683390,101
TIC 334787070,334787070,101
TIC 334791971,334791971,101
TIC 334863760,334863760,101
TIC 334991661,334991661,101
TIC 335052465,335052465,101
TIC 335098724,335098724,101
TIC 335127620,335127620,101
TIC 335591399,335591399,101
TIC 335599429,335599429,101
TIC 335941730,335941730,101
TIC 336343562,336343562,101
TIC 336781117,336781117,101
TIC 337162994,337162994,101
TIC 337369561,337369561,101
TIC 337446331,337446331,101
TIC 337719841,337719841,101
TIC 337919172,337919172,101
TIC 338130487,338130487,101
TIC 338462211,338462211,101
TIC 338465029,338465029,101
TIC 338655597,338655597,101
TIC 338776670,338776670,101
TIC 338787155,338787155,101
TIC 338987089,338987089,101
TIC 339127521,339127521,101
TIC 339178334,339178334,101
TIC 339207862,339207862,101
TIC 339210048,339210048,101
TIC 339259030,339259030,101
TIC 339260231,339260231,101
TIC 339260356,339260356,101
TIC 339261412,339261412,101
TIC 339262037,339262037,101
TIC 339269863,339269863,101
TIC 339275552,339275552,101
TIC 339276534,339276534,101
TIC 339375400,339375400,101
TIC 339379248,339379248,101
TIC 339381798,339381798,101
TIC 339397736,339397736,101
TIC 339401388,339401388,101
TIC 339406181,339406181,101
TIC 339451801,339451801,101
TIC 339452151,339452151,101
TIC 339453875,339453875,101
TIC 339521263,339521263,101
TIC 339522221,339522221,101
TIC 339522902,339522902,101
TIC 339525163,339525163,101
TIC 339525222,339525222,101
TIC 339544830,339544830,101
TIC 339546330,339546330,101
TIC 339547085,339547085,101
TIC 339603121,339603121,101
TIC 339606193,339606193,101
TIC 339643531,339643531,101
TIC 339662528,339662528,101
TIC 339665237,339665237,101
TIC 339665778,339665778,101
TIC 340229490,340229490,101
TIC 340327767,340327767,101
TIC 340617430,340617430,101
TIC 340778451,340778451,101
TIC 340786513,340786513,101
TIC 340899480,340899480,101
TIC 340931059,340931059,101
TIC 340963903,340963903,101
TIC 340968718,340968718,101
TIC 340999692,340999692,101
TIC 341000227,341000227,101
TIC 341000477,341000477,101
TIC 341000701,341000701,101
TIC 341029467,341029467,101
TIC 341034233,341034233,101
TIC 341063164,341063164,101
TIC 341063541,341063541,101
TIC 341077229,341077229,101
TIC 341080012,341080012,101
TIC 341113947,341113947,101
TIC 341114403,341114403,101
TIC 341116839,341116839,101
TIC 341117200,341117200,101
TIC 341118666,341118666,101
TIC 341118728,341118728,101
TIC 341149986,341149986,101
TIC 341179881,341179881,101
TIC 341183396,341183396,101
TIC 341183510,341183510,101
TIC 341195796,341195796,101
TIC 341199092,341199092,101
TIC 341199348,341199348,101
TIC 341200426,341200426,101
TIC 341200831,341200831,101
TIC 341226831,341226831,101
TIC 341228186,341228186,101
TIC 341293863,341293863,101
TIC 341294902,341294902,101
TIC 341296885,341296885,101
TIC 341309049,341309049,101
TIC 341311287,341311287,101
TIC 341359216,341359216,101
TIC 341362242,341362242,101
TIC 341405514,341405514,101
TIC 341405597,341405597,101
TIC 341422976,341422976,101
TIC 341423559,341423559,101
TIC 341461222,341461222,101
TIC 341478268,341478268,101
TIC 341497458,341497458,101
TIC 341497604,341497604,101
TIC 341498715,341498715,101
TIC 341978358,341978358,101
TIC 342041655,342041655,101
TIC 342050102,342050102,101
TIC 342230156,342230156,101
TIC 342237545,342237545,101
TIC 342361818,342361818,101
TIC 342501656,342501656,101
TIC 342587478,342587478,101
TIC 342721199,342721199,101
TIC 342898231,342898231,101
TIC 343001016,343001016,101
TIC 343035916,343035916,101
TIC 343247662,343247662,101
TIC 343297686,343297686,101
TIC 343342625,343342625,101
TIC 343404977,343404977,101
TIC 343448758,343448758,101
TIC 343486483,343486483,101
TIC 343577503,343577503,101
TIC 343604518,343604518,101
TIC 343646670,343646670,101
TIC 343647193,343647193,101
TIC 343706897,343706897,101
TIC 343720260,343720260,101
TIC 343757899,343757899,101
TIC 343761793,343761793,101
TIC 343833361,343833361,101
TIC 343886954,343886954,101
TIC 344000458,344000458,101
TIC 344030826,344030826,101
TIC 344073005,344073005,101
TIC 344184668,344184668,101
TIC 344551419,344551419,101
TIC 344552721,344552721,101
TIC 344552743,344552743,101
TIC 344553484,344553484,101
TIC 344585729,344585729,101
TIC 344984627,344984627,101
TIC 344984889,344984889,101
TIC 345051357,345051357,101
TIC 345052391,345052391,101
TIC 345056639,345056639,101
TIC 345083368,345083368,101
TIC 345136771,345136771,101
TIC 345170631,345170631,101
TIC 345176811,345176811,101
TIC 345179937,345179937,101
TIC 345195181,345195181,101
TIC 345202693,345202693,101
TIC 345896689,345896689,101
TIC 346630890,346630890,101
TIC 346699458,346699458,101
TIC 346699497,346699497,101
TIC 346700585,346700585,101
TIC 346701096,346701096,101
TIC 346701818,346701818,101
TIC 346704014,346704014,101
TIC 346704136,346704136,101
TIC 346722548,346722548,101
TIC 346725266,346725266,101
TIC 346793769,346793769,101
TIC 346795807,346795807,101
TIC 346795880,346795880,101
TIC 346810813,346810813,101
TIC 346810815,346810815,101
TIC 348987372,348987372,101
TIC 349001059,349001059,101
TIC 349063534,349063534,101
TIC 349089101,349089101,101
TIC 349341075,349341075,101
TIC 350466558,350466558,101
TIC 350856014,350856014,101
TIC 351132202,351132202,101
TIC 351233225,351233225,101
TIC 351248136,351248136,101
TIC 351249087,351249087,101
TIC 351249089,351249089,101
TIC 351249187,351249187,101
TIC 351333955,351333955,101
TIC 351339273,351339273,101
TIC 351347487,351347487,101
TIC 351350183,351350183,101
TIC 351351743,351351743,101
TIC 351351752,351351752,101
TIC 351395074,351395074,101
TIC 351395678,351395678,101
TIC 351454104,351454104,101
TIC 351470243,351470243,101
TIC 351471988,351471988,101
TIC 351472160,351472160,101
TIC 351473809,351473809,101
TIC 351475845,351475845,101
TIC 351529600,351529600,101
TIC 351529843,351529843,101
TIC 351531504,351531504,101
TIC 351532879,351532879,101
TIC 351533129,351533129,101
TIC 351533563,351533563,101
TIC 351534793,351534793,101
TIC 351534998,351534998,101
TIC 351535191,351535191,101
TIC 351555699,351555699,101
TIC 351558953,351558953,101
TIC 351559682,351559682,101
TIC 351600665,351600665,101
TIC 351602387,351602387,101
TIC 351603103,351603103,101
TIC 351603455,351603455,101
TIC 351604689,351604689,101
TIC 351920521,351920521,101
TIC 352000222,352000222,101
TIC 352003665,352003665,101
TIC 352006987,352006987,101
TIC 352018161,352018161,101
TIC 352080579,352080579,101
TIC 352228274,352228274,101
TIC 352289506,352289506,101
TIC 352290247,352290247,101
TIC 352293031,352293031,101
TIC 352293033,352293033,101
TIC 352315023,352315023,101
TIC 352315516,352315516,101
TIC 352316455,352316455,101
TIC 352352280,352352280,101
TIC 352352282,352352282,101
TIC 352352455,352352455,101
TIC 352404492,352404492,101
TIC 352435054,352435054,101
TIC 352435150,352435150,101
TIC 352438419,352438419,101
TIC 352438619,352438619,101
TIC 352477366,352477366,101
TIC 352477838,352477838,101
TIC 352480241,352480241,101
TIC 352480413,352480413,101
TIC 352480671,352480671,101
TIC 352506553,352506553,101
TIC 352508914,352508914,101
TIC 352509931,352509931,101
TIC 352510765,352510765,101
TIC 352541842,352541842,101
TIC 352542468,352542468,101
TIC 352544538,352544538,101
TIC 352546007,352546007,101
TIC 354171248,354171248,101
TIC 354669439,354669439,101
TIC 354670806,354670806,101
TIC 354671064,354671064,101
TIC 354671126,354671126,101
TIC 354944123,354944123,101
TIC 354944747,354944747,101
TIC 354947269,354947269,101
TIC 354947623,354947623,101
TIC 354947664,354947664,101
TIC 354972982,354972982,101
TIC 355542556,355542556,101
TIC 359308747,359308747,101
TIC 359523751,359523751,101
TIC 359627920,359627920,101
TIC 359682653,359682653,101
TIC 359765055,359765055,101
TIC 359765519,359765519,101
TIC 359830372,359830372,101
TIC 359832860,359832860,101
TIC 359836561,359836561,101
TIC 359837552,359837552,101
TIC 359914730,359914730,101
TIC 359916090,359916090,101
TIC 359918587,359918587,101
TIC 359918857,359918857,101
TIC 360263464,360263464,101
TIC 360275913,360275913,101
TIC 360472227,360472227,101
TIC 360541225,360541225,101
TIC 360560877,360560877,101
TIC 360626737,360626737,101
TIC 360694322,360694322,101
TIC 360694324,360694324,101
TIC 360740665,360740665,101
TIC 360806208,360806208,101
TIC 360821180,360821180,101
TIC 360823525,360823525,101
TIC 360824561,360824561,101
TIC 360918140,360918140,101
TIC 360918475,360918475,101
TIC 360918660,360918660,101
TIC 360932338,360932338,101
TIC 360946402,360946402,101
TIC 360953298,360953298,101
TIC 360953539,360953539,101
TIC 360953746,360953746,101
TIC 360958689,360958689,101
TIC 360959676,360959676,101
TIC 361076949,361076949,101
TIC 361078701,361078701,101
TIC 361185960,361185960,101
TIC 361331138,361331138,101
TIC 361333089,361333089,101
TIC 361411628,361411628,101
TIC 361525439,361525439,101
TIC 361532402,361532402,101
TIC 361568103,361568103,101
TIC 361568774,361568774,101
TIC 361794454,361794454,101
TIC 361794588,361794588,101
TIC 361817116,361817116,101
TIC 361861044,361861044,101
TIC 361958490,361958490,101
TIC 361958918,361958918,101
TIC 361966174,361966174,101
TIC 361966647,361966647,101
TIC 361967262,361967262,101
TIC 361972409,361972409,101
TIC 362122427,362122427,101
TIC 362332215,362332215,101
TIC 362375966,362375966,101
TIC 362471775,362471775,101
TIC 362548828,362548828,101
TIC 362553848,362553848,101
TIC 362704794,362704794,101
TIC 362712267,362712267,101
TIC 362747897,362747897,101
TIC 362923720,362923720,101
TIC 362923729,362923729,101
TIC 363142366,363142366,101
TIC 363268904,363268904,101
TIC 363272586,363272586,101
TIC 363274002,363274002,101
TIC 363523740,363523740,101
TIC 363590997,363590997,101
TIC 363591584,363591584,101
TIC 363592740,363592740,101
TIC 363593253,363593253,101
TIC 363600442,363600442,101
TIC 363620931,363620931,101
TIC 363622039,363622039,101
TIC 363622268,363622268,101
TIC 363622300,363622300,101
TIC 363622794,363622794,101
TIC 363625105,363625105,101
TIC 363644989,363644989,101
TIC 363656704,363656704,101
TIC 363661031,363661031,101
TIC 363726434,363726434,101
TIC 363729290,363729290,101
TIC 363740394,363740394,101
TIC 363741860,363741860,101
TIC 363743662,363743662,101
TIC 363748551,363748551,101
TIC 363748801,363748801,101
TIC 363749339,363749339,101
TIC 363749415,363749415,101
TIC 363750041,363750041,101
TIC 363750136,363750136,101
TIC 363771912,363771912,101
TIC 363773381,363773381,101
TIC 363773754,363773754,101
TIC 363774571,363774571,101
TIC 363781220,363781220,101
TIC 363781484,363781484,101
TIC 363846319,363846319,101
TIC 363849443,363849443,101
TIC 363851208,363851208,101
TIC 363851359,363851359,101
TIC 363864501,363864501,101
TIC 363865968,363865968,101
TIC 363871524,363871524,101
TIC 363871952,363871952,101
TIC 363873031,363873031,101
TIC 363873033,363873033,101
TIC 363873149,363873149,101
TIC 363873156,363873156,101
TIC 363874210,363874210,101
TIC 363874696,363874696,101
TIC 363875509,363875509,101
TIC 363877653,363877653,101
TIC 363879560,363879560,101
TIC 363935435,363935435,101
TIC 364015015,364015015,101
TIC 364017175,364017175,101
TIC 364018117,364018117,101
TIC 364099782,364099782,101
TIC 364102821,364102821,101
TIC 364102824,364102824,101
TIC 364105875,364105875,101
TIC 364107753,364107753,101
TIC 364108780,364108780,101
TIC 364114529,364114529,101
TIC 364154544,364154544,101
TIC 364157927,364157927,101
TIC 364159018,364159018,101
TIC 364160098,364160098,101
TIC 364161650,364161650,101
TIC 364164093,364164093,101
TIC 364164688,364164688,101
TIC 364208162,364208162,101
TIC 364279719,364279719,101
TIC 364410904,364410904,101
TIC 364411774,364411774,101
TIC 364411778,364411778,101
TIC 364413492,364413492,101
TIC 364415868,364415868,101
TIC 364420283,364420283,101
TIC 364489881,364489881,101
TIC 364543499,364543499,101
TIC 364935918,364935918,101
TIC 364936760,364936760,101
TIC 365364448,365364448,101
TIC 365368118,365368118,101
TIC 365435260,365435260,101
TIC 365557584,365557584,101
TIC 365599503,365599503,101
TIC 365603094,365603094,101
TIC 365725318,365725318,101
TIC 365836868,365836868,101
TIC 365891926,365891926,101
TIC 365897786,365897786,101
TIC 365898015,365898015,101
TIC 365958965,365958965,101
TIC 365996589,365996589,101
TIC 365999016,365999016,101
TIC 365999313,365999313,101
TIC 366002322,366002322,101
TIC 366003387,366003387,101
TIC 366004166,366004166,101
TIC 366018268,366018268,101
TIC 366019099,366019099,101
TIC 366090760,366090760,101
TIC 366987377,366987377,101
TIC 367025184,367025184,101
TIC 368584842,368584842,101
TIC 369324314,369324314,101
TIC 369327066,369327066,101
TIC 369419402,369419402,101
TIC 369431126,369431126,101
TIC 369889157,369889157,101
TIC 370109204,370109204,101
TIC 370111235,370111235,101
TIC 370134617,370134617,101
TIC 370134722,370134722,101
TIC 370134723,370134723,101
TIC 370144860,370144860,101
TIC 370205754,370205754,101
TIC 371796030,371796030,101
TIC 371796948,371796948,101
TIC 371836310,371836310,101
TIC 371836821,371836821,101
TIC 371836968,371836968,101
TIC 371837199,371837199,101
TIC 371839737,371839737,101
TIC 371873776,371873776,101
TIC 371927721,371927721,101
TIC 371928668,371928668,101
TIC 371930761,371930761,101
TIC 371932950,371932950,101
TIC 371933860,371933860,101
TIC 371947250,371947250,101
TIC 371950861,371950861,101
TIC 372066117,372066117,101
TIC 372068780,372068780,101
TIC 372068881,372068881,101
TIC 372106647,372106647,101
TIC 372106894,372106894,101
TIC 372108508,372108508,101
TIC 372109346,372109346,101
TIC 372172128,372172128,101
TIC 372172418,372172418,101
TIC 372172466,372172466,101
TIC 372172502,372172502,101
TIC 372172883,372172883,101
TIC 372172890,372172890,101
TIC 372203352,372203352,101
TIC 372206004,372206004,101
TIC 372206573,372206573,101
TIC 372218461,372218461,101
TIC 372222622,372222622,101
TIC 372237943,372237943,101
TIC 372298419,372298419,101
TIC 372298464,372298464,101
TIC 372300399,372300399,101
TIC 372301002,372301002,101
TIC 372302303,372302303,101
TIC 372303071,372303071,101
TIC 372315670,372315670,101
TIC 372316772,372316772,101
TIC 372318215,372318215,101
TIC 372346146,372346146,101
TIC 372347022,372347022,101
TIC 372380144,372380144,101
TIC 372387876,372387876,101
TIC 372419240,372419240,101
TIC 372421319,372421319,101
TIC 372442214,372442214,101
TIC 372443687,372443687,101
TIC 372443765,372443765,101
TIC 372465846,372465846,101
TIC 372535967,372535967,101
TIC 372537143,372537143,101
TIC 372537235,372537235,101
TIC 372537528,372537528,101
TIC 374288012,374288012,101
TIC 374288294,374288294,101
TIC 374341747,374341747,101
TIC 374343586,374343586,101
TIC 374343837,374343837,101
TIC 374344761,374344761,101
TIC 374347766,374347766,101
TIC 374348168,374348168,101
TIC 374352306,374352306,101
TIC 374410268,374410268,101
TIC 375230843,375230843,101
TIC 375232307,375232307,101
TIC 375233349,375233349,101
TIC 375233502,375233502,101
TIC 375296831,375296831,101
TIC 375297961,375297961,101
TIC 375300940,375300940,101
TIC 375300949,375300949,101
TIC 375302625,375302625,101
TIC 375563752,375563752,101
TIC 375627282,375627282,101
TIC 375629423,375629423,101
TIC 376135664,376135664,101
TIC 376380463,376380463,101
TIC 376555515,376555515,101
TIC 376564001,376564001,101
TIC 376629907,376629907,101
TIC 376667947,376667947,101
TIC 376669357,376669357,101
TIC 376670273,376670273,101
TIC 376672562,376672562,101
TIC 376672630,376672630,101
TIC 376672631,376672631,101
TIC 376714360,376714360,101
TIC 376777782,376777782,101
TIC 378809750,378809750,101
TIC 379546066,379546066,101
TIC 379547687,379547687,101
TIC 379648762,379648762,101
TIC 379717270,379717270,101
TIC 380169462,380169462,101
TIC 380169810,380169810,101
TIC 380233550,380233550,101
TIC 380337822,380337822,101
TIC 380372381,380372381,101
TIC 380394028,380394028,101
TIC 380480505,380480505,101
TIC 380527368,380527368,101
TIC 380595719,380595719,101
TIC 380609305,380609305,101
TIC 380691628,380691628,101
TIC 380695266,380695266,101
TIC 380773545,380773545,101
TIC 380829785,380829785,101
TIC 380997423,380997423,101
TIC 381040922,381040922,101
TIC 381135339,381135339,101
TIC 381140993,381140993,101
TIC 381231645,381231645,101
TIC 381289851,381289851,101
TIC 381628679,381628679,101
TIC 381750385,381750385,101
TIC 381867133,381867133,101
TIC 381941359,381941359,101
TIC 381946417,381946417,101
TIC 381980896,381980896,101
TIC 381986373,381986373,101
TIC 381987118,381987118,101
TIC 382041055,382041055,101
TIC 382074000,382074000,101
TIC 382151113,382151113,101
TIC 382152550,382152550,101
TIC 382167682,382167682,101
TIC 382197944,382197944,101
TIC 382214717,382214717,101
TIC 382254933,382254933,101
TIC 382274013,382274013,101
TIC 382276084,382276084,101
TIC 382308684,382308684,101
TIC 382367978,382367978,101
TIC 382384315,382384315,101
TIC 382387708,382387708,101
TIC 382388572,382388572,101
TIC 382388574,382388574,101
TIC 382388897,382388897,101
TIC 382389727,382389727,101
TIC 382428691,382428691,101
TIC 382430985,382430985,101
TIC 382431762,382431762,101
TIC 382432831,382432831,101
TIC 382432832,382432832,101
TIC 382467147,382467147,101
TIC 382469629,382469629,101
TIC 382469635,382469635,101
TIC 382471461,382471461,101
TIC 382515892,382515892,101
TIC 382536160,382536160,101
TIC 382619435,382619435,101
TIC 383006458,383006458,101
TIC 383416345,383416345,101
TIC 383489138,383489138,101
TIC 383492888,383492888,101
TIC 383496046,383496046,101
TIC 384021098,384021098,101
TIC 384068413,384068413,101
TIC 384151282,384151282,101
TIC 384155428,384155428,101
TIC 384160420,384160420,101
TIC 384196595,384196595,101
TIC 384196633,384196633,101
TIC 384299730,384299730,101
TIC 384341333,384341333,101
TIC 384363148,384363148,101
TIC 384464473,384464473,101
TIC 384484766,384484766,101
TIC 384511203,384511203,101
TIC 384539586,384539586,101
TIC 384604799,384604799,101
TIC 384710719,384710719,101
TIC 384741153,384741153,101
TIC 384742846,384742846,101
TIC 384745842,384745842,101
TIC 384750117,384750117,101
TIC 384800468,384800468,101
TIC 384821509,384821509,101
TIC 384825184,384825184,101
TIC 384827736,384827736,101
TIC 384828170,384828170,101
TIC 384828971,384828971,101
TIC 386011248,386011248,101
TIC 386705400,386705400,101
TIC 386739884,386739884,101
TIC 387065539,387065539,101
TIC 387107334,387107334,101
TIC 387107343,387107343,101
TIC 387107961,387107961,101
TIC 387108239,387108239,101
TIC 387108320,387108320,101
TIC 387133912,387133912,101
TIC 387135600,387135600,101
TIC 387190281,387190281,101
TIC 387193925,387193925,101
TIC 387194629,387194629,101
TIC 387194885,387194885,101
TIC 387241049,387241049,101
TIC 387242167,387242167,101
TIC 387242542,387242542,101
TIC 387243187,387243187,101
TIC 387267666,387267666,101
TIC 387314016,387314016,101
TIC 388118001,388118001,101
TIC 388483448,388483448,101
TIC 389022834,389022834,101
TIC 389023278,389023278,101
TIC 389023538,389023538,101
TIC 389047257,389047257,101
TIC 389047321,389047321,101
TIC 389050165,389050165,101
TIC 389050171,389050171,101
TIC 389050387,389050387,101
TIC 389051009,389051009,101
TIC 389051246,389051246,101
TIC 389078407,389078407,101
TIC 389079049,389079049,101
TIC 389079052,389079052,101
TIC 389086097,389086097,101
TIC 389086101,389086101,101
TIC 389086433,389086433,101
TIC 389089359,389089359,101
TIC 389089708,389089708,101
TIC 389089709,389089709,101
TIC 389089927,389089927,101
TIC 389124776,389124776,101
TIC 389126891,389126891,101
TIC 389128269,389128269,101
TIC 389148254,389148254,101
TIC 389301327,389301327,101
TIC 389303586,389303586,101
TIC 389303830,389303830,101
TIC 389304178,389304178,101
TIC 389304433,389304433,101
TIC 389305559,389305559,101
TIC 389305560,389305560,101
TIC 389312149,389312149,101
TIC 389314777,389314777,101
TIC 389315307,389315307,101
TIC 389315309,389315309,101
TIC 389933651,389933651,101
TIC 390320354,390320354,101
TIC 390395323,390395323,101
TIC 390480467,390480467,101
TIC 390495055,390495055,101
TIC 390529484,390529484,101
TIC 390529504,390529504,101
TIC 390531051,390531051,101
TIC 390531778,390531778,101
TIC 390554357,390554357,101
TIC 390554879,390554879,101
TIC 390554880,390554880,101
TIC 390554916,390554916,101
TIC 390554917,390554917,101
TIC 390555866,390555866,101
TIC 390556289,390556289,101
TIC 390556290,390556290,101
TIC 390557018,390557018,101
TIC 390582794,390582794,101
TIC 390582796,390582796,101
TIC 390583436,390583436,101
TIC 390584123,390584123,101
TIC 390945589,390945589,101
TIC 391607644,391607644,101
TIC 392285838,392285838,101
TIC 392703299,392703299,101
TIC 392705611,392705611,101
TIC 392758027,392758027,101
TIC 392758030,392758030,101
TIC 392758248,392758248,101
TIC 392758970,392758970,101
TIC 392759269,392759269,101
TIC 392761154,392761154,101
TIC 392761279,392761279,101
TIC 392761412,392761412,101
TIC 392762097,392762097,101
TIC 392762103,392762103,101
TIC 392993298,392993298,101
TIC 393878779,393878779,101
TIC 393878922,393878922,101
TIC 393936589,393936589,101
TIC 393970740,393970740,101
TIC 393972251,393972251,101
TIC 394019077,394019077,101
TIC 394019417,394019417,101
TIC 394045029,394045029,101
TIC 394083429,394083429,101
TIC 394086684,394086684,101
TIC 394086820,394086820,101
TIC 394203427,394203427,101
TIC 394291353,394291353,101
TIC 394302061,394302061,101
TIC 394369666,394369666,101
TIC 394445529,394445529,101
TIC 394459325,394459325,101
TIC 394483822,394483822,101
TIC 394484050,394484050,101
TIC 394496655,394496655,101
TIC 394496912,394496912,101
TIC 394508150,394508150,101
TIC 394508465,394508465,101
TIC 394517648,394517648,101
TIC 394517681,394517681,101
TIC 394521800,394521800,101
TIC 394522122,394522122,101
TIC 394557024,394557024,101
TIC 394582012,394582012,101
TIC 394585107,394585107,101
TIC 394604322,394604322,101
TIC 394674936,394674936,101
TIC 394758452,394758452,101
TIC 394811200,394811200,101
TIC 394947052,394947052,101
TIC 394996729,394996729,101
TIC 395108497,395108497,101
TIC 395117854,395117854,101
TIC 395118158,395118158,101
TIC 395186118,395186118,101
TIC 395301542,395301542,101
TIC 395324313,395324313,101
TIC 395404819,395404819,101
TIC 395590846,395590846,101
TIC 395592112,395592112,101
TIC 395856289,395856289,101
TIC 396088871,396088871,101
TIC 396089749,396089749,101
TIC 396090368,396090368,101
TIC 396118466,396118466,101
TIC 396141211,396141211,101
TIC 396167830,396167830,101
TIC 396170076,396170076,101
TIC 396170579,396170579,101
TIC 396170777,396170777,101
TIC 396210500,396210500,101
TIC 396211656,396211656,101
TIC 396212145,396212145,101
TIC 396246765,396246765,101
TIC 396247846,396247846,101
TIC 396248664,396248664,101
TIC 396249303,396249303,101
TIC 396255306,396255306,101
TIC 396291063,396291063,101
TIC 396361681,396361681,101
TIC 396367096,396367096,101
TIC 396426610,396426610,101
TIC 396652578,396652578,101
TIC 396653520,396653520,101
TIC 396688762,396688762,101
TIC 397221117,397221117,101
TIC 397329954,397329954,101
TIC 397339749,397339749,101
TIC 397340108,397340108,101
TIC 397361078,397361078,101
TIC 397365543,397365543,101
TIC 397394991,397394991,101
TIC 397395849,397395849,101
TIC 397397227,397397227,101
TIC 397886324,397886324,101
TIC 398241939,398241939,101
TIC 398243520,398243520,101
TIC 398272196,398272196,101
TIC 398288352,398288352,101
TIC 398316266,398316266,101
TIC 398403185,398403185,101
TIC 398403219,398403219,101
TIC 398420447,398420447,101
TIC 398445933,398445933,101
TIC 398462325,398462325,101
TIC 398465544,398465544,101
TIC 398476730,398476730,101
TIC 398627604,398627604,101
TIC 398765285,398765285,101
TIC 398907941,398907941,101
TIC 398941916,398941916,101
TIC 398943781,398943781,101
TIC 398944182,398944182,101
TIC 398945279,398945279,101
TIC 398962657,398962657,101
TIC 398985229,398985229,101
TIC 399022974,399022974,101
TIC 399025895,399025895,101
TIC 400701200,400701200,101
TIC 400861216,400861216,101
TIC 400863257,400863257,101
TIC 400921534,400921534,101
TIC 401180820,401180820,101
TIC 401367319,401367319,101
TIC 401400729,401400729,101
TIC 401400977,401400977,101
TIC 401400981,401400981,101
TIC 401401305,401401305,101
TIC 401402914,401402914,101
TIC 401403129,401403129,101
TIC 401431637,401431637,101
TIC 401435810,401435810,101
TIC 401442100,401442100,101
TIC 401442106,401442106,101
TIC 401570264,401570264,101
TIC 401572504,401572504,101
TIC 401574080,401574080,101
TIC 401574714,401574714,101
TIC 401604042,401604042,101
TIC 401605043,401605043,101
TIC 401605359,401605359,101
TIC 401605762,401605762,101
TIC 401605868,401605868,101
TIC 401621504,401621504,101
TIC 401623468,401623468,101
TIC 401623705,401623705,101
TIC 401625800,401625800,101
TIC 401667048,401667048,101
TIC 401669307,401669307,101
TIC 401671176,401671176,101
TIC 401701660,401701660,101
TIC 401703808,401703808,101
TIC 401703809,401703809,101
TIC 401705346,401705346,101
TIC 401768101,401768101,101
TIC 401862221,401862221,101
TIC 401975722,401975722,101
TIC 402106928,402106928,101
TIC 402107174,402107174,101
TIC 402108167,402108167,101
TIC 402109184,402109184,101
TIC 402116291,402116291,101
TIC 402131888,402131888,101
TIC 402132821,402132821,101
TIC 402180616,402180616,101
TIC 402290306,402290306,101
TIC 402334376,402334376,101
TIC 402453271,402453271,101
TIC 402546736,402546736,101
TIC 402595813,402595813,101
TIC 402700858,402700858,101
TIC 402706001,402706001,101
TIC 402749789,402749789,101
TIC 402750321,402750321,101
TIC 402784824,402784824,101
TIC 402793935,402793935,101
TIC 402794440,402794440,101
TIC 402796126,402796126,101
TIC 402797577,402797577,101
TIC 402805529,402805529,101
TIC 402808611,402808611,101
TIC 402836230,402836230,101
TIC 402840106,402840106,101
TIC 402885783,402885783,101
TIC 402890913,402890913,101
TIC 402937166,402937166,101
TIC 402939044,402939044,101
TIC 402940105,402940105,101
TIC 402946237,402946237,101
TIC 402948120,402948120,101
TIC 402995680,402995680,101
TIC 402996953,402996953,101
TIC 403011055,403011055,101
TIC 403046027,403046027,101
TIC 403048778,403048778,101
TIC 403050659,403050659,101
TIC 403053924,403053924,101
TIC 403080581,403080581,101
TIC 403121375,403121375,101
TIC 403123914,403123914,101
TIC 403124183,403124183,101
TIC 403135040,403135040,101
TIC 403193904,403193904,101
TIC 403198068,403198068,101
TIC 403204565,403204565,101
TIC 403237836,403237836,101
TIC 403266698,403266698,101
TIC 403269435,403269435,101
TIC 403273614,403273614,101
TIC 403288575,403288575,101
TIC 403326475,403326475,101
TIC 403755885,403755885,101
TIC 403757370,403757370,101
TIC 403764130,403764130,101
TIC 403800123,403800123,101
TIC 403800324,403800324,101
TIC 403800349,403800349,101
TIC 403800351,403800351,101
TIC 403802333,403802333,101
TIC 403835457,403835457,101
TIC 403840715,403840715,101
TIC 403842301,403842301,101
TIC 403910039,403910039,101
TIC 403957139,403957139,101
TIC 403995834,403995834,101
TIC 403996592,403996592,101
TIC 404071836,404071836,101
TIC 404217101,404217101,101
TIC 404217861,404217861,101
TIC 404219695,404219695,101
TIC 404238893,404238893,101
TIC 404240275,404240275,101
TIC 404241837,404241837,101
TIC 404241839,404241839,101
TIC 404265471,404265471,101
TIC 404268576,404268576,101
TIC 404268578,404268578,101
TIC 404285192,404285192,101
TIC 404285289,404285289,101
TIC 404287409,404287409,101
TIC 404292385,404292385,101
TIC 404292392,404292392,101
TIC 404340264,404340264,101
TIC 404341496,404341496,101
TIC 404343586,404343586,101
TIC 404344156,404344156,101
TIC 404349545,404349545,101
TIC 404349886,404349886,101
TIC 404351212,404351212,101
TIC 404379435,404379435,101
TIC 404417508,404417508,101
TIC 405087683,405087683,101
TIC 405091166,405091166,101
TIC 405148007,405148007,101
TIC 405183807,405183807,101
TIC 405237290,405237290,101
TIC 405389514,405389514,101
TIC 405410210,405410210,101
TIC 405410684,405410684,101
TIC 405411672,405411672,101
TIC 405425424,405425424,101
TIC 405425498,405425498,101
TIC 405500503,405500503,101
TIC 405501056,405501056,101
TIC 405516045,405516045,101
TIC 405520863,405520863,101
TIC 405539160,405539160,101
TIC 405567801,405567801,101
TIC 405567821,405567821,101
TIC 405576310,405576310,101
TIC 405615559,405615559,101
TIC 405619285,405619285,101
TIC 405619518,405619518,101
TIC 405662503,405662503,101
TIC 405663232,405663232,101
TIC 405663249,405663249,101
TIC 405663562,405663562,101
TIC 405665223,405665223,101
TIC 405916953,405916953,101
TIC 406050497,406050497,101
TIC 406105638,406105638,101
TIC 406242857,406242857,101
TIC 406244401,406244401,101
TIC 406244405,406244405,101
TIC 406253585,406253585,101
TIC 406272866,406272866,101
TIC 406274883,406274883,101
TIC 406275711,406275711,101
TIC 406275712,406275712,101
TIC 406276231,406276231,101
TIC 406280054,406280054,101
TIC 406319088,406319088,101
TIC 406319239,406319239,101
TIC 406320735,406320735,101
TIC 406320921,406320921,101
TIC 406321265,406321265,101
TIC 406321525,406321525,101
TIC 406334974,406334974,101
TIC 406342601,406342601,101
TIC 406345664,406345664,101
TIC 406370601,406370601,101
TIC 406507334,406507334,101
TIC 406730617,406730617,101
TIC 406777256,406777256,101
TIC 406807534,406807534,101
TIC 406850016,406850016,101
TIC 406850212,406850212,101
TIC 406850268,406850268,101
TIC 406870701,406870701,101
TIC 406935352,406935352,101
TIC 406976746,406976746,101
TIC 407068678,407068678,101
TIC 407068771,407068771,101
TIC 407123886,407123886,101
TIC 407127579,407127579,101
TIC 407165509,407165509,101
TIC 407169954,407169954,101
TIC 407219358,407219358,101
TIC 407219359,407219359,101
TIC 408512003,408512003,101
TIC 408512763,408512763,101
TIC 408513593,408513593,101
TIC 408528541,408528541,101
TIC 408532494,408532494,101
TIC 408566822,408566822,101
TIC 408748947,408748947,101
TIC 408757239,408757239,101
TIC 409358619,409358619,101
TIC 409702645,409702645,101
TIC 409705298,409705298,101
TIC 409744377,409744377,101
TIC 409744867,409744867,101
TIC 409745050,409745050,101
TIC 409745228,409745228,101
TIC 409780413,409780413,101
TIC 409782652,409782652,101
TIC 409787089,409787089,101
TIC 409798266,409798266,101
TIC 409847652,409847652,101
TIC 409850857,409850857,101
TIC 409853937,409853937,101
TIC 409854087,409854087,101
TIC 409882069,409882069,101
TIC 409885716,409885716,101
TIC 409887972,409887972,101
TIC 409888199,409888199,101
TIC 409888915,409888915,101
TIC 409889012,409889012,101
TIC 409889015,409889015,101
TIC 409891330,409891330,101
TIC 409891396,409891396,101
TIC 409891490,409891490,101
TIC 409934330,409934330,101
TIC 409934687,409934687,101
TIC 409938734,409938734,101
TIC 409948021,409948021,101
TIC 409948637,409948637,101
TIC 410001714,410001714,101
TIC 410004674,410004674,101
TIC 410006490,410006490,101
TIC 410006491,410006491,101
TIC 410033396,410033396,101
TIC 410034464,410034464,101
TIC 410036261,410036261,101
TIC 410056410,410056410,101
TIC 410056850,410056850,101
TIC 410057499,410057499,101
TIC 410060182,410060182,101
TIC 410070180,410070180,101
TIC 410070183,410070183,101
TIC 410071121,410071121,101
TIC 410086304,410086304,101
TIC 410086668,410086668,101
TIC 410087656,410087656,101
TIC 410088005,410088005,101
TIC 410088244,410088244,101
TIC 410118032,410118032,101
TIC 410118578,410118578,101
TIC 410118760,410118760,101
TIC 410119093,410119093,101
TIC 410119976,410119976,101
TIC 410120539,410120539,101
TIC 410135274,410135274,101
TIC 410135796,410135796,101
TIC 410148949,410148949,101
TIC 410149713,410149713,101
TIC 410149717,410149717,101
TIC 410151515,410151515,101
TIC 410151905,410151905,101
TIC 410152621,410152621,101
TIC 410153553,410153553,101
TIC 410153599,410153599,101
TIC 410280069,410280069,101
TIC 410312709,410312709,101
TIC 410314066,410314066,101
TIC 410348210,410348210,101
TIC 410348214,410348214,101
TIC 410348379,410348379,101
TIC 410372245,410372245,101
TIC 410397673,410397673,101
TIC 410397732,410397732,101
TIC 410398278,410398278,101
TIC 410401313,410401313,101
TIC 410401323,410401323,101
TIC 410402272,410402272,101
TIC 410402471,410402471,101
TIC 410414842,410414842,101
TIC 410416107,410416107,101
TIC 410416837,410416837,101
TIC 410422209,410422209,101
TIC 410441676,410441676,101
TIC 410442371,410442371,101
TIC 410442849,410442849,101
TIC 410442934,410442934,101
TIC 410444135,410444135,101
TIC 410464477,410464477,101
TIC 410464609,410464609,101
TIC 410567092,410567092,101
TIC 411164518,411164518,101
TIC 411307910,411307910,101
TIC 411618966,411618966,101
TIC 411644771,411644771,101
TIC 411710471,411710471,101
TIC 411802313,411802313,101
TIC 411809966,411809966,101
TIC 411917731,411917731,101
TIC 411935699,411935699,101
TIC 411955845,411955845,101
TIC 411956519,411956519,101
TIC 411977728,411977728,101
TIC 411978510,411978510,101
TIC 411981774,411981774,101
TIC 411982793,411982793,101
TIC 411982868,411982868,101
TIC 411983347,411983347,101
TIC 411983484,411983484,101
TIC 411984121,411984121,101
TIC 412012544,412012544,101
TIC 412080145,412080145,101
TIC 412187339,412187339,101
TIC 412244837,412244837,101
TIC 412298784,412298784,101
TIC 412300810,412300810,101
TIC 412365759,412365759,101
TIC 412371819,412371819,101
TIC 412413652,412413652,101
TIC 412434568,412434568,101
TIC 412609693,412609693,101
TIC 412709346,412709346,101
TIC 412749918,412749918,101
TIC 412872277,412872277,101
TIC 412904376,412904376,101
TIC 412940645,412940645,101
TIC 412941478,412941478,101
TIC 412941535,412941535,101
TIC 412953524,412953524,101
TIC 412982162,412982162,101
TIC 413110354,413110354,101
TIC 413117060,413117060,101
TIC 413356994,413356994,101
TIC 413376180,413376180,101
TIC 413394650,413394650,101
TIC 413397434,413397434,101
TIC 413400983,413400983,101
TIC 413400985,413400985,101
TIC 413423763,413423763,101
TIC 413432205,413432205,101
TIC 413441054,413441054,101
TIC 413441981,413441981,101
TIC 413443091,413443091,101
TIC 413561686,413561686,101
TIC 413632344,413632344,101
TIC 413964342,413964342,101
TIC 414077635,414077635,101
TIC 414205172,414205172,101
TIC 414620727,414620727,101
TIC 414680971,414680971,101
TIC 414711412,414711412,101
TIC 415191100,415191100,101
TIC 415241207,415241207,101
TIC 415302606,415302606,101
TIC 415617489,415617489,101
TIC 415625922,415625922,101
TIC 415780694,415780694,101
TIC 415783554,415783554,101
TIC 415783664,415783664,101
TIC 415806515,415806515,101
TIC 415808109,415808109,101
TIC 415809305,415809305,101
TIC 415809506,415809506,101
TIC 415809914,415809914,101
TIC 415822569,415822569,101
TIC 415932885,415932885,101
TIC 415937547,415937547,101
TIC 417083018,417083018,101
TIC 417362390,417362390,101
TIC 417988357,417988357,101
TIC 417998019,417998019,101
TIC 418461853,418461853,101
TIC 418635903,418635903,101
TIC 418653612,418653612,101
TIC 418653627,418653627,101
TIC 418716757,418716757,101
TIC 418792366,418792366,101
TIC 418809090,418809090,101
TIC 419567638,419567638,101
TIC 419568784,419568784,101
TIC 419570289,419570289,101
TIC 419570292,419570292,101
TIC 419570642,419570642,101
TIC 419575080,419575080,101
TIC 419610508,419610508,101
TIC 419610509,419610509,101
TIC 419610523,419610523,101
TIC 419610536,419610536,101
TIC 419610625,419610625,101
TIC 419635604,419635604,101
TIC 419635971,419635971,101
TIC 419667762,419667762,101
TIC 419667763,419667763,101
TIC 419693778,419693778,101
TIC 419735229,419735229,101
TIC 419735582,419735582,101
TIC 419738713,419738713,101
TIC 419739641,419739641,101
TIC 419744996,419744996,101
TIC 419788368,419788368,101
TIC 419792721,419792721,101
TIC 419794454,419794454,101
TIC 419858461,419858461,101
TIC 419916333,419916333,101
TIC 419947008,419947008,101
TIC 420099302,420099302,101
TIC 420100516,420100516,101
TIC 420196996,420196996,101
TIC 420344220,420344220,101
TIC 420395847,420395847,101
TIC 420457808,420457808,101
TIC 420457894,420457894,101
TIC 420458522,420458522,101
TIC 420458685,420458685,101
TIC 420463697,420463697,101
TIC 420466427,420466427,101
TIC 420529106,420529106,101
TIC 420532066,420532066,101
TIC 420532114,420532114,101
TIC 420581415,420581415,101
TIC 420582177,420582177,101
TIC 420582698,420582698,101
TIC 420673520,420673520,101
TIC 421184129,421184129,101
TIC 421191140,421191140,101
TIC 421191260,421191260,101
TIC 421217371,421217371,101
TIC 421217840,421217840,101
TIC 421251930,421251930,101
TIC 421252164,421252164,101
TIC 421262334,421262334,101
TIC 421343074,421343074,101
TIC 421472503,421472503,101
TIC 421612052,421612052,101
TIC 421612077,421612077,101
TIC 421893475,421893475,101
TIC 421896993,421896993,101
TIC 421915587,421915587,101
TIC 421916192,421916192,101
TIC 421984608,421984608,101
TIC 421990667,421990667,101
TIC 421999342,421999342,101
TIC 422001952,422001952,101
TIC 422038373,422038373,101
TIC 422038703,422038703,101
TIC 422039615,422039615,101
TIC 422041466,422041466,101
TIC 422041482,422041482,101
TIC 422044019,422044019,101
TIC 422212187,422212187,101
TIC 422351727,422351727,101
TIC 422371105,422371105,101
TIC 422373116,422373116,101
TIC 422373323,422373323,101
TIC 422379916,422379916,101
TIC 422382119,422382119,101
TIC 422406221,422406221,101
TIC 422406381,422406381,101
TIC 422407583,422407583,101
TIC 422407707,422407707,101
TIC 422408232,422408232,101
TIC 422409469,422409469,101
TIC 422703551,422703551,101
TIC 423240775,423240775,101
TIC 423263226,423263226,101
TIC 423513399,423513399,101
TIC 423528378,423528378,101
TIC 423528896,423528896,101
TIC 423530923,423530923,101
TIC 423536353,423536353,101
TIC 423536971,423536971,101
TIC 423567949,423567949,101
TIC 423568600,423568600,101
TIC 423568982,423568982,101
TIC 423569057,423569057,101
TIC 423571521,423571521,101
TIC 423591132,423591132,101
TIC 423592046,423592046,101
TIC 423592048,423592048,101
TIC 423675568,423675568,101
TIC 423770016,423770016,101
TIC 423911734,423911734,101
TIC 424136217,424136217,101
TIC 424258218,424258218,101
TIC 424266325,424266325,101
TIC 424412802,424412802,101
TIC 424621975,424621975,101
TIC 424714330,424714330,101
TIC 424717049,424717049,101
TIC 424829832,424829832,101
TIC 425432046,425432046,101
TIC 425432916,425432916,101
TIC 425433239,425433239,101
TIC 425436926,425436926,101
TIC 425457891,425457891,101
TIC 425508314,425508314,101
TIC 425539481,425539481,101
TIC 425540735,425540735,101
TIC 425639147,425639147,101
TIC 425657630,425657630,101
TIC 425813582,425813582,101
TIC 425851719,425851719,101
TIC 425869619,425869619,101
TIC 425878192,425878192,101
TIC 426138514,426138514,101
TIC 426275434,426275434,101
TIC 426286197,426286197,101
TIC 426424333,426424333,101
TIC 426454833,426454833,101
TIC 426455625,426455625,101
TIC 426543841,426543841,101
TIC 426665045,426665045,101
TIC 426880606,426880606,101
TIC 426902009,426902009,101
TIC 428643392,428643392,101
TIC 428643393,428643393,101
TIC 428655767,428655767,101
TIC 428657032,428657032,101
TIC 428670887,428670887,101
TIC 428671557,428671557,101
TIC 428673146,428673146,101
TIC 428674135,428674135,101
TIC 428674996,428674996,101
TIC 428682231,428682231,101
TIC 428683815,428683815,101
TIC 428684629,428684629,101
TIC 428684773,428684773,101
TIC 428684774,428684774,101
TIC 428684820,428684820,101
TIC 428685341,428685341,101
TIC 429149602,429149602,101
TIC 429149606,429149606,101
TIC 429149652,429149652,101
TIC 429150549,429150549,101
TIC 429165228,429165228,101
TIC 429166180,429166180,101
TIC 429181615,429181615,101
TIC 429233827,429233827,101
TIC 429327784,429327784,101
TIC 429342599,429342599,101
TIC 429342600,429342600,101
TIC 429354344,429354344,101
TIC 429355454,429355454,101
TIC 429356287,429356287,101
TIC 429356633,429356633,101
TIC 429357696,429357696,101
TIC 429358056,429358056,101
TIC 429358497,429358497,101
TIC 429358906,429358906,101
TIC 429359773,429359773,101
TIC 429359774,429359774,101
TIC 429359897,429359897,101
TIC 429360143,429360143,101
TIC 429360174,429360174,101
TIC 429360175,429360175,101
TIC 429360323,429360323,101
TIC 429452790,429452790,101
TIC 429452870,429452870,101
TIC 429510172,429510172,101
TIC 430832819,430832819,101
TIC 432193599,432193599,101
TIC 433007215,433007215,101
TIC 433084576,433084576,101
TIC 433276798,433276798,101
TIC 433357868,433357868,101
TIC 433647213,433647213,101
TIC 433936219,433936219,101
TIC 434362356,434362356,101
TIC 434494629,434494629,101
TIC 434503503,434503503,101
TIC 434505515,434505515,101
TIC 434507219,434507219,101
TIC 434512399,434512399,101
TIC 434512403,434512403,101
TIC 434512552,434512552,101
TIC 434513165,434513165,101
TIC 434514621,434514621,101
TIC 434514848,434514848,101
TIC 434516309,434516309,101
TIC 434563064,434563064,101
TIC 434567711,434567711,101
TIC 434664408,434664408,101
TIC 435012873,435012873,101
TIC 435013248,435013248,101
TIC 435101754,435101754,101
TIC 435101777,435101777,101
TIC 435111484,435111484,101
TIC 435414481,435414481,101
TIC 435684037,435684037,101
TIC 435684362,435684362,101
TIC 435984991,435984991,101
TIC 436267716,436267716,101
TIC 436267736,436267736,101
TIC 436272277,436272277,101
TIC 436276871,436276871,101
TIC 436284921,436284921,101
TIC 436285452,436285452,101
TIC 436382800,436382800,101
TIC 436497134,436497134,101
TIC 436901731,436901731,101
TIC 436998675,436998675,101
TIC 437105956,437105956,101
TIC 437247487,437247487,101
TIC 437261379,437261379,101
TIC 437269154,437269154,101
TIC 437288983,437288983,101
TIC 437294180,437294180,101
TIC 437294907,437294907,101
TIC 437297481,437297481,101
TIC 437298146,437298146,101
TIC 437299951,437299951,101
TIC 437310271,437310271,101
TIC 437320173,437320173,101
TIC 437320676,437320676,101
TIC 437322762,437322762,101
TIC 437323587,437323587,101
TIC 437324684,437324684,101
TIC 437392899,437392899,101
TIC 437511417,437511417,101
TIC 437617380,437617380,101
TIC 438238920,438238920,101
TIC 438239847,438239847,101
TIC 438357427,438357427,101
TIC 438565911,438565911,101
TIC 438571037,438571037,101
TIC 438586540,438586540,101
TIC 438586656,438586656,101
TIC 438587417,438587417,101
TIC 438588762,438588762,101
TIC 438594280,438594280,101
TIC 438598966,438598966,101
TIC 438605218,438605218,101
TIC 438612498,438612498,101
TIC 438613018,438613018,101
TIC 438614244,438614244,101
TIC 438614945,438614945,101
TIC 438629686,438629686,101
TIC 438631656,438631656,101
TIC 438632125,438632125,101
TIC 438632453,438632453,101
TIC 438637923,438637923,101
TIC 438638623,438638623,101
TIC 438639036,438639036,101
TIC 438639308,438639308,101
TIC 438640320,438640320,101
TIC 438678759,438678759,101
TIC 438689102,438689102,101
TIC 438689941,438689941,101
TIC 438692243,438692243,101
TIC 438694338,438694338,101
TIC 438695270,438695270,101
TIC 438701212,438701212,101
TIC 438702139,438702139,101
TIC 438733202,438733202,101
TIC 438760896,438760896,101
TIC 438775149,438775149,101
TIC 438789173,438789173,101
TIC 438789717,438789717,101
TIC 438789953,438789953,101
TIC 438832923,438832923,101
TIC 438837178,438837178,101
TIC 438838902,438838902,101
TIC 438873057,438873057,101
TIC 438877899,438877899,101
TIC 438878043,438878043,101
TIC 438967465,438967465,101
TIC 438967573,438967573,101
TIC 438967685,438967685,101
TIC 439479140,439479140,101
TIC 439575025,439575025,101
TIC 439788909,439788909,101
TIC 439878605,439878605,101
TIC 439979970,439979970,101
TIC 440197267,440197267,101
TIC 440303294,440303294,101
TIC 440502253,440502253,101
TIC 440607276,440607276,101
TIC 440808296,440808296,101
TIC 440813098,440813098,101
TIC 440905523,440905523,101
TIC 441099992,441099992,101
TIC 441173738,441173738,101
TIC 441551378,441551378,101
TIC 442392201,442392201,101
TIC 442708084,442708084,101
TIC 442881767,442881767,101
TIC 442882829,442882829,101
TIC 442943322,442943322,101
TIC 443262289,443262289,101
TIC 443299918,443299918,101
TIC 443405175,443405175,101
TIC 443438094,443438094,101
TIC 443471801,443471801,101
TIC 443525697,443525697,101
TIC 443528451,443528451,101
TIC 443562032,443562032,101
TIC 443619867,443619867,101
TIC 443621408,443621408,101
TIC 443621803,443621803,101
TIC 443623692,443623692,101
TIC 443624058,443624058,101
TIC 443624220,443624220,101
TIC 443625642,443625642,101
TIC 443625969,443625969,101
TIC 443627218,443627218,101
TIC 443658240,443658240,101
TIC 443666343,443666343,101
TIC 443667457,443667457,101
TIC 443667458,443667458,101
TIC 443667698,443667698,101
TIC 443671790,443671790,101
TIC 443673405,443673405,101
TIC 446318155,446318155,101
TIC 446344706,446344706,101
TIC 446361076,446361076,101
TIC 446394923,446394923,101
TIC 446394932,446394932,101
TIC 446403723,446403723,101
TIC 446404780,446404780,101
TIC 446703419,446703419,101
TIC 446719461,446719461,101
TIC 446722383,446722383,101
TIC 446722391,446722391,101
TIC 446727999,446727999,101
TIC 446961945,446961945,101
TIC 447088034,447088034,101
TIC 447097898,447097898,101
TIC 447126797,447126797,101
TIC 447159606,447159606,101
TIC 447161854,447161854,101
TIC 447179213,447179213,101
TIC 447221980,447221980,101
TIC 447223501,447223501,101
TIC 447230221,447230221,101
TIC 447233389,447233389,101
TIC 447237797,447237797,101
TIC 447264748,447264748,101
TIC 447311889,447311889,101
TIC 447489245,447489245,101
TIC 447503899,447503899,101
TIC 447551851,447551851,101
TIC 447571129,447571129,101
TIC 447579702,447579702,101
TIC 447645421,447645421,101
TIC 447653415,447653415,101
TIC 447734030,447734030,101
TIC 447762290,447762290,101
TIC 447784424,447784424,101
TIC 448006966,448006966,101
TIC 448028753,448028753,101
TIC 448066486,448066486,101
TIC 448068688,448068688,101
TIC 448097167,448097167,101
TIC 448165945,448165945,101
TIC 448292567,448292567,101
TIC 448303058,448303058,101
TIC 448305639,448305639,101
TIC 448315601,448315601,101
TIC 448377810,448377810,101
TIC 448392261,448392261,101
TIC 448479988,448479988,101
TIC 448525113,448525113,101
TIC 448525131,448525131,101
TIC 448552309,448552309,101
TIC 448576854,448576854,101
TIC 448586269,448586269,101
TIC 448600712,448600712,101
TIC 448641178,448641178,101
TIC 448667394,448667394,101
TIC 448695689,448695689,101
TIC 448696047,448696047,101
TIC 448696074,448696074,101
TIC 448704677,448704677,101
TIC 448714306,448714306,101
TIC 448716672,448716672,101
TIC 448761699,448761699,101
TIC 448789084,448789084,101
TIC 448807110,448807110,101
TIC 448811783,448811783,101
TIC 448840012,448840012,101
TIC 448879677,448879677,101
TIC 448881566,448881566,101
TIC 448888783,448888783,101
TIC 448890959,448890959,101
TIC 448913084,448913084,101
TIC 448913091,448913091,101
TIC 448930207,448930207,101
TIC 448974504,448974504,101
TIC 448976566,448976566,101
TIC 449036109,449036109,101
TIC 449041310,449041310,101
TIC 449049068,449049068,101
TIC 449076688,449076688,101
TIC 449096441,449096441,101
TIC 449369551,449369551,101
TIC 449391034,449391034,101
TIC 449416943,449416943,101
TIC 449457329,449457329,101
TIC 449568639,449568639,101
TIC 449650822,449650822,101
TIC 449650980,449650980,101
TIC 449789554,449789554,101
TIC 449862248,449862248,101
TIC 449884234,449884234,101
TIC 450392932,450392932,101
TIC 450441713,450441713,101
TIC 450491293,450491293,101
TIC 450507176,450507176,101
TIC 450568600,450568600,101
TIC 450568754,450568754,101
TIC 450688287,450688287,101
TIC 450719149,450719149,101
TIC 450720000,450720000,101
TIC 450720404,450720404,101
TIC 450733803,450733803,101
TIC 450784713,450784713,101
TIC 450826873,450826873,101
TIC 450827144,450827144,101
TIC 451132596,451132596,101
TIC 451305784,451305784,101
TIC 451340100,451340100,101
TIC 451470704,451470704,101
TIC 451495562,451495562,101
TIC 451505946,451505946,101
TIC 451505950,451505950,101
TIC 451508376,451508376,101
TIC 451539287,451539287,101
TIC 451558465,451558465,101
TIC 451560763,451560763,101
TIC 451561283,451561283,101
TIC 451563101,451563101,101
TIC 451592856,451592856,101
TIC 451602835,451602835,101
TIC 451606970,451606970,101
TIC 452710740,452710740,101
TIC 452713333,452713333,101
TIC 452714783,452714783,101
TIC 452718432,452718432,101
TIC 452732774,452732774,101
TIC 452745433,452745433,101
TIC 453470667,453470667,101
TIC 453472071,453472071,101
TIC 453472268,453472268,101
TIC 453472269,453472269,101
TIC 453472305,453472305,101
TIC 453482589,453482589,101
TIC 453483773,453483773,101
TIC 453483931,453483931,101
TIC 453505472,453505472,101
TIC 453507807,453507807,101
TIC 453510797,453510797,101
TIC 453510803,453510803,101
TIC 453573291,453573291,101
TIC 453635876,453635876,101
TIC 453661520,453661520,101
TIC 453729034,453729034,101
TIC 453743381,453743381,101
TIC 453746342,453746342,101
TIC 453746453,453746453,101
TIC 453746632,453746632,101
TIC 453747489,453747489,101
TIC 453773849,453773849,101
TIC 453775307,453775307,101
TIC 453775803,453775803,101
TIC 453776506,453776506,101
TIC 453780382,453780382,101
TIC 453782421,453782421,101
TIC 453789494,453789494,101
TIC 453811191,453811191,101
TIC 453812334,453812334,101
TIC 453812336,453812336,101
TIC 453813251,453813251,101
TIC 453813589,453813589,101
TIC 453813834,453813834,101
TIC 453816280,453816280,101
TIC 453816281,453816281,101
TIC 453817164,453817164,101
TIC 453817590,453817590,101
TIC 453819146,453819146,101
TIC 453819148,453819148,101
TIC 453819990,453819990,101
TIC 453838843,453838843,101
TIC 453846038,453846038,101
TIC 453848870,453848870,101
TIC 454004654,454004654,101
TIC 454005584,454005584,101
TIC 454006780,454006780,101
TIC 454012641,454012641,101
TIC 454013177,454013177,101
TIC 454015615,454015615,101
TIC 454038613,454038613,101
TIC 454041906,454041906,101
TIC 454043454,454043454,101
TIC 454070695,454070695,101
TIC 454080155,454080155,101
TIC 454082369,454082369,101
TIC 454101656,454101656,101
TIC 454110741,454110741,101
TIC 454268353,454268353,101
TIC 454272930,454272930,101
TIC 454601598,454601598,101
TIC 454623501,454623501,101
TIC 454802988,454802988,101
TIC 454901855,454901855,101
TIC 455075123,455075123,101
TIC 455167003,455167003,101
TIC 455192704,455192704,101
TIC 455200806,455200806,101
TIC 455463415,455463415,101
TIC 455509774,455509774,101
TIC 455544476,455544476,101
TIC 455675248,455675248,101
TIC 455738946,455738946,101
TIC 456061659,456061659,101
TIC 456449221,456449221,101
TIC 456899453,456899453,101
TIC 456901103,456901103,101
TIC 456920771,456920771,101
TIC 457178653,457178653,101
TIC 457273461,457273461,101
TIC 457454276,457454276,101
TIC 457457946,457457946,101
TIC 457488097,457488097,101
TIC 457557304,457557304,101
TIC 457611262,457611262,101
TIC 457619392,457619392,101
TIC 457642066,457642066,101
TIC 457649900,457649900,101
TIC 457686485,457686485,101
TIC 457689939,457689939,101
TIC 457693258,457693258,101
TIC 457723621,457723621,101
TIC 457750028,457750028,101
TIC 460251905,460251905,101
TIC 460680010,460680010,101
TIC 460878914,460878914,101
TIC 461050210,461050210,101
TIC 461161884,461161884,101
TIC 461162378,461162378,101
TIC 461166720,461166720,101
TIC 461167379,461167379,101
TIC 461200033,461200033,101
TIC 461201151,461201151,101
TIC 461202713,461202713,101
TIC 461203071,461203071,101
TIC 461229766,461229766,101
TIC 461233317,461233317,101
TIC 461235343,461235343,101
TIC 461250383,461250383,101
TIC 461253009,461253009,101
TIC 461253071,461253071,101
TIC 461262073,461262073,101
TIC 461265726,461265726,101
TIC 461267690,461267690,101
TIC 461269698,461269698,101
TIC 461271479,461271479,101
TIC 461283278,461283278,101
TIC 461284291,461284291,101
TIC 464275366,464275366,101
TIC 464276371,464276371,101
TIC 464280516,464280516,101
TIC 464286129,464286129,101
TIC 464311616,464311616,101
TIC 464314508,464314508,101
TIC 464315748,464315748,101
TIC 464316038,464316038,101
TIC 464317121,464317121,101
TIC 464341632,464341632,101
TIC 464341865,464341865,101
TIC 464342656,464342656,101
TIC 464344675,464344675,101
TIC 464350059,464350059,101
TIC 464369466,464369466,101
TIC 464371957,464371957,101
TIC 464372316,464372316,101
TIC 464375439,464375439,101
TIC 464376452,464376452,101
TIC 464377523,464377523,101
TIC 464378507,464378507,101
TIC 464378628,464378628,101
TIC 464380392,464380392,101
TIC 464381648,464381648,101
TIC 464404736,464404736,101
TIC 464405850,464405850,101
TIC 464407479,464407479,101
TIC 464410508,464410508,101
TIC 464413645,464413645,101
TIC 464413832,464413832,101
TIC 464415539,464415539,101
TIC 464415840,464415840,101
TIC 464416167,464416167,101
TIC 464420341,464420341,101
TIC 464420924,464420924,101
TIC 464422047,464422047,101
TIC 464441657,464441657,101
TIC 464445045,464445045,101
TIC 464445128,464445128,101
TIC 464448910,464448910,101
TIC 464449183,464449183,101
TIC 464449188,464449188,101
TIC 464449691,464449691,101
TIC 464452462,464452462,101
TIC 464454235,464454235,101
TIC 464455185,464455185,101
TIC 464457625,464457625,101
TIC 464478492,464478492,101
TIC 464480679,464480679,101
TIC 464481762,464481762,101
TIC 464484197,464484197,101
TIC 464488083,464488083,101
TIC 464491480,464491480,101
TIC 464492998,464492998,101
TIC 464511838,464511838,101
TIC 464515010,464515010,101
TIC 464518474,464518474,101
TIC 464519298,464519298,101
TIC 464520768,464520768,101
TIC 464524546,464524546,101
TIC 464525847,464525847,101
TIC 464527084,464527084,101
TIC 464527551,464527551,101
TIC 464547765,464547765,101
TIC 464549287,464549287,101
TIC 464549633,464549633,101
TIC 464550607,464550607,101
TIC 464554491,464554491,101
TIC 464589012,464589012,101
TIC 464589014,464589014,101
TIC 464589731,464589731,101
TIC 464589959,464589959,101
TIC 464593816,464593816,101
TIC 464593883,464593883,101
TIC 464596343,464596343,101
TIC 464597226,464597226,101
TIC 464615267,464615267,101
TIC 464616526,464616526,101
TIC 464617223,464617223,101
TIC 464618878,464618878,101
TIC 464619201,464619201,101
TIC 464641303,464641303,101
TIC 464646604,464646604,101
TIC 464650717,464650717,101
TIC 464658144,464658144,101
TIC 464661689,464661689,101
TIC 466089931,466089931,101
TIC 466090061,466090061,101
TIC 466091980,466091980,101
TIC 466093558,466093558,101
TIC 466093560,466093560,101
TIC 466094910,466094910,101
TIC 466095211,466095211,101
TIC 466095512,466095512,101
TIC 466097559,466097559,101
TIC 466098380,466098380,101
TIC 466098985,466098985,101
TIC 466099361,466099361,101
TIC 466129772,466129772,101
TIC 466131866,466131866,101
TIC 466132967,466132967,101
TIC 466134845,466134845,101
TIC 466160803,466160803,101
TIC 466164033,466164033,101
TIC 466164355,466164355,101
TIC 466167005,466167005,101
TIC 466167253,466167253,101
TIC 466167563,466167563,101
TIC 466169141,466169141,101
TIC 466172238,466172238,101
TIC 466176899,466176899,101
TIC 466195663,466195663,101
TIC 466198577,466198577,101
TIC 466199276,466199276,101
TIC 466199456,466199456,101
TIC 466202092,466202092,101
TIC 466203577,466203577,101
TIC 466203715,466203715,101
TIC 466203956,466203956,101
TIC 466206387,466206387,101
TIC 466206508,466206508,101
TIC 466207143,466207143,101
TIC 466222485,466222485,101
TIC 466224437,466224437,101
TIC 466229104,466229104,101
TIC 466229760,466229760,101
TIC 466230701,466230701,101
TIC 466231027,466231027,101
TIC 466231610,466231610,101
TIC 466232301,466232301,101
TIC 466234180,466234180,101
TIC 466238399,466238399,101
TIC 466239023,466239023,101
TIC 466239676,466239676,101
TIC 466260580,466260580,101
TIC 466264851,466264851,101
TIC 466265409,466265409,101
TIC 466266273,466266273,101
TIC 466267268,466267268,101
TIC 466273074,466273074,101
TIC 466273130,466273130,101
TIC 466273811,466273811,101
TIC 466273813,466273813,101
TIC 466277085,466277085,101
TIC 466277708,466277708,101
TIC 466277784,466277784,101
TIC 466279308,466279308,101
TIC 466301827,466301827,101
TIC 466307264,466307264,101
TIC 466307645,466307645,101
TIC 466307646,466307646,101
TIC 466308677,466308677,101
TIC 466309287,466309287,101
TIC 466657225,466657225,101
TIC 466679588,466679588,101
TIC 467933738,467933738,101
TIC 467958671,467958671,101
TIC 467959249,467959249,101
TIC 467960339,467960339,101
TIC 467961579,467961579,101
TIC 467963650,467963650,101
TIC 467969559,467969559,101
TIC 467970759,467970759,101
TIC 467971286,467971286,101
TIC 467996969,467996969,101
TIC 467997499,467997499,101
TIC 468145849,468145849,101
TIC 469791075,469791075,101
TIC 469792186,469792186,101
TIC 469810663,469810663,101
TIC 469811127,469811127,101
TIC 469813927,469813927,101
TIC 469814866,469814866,101
TIC 469815594,469815594,101
TIC 469815705,469815705,101
TIC 469815709,469815709,101
TIC 469815950,469815950,101
TIC 469817222,469817222,101
TIC 469817392,469817392,101
TIC 469817399,469817399,101
TIC 469819156,469819156,101
TIC 469826577,469826577,101
TIC 469871163,469871163,101
TIC 469874560,469874560,101
TIC 469875568,469875568,101
TIC 469878140,469878140,101
TIC 469882306,469882306,101
TIC 469905944,469905944,101
TIC 469906109,469906109,101
TIC 469906369,469906369,101
TIC 469906999,469906999,101
TIC 469976677,469976677,101
TIC 469978297,469978297,101
TIC 469979014,469979014,101
TIC 469979280,469979280,101
TIC 469979458,469979458,101
TIC 469981261,469981261,101
TIC 469981586,469981586,101
TIC 471013447,471013447,101
TIC 471013468,471013468,101
TIC 471013482,471013482,101
TIC 471013488,471013488,101
TIC 471015358,471015358,101
TIC 471015361,471015361,101
TIC 471015365,471015365,101
TIC 471015370,471015370,101
TIC 471015391,471015391,101
TIC 471015393,471015393,101
TIC 471015424,471015424,101
TIC 471015425,471015425,101
TIC 471016594,471016594,101
TIC 512822128,512822128,101
TIC 522930477,522930477,101
TIC 524139988,524139988,101
TIC 900824444,900824444,101
TIC 900842055,900842055,101
TIC 900847417,900847417,101
TIC 900847614,900847614,101
TIC 900871116,900871116,101
TIC 900873915,900873915,101
TIC 900877083,900877083,101
TIC 900877947,900877947,101
TIC 900879971,900879971,101
TIC 900886317,900886317,101
TIC 900893989,900893989,101
TIC 900902467,900902467,101
TIC 900909650,900909650,101
TIC 900911472,900911472,101
TIC 900913969,900913969,101
TIC 900916571,900916571,101
TIC 900917668,900917668,101
TIC 900918943,900918943,101
TIC 900938758,900938758,101
TIC 900956625,900956625,101
TIC 900958332,900958332,101
TIC 900959215,900959215,101
TIC 900962773,900962773,101
TIC 900967010,900967010,101
TIC 900968697,900968697,101
TIC 900969355,900969355,101
TIC 900972044,900972044,101
TIC 900987829,900987829,101
TIC 900990936,900990936,101
TIC 900991057,900991057,101
TIC 900996461,900996461,101
TIC 900997768,900997768,101
TIC 901004426,901004426,101
TIC 901004530,901004530,101
TIC 901005348,901005348,101
TIC 901005414,901005414,101
TIC 901014721,901014721,101
TIC 901018654,901018654,101
TIC 901023494,901023494,101
TIC 901031227,901031227,101
TIC 901034752,901034752,101
TIC 901045363,901045363,101
TIC 901046673,901046673,101
TIC 901047423,901047423,101
TIC 901053463,901053463,101
TIC 901053557,901053557,101
TIC 901054746,901054746,101
TIC 901055157,901055157,101
TIC 901065348,901065348,101
TIC 901069336,901069336,101
TIC 901069349,901069349,101
TIC 901070968,901070968,101
TIC 901075862,901075862,101
TIC 901076532,901076532,101
TIC 901077870,901077870,101
TIC 901082356,901082356,101
TIC 901089339,901089339,101
TIC 901091048,901091048,101
TIC 901115050,901115050,101
TIC 901115668,901115668,101
TIC 901132769,901132769,101
TIC 901138446,901138446,101
TIC 901140203,901140203,101
TIC 901151738,901151738,101
TIC 901152100,901152100,101
TIC 901173196,901173196,101
TIC 901174024,901174024,101
TIC 901176934,901176934,101
TIC 901177668,901177668,101
TIC 901181634,901181634,101
TIC 901181696,901181696,101
TIC 901188950,901188950,101
TIC 901191508,901191508,101
TIC 901194361,901194361,101
TIC 901199111,901199111,101
TIC 901200357,901200357,101
TIC 901205772,901205772,101
TIC 901207624,901207624,101
TIC 901208393,901208393,101
TIC 901210971,901210971,101
TIC 901212084,901212084,101
TIC 901212356,901212356,101
TIC 901216946,901216946,101
TIC 901229597,901229597,101
TIC 901232847,901232847,101
TIC 901236169,901236169,101
TIC 901240544,901240544,101
TIC 901244093,901244093,101
TIC 901250351,901250351,101
TIC 901252195,901252195,101
TIC 901252537,901252537,101
TIC 901253665,901253665,101
TIC 901254483,901254483,101
TIC 901254756,901254756,101
TIC 901258593,901258593,101
TIC 901259110,901259110,101
TIC 901261455,901261455,101
TIC 901265529,901265529,101
TIC 901271286,901271286,101
TIC 901279806,901279806,101
TIC 901287186,901287186,101
TIC 901289013,901289013,101
TIC 901292402,901292402,101
TIC 901294846,901294846,101
TIC 901307884,901307884,101
TIC 901311415,901311415,101
TIC 901313515,901313515,101
TIC 901315280,901315280,101
TIC 901315926,901315926,101
TIC 901316826,901316826,101
TIC 901319586,901319586,101
TIC 901324598,901324598,101
TIC 901326905,901326905,101
TIC 901334695,901334695,101
TIC 901342303,901342303,101
TIC 901352792,901352792,101
TIC 901358146,901358146,101
TIC 901358563,901358563,101
TIC 901361559,901361559,101
TIC 901367276,901367276,101
TIC 901368024,901368024,101
TIC 901368314,901368314,101
TIC 901369956,901369956,101
TIC 901371732,901371732,101
TIC 901372459,901372459,101
TIC 901376459,901376459,101
TIC 901380584,901380584,101
TIC 901389939,901389939,101
TIC 901393056,901393056,101
TIC 901393192,901393192,101
TIC 901395804,901395804,101
TIC 901396096,901396096,101
TIC 901396973,901396973,101
TIC 901401316,901401316,101
TIC 901404237,901404237,101
TIC 901406326,901406326,101
TIC 901408691,901408691,101
TIC 901413756,901413756,101
TIC 901416224,901416224,101
TIC 901421699,901421699,101
TIC 901423302,901423302,101
TIC 901424296,901424296,101
TIC 901425122,901425122,101
TIC 901430319,901430319,101
TIC 901432011,901432011,101
TIC 901432997,901432997,101
TIC 901433450,901433450,101
TIC 901434815,901434815,101
TIC 901436205,901436205,101
TIC 901437327,901437327,101
TIC 901438758,901438758,101
TIC 901442191,901442191,101
TIC 901444178,901444178,101
TIC 901444503,901444503,101
TIC 901445581,901445581,101
TIC 901447474,901447474,101
TIC 901448705,901448705,101
TIC 901457202,901457202,101
TIC 901457712,901457712,101
TIC 901464236,901464236,101
TIC 901466187,901466187,101
TIC 901470301,901470301,101
TIC 901470679,901470679,101
TIC 901479793,901479793,101
TIC 901483460,901483460,101
TIC 901487244,901487244,101
TIC 901489235,901489235,101
TIC 901489526,901489526,101
TIC 901491272,901491272,101
TIC 901492267,901492267,101
TIC 901493963,901493963,101
TIC 901496050,901496050,101
TIC 901497024,901497024,101
TIC 901497312,901497312,101
TIC 901503793,901503793,101
TIC 901509569,901509569,101
TIC 901511047,901511047,101
TIC 901512874,901512874,101
TIC 901518584,901518584,101
TIC 901520468,901520468,101
TIC 901521387,901521387,101
TIC 901521804,901521804,101
TIC 901522925,901522925,101
TIC 901524014,901524014,101
TIC 901524208,901524208,101
TIC 901525348,901525348,101
TIC 901548767,901548767,101
TIC 901548815,901548815,101
TIC 901548995,901548995,101
TIC 901549676,901549676,101
TIC 901552111,901552111,101
TIC 901590127,901590127,101
TIC 901600814,901600814,101
TIC 901602452,901602452,101
TIC 901611590,901611590,101
TIC 901614350,901614350,101
TIC 901617536,901617536,101
TIC 901618132,901618132,101
TIC 901621468,901621468,101
TIC 901623123,901623123,101
TIC 901625132,901625132,101
TIC 901625355,901625355,101
TIC 901628028,901628028,101
TIC 901630494,901630494,101
TIC 901633366,901633366,101
TIC 901636283,901636283,101
TIC 901638739,901638739,101
TIC 901647631,901647631,101
TIC 901651473,901651473,101
TIC 901654492,901654492,101
TIC 901660054,901660054,101
TIC 901661077,901661077,101
TIC 901738968,901738968,101
TIC 901739969,901739969,101
TIC 901740771,901740771,101
TIC 901741870,901741870,101
TIC 901743315,901743315,101
TIC 901744408,901744408,101
TIC 901749167,901749167,101
TIC 901758549,901758549,101
TIC 901768571,901768571,101
TIC 901783221,901783221,101
TIC 901783348,901783348,101
TIC 901784498,901784498,101
TIC 901784631,901784631,101
TIC 901786794,901786794,101
TIC 901790106,901790106,101
TIC 901791772,901791772,101
TIC 901791881,901791881,101
TIC 901794750,901794750,101
TIC 901797948,901797948,101
TIC 901801515,901801515,101
TIC 901803485,901803485,101
TIC 901805330,901805330,101
TIC 901809598,901809598,101
TIC 901809685,901809685,101
TIC 901811099,901811099,101
TIC 901817335,901817335,101
TIC 901820936,901820936,101
TIC 901821417,901821417,101
TIC 901822058,901822058,101
TIC 901824126,901824126,101
TIC 901824310,901824310,101
TIC 901828017,901828017,101
TIC 901828046,901828046,101
TIC 901830882,901830882,101
TIC 901833779,901833779,101
TIC 901834777,901834777,101
TIC 901836915,901836915,101
TIC 901837536,901837536,101
TIC 901838250,901838250,101
TIC 901838840,901838840,101
TIC 901847525,901847525,101
TIC 901850556,901850556,101
TIC 901851180,901851180,101
TIC 901854731,901854731,101
TIC 901855440,901855440,101
TIC 901858127,901858127,101
TIC 901859407,901859407,101
TIC 901865642,901865642,101
TIC 901865676,901865676,101
TIC 901866134,901866134,101
TIC 901866483,901866483,101
TIC 902311019,902311019,101
TIC 928666481,928666481,101
TIC 929680986,929680986,101
TIC 931535422,931535422,101
TIC 938327978,938327978,101
TIC 938373971,938373971,101
TIC 938491518,938491518,101
TIC 938609663,938609663,101
TIC 938647809,938647809,101
TIC 938885731,938885731,101
TIC 939013044,939013044,101
TIC 939040153,939040153,101
TIC 939049699,939049699,101
TIC 939050287,939050287,101
TIC 939054470,939054470,101
TIC 939079307,939079307,101
TIC 939104141,939104141,101
TIC 939136598,939136598,101
TIC 939145334,939145334,101
TIC 939204255,939204255,101
TIC 939211695,939211695,101
TIC 939229682,939229682,101
TIC 939244948,939244948,101
TIC 939265252,939265252,101
TIC 939300367,939300367,101
TIC 939310650,939310650,101
TIC 939381273,939381273,101
TIC 939400233,939400233,101
TIC 939402774,939402774,101
TIC 939456500,939456500,101
TIC 940305867,940305867,101
TIC 940332849,940332849,101
TIC 940337351,940337351,101
TIC 940338084,940338084,101
TIC 940343910,940343910,101
TIC 940357361,940357361,101
TIC 940365945,940365945,101
TIC 940370374,940370374,101
TIC 940386893,940386893,101
TIC 940411215,940411215,101
TIC 940418699,940418699,101
TIC 940430658,940430658,101
TIC 940435522,940435522,101
TIC 940441823,940441823,101
TIC 940458967,940458967,101
TIC 940485132,940485132,101
TIC 940486741,940486741,101
TIC 940492332,940492332,101
TIC 940502257,940502257,101
TIC 940522681,940522681,101
TIC 940529149,940529149,101
TIC 940553016,940553016,101
TIC 940560698,940560698,101
TIC 940585037,940585037,101
TIC 940613248,940613248,101
TIC 940624799,940624799,101
TIC 940641298,940641298,101
TIC 940646242,940646242,101
TIC 940663668,940663668,101
TIC 940666820,940666820,101
TIC 940670331,940670331,101
TIC 940672081,940672081,101
TIC 940673967,940673967,101
TIC 940704511,940704511,101
TIC 940704980,940704980,101
TIC 940710808,940710808,101
TIC 940715203,940715203,101
TIC 940719983,940719983,101
TIC 940726137,940726137,101
TIC 940745121,940745121,101
TIC 940812582,940812582,101
TIC 940823921,940823921,101
TIC 940828538,940828538,101
TIC 940853708,940853708,101
TIC 940956136,940956136,101
TIC 940960028,940960028,101
TIC 940966100,940966100,101
TIC 940983505,940983505,101
TIC 940985279,940985279,101
TIC 940988970,940988970,101
TIC 940990696,940990696,101
TIC 940994628,940994628,101
TIC 940995584,940995584,101
TIC 940999907,940999907,101
TIC 941003188,941003188,101
TIC 941017230,941017230,101
TIC 941028439,941028439,101
TIC 941029875,941029875,101
TIC 941030373,941030373,101
TIC 941039136,941039136,101
TIC 941051804,941051804,101
TIC 941051909,941051909,101
TIC 941057275,941057275,101
TIC 941062979,941062979,101
TIC 941070253,941070253,101
TIC 941088424,941088424,101
TIC 941094762,941094762,101
TIC 941102668,941102668,101
TIC 941104452,941104452,101
TIC 942166802,942166802,101
TIC 942186107,942186107,101
TIC 942186918,942186918,101
TIC 942189510,942189510,101
TIC 942190662,942190662,101
TIC 942198343,942198343,101
TIC 942202516,942202516,101
TIC 942208742,942208742,101
TIC 942214736,942214736,101
TIC 942248803,942248803,101
TIC 942263710,942263710,101
TIC 942269577,942269577,101
TIC 942269938,942269938,101
TIC 942271220,942271220,101
TIC 950900295,950900295,101
TIC 950904764,950904764,101
TIC 950923927,950923927,101
TIC 950934777,950934777,101
TIC 950935511,950935511,101
TIC 950935896,950935896,101
TIC 950940435,950940435,101
TIC 950942851,950942851,101
TIC 950945574,950945574,101
TIC 950948335,950948335,101
TIC 950949291,950949291,101
TIC 950952159,950952159,101
TIC 950954084,950954084,101
TIC 950958990,950958990,101
TIC 950959163,950959163,101
TIC 950959195,950959195,101
TIC 950962188,950962188,101
TIC 950966828,950966828,101
TIC 950972425,950972425,101
TIC 950976077,950976077,101
TIC 950991504,950991504,101
TIC 950992007,950992007,101
TIC 950999811,950999811,101
TIC 951001729,951001729,101
TIC 951002574,951002574,101
TIC 951004350,951004350,101
TIC 951008167,951008167,101
TIC 951016050,951016050,101
TIC 951027965,951027965,101
TIC 951031121,951031121,101
TIC 951039122,951039122,101
TIC 951039448,951039448,101
TIC 951041959,951041959,101
TIC 951047463,951047463,101
TIC 951050259,951050259,101
TIC 951051527,951051527,101
TIC 951076147,951076147,101
TIC 951076213,951076213,101
TIC 951077555,951077555,101
TIC 951085807,951085807,101
TIC 951098987,951098987,101
TIC 951106205,951106205,101
TIC 951130948,951130948,101
TIC 951132987,951132987,101
TIC 951149649,951149649,101
TIC 951165719,951165719,101
TIC 951167392,951167392,101
TIC 951167701,951167701,101
TIC 951179615,951179615,101
TIC 951180198,951180198,101
TIC 951188211,951188211,101
TIC 951190596,951190596,101
TIC 951194372,951194372,101
TIC 951195320,951195320,101
TIC 951196441,951196441,101
TIC 951197745,951197745,101
TIC 951205028,951205028,101
TIC 951210506,951210506,101
TIC 951227110,951227110,101
TIC 951229522,951229522,101
TIC 951231249,951231249,101
TIC 951240387,951240387,101
TIC 951244230,951244230,101
TIC 951244487,951244487,101
TIC 951249872,951249872,101
TIC 951251007,951251007,101
TIC 951251210,951251210,101
TIC 951252384,951252384,101
TIC 951259925,951259925,101
TIC 951260828,951260828,101
TIC 951261422,951261422,101
TIC 951262888,951262888,101
TIC 951262934,951262934,101
TIC 951262944,951262944,101
TIC 951263208,951263208,101
TIC 951270474,951270474,101
TIC 951273538,951273538,101
TIC 951274230,951274230,101
TIC 951274231,951274231,101
TIC 951277549,951277549,101
TIC 951282189,951282189,101
TIC 951284727,951284727,101
TIC 951285007,951285007,101
TIC 951285402,951285402,101
TIC 951286157,951286157,101
TIC 951287219,951287219,101
TIC 951290663,951290663,101
TIC 951292875,951292875,101
TIC 951296937,951296937,101
TIC 951297608,951297608,101
TIC 951305761,951305761,101
TIC 951312246,951312246,101
TIC 951324257,951324257,101
TIC 951329824,951329824,101
TIC 951333811,951333811,101
TIC 951335757,951335757,101
TIC 951339878,951339878,101
TIC 951353372,951353372,101
TIC 951367588,951367588,101
TIC 951380270,951380270,101
TIC 951381750,951381750,101
TIC 951382827,951382827,101
TIC 951388228,951388228,101
TIC 951388579,951388579,101
TIC 951390126,951390126,101
TIC 951390286,951390286,101
TIC 951391101,951391101,101
TIC 951391702,951391702,101
TIC 951392616,951392616,101
TIC 951393944,951393944,101
TIC 951398775,951398775,101
TIC 951405786,951405786,101
TIC 951406068,951406068,101
TIC 951406957,951406957,101
TIC 951418540,951418540,101
TIC 951423335,951423335,101
TIC 951426606,951426606,101
TIC 951438622,951438622,101
TIC 951441021,951441021,101
TIC 951443328,951443328,101
TIC 951445131,951445131,101
TIC 951445826,951445826,101
TIC 951453180,951453180,101
TIC 951454586,951454586,101
TIC 951455671,951455671,101
TIC 951463858,951463858,101
TIC 951464261,951464261,101
TIC 951465943,951465943,101
TIC 951468151,951468151,101
TIC 951470807,951470807,101
TIC 951479195,951479195,101
TIC 951484438,951484438,101
TIC 951489125,951489125,101
TIC 951492112,951492112,101
TIC 951496382,951496382,101
TIC 951498808,951498808,101
TIC 951507115,951507115,101
TIC 951513135,951513135,101
TIC 951514437,951514437,101
TIC 951516005,951516005,101
TIC 951517953,951517953,101
TIC 951518743,951518743,101
TIC 951519350,951519350,101
TIC 951527189,951527189,101
TIC 951530489,951530489,101
TIC 951532076,951532076,101
TIC 951532356,951532356,101
TIC 951532519,951532519,101
TIC 951535284,951535284,101
TIC 951540418,951540418,101
TIC 951541315,951541315,101
TIC 951542930,951542930,101
TIC 951544550,951544550,101
TIC 951545177,951545177,101
TIC 951545738,951545738,101
TIC 951546979,951546979,101
TIC 951549747,951549747,101
TIC 951550987,951550987,101
TIC 951552575,951552575,101
TIC 951554385,951554385,101
TIC 951554609,951554609,101
TIC 951562666,951562666,101
TIC 951573862,951573862,101
TIC 951575405,951575405,101
TIC 951576203,951576203,101
TIC 951576215,951576215,101
TIC 951577058,951577058,101
TIC 951583443,951583443,101
TIC 951583611,951583611,101
TIC 951583798,951583798,101
TIC 951590577,951590577,101
TIC 951602914,951602914,101
TIC 951620420,951620420,101
TIC 951621195,951621195,101
TIC 951621634,951621634,101
TIC 951635495,951635495,101
TIC 951635741,951635741,101
TIC 951636133,951636133,101
TIC 951636336,951636336,101
TIC 951643460,951643460,101
TIC 951643532,951643532,101
TIC 951651235,951651235,101
TIC 951662365,951662365,101
TIC 951663708,951663708,101
TIC 951679178,951679178,101
TIC 951683451,951683451,101
TIC 951687375,951687375,101
TIC 951690614,951690614,101
TIC 951691209,951691209,101
TIC 951691534,951691534,101
TIC 951698273,951698273,101
TIC 951700753,951700753,101
TIC 951708188,951708188,101
TIC 951710847,951710847,101
TIC 951716392,951716392,101
TIC 951717359,951717359,101
TIC 951722053,951722053,101
TIC 951725368,951725368,101
TIC 951727035,951727035,101
TIC 951730381,951730381,101
TIC 951740979,951740979,101
TIC 951741846,951741846,101
TIC 951748509,951748509,101
TIC 951753409,951753409,101
TIC 951762641,951762641,101
TIC 951772981,951772981,101
TIC 951774360,951774360,101
TIC 951790905,951790905,101
TIC 951795256,951795256,101
TIC 951798569,951798569,101
TIC 951799130,951799130,101
TIC 951803462,951803462,101
TIC 951804876,951804876,101
TIC 951805456,951805456,101
TIC 951813109,951813109,101
TIC 951813859,951813859,101
TIC 951814397,951814397,101
TIC 951816895,951816895,101
TIC 951817099,951817099,101
TIC 951818100,951818100,101
TIC 951819424,951819424,101
TIC 951820218,951820218,101
TIC 951824915,951824915,101
TIC 951826716,951826716,101
TIC 951827101,951827101,101
TIC 951836836,951836836,101
TIC 951839528,951839528,101
TIC 951839635,951839635,101
TIC 951844096,951844096,101
TIC 951844188,951844188,101
TIC 951845508,951845508,101
TIC 951849651,951849651,101
TIC 951865525,951865525,101
TIC 951867542,951867542,101
TIC 951870109,951870109,101
TIC 951870294,951870294,101
TIC 951871538,951871538,101
TIC 951878334,951878334,101
TIC 951881558,951881558,101
TIC 951883534,951883534,101
TIC 951885573,951885573,101
TIC 951886554,951886554,101
TIC 951886688,951886688,101
TIC 951886820,951886820,101
TIC 951886830,951886830,101
TIC 951917233,951917233,101
TIC 951977412,951977412,101
TIC 951981814,951981814,101
TIC 951983992,951983992,101
TIC 951984652,951984652,101
TIC 952000432,952000432,101
TIC 952001796,952001796,101
TIC 952002188,952002188,101
TIC 952004595,952004595,101
TIC 952004706,952004706,101
TIC 952008665,952008665,101
TIC 952010648,952010648,101
TIC 952012169,952012169,101
TIC 952074194,952074194,101
TIC 952074820,952074820,101
TIC 952077350,952077350,101
TIC 952084199,952084199,101
TIC 952086308,952086308,101
TIC 952087515,952087515,101
TIC 952091945,952091945,101
TIC 952093290,952093290,101
TIC 952098480,952098480,101
TIC 952100834,952100834,101
TIC 952104382,952104382,101
TIC 952105248,952105248,101
TIC 952108304,952108304,101
TIC 952109575,952109575,101
TIC 952110614,952110614,101
TIC 952115185,952115185,101
TIC 952117221,952117221,101
TIC 952118522,952118522,101
TIC 952123348,952123348,101
TIC 952125958,952125958,101
TIC 952127260,952127260,101
TIC 952127901,952127901,101
TIC 952127945,952127945,101
TIC 952128341,952128341,101
TIC 952129242,952129242,101
TIC 952129608,952129608,101
TIC 952131983,952131983,101
TIC 952132016,952132016,101
TIC 952133610,952133610,101
TIC 952138727,952138727,101
TIC 952140481,952140481,101
TIC 952142813,952142813,101
TIC 952146067,952146067,101
TIC 952146348,952146348,101
TIC 952148379,952148379,101
TIC 952154249,952154249,101
TIC 952159355,952159355,101
TIC 952160831,952160831,101
TIC 952172633,952172633,101
TIC 952176611,952176611,101
TIC 952180084,952180084,101
TIC 952180535,952180535,101
TIC 952182249,952182249,101
TIC 952184305,952184305,101
TIC 952184529,952184529,101
TIC 952185222,952185222,101
TIC 952187628,952187628,101
TIC 952187698,952187698,101
TIC 952189156,952189156,101
TIC 952189494,952189494,101
TIC 952193959,952193959,101
TIC 952194346,952194346,101
TIC 952194526,952194526,101
TIC 952197176,952197176,101
TIC 952197817,952197817,101
TIC 952198721,952198721,101
TIC 952198997,952198997,101
TIC 952203827,952203827,101
TIC 952205031,952205031,101
TIC 952207058,952207058,101
TIC 952208481,952208481,101
TIC 952208631,952208631,101
TIC 952222291,952222291,101
TIC 952224701,952224701,101
TIC 952227277,952227277,101
TIC 952229342,952229342,101
TIC 952232391,952232391,101
TIC 952232700,952232700,101
TIC 952237544,952237544,101
TIC 952237985,952237985,101
TIC 952238477,952238477,101
TIC 952240841,952240841,101
TIC 952253758,952253758,101
TIC 952263297,952263297,101
TIC 952264940,952264940,101
TIC 952281797,952281797,101
TIC 952282992,952282992,101
TIC 952283316,952283316,101
TIC 952283979,952283979,101
TIC 952286171,952286171,101
TIC 952292405,952292405,101
TIC 952294363,952294363,101
TIC 952294518,952294518,101
TIC 952295687,952295687,101
TIC 952301823,952301823,101
TIC 952302225,952302225,101
TIC 952304466,952304466,101
TIC 952304581,952304581,101
TIC 952304594,952304594,101
TIC 952310302,952310302,101
TIC 952313830,952313830,101
TIC 952313897,952313897,101
TIC 952315477,952315477,101
TIC 952318796,952318796,101
TIC 952319983,952319983,101
TIC 952320117,952320117,101
TIC 952325862,952325862,101
TIC 952330434,952330434,101
TIC 952472342,952472342,101
TIC 952472742,952472742,101
TIC 954896737,954896737,101
TIC 954955133,954955133,101
TIC 954974803,954974803,101
TIC 954992657,954992657,101
TIC 955198792,955198792,101
TIC 955486047,955486047,101
TIC 955492342,955492342,101
TIC 955570118,955570118,101
TIC 955704750,955704750,101
TIC 955724854,955724854,101
TIC 955788060,955788060,101
TIC 955798320,955798320,101
TIC 955809873,955809873,101
TIC 955826869,955826869,101
TIC 956108023,956108023,101
TIC 956241812,956241812,101
TIC 956967731,956967731,101
TIC 956996653,956996653,101
TIC 957165209,957165209,101
TIC 957247225,957247225,101
TIC 957281949,957281949,101
TIC 957539643,957539643,101
TIC 957785202,957785202,101
TIC 957990574,957990574,101
TIC 958494301,958494301,101
TIC 959076014,959076014,101
TIC 959807920,959807920,101
TIC 960313191,960313191,101
TIC 960655119,960655119,101
TIC 960908898,960908898,101
TIC 961144148,961144148,101
TIC 961583398,961583398,101
TIC 961773696,961773696,101
TIC 963100694,963100694,101
TIC 968476740,968476740,101
TIC 968745713,968745713,101
TIC 969693596,969693596,101
TIC 969707055,969707055,101
TIC 969889012,969889012,101
TIC 969988369,969988369,101
TIC 971308622,971308622,101
TIC 972513870,972513870,101
TIC 972974776,972974776,101
TIC 973174031,973174031,101
TIC 973184941,973184941,101
TIC 973305394,973305394,101
TIC 973338095,973338095,101
TIC 973365861,973365861,101
TIC 973581964,973581964,101
TIC 975476989,975476989,101
TIC 976514544,976514544,101
TIC 976668054,976668054,101
TIC 976776776,976776776,101
TIC 976854634,976854634,101
TIC 977283363,977283363,101
TIC 977361512,977361512,101
TIC 977377873,977377873,101
TIC 977677928,977677928,101
TIC 977723179,977723179,101
TIC 978170469,978170469,101
TIC 978242747,978242747,101
TIC 978684150,978684150,101
TIC 979727327,979727327,101
TIC 979863044,979863044,101
TIC 980078967,980078967,101
TIC 981059983,981059983,101
TIC 981857980,981857980,101
TIC 981948084,981948084,101
TIC 981980227,981980227,101
TIC 982116514,982116514,101
TIC 982162330,982162330,101
TIC 982258215,982258215,101
TIC 982791831,982791831,101
TIC 983240328,983240328,101
TIC 983441555,983441555,101
TIC 984818711,984818711,101
TIC 985023711,985023711,101
TIC 985109747,985109747,101
TIC 985112648,985112648,101
TIC 985177925,985177925,101
TIC 985185569,985185569,101
TIC 985222977,985222977,101
TIC 985239312,985239312,101
TIC 985445926,985445926,101
TIC 987587967,987587967,101
TIC 987602889,987602889,101
TIC 987820753,987820753,101
TIC 987837026,987837026,101
TIC 988352130,988352130,101
TIC 988651163,988651163,101
TIC 988764557,988764557,101
TIC 989200044,989200044,101
TIC 989254366,989254366,101
TIC 989397193,989397193,101
TIC 989542232,989542232,101
TIC 989565273,989565273,101
TIC 989690443,989690443,101
TIC 989806410,989806410,101
TIC 989936351,989936351,101
TIC 990128934,990128934,101
TIC 990210837,990210837,101
TIC 990834587,990834587,101
TIC 991160206,991160206,101
TIC 991207541,991207541,101
TIC 991220619,991220619,101
TIC 991806978,991806978,101
TIC 991806993,991806993,101
TIC 991961249,991961249,101
TIC 992071417,992071417,101
TIC 992127507,992127507,101
TIC 992192208,992192208,101
TIC 992338644,992338644,101
TIC 992355223,992355223,101
TIC 992384053,992384053,101
TIC 992437486,992437486,101
TIC 992447916,992447916,101
TIC 992462460,992462460,101
TIC 992478017,992478017,101
TIC 992557709,992557709,101
TIC 992614228,992614228,101
TIC 992682622,992682622,101
TIC 992687593,992687593,101
TIC 992814620,992814620,101
TIC 992975378,992975378,101
TIC 993004859,993004859,101
TIC 993007859,993007859,101
TIC 993049642,993049642,101
TIC 993080347,993080347,101
TIC 993082681,993082681,101
TIC 993111729,993111729,101
TIC 993160365,993160365,101
TIC 993295739,993295739,101
TIC 993496690,993496690,101
TIC 993532027,993532027,101
TIC 993589897,993589897,101
TIC 993627671,993627671,101
TIC 993635026,993635026,101
TIC 993738794,993738794,101
TIC 993756933,993756933,101
TIC 993797335,993797335,101
TIC 993798721,993798721,101
TIC 993880284,993880284,101
TIC 993895549,993895549,101
TIC 993903085,993903085,101
TIC 993917438,993917438,101
TIC 993923173,993923173,101
TIC 993955659,993955659,101
TIC 993966593,993966593,101
TIC 993968887,993968887,101
TIC 993975034,993975034,101
TIC 994017689,994017689,101
TIC 994062618,994062618,101
TIC 994111399,994111399,101
TIC 994148706,994148706,101
TIC 994163131,994163131,101
TIC 994168088,994168088,101
TIC 994217937,994217937,101
TIC 994256822,994256822,101
TIC 994270599,994270599,101
TIC 994278158,994278158,101
TIC 994281695,994281695,101
TIC 994287664,994287664,101
TIC 994288999,994288999,101
TIC 994296129,994296129,101
TIC 994333722,994333722,101
TIC 994335310,994335310,101
TIC 994352893,994352893,101
TIC 994399916,994399916,101
TIC 994412236,994412236,101
TIC 994418033,994418033,101
TIC 994421149,994421149,101
TIC 994475510,994475510,101
TIC 994475963,994475963,101
TIC 994495998,994495998,101
TIC 994503813,994503813,101
TIC 994530018,994530018,101
TIC 994689840,994689840,101
TIC 994721112,994721112,101
TIC 994727320,994727320,101
TIC 994819022,994819022,101
TIC 994827529,994827529,101
TIC 994845660,994845660,101
TIC 994904703,994904703,101
TIC 994961543,994961543,101
TIC 994971285,994971285,101
TIC 994974781,994974781,101
TIC 994981467,994981467,101
TIC 994995418,994995418,101
TIC 995070571,995070571,101
TIC 995080602,995080602,101
TIC 995123771,995123771,101
TIC 995150561,995150561,101
TIC 995163975,995163975,101
TIC 995166527,995166527,101
TIC 995167982,995167982,101
TIC 995214075,995214075,101
TIC 995294332,995294332,101
TIC 995322285,995322285,101
TIC 995322287,995322287,101
TIC 995377218,995377218,101
TIC 995402918,995402918,101
TIC 995413199,995413199,101
TIC 995416624,995416624,101
TIC 995456853,995456853,101
TIC 995517527,995517527,101
TIC 995517852,995517852,101
TIC 995543911,995543911,101
TIC 995545317,995545317,101
TIC 995593688,995593688,101
TIC 995651464,995651464,101
TIC 995657239,995657239,101
TIC 995660956,995660956,101
TIC 995695233,995695233,101
TIC 995696862,995696862,101
TIC 995810399,995810399,101
TIC 995859247,995859247,101
TIC 995889205,995889205,101
TIC 995925868,995925868,101
TIC 995951814,995951814,101
TIC 995956303,995956303,101
TIC 995961798,995961798,101
TIC 995984300,995984300,101
TIC 995987412,995987412,101
TIC 996044830,996044830,101
TIC 996056114,996056114,101
TIC 996078748,996078748,101
TIC 996129369,996129369,101
TIC 996136727,996136727,101
TIC 996142710,996142710,101
TIC 996176863,996176863,101
TIC 996203198,996203198,101
TIC 996233107,996233107,101
TIC 996301658,996301658,101
TIC 996301855,996301855,101
TIC 996304379,996304379,101
TIC 996304652,996304652,101
TIC 996327711,996327711,101
TIC 996334923,996334923,101
TIC 996345773,996345773,101
TIC 996369354,996369354,101
TIC 996383173,996383173,101
TIC 996402779,996402779,101
TIC 996421497,996421497,101
TIC 996423923,996423923,101
TIC 996470988,996470988,101
TIC 996472901,996472901,101
TIC 996506509,996506509,101
TIC 996520985,996520985,101
TIC 996547776,996547776,101
TIC 996564430,996564430,101
TIC 996567930,996567930,101
TIC 996576752,996576752,101
TIC 996601571,996601571,101
TIC 996608626,996608626,101
TIC 996624141,996624141,101
TIC 996624753,996624753,101
TIC 996646839,996646839,101
TIC 996658260,996658260,101
TIC 996717631,996717631,101
TIC 996732597,996732597,101
TIC 996733477,996733477,101
TIC 996755547,996755547,101
TIC 996762415,996762415,101
TIC 996764588,996764588,101
TIC 996772696,996772696,101
TIC 996785559,996785559,101
TIC 996804831,996804831,101
TIC 996811288,996811288,101
TIC 996815370,996815370,101
TIC 996817741,996817741,101
TIC 996823250,996823250,101
TIC 996826889,996826889,101
TIC 996863811,996863811,101
TIC 996866757,996866757,101
TIC 996867478,996867478,101
TIC 996890888,996890888,101
TIC 996892404,996892404,101
TIC 996893752,996893752,101
TIC 996897454,996897454,101
TIC 996929610,996929610,101
TIC 996960288,996960288,101
TIC 996989762,996989762,101
TIC 996995906,996995906,101
TIC 997000274,997000274,101
TIC 997011910,997011910,101
TIC 997017008,997017008,101
TIC 997020567,997020567,101
TIC 997025860,997025860,101
TIC 997032704,997032704,101
TIC 997038684,997038684,101
TIC 997038707,997038707,101
TIC 997045024,997045024,101
TIC 997063224,997063224,101
TIC 997064276,997064276,101
TIC 997064591,997064591,101
TIC 997070022,997070022,101
TIC 997080015,997080015,101
TIC 997125780,997125780,101
TIC 997130770,997130770,101
TIC 997132646,997132646,101
TIC 997139678,997139678,101
TIC 997151496,997151496,101
TIC 997156774,997156774,101
TIC 997162093,997162093,101
TIC 997164021,997164021,101
TIC 997172630,997172630,101
TIC 997173503,997173503,101
TIC 997173603,997173603,101
TIC 997186019,997186019,101
TIC 997197679,997197679,101
TIC 997198285,997198285,101
TIC 997207315,997207315,101
TIC 997209089,997209089,101
TIC 997212965,997212965,101
TIC 997223100,997223100,101
TIC 997223839,997223839,101
TIC 997226066,997226066,101
TIC 997230561,997230561,101
TIC 997235626,997235626,101
TIC 997235627,997235627,101
TIC 997247752,997247752,101
TIC 997250752,997250752,101
TIC 997259322,997259322,101
TIC 997262060,997262060,101
TIC 997274159,997274159,101
TIC 997293861,997293861,101
TIC 997295779,997295779,101
TIC 997302467,997302467,101
TIC 997302967,997302967,101
TIC 997310715,997310715,101
TIC 997311463,997311463,101
TIC 997311750,997311750,101
TIC 997320456,997320456,101
TIC 997336843,997336843,101
TIC 997339422,997339422,101
TIC 997341072,997341072,101
TIC 997349686,997349686,101
TIC 997349869,997349869,101
TIC 997368523,997368523,101
TIC 997372427,997372427,101
TIC 997372864,997372864,101
TIC 997387168,997387168,101
TIC 997397778,997397778,101
TIC 997427585,997427585,101
TIC 997427636,997427636,101
TIC 997448111,997448111,101
TIC 997450250,997450250,101
TIC 997455580,997455580,101
TIC 997461100,997461100,101
TIC 997477827,997477827,101
TIC 997479839,997479839,101
TIC 997483751,997483751,101
TIC 997484079,997484079,101
TIC 997499769,997499769,101
TIC 997516677,997516677,101
TIC 997527774,997527774,101
TIC 997548193,997548193,101
TIC 997568208,997568208,101
TIC 997569067,997569067,101
TIC 997584995,997584995,101
TIC 997597446,997597446,101
TIC 997622741,997622741,101
TIC 997656296,997656296,101
TIC 997660515,997660515,101
TIC 997660563,997660563,101
TIC 997660835,997660835,101
TIC 997662758,997662758,101
TIC 997667496,997667496,101
TIC 997676170,997676170,101
TIC 997683448,997683448,101
TIC 997686856,997686856,101
TIC 997712072,997712072,101
TIC 997716225,997716225,101
TIC 997719447,997719447,101
TIC 997738604,997738604,101
TIC 997751936,997751936,101
TIC 997780608,997780608,101
TIC 997791413,997791413,101
TIC 997816646,997816646,101
TIC 997817479,997817479,101
TIC 997823229,997823229,101
TIC 997826839,997826839,101
TIC 997827975,997827975,101
TIC 997837119,997837119,101
TIC 997851120,997851120,101
TIC 997893642,997893642,101
TIC 997894852,997894852,101
TIC 997902788,997902788,101
TIC 997913180,997913180,101
TIC 997917431,997917431,101
TIC 997953332,997953332,101
TIC 997959408,997959408,101
TIC 997973492,997973492,101
TIC 997993457,997993457,101
TIC 997993679,997993679,101
TIC 997997265,997997265,101
TIC 998000304,998000304,101
TIC 998000809,998000809,101
TIC 998009688,998009688,101
TIC 998010890,998010890,101
TIC 998025860,998025860,101
TIC 998028736,998028736,101
TIC 998046027,998046027,101
TIC 998052158,998052158,101
TIC 998052453,998052453,101
TIC 998055349,998055349,101
TIC 998059769,998059769,101
TIC 998062494,998062494,101
TIC 998076725,998076725,101
TIC 998077574,998077574,101
TIC 998084373,998084373,101
TIC 998090293,998090293,101
TIC 998091974,998091974,101
TIC 998101210,998101210,101
TIC 998116833,998116833,101
TIC 998130626,998130626,101
TIC 998131415,998131415,101
TIC 998135949,998135949,101
TIC 998137857,998137857,101
TIC 998151012,998151012,101
TIC 998154214,998154214,101
TIC 998157407,998157407,101
TIC 998158459,998158459,101
TIC 998159097,998159097,101
TIC 998163164,998163164,101
TIC 998171390,998171390,101
TIC 998172375,998172375,101
TIC 998173479,998173479,101
TIC 998186047,998186047,101
TIC 998190816,998190816,101
TIC 998198375,998198375,101
TIC 998198637,998198637,101
TIC 998200133,998200133,101
TIC 998201734,998201734,101
TIC 998212363,998212363,101
TIC 998214237,998214237,101
TIC 998221324,998221324,101
TIC 998221424,998221424,101
TIC 998232728,998232728,101
TIC 998232992,998232992,101
TIC 998245650,998245650,101
TIC 998267128,998267128,101
TIC 998268764,998268764,101
TIC 998277517,998277517,101
TIC 998294226,998294226,101
TIC 998299647,998299647,101
TIC 998311067,998311067,101
TIC 998311843,998311843,101
TIC 998329767,998329767,101
TIC 998331040,998331040,101
TIC 998337193,998337193,101
TIC 998349039,998349039,101
TIC 998352602,998352602,101
TIC 998361438,998361438,101
TIC 998361652,998361652,101
TIC 998370230,998370230,101
TIC 998374235,998374235,101
TIC 998375711,998375711,101
TIC 998380971,998380971,101
TIC 998388431,998388431,101
TIC 998390493,998390493,101
TIC 998393564,998393564,101
TIC 998401048,998401048,101
TIC 998406602,998406602,101
TIC 998410845,998410845,101
TIC 998416710,998416710,101
TIC 998430514,998430514,101
TIC 998433933,998433933,101
TIC 998437807,998437807,101
TIC 998439348,998439348,101
TIC 998443884,998443884,101
TIC 998460227,998460227,101
TIC 998467991,998467991,101
TIC 998472665,998472665,101
TIC 998506186,998506186,101
TIC 998508161,998508161,101
TIC 998514237,998514237,101
TIC 998515178,998515178,101
TIC 998515862,998515862,101
TIC 998526545,998526545,101
TIC 998530612,998530612,101
TIC 998531927,998531927,101
TIC 998538144,998538144,101
TIC 998538220,998538220,101
TIC 998540475,998540475,101
TIC 998541793,998541793,101
TIC 998542676,998542676,101
TIC 998557099,998557099,101
TIC 998563955,998563955,101
TIC 998567807,998567807,101
TIC 998568888,998568888,101
TIC 998573039,998573039,101
TIC 998586916,998586916,101
TIC 998590925,998590925,101
TIC 998599200,998599200,101
TIC 998609660,998609660,101
TIC 998611179,998611179,101
TIC 998612310,998612310,101
TIC 998621204,998621204,101
TIC 998622092,998622092,101
TIC 998627481,998627481,101
TIC 998628265,998628265,101
TIC 998648741,998648741,101
TIC 998650507,998650507,101
TIC 998653639,998653639,101
TIC 998655108,998655108,101
TIC 998657210,998657210,101
TIC 998672167,998672167,101
TIC 998682503,998682503,101
TIC 998687275,998687275,101
TIC 998689776,998689776,101
TIC 998690920,998690920,101
TIC 998693128,998693128,101
TIC 998700577,998700577,101
TIC 998702329,998702329,101
TIC 998703561,998703561,101
TIC 998708182,998708182,101
TIC 998713937,998713937,101
TIC 998728304,998728304,101
TIC 998740767,998740767,101
TIC 998743188,998743188,101
TIC 998751409,998751409,101
TIC 998753265,998753265,101
TIC 998758285,998758285,101
TIC 998774453,998774453,101
TIC 998785635,998785635,101
TIC 998787431,998787431,101
TIC 998788393,998788393,101
TIC 998788954,998788954,101
TIC 998789847,998789847,101
TIC 998799390,998799390,101
TIC 998810390,998810390,101
TIC 998822807,998822807,101
TIC 998825671,998825671,101
TIC 998826404,998826404,101
TIC 998836281,998836281,101
TIC 998838862,998838862,101
TIC 998839694,998839694,101
TIC 998846126,998846126,101
TIC 998849734,998849734,101
TIC 998861003,998861003,101
TIC 998861256,998861256,101
TIC 998868706,998868706,101
TIC 998876005,998876005,101
TIC 998879351,998879351,101
TIC 998880006,998880006,101
TIC 998880537,998880537,101
TIC 998883130,998883130,101
TIC 998895396,998895396,101
TIC 998895908,998895908,101
TIC 998896575,998896575,101
TIC 998910320,998910320,101
TIC 998910835,998910835,101
TIC 998913852,998913852,101
TIC 998926778,998926778,101
TIC 998930963,998930963,101
TIC 998935380,998935380,101
TIC 998936442,998936442,101
TIC 998946477,998946477,101
TIC 998949940,998949940,101
TIC 998955839,998955839,101
TIC 998964279,998964279,101
TIC 998967358,998967358,101
TIC 998974306,998974306,101
TIC 998974598,998974598,101
TIC 998976770,998976770,101
TIC 998978256,998978256,101
TIC 998980122,998980122,101
TIC 998982333,998982333,101
TIC 998983866,998983866,101
TIC 998986010,998986010,101
TIC 998990075,998990075,101
TIC 999004211,999004211,101
TIC 999011507,999011507,101
TIC 999013537,999013537,101
TIC 999019641,999019641,101
TIC 999054248,999054248,101
TIC 999055286,999055286,101
TIC 999058328,999058328,101
TIC 999071213,999071213,101
TIC 999072434,999072434,101
TIC 999074645,999074645,101
TIC 999083105,999083105,101
TIC 999084898,999084898,101
TIC 999085360,999085360,101
TIC 999087333,999087333,101
TIC 999089430,999089430,101
TIC 999093852,999093852,101
TIC 999097903,999097903,101
TIC 999099646,999099646,101
TIC 999110366,999110366,101
TIC 999119023,999119023,101
TIC 999119370,999119370,101
TIC 999126467,999126467,101
TIC 999128598,999128598,101
TIC 999137749,999137749,101
TIC 999140655,999140655,101
TIC 999141677,999141677,101
TIC 999143470,999143470,101
TIC 999143479,999143479,101
TIC 999145244,999145244,101
TIC 999145364,999145364,101
TIC 999158799,999158799,101
TIC 999161512,999161512,101
TIC 1003266603,1003266603,101
TIC 1003308255,1003308255,101
TIC 1003335192,1003335192,101
TIC 1003373051,1003373051,101
TIC 1003378857,1003378857,101
TIC 1003394528,1003394528,101
TIC 1003406406,1003406406,101
TIC 1003414425,1003414425,101
TIC 1003425060,1003425060,101
TIC 1003428402,1003428402,101
TIC 1003428795,1003428795,101
TIC 1003450570,1003450570,101
TIC 1003465396,1003465396,101
TIC 1003489801,1003489801,101
TIC 1003515530,1003515530,101
TIC 1003518839,1003518839,101
TIC 1003523261,1003523261,101
TIC 1003536775,1003536775,101
TIC 1003609070,1003609070,101
TIC 1003704466,1003704466,101
TIC 1003707754,1003707754,101
TIC 1003880501,1003880501,101
TIC 1003889946,1003889946,101
TIC 1003908127,1003908127,101
TIC 1004009220,1004009220,101
TIC 1004039191,1004039191,101
TIC 1004040304,1004040304,101
TIC 1004119790,1004119790,101
TIC 1004184883,1004184883,101
TIC 1004194896,1004194896,101
TIC 1004210085,1004210085,101
TIC 1004232295,1004232295,101
TIC 1004269152,1004269152,101
TIC 1004384891,1004384891,101
TIC 1004633564,1004633564,101
TIC 1004675512,1004675512,101
TIC 1004704397,1004704397,101
TIC 1004761491,1004761491,101
TIC 1004766921,1004766921,101
TIC 1004814228,1004814228,101
TIC 1004836148,1004836148,101
TIC 1004909410,1004909410,101
TIC 1004931209,1004931209,101
TIC 1005105227,1005105227,101
TIC 1005111962,1005111962,101
TIC 1005178292,1005178292,101
TIC 1005311861,1005311861,101
TIC 1005391943,1005391943,101
TIC 1005407467,1005407467,101
TIC 1005474830,1005474830,101
TIC 1005577936,1005577936,101
TIC 1005618022,1005618022,101
TIC 1005722423,1005722423,101
TIC 1005788536,1005788536,101
TIC 1005920818,1005920818,101
TIC 1005963203,1005963203,101
TIC 1006175739,1006175739,101
TIC 1006288903,1006288903,101
TIC 1006799060,1006799060,101
TIC 1006841048,1006841048,101
TIC 1006866336,1006866336,101
TIC 1006919839,1006919839,101
TIC 1007673440,1007673440,101
TIC 1007688457,1007688457,101
TIC 1008015941,1008015941,101
TIC 1008151655,1008151655,101
TIC 1008171775,1008171775,101
TIC 1008431389,1008431389,101
TIC 1008472631,1008472631,101
TIC 1008631942,1008631942,101
TIC 1008961907,1008961907,101
TIC 1009492409,1009492409,101
TIC 1009967994,1009967994,101
TIC 1010143444,1010143444,101
TIC 1010268101,1010268101,101
TIC 1011975395,1011975395,101
TIC 1012369190,1012369190,101
TIC 1012395084,1012395084,101
TIC 1013105904,1013105904,101
TIC 1014345755,1014345755,101
TIC 1014642775,1014642775,101
TIC 1014878427,1014878427,101
TIC 1014992224,1014992224,101
TIC 1015170996,1015170996,101
TIC 1015743991,1015743991,101
TIC 1015865163,1015865163,101
TIC 1016451816,1016451816,101
TIC 1019213457,1019213457,101
TIC 1019241505,1019241505,101
TIC 1021022453,1021022453,101
TIC 1021048217,1021048217,101
TIC 1021070736,1021070736,101
TIC 1021094731,1021094731,101
TIC 1021098857,1021098857,101
TIC 1023824714,1023824714,101
TIC 1024220941,1024220941,101
TIC 1024643930,1024643930,101
TIC 1024655770,1024655770,101
TIC 1024791821,1024791821,101
TIC 1025494015,1025494015,101
TIC 1026460964,1026460964,101
TIC 1027282812,1027282812,101
TIC 1027470798,1027470798,101
TIC 1027691209,1027691209,101
TIC 1027878532,1027878532,101
TIC 1027892192,1027892192,101
TIC 1029025705,1029025705,101
TIC 1029483523,1029483523,101
TIC 1030334118,1030334118,101
TIC 1030971374,1030971374,101
TIC 1031896593,1031896593,101
TIC 1033337776,1033337776,101
TIC 1033374971,1033374971,101
TIC 1033537942,1033537942,101
TIC 1034816398,1034816398,101
TIC 1034919592,1034919592,101
TIC 1035067426,1035067426,101
TIC 1035122395,1035122395,101
TIC 1035506505,1035506505,101
TIC 1036144604,1036144604,101
TIC 1036787264,1036787264,101
TIC 1037283714,1037283714,101
TIC 1037373089,1037373089,101
TIC 1037657155,1037657155,101
TIC 1038166243,1038166243,101
TIC 1038933478,1038933478,101
TIC 1039012860,1039012860,101
TIC 1039502757,1039502757,101
TIC 1039740967,1039740967,101
TIC 1039866065,1039866065,101
TIC 1040118833,1040118833,101
TIC 1040210347,1040210347,101
TIC 1040889374,1040889374,101
TIC 1041068042,1041068042,101
TIC 1041339747,1041339747,101
TIC 1041608591,1041608591,101
TIC 1041634458,1041634458,101
TIC 1041659960,1041659960,101
TIC 1041776522,1041776522,101
TIC 1042096225,1042096225,101
TIC 1042134753,1042134753,101
TIC 1042208394,1042208394,101
TIC 1042277199,1042277199,101
TIC 1042422555,1042422555,101
TIC 1042535545,1042535545,101
TIC 1042555221,1042555221,101
TIC 1042567360,1042567360,101
TIC 1042587717,1042587717,101
TIC 1042640023,1042640023,101
TIC 1042705350,1042705350,101
TIC 1042747943,1042747943,101
TIC 1042843089,1042843089,101
TIC 1042876519,1042876519,101
TIC 1043202924,1043202924,101
TIC 1043996843,1043996843,101
TIC 1044263939,1044263939,101
TIC 1044877096,1044877096,101
TIC 1044897635,1044897635,101
TIC 1045059014,1045059014,101
TIC 1045234918,1045234918,101
TIC 1045258287,1045258287,101
TIC 1045484110,1045484110,101
TIC 1045713529,1045713529,101
TIC 1045859826,1045859826,101
TIC 1045911076,1045911076,101
TIC 1045937257,1045937257,101
TIC 1045984502,1045984502,101
TIC 1046037194,1046037194,101
TIC 1046192943,1046192943,101
TIC 1046205453,1046205453,101
TIC 1046208792,1046208792,101
TIC 1046211270,1046211270,101
TIC 1046284977,1046284977,101
TIC 1046304889,1046304889,101
TIC 1046355888,1046355888,101
TIC 1046396436,1046396436,101
TIC 1046397051,1046397051,101
TIC 1046485709,1046485709,101
TIC 1046516381,1046516381,101
TIC 1046542839,1046542839,101
TIC 1046570059,1046570059,101
TIC 1046648048,1046648048,101
TIC 1046695891,1046695891,101
TIC 1046725230,1046725230,101
TIC 1046819420,1046819420,101
TIC 1046883981,1046883981,101
TIC 1046911311,1046911311,101
TIC 1047023194,1047023194,101
TIC 1047165962,1047165962,101
TIC 1047192978,1047192978,101
TIC 1047207697,1047207697,101
TIC 1047223002,1047223002,101
TIC 1047256010,1047256010,101
TIC 1047275607,1047275607,101
TIC 1047405015,1047405015,101
TIC 1047408868,1047408868,101
TIC 1047483086,1047483086,101
TIC 1047490509,1047490509,101
TIC 1047491613,1047491613,101
TIC 1047509907,1047509907,101
TIC 1047523033,1047523033,101
TIC 1047556345,1047556345,101
TIC 1047800300,1047800300,101
TIC 1047826255,1047826255,101
TIC 1047867173,1047867173,101
TIC 1047926262,1047926262,101
TIC 1047955082,1047955082,101
TIC 1047990464,1047990464,101
TIC 1047991166,1047991166,101
TIC 1048021708,1048021708,101
TIC 1048136303,1048136303,101
TIC 1048268676,1048268676,101
TIC 1048268721,1048268721,101
TIC 1048275514,1048275514,101
TIC 1048285348,1048285348,101
TIC 1048320342,1048320342,101
TIC 1048338207,1048338207,101
TIC 1048366999,1048366999,101
TIC 1048371176,1048371176,101
TIC 1048377962,1048377962,101
TIC 1048407477,1048407477,101
TIC 1048459547,1048459547,101
TIC 1048488023,1048488023,101
TIC 1048489953,1048489953,101
TIC 1048511431,1048511431,101
TIC 1048516698,1048516698,101
TIC 1048528518,1048528518,101
TIC 1048532098,1048532098,101
TIC 1048549066,1048549066,101
TIC 1048558171,1048558171,101
TIC 1048559063,1048559063,101
TIC 1048569267,1048569267,101
TIC 1048569685,1048569685,101
TIC 1048590784,1048590784,101
TIC 1048668528,1048668528,101
TIC 1048797573,1048797573,101
TIC 1048802641,1048802641,101
TIC 1048970171,1048970171,101
TIC 1049033962,1049033962,101
TIC 1049087237,1049087237,101
TIC 1049123738,1049123738,101
TIC 1049162736,1049162736,101
TIC 1049425400,1049425400,101
TIC 1049463807,1049463807,101
TIC 1049474022,1049474022,101
TIC 1049547524,1049547524,101
TIC 1049564824,1049564824,101
TIC 1049606000,1049606000,101
TIC 1049609554,1049609554,101
TIC 1049694731,1049694731,101
TIC 1049703870,1049703870,101
TIC 1049706776,1049706776,101
TIC 1049775881,1049775881,101
TIC 1049944332,1049944332,101
TIC 1050103289,1050103289,101
TIC 1050172373,1050172373,101
TIC 1050414815,1050414815,101
TIC 1050418416,1050418416,101
TIC 1050418420,1050418420,101
TIC 1050457550,1050457550,101
TIC 1050517210,1050517210,101
TIC 1050585854,1050585854,101
TIC 1050693939,1050693939,101
TIC 1050718766,1050718766,101
TIC 1050749383,1050749383,101
TIC 1050789054,1050789054,101
TIC 1050800792,1050800792,101
TIC 1050825704,1050825704,101
TIC 1050825746,1050825746,101
TIC 1050840970,1050840970,101
TIC 1050876175,1050876175,101
TIC 1051046634,1051046634,101
TIC 1051073133,1051073133,101
TIC 1051086189,1051086189,101
TIC 1051103267,1051103267,101
TIC 1051173290,1051173290,101
TIC 1051174970,1051174970,101
TIC 1051412694,1051412694,101
TIC 1052676721,1052676721,101
TIC 1052683080,1052683080,101
TIC 1052724612,1052724612,101
TIC 1052771062,1052771062,101
TIC 1052796804,1052796804,101
TIC 1052815728,1052815728,101
TIC 1052834713,1052834713,101
TIC 1052871185,1052871185,101
TIC 1052876458,1052876458,101
TIC 1052877428,1052877428,101
TIC 1052907665,1052907665,101
TIC 1052920954,1052920954,101
TIC 1052950591,1052950591,101
TIC 1052961787,1052961787,101
TIC 1052969050,1052969050,101
TIC 1053006126,1053006126,101
TIC 1053006810,1053006810,101
TIC 1053013437,1053013437,101
TIC 1053054503,1053054503,101
TIC 1053059939,1053059939,101
TIC 1053095467,1053095467,101
TIC 1053097727,1053097727,101
TIC 1053274532,1053274532,101
TIC 1053275226,1053275226,101
TIC 1053285155,1053285155,101
TIC 1053427157,1053427157,101
TIC 1053446081,1053446081,101
TIC 1053456310,1053456310,101
TIC 1053481558,1053481558,101
TIC 1053492301,1053492301,101
TIC 1053493093,1053493093,101
TIC 1053511553,1053511553,101
TIC 1053511770,1053511770,101
TIC 1053525643,1053525643,101
TIC 1053526124,1053526124,101
TIC 1053542009,1053542009,101
TIC 1053547253,1053547253,101
TIC 1053549131,1053549131,101
TIC 1053550737,1053550737,101
TIC 1053571914,1053571914,101
TIC 1053578934,1053578934,101
TIC 1053608072,1053608072,101
TIC 1053612466,1053612466,101
TIC 1053624807,1053624807,101
TIC 1053659330,1053659330,101
TIC 1053663184,1053663184,101
TIC 1053667706,1053667706,101
TIC 1053682774,1053682774,101
TIC 1053689048,1053689048,101
TIC 1053695312,1053695312,101
TIC 1053695696,1053695696,101
TIC 1053851708,1053851708,101
TIC 1054790579,1054790579,101
TIC 1054790756,1054790756,101
TIC 1054793244,1054793244,101
TIC 1054799329,1054799329,101
TIC 1054800919,1054800919,101
TIC 1054803344,1054803344,101
TIC 1054807402,1054807402,101
TIC 1054838853,1054838853,101
TIC 1054843077,1054843077,101
TIC 1054844040,1054844040,101
TIC 1054848812,1054848812,101
TIC 1054867448,1054867448,101
TIC 1054875815,1054875815,101
TIC 1054878505,1054878505,101
TIC 1054884054,1054884054,101
TIC 1054918588,1054918588,101
TIC 1054926636,1054926636,101
TIC 1054946070,1054946070,101
TIC 1054948543,1054948543,101
TIC 1054948810,1054948810,101
TIC 1054949078,1054949078,101
TIC 1054962552,1054962552,101
TIC 1054966326,1054966326,101
TIC 1054996228,1054996228,101
TIC 1055000325,1055000325,101
TIC 1055006335,1055006335,101
TIC 1055009748,1055009748,101
TIC 1055011032,1055011032,101
TIC 1055038986,1055038986,101
TIC 1055045678,1055045678,101
TIC 1055047752,1055047752,101
TIC 1055140839,1055140839,101
TIC 1055140870,1055140870,101
TIC 1055142169,1055142169,101
TIC 1055161066,1055161066,101
TIC 1055223788,1055223788,101
TIC 1055226381,1055226381,101
TIC 1055230180,1055230180,101
TIC 1055240092,1055240092,101
TIC 1055248940,1055248940,101
TIC 1055265920,1055265920,101
TIC 1055274899,1055274899,101
TIC 1055293845,1055293845,101
TIC 1055350599,1055350599,101
TIC 1055351898,1055351898,101
TIC 1055353514,1055353514,101
TIC 1055359819,1055359819,101
TIC 1055858923,1055858923,101
TIC 1055859251,1055859251,101
TIC 1055860532,1055860532,101
TIC 1103945451,1103945451,101
TIC 1103947899,1103947899,101
TIC 1103957810,1103957810,101
TIC 1103963893,1103963893,101
TIC 1103971598,1103971598,101
TIC 1103992557,1103992557,101
TIC 1103995620,1103995620,101
TIC 1103998194,1103998194,101
TIC 1104002367,1104002367,101
TIC 1104014914,1104014914,101
TIC 1104035214,1104035214,101
TIC 1104040792,1104040792,101
TIC 1104047429,1104047429,101
TIC 1104051689,1104051689,101
TIC 1104067023,1104067023,101
TIC 1104085474,1104085474,101
TIC 1104117769,1104117769,101
TIC 1104130260,1104130260,101
TIC 1104144605,1104144605,101
TIC 1104154071,1104154071,101
TIC 1104167232,1104167232,101
TIC 1104203997,1104203997,101
TIC 1104205409,1104205409,101
TIC 1104212600,1104212600,101
TIC 1104220289,1104220289,101
TIC 1104242278,1104242278,101
TIC 1104271793,1104271793,101
TIC 1104313920,1104313920,101
TIC 1104316211,1104316211,101
TIC 1104350315,1104350315,101
TIC 1104403971,1104403971,101
TIC 1104413010,1104413010,101
TIC 1104426868,1104426868,101
TIC 1104466249,1104466249,101
TIC 1104516728,1104516728,101
TIC 1104519025,1104519025,101
TIC 1104525900,1104525900,101
TIC 1104631060,1104631060,101
TIC 1104637350,1104637350,101
TIC 1104707826,1104707826,101
TIC 1104736805,1104736805,101
TIC 1104764240,1104764240,101
TIC 1104811286,1104811286,101
TIC 1104822187,1104822187,101
TIC 1104855946,1104855946,101
TIC 1104884669,1104884669,101
TIC 1105004976,1105004976,101
TIC 1105039521,1105039521,101
TIC 1105040564,1105040564,101
TIC 1105051987,1105051987,101
TIC 1105107520,1105107520,101
TIC 1105130818,1105130818,101
TIC 1105165257,1105165257,101
TIC 1105252698,1105252698,101
TIC 1105306403,1105306403,101
TIC 1105350681,1105350681,101
TIC 1105354652,1105354652,101
TIC 1105359763,1105359763,101
