target,tic_id,sector,sectors,tmag,ra_deg,dec_deg,camera,ccd,teff_k,stellar_radius_solar,stellar_mass_solar,distance_pc,luminosity_class,stellar_selection_tier,small_planet_merit,selection_rank
TIC 53932818,53932818,100,100,8.22,159.106,-31.5507,1,1,8799.0,2.47674,2.21,270.74,DWARF,2,2.431761,1
TIC 410411663,410411663,100,100,8.61,167.1148,-18.1137,1,2,7029.0,2.14402,1.55,214.528,DWARF,2,2.384458,2
TIC 54964736,54964736,100,100,9.06,160.407,-11.4116,1,3,7510.0,1.93519,1.732,260.149,DWARF,2,2.385447,3
TIC 396810174,396810174,100,100,9.14,147.7821,-13.5281,1,4,7872.0,1.91704,1.879,286.773,DWARF,2,2.393262,4
TIC 303583303,303583303,100,100,8.69,160.1027,-50.1,2,1,8726.0,2.11608,2.19,264.698,DWARF,2,2.389064,5
TIC 181155969,181155969,100,100,8.33,174.1445,-41.4677,2,2,7572.0,2.27086,1.76,219.039,DWARF,2,2.378381,6
TIC 389302435,389302435,100,100,8.94,183.7887,-34.0195,2,3,6715.0,2.09241,1.43,224.657,DWARF,2,2.429294,7
TIC 178660869,178660869,100,100,8.32,165.8743,-43.0228,2,4,6824.0,2.30817,1.47,189.625,DWARF,2,2.390536,8
TIC 248166372,248166372,100,100,8.32,194.1253,-46.2094,3,1,9432.0,2.27813,2.4,278.061,DWARF,2,2.379157,9
TIC 376001917,376001917,100,100,9.39,178.9565,-57.2239,3,2,9734.0,1.78946,2.48,352.603,DWARF,2,2.383444,10
TIC 360945316,360945316,100,100,8.97,191.1558,-74.5044,3,3,7759.0,1.96377,,221.72,DWARF,2,2.380181,11
TIC 413196911,413196911,100,100,9.6,214.6546,-55.8059,3,4,7824.0,1.69422,1.86,286.438,DWARF,2,2.37794,12
TIC 263606058,263606058,100,100,9.53,234.705,-69.1895,4,1,7340.0,1.72415,1.67,279.277,DWARF,2,2.37915,13
TIC 402177975,402177975,100,100,8.45,220.2603,-73.8254,4,2,8076.0,2.22802,1.96,243.255,DWARF,2,2.385838,14
TIC 382252939,382252939,100,100,7.04,286.948,-68.884,4,3,8671.0,3.09964,2.17,193.973,DWARF,2,2.390623,15
TIC 303612770,303612770,100,100,8.97,271.9942,-62.8857,4,4,7745.0,1.95889,,245.428,DWARF,2,2.37802,16
TIC 193220694,193220694,100,100,7.39,157.7708,-24.18,1,1,6916.0,3.14158,1.508,173.416,DWARF,2,2.472296,17
TIC 14616122,14616122,100,100,8.86,173.8479,-24.5706,1,2,5951.96,2.13294,1.089,179.525,DWARF,2,2.429957,18
TIC 385307035,385307035,100,100,8.58,167.5638,-14.3059,1,3,7615.0,2.23416,1.774,244.203,DWARF,2,2.414229,19
TIC 308020274,308020274,100,100,9.31,155.1821,-17.265,1,4,7441.0,1.94383,1.705,289.041,DWARF,2,2.439317,20
TIC 458932349,458932349,100,100,9.03,161.3258,-54.2838,2,1,7762.0,1.96186,1.83,262.654,DWARF,2,2.391336,21
TIC 61940747,61940747,100,100,9.9,177.8858,-44.9667,2,2,7396.0,1.59775,1.69,303.184,DWARF,2,2.387018,22
TIC 389258071,389258071,100,100,9.26,182.613,-34.6041,2,3,7753.0,1.97062,1.83,298.523,DWARF,2,2.441206,23
TIC 158586156,158586156,100,100,8.18,164.53,-38.7132,2,4,8242.0,2.39943,2.02,237.414,DWARF,2,2.396216,24
TIC 256467019,256467019,100,100,8.43,200.0561,-55.7656,3,1,8654.0,2.2287,2.17,234.247,DWARF,2,2.382103,25
TIC 451678276,451678276,100,100,7.23,172.143,-58.142,3,2,10807.0,2.97902,2.81,245.648,DWARF,2,2.394147,26
TIC 328024785,328024785,100,100,7.15,190.1321,-70.5467,3,3,7642.0,3.00187,1.79,167.098,DWARF,2,2.384784,27
TIC 290212747,290212747,100,100,7.64,205.29,-59.2278,3,4,10209.0,2.66709,2.62,241.072,DWARF,2,2.380075,28
TIC 262560353,262560353,100,100,8.54,229.1322,-67.8783,4,1,8828.0,2.16624,2.22,273.71,DWARF,2,2.379413,29
TIC 426281307,426281307,100,100,9.78,240.9336,-74.1308,4,2,8119.0,1.65045,1.98,332.471,DWARF,2,2.391205,30
TIC 404218460,404218460,100,100,9.97,303.7297,-73.5276,4,3,7562.0,1.58596,1.75,321.391,DWARF,2,2.394584,31
TIC 307059112,307059112,100,100,8.93,267.2786,-63.8126,4,4,7929.0,1.97733,1.9,267.532,DWARF,2,2.378158,32
TIC 308887516,308887516,100,100,8.52,150.3957,-26.6686,1,1,6388.0,2.5026,1.278,208.401,DWARF,2,2.500783,33
TIC 363380864,363380864,100,100,9.24,163.8805,-24.0234,1,2,6402.2,2.01055,,171.581,DWARF,2,2.45463,34
TIC 56652182,56652182,100,100,8.65,158.3524,-10.7961,1,3,7005.0,2.21465,1.541,222.426,DWARF,2,2.42061,35
TIC 52027628,52027628,100,100,8.88,149.1746,-20.8443,1,4,5974.0,2.15299,1.097,189.479,DWARF,2,2.442084,36
TIC 272789865,272789865,100,100,8.41,161.5683,-51.9217,2,1,6006.0,2.27828,1.11,157.838,DWARF,2,2.397214,37
TIC 22566061,22566061,100,100,9.96,184.8246,-44.5872,2,2,7351.0,1.57981,1.67,303.249,DWARF,2,2.38921,38
TIC 397367393,397367393,100,100,8.8,177.5748,-29.1289,2,3,6416.0,2.2642,1.292,215.032,DWARF,2,2.46983,39
TIC 158545518,158545518,100,100,7.86,164.3729,-37.8424,2,4,7610.0,2.66301,1.77,207.637,DWARF,2,2.422746,40
TIC 255778355,255778355,100,100,9.36,186.1442,-50.8529,3,1,8045.0,1.80237,1.95,294.287,DWARF,2,2.383688,41
TIC 398883503,398883503,100,100,9.36,180.5732,-59.2009,3,2,7399.0,1.83542,,284.042,DWARF,2,2.399471,42
TIC 328241331,328241331,100,100,8.76,190.212,-67.7403,3,3,8114.0,2.07515,1.97,260.56,DWARF,2,2.386099,43
TIC 292173590,292173590,100,100,8.56,218.2836,-57.2654,3,4,6643.0,2.16005,1.4,182.636,DWARF,2,2.380928,44
TIC 363372886,363372886,100,100,9.36,248.8785,-67.1135,4,1,7423.8,1.79775,1.7,265.545,DWARF,2,2.381459,45
TIC 384153632,384153632,100,100,9.45,243.5899,-80.8448,4,2,8359.0,1.78889,2.07,304.823,DWARF,2,2.395167,46
TIC 310952994,310952994,100,100,9.63,255.8204,-73.6289,4,3,7355.0,1.72324,1.67,291.289,DWARF,2,2.398692,47
TIC 303487343,303487343,100,100,7.57,256.9472,-63.8367,4,4,8340.0,2.71,2.06,207.028,DWARF,2,2.379939,48
TIC 71493811,71493811,100,100,8.35,155.4897,-30.6846,1,1,6168.0,2.6508,1.176,192.887,DWARF,2,2.516754,49
TIC 437269640,437269640,100,100,8.27,174.0288,-22.4792,1,2,5983.0,2.5393,1.1,169.25,DWARF,2,2.463428,50
TIC 55110023,55110023,100,100,9.22,162.4325,-11.1105,1,3,7385.0,2.26468,1.683,320.761,DWARF,2,2.554014,51
TIC 101110749,101110749,100,100,9.23,152.6307,-15.625,1,4,8830.0,2.01417,2.221,352.919,DWARF,2,2.454192,52
TIC 146584885,146584885,100,100,9.66,159.3038,-46.3504,2,1,7483.0,1.74413,1.72,296.518,DWARF,2,2.415158,53
TIC 134868233,134868233,100,100,9.15,183.6895,-37.7752,2,2,7186.0,1.90738,1.61,246.009,DWARF,2,2.390874,54
TIC 181204508,181204508,100,100,7.62,174.6682,-39.2481,2,3,8383.0,2.98446,2.07,227.439,DWARF,2,2.473732,55
TIC 146715928,146715928,100,100,8.72,160.0357,-43.0807,2,4,7732.0,2.27796,1.82,266.963,DWARF,2,2.459092,56
TIC 245382003,245382003,100,100,8.48,199.7762,-53.0787,3,1,9812.0,2.20958,2.51,279.072,DWARF,2,2.384619,57
TIC 450463645,450463645,100,100,9.15,186.2624,-61.3775,3,2,8217.0,1.94832,2.01,289.657,DWARF,2,2.409321,58
TIC 448944029,448944029,100,100,7.94,214.8835,-68.6359,3,3,5403.0,2.50899,0.94,116.782,DWARF,2,2.386998,59
TIC 325824592,325824592,100,100,7.41,209.9926,-65.5422,3,4,8430.0,2.82676,2.09,198.853,DWARF,2,2.384578,60
TIC 427035743,427035743,100,100,8.43,237.441,-67.1801,4,1,8715.0,2.23118,,246.873,DWARF,2,2.383069,61
TIC 361078758,361078758,100,100,8.96,242.0449,-70.8146,4,2,7343.0,2.01185,1.67,248.524,DWARF,2,2.399191,62
TIC 352002450,352002450,100,100,7.7,283.0418,-73.6082,4,3,8567.0,2.69421,2.14,221.355,DWARF,2,2.400863,63
TIC 365601841,365601841,100,100,8.56,274.0892,-63.3402,4,4,8980.0,2.15872,2.27,280.895,DWARF,2,2.380393,64
TIC 47725074,47725074,100,100,8.53,158.9729,-29.1295,1,1,7460.0,2.54519,1.712,267.442,DWARF,2,2.51744,65
TIC 1542182,1542182,100,100,8.92,169.5876,-16.5514,1,2,7240.0,2.2002,1.627,264.375,DWARF,2,2.468924,66
TIC 396900611,396900611,100,100,8.24,168.7252,-11.2342,1,3,6334.0,2.93436,1.25,211.649,DWARF,2,2.583027,67
TIC 286680386,286680386,100,100,8.92,152.7417,-19.9569,1,4,5356.6,2.18533,,97.4242,DWARF,2,2.463034,68
TIC 304229131,304229131,100,100,8.28,164.9137,-55.0295,2,1,6665.0,2.45061,1.41,192.317,DWARF,2,2.434548,69
TIC 72754292,72754292,100,100,9.38,188.3091,-46.7895,2,2,8028.0,1.82147,1.94,302.376,DWARF,2,2.396844,70
TIC 165560320,165560320,100,100,9.82,180.8837,-36.9155,2,3,7118.0,1.85328,1.58,320.106,DWARF,2,2.499882,71
TIC 71546531,71546531,100,100,8.84,155.758,-34.1411,2,4,6761.0,2.23868,1.45,230.249,DWARF,2,2.467984,72
TIC 244866715,244866715,100,100,9.93,196.6117,-48.3454,3,1,7504.0,1.60047,1.73,311.083,DWARF,2,2.394495,73
TIC 466628058,466628058,100,100,8.86,166.3678,-61.8453,3,2,8325.0,2.14025,,273.217,DWARF,2,2.432929,74
TIC 309809796,309809796,100,100,8.82,184.832,-65.8264,3,3,8015.0,2.04956,,229.095,DWARF,2,2.387321,75
TIC 449500995,449500995,100,100,8.09,200.1782,-60.8607,3,4,7848.0,2.42743,1.87,207.182,DWARF,2,2.388293,76
TIC 343592521,343592521,100,100,9.23,241.1797,-64.8337,4,1,7905.0,1.86048,1.89,282.461,DWARF,2,2.38525,77
TIC 396218517,396218517,100,100,8.22,211.8085,-74.49,4,2,7872.0,2.40347,1.88,226.484,DWARF,2,2.405677,78
TIC 410347776,410347776,100,100,9.58,289.818,-70.1362,4,3,8705.0,1.74913,2.18,348.08,DWARF,2,2.401644,79
TIC 304486461,304486461,100,100,8.3,259.8637,-64.1135,4,4,6845.0,2.2942,1.48,191.374,DWARF,2,2.381263,80
TIC 193157890,193157890,100,100,8.6,157.2698,-29.5842,1,1,7348.0,2.56173,1.668,272.475,DWARF,2,2.537067,81
TIC 423523507,423523507,100,100,8.6,169.194,-21.8805,1,2,7094.0,2.41038,1.574,239.456,DWARF,2,2.484171,82
TIC 385268871,385268871,100,100,8.9,167.4503,-15.0883,1,3,8001.0,2.53683,1.93,337.914,DWARF,2,2.588583,83
TIC 1524976,1524976,100,100,9.76,153.5418,-17.1685,1,4,8006.0,1.83045,1.933,362.491,DWARF,2,2.477116,84
TIC 61415299,61415299,100,100,9.27,175.9255,-47.9246,2,1,7667.0,1.97055,1.8,295.559,DWARF,2,2.443175,85
TIC 345180382,345180382,100,100,8.82,177.3608,-41.3654,2,2,7415.0,2.09009,1.69,238.055,DWARF,2,2.40433,86
TIC 157174648,157174648,100,100,9.62,175.5507,-34.0926,2,3,7736.0,1.95756,1.82,344.422,DWARF,2,2.50743,87
TIC 106503819,106503819,100,100,9.46,159.9655,-37.6434,2,4,7404.0,1.98668,1.69,314.096,DWARF,2,2.488256,88
TIC 253073036,253073036,100,100,8.05,194.3886,-57.4492,3,1,7511.0,2.47307,1.73,202.506,DWARF,2,2.396473,89
TIC 94464047,94464047,100,100,9.7,177.4569,-53.685,3,2,7469.0,1.77105,1.72,306.736,DWARF,2,2.436462,90
TIC 448787911,448787911,100,100,9.28,213.2076,-70.8201,3,3,7967.0,1.84697,1.92,279.276,DWARF,2,2.38892,91
TIC 448759832,448759832,100,100,8.19,213.0605,-65.951,3,4,9015.0,2.38518,2.28,250.676,DWARF,2,2.393042,92
TIC 282412997,282412997,100,100,8.47,232.7823,-59.2736,4,1,7797.0,2.21709,1.85,224.919,DWARF,2,2.385567,93
TIC 403563518,403563518,100,100,9.9,231.3348,-72.433,4,2,7901.0,1.64474,1.89,339.576,DWARF,2,2.412195,94
TIC 340849137,340849137,100,100,8.03,293.449,-75.2536,4,3,6412.0,2.5126,1.29,165.053,DWARF,2,2.406247,95
TIC 380913340,380913340,100,100,8.15,270.1783,-62.1601,4,4,7937.0,2.38162,1.91,223.282,DWARF,2,2.383745,96
TIC 423437629,423437629,100,100,9.43,157.645,-22.5211,1,1,8772.0,2.14341,2.2,407.272,DWARF,2,2.548211,97
TIC 434492860,434492860,100,100,8.34,172.814,-21.128,1,2,6444.0,2.61285,1.305,203.614,DWARF,2,2.502229,98
TIC 55096214,55096214,100,100,8.45,161.9232,-9.5018,1,3,7405.0,2.82011,1.69,280.866,DWARF,2,2.590532,99
TIC 101224405,101224405,100,100,9.24,155.5966,-17.4973,1,4,5983.5,2.23043,1.1,231.739,DWARF,2,2.544777,100
TIC 389096669,389096669,100,100,9.99,177.8624,-50.8488,2,1,7330.0,1.68677,1.66,328.207,DWARF,2,2.452112,101
TIC 273219471,273219471,100,100,9.94,185.718,-48.045,2,2,7551.0,1.65889,1.75,325.011,DWARF,2,2.427635,102
TIC 278050655,278050655,100,100,8.41,178.2973,-36.3652,2,3,6235.0,2.6308,1.21,196.594,DWARF,2,2.522176,103
TIC 158151583,158151583,100,100,9.51,162.1765,-37.7212,2,4,7763.0,2.00222,1.83,343.278,DWARF,2,2.505024,104
TIC 334782805,334782805,100,100,9.71,184.4445,-53.2543,3,1,7792.0,1.68774,1.85,314.123,DWARF,2,2.396611,105
TIC 308466048,308466048,100,100,8.9,184.2954,-60.1943,3,2,7565.0,2.14596,1.75,222.718,DWARF,2,2.443243,106
TIC 336945444,336945444,100,100,8.35,196.5436,-68.1596,3,3,7940.0,2.29681,,178.4428,DWARF,2,2.39225,107
TIC 456963322,456963322,100,100,9.56,201.6231,-59.3178,3,4,8198.0,1.77086,2.01,312.0,DWARF,2,2.408368,108
TIC 426844180,426844180,100,100,9.49,236.602,-68.9132,4,1,7971.0,1.76952,1.92,309.928,DWARF,2,2.393711,109
TIC 309638349,309638349,100,100,8.21,248.1861,-71.9436,4,2,8205.0,2.47905,2.01,249.147,DWARF,2,2.430571,110
TIC 422139499,422139499,100,100,9.27,280.5732,-74.4662,4,3,7366.0,1.89973,1.68,261.076,DWARF,2,2.411384,111
TIC 364623323,364623323,100,100,9.88,253.9529,-68.1688,4,4,8101.0,1.6182,1.97,344.388,DWARF,2,2.394064,112
TIC 188209486,188209486,100,100,9.71,162.7254,-25.3553,1,1,7065.0,2.02946,1.563,332.859,DWARF,2,2.556761,113
TIC 434490649,434490649,100,100,8.48,172.7167,-19.8321,1,2,6900.0,2.56108,1.502,230.596,DWARF,2,2.512846,114
TIC 143059148,143059148,100,100,9.2,167.8501,-9.3575,1,3,5954.2,2.39869,1.09,238.835,DWARF,2,2.599948,115
TIC 36841966,36841966,100,100,9.31,156.0743,-9.8604,1,4,6083.0,2.25305,1.139,245.252,DWARF,2,2.567542,116
TIC 272962254,272962254,100,100,8.92,170.5568,-51.2694,2,1,7269.0,2.18656,1.64,255.867,DWARF,2,2.463523,117
TIC 332728505,332728505,100,100,8.87,180.4978,-50.1638,2,2,7601.46,2.14044,1.77,254.878,DWARF,2,2.435006,118
TIC 293110952,293110952,100,100,10.54,178.4004,-29.098,2,3,7417.0,1.79087,1.7,456.293,DWARF,2,2.614128,119
TIC 54237397,54237397,100,100,8.65,161.0513,-34.2578,2,4,6889.0,2.54843,1.5,250.033,DWARF,2,2.542545,120
TIC 456916705,456916705,100,100,9.3,201.6051,-54.0952,3,1,8520.0,1.8558,2.12,297.12,DWARF,2,2.397062,121
TIC 271935459,271935459,100,100,8.86,187.3731,-58.4077,3,2,8462.0,2.17488,,258.695,DWARF,2,2.446871,122
TIC 342995661,342995661,100,100,7.57,205.6116,-69.247,3,3,8806.0,2.75267,2.21,218.852,DWARF,2,2.393508,123
TIC 449682552,449682552,100,100,9.17,200.812,-61.0772,3,4,7687.0,1.93852,,248.272,DWARF,2,2.408941,124
TIC 455745342,455745342,100,100,9.49,229.7827,-63.9588,4,1,7337.0,1.77273,1.66,264.68,DWARF,2,2.395285,125
TIC 425858451,425858451,100,100,7.45,234.7773,-72.2978,4,2,9902.0,2.95323,2.53,253.54,DWARF,2,2.430595,126
TIC 352077779,352077779,100,100,8.0,284.1079,-75.8482,4,3,6667.0,2.55129,1.41,175.173,DWARF,2,2.41352,127
TIC 304741036,304741036,100,100,9.53,260.7212,-62.1889,4,4,9219.0,1.75402,2.34,362.525,DWARF,2,2.394069,128
TIC 193249652,193249652,100,100,9.43,158.0409,-29.2775,1,1,9524.0,2.2495,2.42,464.802,DWARF,2,2.590172,129
TIC 97824620,97824620,100,100,9.75,171.2212,-24.3122,1,2,6326.0,2.01344,1.249,291.256,DWARF,2,2.557877,130
TIC 443582139,443582139,100,100,8.07,167.7865,-5.3217,1,3,8065.0,3.4439,1.956,323.167,DWARF,2,2.688101,131
TIC 101413156,101413156,100,100,8.28,148.8679,-19.9792,1,4,9000.0,2.86675,2.272,332.908,DWARF,2,2.57078,132
TIC 147214032,147214032,100,100,9.23,162.4325,-45.754,2,1,6271.0,2.04123,1.22,222.926,DWARF,2,2.465784,133
TIC 134902944,134902944,100,100,8.78,183.9688,-36.7577,2,2,6840.0,2.20004,1.48,224.212,DWARF,2,2.440861,134
TIC 157212865,157212865,100,100,9.66,175.7808,-31.6434,2,3,7857.0,2.28848,1.87,422.083,DWARF,2,2.651094,135
TIC 106195671,106195671,100,100,9.96,158.3488,-38.9146,2,4,9625.0,1.95497,2.45,513.936,DWARF,2,2.57428,136
TIC 411942227,411942227,100,100,8.2,189.8159,-57.3233,3,1,5660.0,2.3919,1.01,135.675,DWARF,2,2.397486,137
TIC 261683453,261683453,100,100,9.59,185.7575,-56.947,3,2,7418.0,1.84225,,311.572,DWARF,2,2.448697,138
TIC 394573464,394573464,100,100,8.2,200.8829,-73.794,3,3,9244.0,2.40843,2.34,262.945,DWARF,2,2.403468,139
TIC 391941857,391941857,100,100,9.52,218.1399,-63.9648,3,4,7889.0,1.79033,1.89,290.484,DWARF,2,2.409866,140
TIC 298821328,298821328,100,100,9.56,243.2529,-63.8866,4,1,8246.0,1.75103,2.02,327.034,DWARF,2,2.398587,141
TIC 407260845,407260845,100,100,8.02,238.4692,-78.1587,4,2,10175.0,2.59124,2.61,293.684,DWARF,2,2.431015,142
TIC 311292935,311292935,100,100,9.94,258.19,-75.0458,4,3,8191.0,1.63989,2.0,364.364,DWARF,2,2.417629,143
TIC 464285628,464285628,100,100,9.44,279.7652,-64.7882,4,4,7489.0,1.80101,1.72,284.331,DWARF,2,2.399032,144
TIC 187988942,187988942,100,100,8.39,159.8452,-26.301,1,1,7354.0,2.88032,1.671,273.88,DWARF,2,2.596881,145
TIC 20500617,20500617,100,100,9.78,169.122,-25.6644,1,2,7053.0,2.12097,1.559,362.248,DWARF,2,2.609069,146
TIC 321291218,321291218,100,100,8.47,159.4092,-9.7184,1,3,7649.0,3.92825,1.79,409.262,DWARF,2,2.882398,147
TIC 385206853,385206853,100,100,9.17,154.1615,-15.8684,1,4,7643.0,2.4313,1.786,346.765,DWARF,2,2.605677,148
TIC 94384756,94384756,100,100,8.69,177.4371,-51.1356,2,1,7448.12,2.37396,1.71,253.371,DWARF,2,2.488947,149
TIC 22619100,22619100,100,100,8.85,185.0189,-47.7988,2,2,9677.0,2.2002,2.47,347.263,DWARF,2,2.454924,150
TIC 152061781,152061781,100,100,8.53,169.5435,-36.4332,2,3,7524.0,2.97198,1.74,308.02,DWARF,2,2.652092,151
TIC 53735810,53735810,100,100,11.25,158.2251,-34.9899,2,4,7051.0,1.47741,1.56,500.258,DWARF,2,2.589002,152
TIC 167209483,167209483,100,100,8.38,193.1319,-53.0467,3,1,8596.0,2.29895,2.15,254.86,DWARF,2,2.399059,153
TIC 398764122,398764122,100,100,9.9,180.2588,-57.7604,3,2,8325.0,1.71989,2.05,362.383,DWARF,2,2.451001,154
TIC 394608111,394608111,100,100,9.34,201.3767,-73.114,3,3,7972.0,1.86357,1.92,291.087,DWARF,2,2.408691,155
TIC 321532495,321532495,100,100,9.19,205.8963,-63.8136,3,4,7934.0,1.93586,1.9,257.071,DWARF,2,2.411748,156
TIC 361281902,361281902,100,100,8.36,242.6876,-68.4826,4,1,7055.0,2.31245,1.56,206.671,DWARF,2,2.400145,157
TIC 425729141,425729141,100,100,9.82,233.6345,-73.2821,4,2,9857.0,1.71639,2.52,425.381,DWARF,2,2.433232,158
TIC 294194333,294194333,100,100,7.26,264.7703,-70.6942,4,3,7906.0,3.0472,1.89,192.216,DWARF,2,2.419802,159
TIC 303617494,303617494,100,100,9.33,271.8957,-60.0642,4,4,8007.0,1.85078,1.93,298.256,DWARF,2,2.40071,160
TIC 52107085,52107085,100,100,8.71,155.3052,-21.9517,1,1,6593.0,2.70456,1.375,256.608,DWARF,2,2.606193,161
TIC 167800999,167800999,100,100,9.24,162.3283,-21.4228,1,2,6026.0,2.41754,1.117,252.525,DWARF,2,2.614747,162
TIC 386615559,386615559,100,100,8.79,159.8149,-14.5024,1,3,,,,88.9145,DWARF,2,999.0,163
TIC 26351213,26351213,100,100,8.64,154.1984,-10.773,1,4,7307.0,2.9258,1.653,302.65,DWARF,2,2.660489,164
TIC 163151964,163151964,100,100,8.8,172.6004,-44.2446,2,1,7551.0,2.3222,1.75,278.027,DWARF,2,2.491799,165
TIC 277961624,277961624,100,100,9.19,177.7955,-40.7688,2,2,8123.0,2.04062,1.98,302.507,DWARF,2,2.457524,166
TIC 23613091,23613091,100,100,8.43,169.7388,-35.202,2,3,6743.0,3.18764,1.44,269.279,DWARF,2,2.692939,167
TIC 147660886,147660886,100,100,9.49,164.0316,-43.3767,2,4,7297.0,2.22759,1.65,328.475,DWARF,2,2.593671,168
TIC 419686982,419686982,100,100,9.09,191.5205,-56.4793,3,1,7714.0,1.95272,1.81,261.311,DWARF,2,2.39928,169
TIC 390230585,390230585,100,100,9.99,183.7446,-56.0745,3,2,8483.0,1.70531,2.11,375.281,DWARF,2,2.461607,170
TIC 326662358,326662358,100,100,8.1,188.7089,-69.8916,3,3,7355.0,2.50169,,175.439,DWARF,2,2.416467,171
TIC 209285254,209285254,100,100,8.23,210.1525,-54.2079,3,4,8428.0,2.4168,2.09,240.922,DWARF,2,2.412481,172
TIC 38557362,38557362,100,100,9.9,226.5171,-59.0147,4,1,8189.0,1.62387,2.0,311.103,DWARF,2,2.401103,173
TIC 403506500,403506500,100,100,8.82,230.6877,-77.7055,4,2,8675.0,2.1698,2.17,299.813,DWARF,2,2.436839,174
TIC 404192016,404192016,100,100,8.74,294.7767,-76.0851,4,3,9423.0,2.175,2.4,311.089,DWARF,2,2.422919,175
TIC 306518087,306518087,100,100,8.54,265.1587,-65.8605,4,4,7815.0,2.23147,1.86,249.026,DWARF,2,2.405182,176
TIC 192990023,192990023,100,100,10.87,155.3451,-28.6944,1,1,7378.0,1.8076,1.68,540.074,DWARF,2,2.688205,177
TIC 434492105,434492105,100,100,9.82,172.7971,-23.5986,1,2,7306.0,2.13917,1.652,386.253,DWARF,2,2.624491,178
TIC 54986420,54986420,100,100,11.98,160.4533,-7.5087,1,3,,,,256.331,DWARF,2,999.0,179
TIC 33319265,33319265,100,100,8.75,150.1871,-10.3912,1,4,6620.0,2.94082,1.39,279.126,DWARF,2,2.686937,180
TIC 146758451,146758451,100,100,8.21,160.5772,-47.0097,2,1,6098.0,2.67591,1.15,176.579,DWARF,2,2.496943,181
TIC 21820656,21820656,100,100,9.98,181.4633,-46.971,2,2,7962.0,1.72617,1.92,372.93,DWARF,2,2.470167,182
TIC 57456588,57456588,100,100,8.67,172.5431,-32.4162,2,3,6099.2,3.07459,1.15,246.414,DWARF,2,2.709574,183
TIC 147135718,147135718,100,100,8.17,161.8791,-42.8002,2,4,7874.0,3.1317,1.88,288.543,DWARF,2,2.62556,184
TIC 160827917,160827917,100,100,9.72,189.9009,-52.3734,3,1,7872.0,1.69858,1.88,320.101,DWARF,2,2.404172,185
TIC 465937746,465937746,100,100,9.37,164.7555,-60.4836,3,2,7782.0,1.97176,,332.646,DWARF,2,2.463708,186
TIC 328701924,328701924,100,100,8.76,190.9055,-69.0779,3,3,9217.0,2.16983,2.34,309.83,DWARF,2,2.424851,187
TIC 453635313,453635313,100,100,8.88,205.5952,-56.8607,3,4,8919.0,2.09186,2.25,293.359,DWARF,2,2.417065,188
TIC 361850191,361850191,100,100,9.89,243.9675,-66.7647,4,1,7424.0,1.62921,1.7,313.736,DWARF,2,2.401954,189
TIC 403592950,403592950,100,100,9.8,231.6495,-77.7585,4,2,7666.0,1.73362,1.8,327.335,DWARF,2,2.437908,190
TIC 382148936,382148936,100,100,8.28,285.673,-71.8654,4,3,7874.0,2.41828,1.88,239.137,DWARF,2,2.423013,191
TIC 75069619,75069619,100,100,8.88,266.4081,-57.9996,4,4,6214.0,2.0682,1.2,191.409,DWARF,2,2.407185,192
TIC 187990953,187990953,100,100,9.72,159.9518,-29.8076,1,1,7917.0,2.41816,1.9,473.758,DWARF,2,2.71097,193
TIC 168384869,168384869,100,100,8.19,166.5171,-27.8224,1,2,6659.0,3.17683,1.404,240.83,DWARF,2,2.641988,194
TIC 391826281,391826281,100,100,8.06,160.2402,-12.1951,1,3,6410.0,,,127.013,UNKNOWN,5,999.0,195
TIC 308821501,308821501,100,100,8.87,151.9277,-14.1652,1,4,7173.0,2.89747,1.603,328.747,DWARF,2,2.698038,196
TIC 121056099,121056099,100,100,9.54,164.6918,-53.8526,2,1,8518.0,1.9832,2.12,361.391,DWARF,2,2.502733,197
TIC 165228223,165228223,100,100,8.44,178.8625,-39.6061,2,2,6412.0,2.46611,1.29,193.822,DWARF,2,2.472025,198
TIC 157137142,157137142,100,100,8.88,175.2513,-33.9268,2,3,8069.0,3.03615,1.96,398.856,DWARF,2,2.740646,199
TIC 23188170,23188170,100,100,8.05,166.6079,-33.7476,2,4,6474.0,3.32186,1.32,222.927,DWARF,2,2.652763,200
TIC 273705954,273705954,100,100,9.21,189.0167,-57.4567,3,1,7855.0,1.91232,1.87,269.306,DWARF,2,2.405121,201
TIC 266374354,266374354,100,100,8.73,175.1587,-57.6836,3,2,7937.0,2.29178,1.91,274.46,DWARF,2,2.466346,202
TIC 311838200,311838200,100,100,9.82,181.8622,-70.4894,3,3,7034.0,1.70495,,256.316,DWARF,2,2.427423,203
TIC 449032178,449032178,100,100,9.92,215.6777,-67.2669,3,4,7688.0,1.64829,1.8,317.969,DWARF,2,2.418067,204
TIC 263493796,263493796,100,100,9.45,230.9242,-67.9591,4,1,8016.0,1.81258,1.94,312.927,DWARF,2,2.406594,205
TIC 309733062,309733062,100,100,8.78,248.6286,-77.2276,4,2,7306.0,2.19525,1.65,243.802,DWARF,2,2.438968,206
TIC 381928413,381928413,100,100,9.37,283.3938,-69.3398,4,3,7563.0,1.89436,,298.537,DWARF,2,2.428925,207
TIC 447614965,447614965,100,100,8.79,254.0877,-61.7723,4,4,6758.0,2.15214,1.45,217.623,DWARF,2,2.423741,208
TIC 179225467,179225467,100,100,9.58,158.3312,-21.0865,1,1,7746.0,2.52263,1.83,448.075,DWARF,2,2.719707,209
TIC 168383678,168383678,100,100,9.25,166.3918,-25.0192,1,2,7413.0,2.53213,1.69,348.533,DWARF,2,2.656972,210
TIC 289818861,289818861,100,100,9.49,161.0788,-17.5289,1,3,5427.0,,,93.9422,UNKNOWN,5,999.0,211
TIC 434484010,434484010,100,100,8.32,156.4472,-18.4351,1,4,7347.0,3.29571,1.67,303.533,DWARF,2,2.699898,212
TIC 94248553,94248553,100,100,7.71,177.058,-49.9942,2,1,7926.0,3.06371,1.9,235.802,DWARF,2,2.514495,213
TIC 258321864,258321864,100,100,9.76,182.3783,-46.4768,2,2,7338.0,1.84537,1.66,322.957,DWARF,2,2.484167,214
TIC 107138561,107138561,100,100,9.25,183.3051,-35.3668,2,3,9165.0,2.78978,2.32,498.894,DWARF,2,2.74114,215
TIC 146172909,146172909,100,100,8.57,157.7669,-42.7128,2,4,7565.0,3.05661,1.75,321.842,DWARF,2,2.68448,216
TIC 333771883,333771883,100,100,9.01,182.1495,-52.1129,3,1,9749.0,2.00467,2.49,342.786,DWARF,2,2.406086,217
TIC 451063405,451063405,100,100,9.72,187.6853,-61.1219,3,2,7372.0,1.82573,,236.946,DWARF,2,2.466873,218
TIC 442974523,442974523,100,100,7.66,198.4458,-64.3134,3,3,8348.0,2.81124,2.06,218.365,DWARF,2,2.429796,219
TIC 402270550,402270550,100,100,10.13,220.4294,-64.0063,3,4,8273.0,1.57124,2.03,363.307,DWARF,2,2.418485,220
TIC 340166167,340166167,100,100,8.62,237.8232,-65.8166,4,1,7491.0,2.19695,1.72,240.432,DWARF,2,2.40764,221
TIC 402749732,402749732,100,100,8.01,224.5007,-77.1232,4,2,9392.0,2.64264,2.39,273.774,DWARF,2,2.446076,222
TIC 352228796,352228796,100,100,7.33,288.5897,-77.0478,4,3,8171.0,3.04683,2.0,194.577,DWARF,2,2.433696,223
TIC 301400832,301400832,100,100,8.82,256.2274,-66.6789,4,4,7733.0,2.14256,1.82,266.647,DWARF,2,2.425866,224
TIC 168274937,168274937,100,100,8.55,154.0037,-26.5944,1,1,10584.0,3.25513,2.74,488.282,DWARF,2,2.735137,225
TIC 364939775,364939775,100,100,8.36,169.9526,-28.6164,1,2,6558.0,3.12567,1.359,247.711,DWARF,2,2.661886,226
TIC 396902064,396902064,100,100,10.91,168.8428,-7.8249,1,3,,,,2410.91,UNKNOWN,5,999.0,227
TIC 348964551,348964551,100,100,8.38,149.3039,-16.7511,1,4,7051.0,3.37652,1.558,303.903,DWARF,2,2.732939,228
TIC 82200755,82200755,100,100,8.01,168.79,-51.3387,2,1,7005.0,2.86821,1.54,210.025,DWARF,2,2.517222,229
TIC 21644961,21644961,100,100,9.39,180.4033,-46.0054,2,2,7510.0,2.02088,1.73,310.777,DWARF,2,2.489081,230
TIC 57403493,57403493,100,100,8.58,172.0248,-35.199,2,3,6828.0,3.2774,1.47,303.373,DWARF,2,2.747059,231
TIC 146589986,146589986,100,100,9.76,159.2214,-42.5416,2,4,10395.0,2.33837,2.68,587.196,DWARF,2,2.689826,232
TIC 68087435,68087435,100,100,9.43,193.5468,-55.9621,3,1,7375.0,1.82681,,227.278,DWARF,2,2.409387,233
TIC 309995411,309995411,100,100,9.2,184.8171,-61.9647,3,2,7569.0,2.0809,1.76,288.975,DWARF,2,2.476502,234
TIC 343715333,343715333,100,100,8.75,206.7415,-68.6779,3,3,7957.0,2.19357,1.91,267.767,DWARF,2,2.432303,235
TIC 325822843,325822843,100,100,8.94,209.8176,-65.7711,3,4,9598.0,2.08869,2.45,325.848,DWARF,2,2.427748,236
TIC 262916774,262916774,100,100,8.72,229.7309,-67.0151,4,1,8407.0,2.15254,2.08,279.159,DWARF,2,2.409902,237
TIC 407226488,407226488,100,100,7.62,238.1683,-79.404,4,2,9838.0,2.89514,2.51,252.719,DWARF,2,2.447339,238
TIC 294681366,294681366,100,100,7.37,267.2802,-71.0954,4,3,8442.0,3.02243,2.09,214.514,DWARF,2,2.434713,239
TIC 364214419,364214419,100,100,8.82,252.0019,-68.5445,4,4,9605.0,2.15067,2.45,336.043,DWARF,2,2.429148,240
TIC 70872507,70872507,100,100,9.34,152.3059,-31.7771,1,1,7073.0,2.92107,1.57,406.508,DWARF,2,2.799084,241
TIC 308098190,308098190,100,100,9.41,168.3244,-17.4047,1,2,7843.0,2.47953,1.867,411.525,DWARF,2,2.670739,242
TIC 55099399,55099399,100,100,11.34,162.0569,-11.3471,1,3,,,,4.5632,UNKNOWN,5,999.0,243
TIC 296884135,296884135,100,100,9.19,158.8333,-16.2405,1,4,6340.8,2.88634,1.256,320.65,DWARF,2,2.758695,244
TIC 81077799,81077799,100,100,8.45,166.6366,-53.732,2,1,6332.0,2.59262,1.25,201.957,DWARF,2,2.517478,245
TIC 334496829,334496829,100,100,8.85,183.3957,-49.8991,2,2,6559.0,2.34109,1.36,230.77,DWARF,2,2.508836,246
TIC 142209361,142209361,100,100,10.39,180.3655,-32.2263,2,3,6339.0,2.1676,1.25,409.571,DWARF,2,2.749958,247
TIC 49005659,49005659,100,100,9.01,164.2186,-32.5564,2,4,7390.0,2.80045,1.68,354.406,DWARF,2,2.696456,248
TIC 167856563,167856563,100,100,9.89,193.2385,-53.6077,3,1,8304.0,1.6467,2.05,339.651,DWARF,2,2.411229,249
TIC 466108800,466108800,100,100,10.71,165.1143,-60.4231,3,2,7009.0,1.51643,1.54,381.457,DWARF,2,2.503645,250
TIC 395178756,395178756,100,100,7.72,204.8851,-72.5044,3,3,7574.0,2.78688,1.76,195.788,DWARF,2,2.434237,251
TIC 382676917,382676917,100,100,9.49,216.0672,-62.3802,3,4,7423.0,1.84404,,358.322,DWARF,2,2.429541,252
TIC 454991139,454991139,100,100,9.77,227.9394,-62.879,4,1,9161.0,1.69298,2.32,313.758,DWARF,2,2.411304,253
TIC 309896606,309896606,100,100,9.08,249.2968,-74.7921,4,2,7648.0,2.08311,1.79,287.33,DWARF,2,2.453424,254
TIC 311862809,311862809,100,100,9.38,262.6951,-72.3483,4,3,8524.0,1.92445,2.12,348.829,DWARF,2,2.444613,255
TIC 303919131,303919131,100,100,9.72,278.2364,-64.4661,4,4,7800.0,1.76073,1.85,332.208,DWARF,2,2.435386,256
TIC 193041264,193041264,100,100,9.58,156.0468,-24.4383,1,1,7057.0,2.79945,1.56,438.064,DWARF,2,2.810145,257
TIC 434496663,434496663,100,100,10.19,173.025,-20.6327,1,2,6433.0,2.10148,1.3,370.146,DWARF,2,2.683051,258
TIC 471012416,471012416,100,100,11.82,160.7473,-9.2087,1,3,,,,12.281,UNKNOWN,5,999.0,259
TIC 296884440,296884440,100,100,8.09,158.8323,-17.1965,1,4,7508.0,3.85796,1.731,328.828,DWARF,2,2.790715,260
TIC 146893854,146893854,100,100,8.09,161.0873,-46.2069,2,1,6261.0,2.83795,1.22,183.467,DWARF,2,2.524009,261
TIC 134907045,134907045,100,100,9.5,184.051,-40.5053,2,2,8016.0,2.02285,1.94,353.335,DWARF,2,2.511927,262
TIC 181241149,181241149,100,100,8.72,175.0017,-39.4448,2,3,6975.0,3.24888,1.53,322.088,DWARF,2,2.767467,263
TIC 106404087,106404087,100,100,9.12,159.5218,-39.3355,2,4,6620.0,2.87063,1.39,329.257,DWARF,2,2.739954,264
TIC 288216661,288216661,100,100,9.43,187.218,-53.6935,3,1,7906.0,1.83516,1.89,306.295,DWARF,2,2.413348,265
TIC 375999836,375999836,100,100,9.37,178.9821,-56.7547,3,2,8570.0,2.06712,2.14,355.633,DWARF,2,2.504731,266
TIC 395002517,395002517,100,100,9.51,203.9572,-72.4474,3,3,7351.0,1.85977,1.67,280.22,DWARF,2,2.440918,267
TIC 264383451,264383451,100,100,7.57,217.1744,-55.2217,3,4,8119.0,2.88409,1.98,200.754,DWARF,2,2.434018,268
TIC 340389150,340389150,100,100,9.49,237.9346,-60.7868,4,1,7322.0,1.80784,,263.625,DWARF,2,2.41232,269
TIC 448929283,448929283,100,100,7.78,214.847,-71.744,4,2,8464.0,2.82108,2.1,233.572,DWARF,2,2.456831,270
TIC 343757355,343757355,100,100,8.83,273.4247,-74.2203,4,3,7420.0,2.18913,1.7,252.219,DWARF,2,2.446543,271
TIC 365660213,365660213,100,100,9.08,274.6311,-62.8548,4,4,9954.0,2.04659,2.55,373.203,DWARF,2,2.438062,272
TIC 53576229,53576229,100,100,8.9,157.2559,-32.2906,1,1,7124.0,3.27963,1.58,373.79,DWARF,2,2.81165,273
TIC 461161123,461161123,100,100,9.16,165.784,-25.1769,1,2,6925.1,2.66516,1.51,327.259,DWARF,2,2.683447,274
TIC 413373646,413373646,100,100,11.86,161.1166,-18.6383,1,3,3191.0,,,12.9368,UNKNOWN,5,999.0,275
TIC 289709680,289709680,100,100,10.02,146.4005,-16.3713,1,4,7773.0,2.72412,1.84,591.304,DWARF,2,2.874452,276
TIC 162304910,162304910,100,100,8.02,169.2912,-43.8187,2,1,8762.0,2.91728,2.2,285.273,DWARF,2,2.533956,277
TIC 400923963,400923963,100,100,9.91,178.606,-48.9392,2,2,7418.0,1.84225,,331.886,DWARF,2,2.512697,278
TIC 57352825,57352825,100,100,10.57,171.7302,-34.4799,2,3,6578.0,2.13711,1.37,464.283,DWARF,2,2.773654,279
TIC 146810480,146810480,100,100,8.67,160.5268,-42.8779,2,4,6990.0,3.24471,1.54,322.339,DWARF,2,2.756352,280
TIC 398946443,398946443,100,100,9.16,191.9621,-47.7466,3,1,8401.0,1.9608,2.08,308.155,DWARF,2,2.416867,281
TIC 179473571,179473571,100,100,9.61,187.9581,-62.2349,3,2,8029.0,1.96166,1.94,342.324,DWARF,2,2.507247,282
TIC 327036874,327036874,100,100,8.91,188.8429,-70.3216,3,3,7187.0,2.14223,1.61,241.2,DWARF,2,2.443732,283
TIC 449818558,449818558,100,100,8.93,201.1476,-60.2658,3,4,7318.0,2.1116,1.66,247.107,DWARF,2,2.435223,284
TIC 340620407,340620407,100,100,8.61,238.2356,-63.1105,4,1,7312.0,2.21827,1.65,228.867,DWARF,2,2.414029,285
TIC 426880281,426880281,100,100,9.74,236.7878,-70.8119,4,2,7458.56,1.81738,1.71,315.319,DWARF,2,2.466891,286
TIC 295253681,295253681,100,100,8.58,270.6262,-70.4147,4,3,7508.0,2.32032,1.73,247.468,DWARF,2,2.447096,287
TIC 75919697,75919697,100,100,8.52,268.3914,-59.7072,4,4,8257.0,2.32935,2.03,271.498,DWARF,2,2.438469,288
TIC 71156479,71156479,100,100,8.61,153.7667,-33.3989,1,1,8849.0,3.75918,2.23,480.889,DWARF,2,2.872186,289
TIC 415696787,415696787,100,100,8.17,163.8473,-23.0394,1,2,6723.0,3.36599,1.431,257.238,DWARF,2,2.688226,290
TIC 148576168,148576168,100,100,12.65,164.9583,-6.8797,1,3,3295.0,,,30.8685,UNKNOWN,5,999.0,291
TIC 332703779,332703779,100,100,8.74,150.0932,-17.8298,1,4,10772.0,3.83156,2.8,647.267,DWARF,2,2.914751,292
TIC 162583544,162583544,100,100,8.41,170.114,-47.1468,2,1,6792.0,2.68005,1.46,227.56,DWARF,2,2.538286,293
TIC 163491963,163491963,100,100,9.92,173.8813,-42.7272,2,2,7382.0,1.83983,1.68,355.045,DWARF,2,2.513555,294
TIC 142160632,142160632,100,100,9.42,179.8698,-33.2229,2,3,7166.0,2.81867,1.6,404.936,DWARF,2,2.784088,295
TIC 147135994,147135994,100,100,8.16,161.8465,-42.569,2,4,7651.0,3.65973,1.79,323.147,DWARF,2,2.758898,296
TIC 245264282,245264282,100,100,9.69,199.3416,-52.255,3,1,9109.0,1.74289,2.3,364.983,DWARF,2,2.42054,297
TIC 287893983,287893983,100,100,8.52,184.8367,-59.2913,3,2,9789.0,2.53292,2.5,321.492,DWARF,2,2.511243,298
TIC 328240977,328240977,100,100,8.88,190.4768,-67.7919,3,3,7919.0,2.1778,1.9,277.203,DWARF,2,2.452036,299
TIC 331287870,331287870,100,100,7.87,212.4336,-60.582,3,4,9398.0,2.70801,2.39,237.676,DWARF,2,2.439301,300
TIC 461002052,461002052,100,100,8.37,232.2605,-61.6018,4,1,8463.0,2.34946,2.1,249.783,DWARF,2,2.415936,301
TIC 362170051,362170051,100,100,8.13,245.3467,-71.0758,4,2,6515.0,2.65358,1.34,189.96,DWARF,2,2.473664,302
TIC 276644274,276644274,100,100,9.41,265.3342,-80.0929,4,3,8768.0,1.92046,2.2,341.854,DWARF,2,2.448811,303
TIC 255769887,255769887,100,100,9.64,258.8621,-65.7706,4,4,8186.0,1.82955,2.0,354.572,DWARF,2,2.452689,304
TIC 71403283,71403283,100,100,8.08,154.8717,-31.8892,1,1,6422.0,4.47675,1.29,300.898,DWARF,2,2.917926,305
TIC 434502031,434502031,100,100,8.19,173.4028,-20.5464,1,2,7646.0,3.3516,1.79,302.35,DWARF,2,2.688504,306
TIC 422247088,422247088,100,100,13.0,162.6347,-13.4366,1,3,,,,42.1014,UNKNOWN,5,999.0,307
TIC 293607057,293607057,100,100,10.63,153.6697,-15.6428,1,4,6736.88,2.60866,1.44,589.423,DWARF,2,2.958835,308
TIC 94014283,94014283,100,100,8.02,176.4228,-49.5652,2,1,6536.0,2.97251,1.35,201.362,DWARF,2,2.550247,309
TIC 135454100,135454100,100,100,8.18,187.8711,-40.2745,2,2,7596.0,2.74972,1.77,246.976,DWARF,2,2.514577,310
TIC 57183663,57183663,100,100,8.07,170.7036,-35.8696,2,3,6099.0,3.96129,1.15,241.457,DWARF,2,2.809673,311
TIC 147027702,147027702,100,100,10.63,161.7728,-43.9318,2,4,6946.0,2.09721,1.52,457.186,DWARF,2,2.769284,312
TIC 406585677,406585677,100,100,9.18,198.2044,-56.9901,3,1,8591.0,1.96426,2.14,304.843,DWARF,2,2.422398,313
TIC 280667311,280667311,100,100,8.94,173.0249,-67.0383,3,2,9622.0,2.30995,2.45,365.432,DWARF,2,2.515205,314
TIC 328236670,328236670,100,100,8.37,190.3335,-68.5748,3,3,8574.0,2.45467,2.14,264.58,DWARF,2,2.453986,315
TIC 397220976,397220976,100,100,8.55,219.2296,-60.7543,3,4,9337.0,2.33801,,305.502,DWARF,2,2.447693,316
TIC 300316029,300316029,100,100,9.23,244.8353,-60.5527,4,1,8535.0,1.92921,2.13,317.115,DWARF,2,2.416759,317
TIC 402327635,402327635,100,100,9.14,221.2022,-75.9383,4,2,9158.0,2.10404,2.32,353.438,DWARF,2,2.474108,318
TIC 295374793,295374793,100,100,9.77,271.8801,-68.6313,4,3,7988.0,1.77175,1.93,347.206,DWARF,2,2.450805,319
TIC 294953747,294953747,100,100,8.73,268.7425,-67.063,4,4,8282.0,2.27485,2.04,293.508,DWARF,2,2.459906,320
TIC 188084909,188084909,100,100,11.02,161.3672,-29.6787,1,1,6668.0,2.40631,1.41,661.315,DWARF,2,2.966703,321
TIC 423525873,423525873,100,100,8.01,169.3707,-20.7665,1,2,6971.0,3.5359,1.528,258.958,DWARF,2,2.699,322
TIC 55092869,55092869,100,100,7.32,161.7067,-9.3996,1,3,5326.0,2.78715,,99.1596,GIANT,6,2.354321,323
TIC 26305150,26305150,100,100,12.75,153.9104,-9.3247,1,4,5367.0,2.02385,0.93,850.137,DWARF,2,3.162357,324
TIC 82580956,82580956,100,100,8.06,169.6293,-53.714,2,1,8806.0,3.09879,2.21,310.923,DWARF,2,2.594384,325
TIC 22109236,22109236,100,100,8.13,183.0595,-46.4159,2,2,7311.0,2.78928,1.65,232.127,DWARF,2,2.516984,326
TIC 181149356,181149356,100,100,9.6,173.9304,-38.9782,2,3,7328.0,2.85592,1.66,448.951,DWARF,2,2.831492,327
TIC 105704878,105704878,100,100,9.59,156.3365,-37.2625,2,4,7884.0,2.71154,1.88,490.195,DWARF,2,2.784432,328
TIC 163042245,163042245,100,100,9.08,191.1491,-49.3177,3,1,7913.0,2.01629,,265.427,DWARF,2,2.425106,329
TIC 306047244,306047244,100,100,10.37,166.5465,-58.7664,3,2,8487.0,1.66861,2.11,457.208,DWARF,2,2.51871,330
TIC 442590282,442590282,100,100,8.71,198.2322,-65.6301,3,3,8932.0,2.27275,,244.62,DWARF,2,2.455103,331
TIC 409952425,409952425,100,100,9.22,213.8498,-58.6024,3,4,6718.0,2.00903,1.43,231.381,DWARF,2,2.449973,332
TIC 261797569,261797569,100,100,9.63,227.5693,-67.2527,4,1,7306.0,1.76959,1.65,291.589,DWARF,2,2.421745,333
TIC 402802992,402802992,100,100,8.3,225.1325,-73.672,4,2,8374.0,2.55612,2.07,271.469,DWARF,2,2.475162,334
TIC 343757299,343757299,100,100,8.09,273.2186,-74.2867,4,3,9787.0,2.60937,2.5,287.739,DWARF,2,2.451071,335
TIC 380833031,380833031,100,100,9.42,269.8966,-63.774,4,4,7505.0,1.94357,1.73,307.652,DWARF,2,2.4612,336
TIC 168140114,168140114,100,100,9.45,152.9198,-29.7449,1,1,6388.0,3.50499,1.28,438.268,DWARF,2,2.979374,337
TIC 408420719,408420719,100,100,8.7,161.332,-19.6945,1,2,6048.8,3.07124,1.126,250.239,DWARF,2,2.714628,338
TIC 386563092,386563092,100,100,8.89,159.1571,-14.1462,1,3,5072.0,2.41871,,156.783,GIANT,6,2.545168,339
TIC 289711518,289711518,100,100,10.34,146.4452,-12.0039,1,4,6839.0,4.62717,1.48,980.132,DWARF,2,3.398631,340
TIC 146995740,146995740,100,100,9.21,161.3764,-45.1298,2,1,8019.0,2.39108,1.94,356.405,DWARF,2,2.599188,341
TIC 61534591,61534591,100,100,9.36,176.1609,-46.1217,2,2,9533.0,2.12297,2.43,416.951,DWARF,2,2.525888,342
TIC 142262969,142262969,100,100,10.26,180.5936,-31.3737,2,3,6574.0,2.75815,1.37,520.259,DWARF,2,2.933236,343
TIC 106263313,106263313,100,100,8.46,158.7634,-39.5526,2,4,7350.0,3.51849,1.67,343.574,DWARF,2,2.784713,344
TIC 403960772,403960772,100,100,9.46,188.6048,-51.646,3,1,8031.0,1.84879,1.94,312.02,DWARF,2,2.425775,345
TIC 467461269,467461269,100,100,9.52,168.6397,-60.7592,3,2,6136.0,2.03192,1.16,254.819,DWARF,2,2.519813,346
TIC 335470566,335470566,100,100,8.68,194.7729,-70.163,3,3,9050.0,2.29321,,263.631,DWARF,2,2.456888,347
TIC 90154673,90154673,100,100,8.07,204.492,-58.2082,3,4,9735.0,2.622,2.48,276.424,DWARF,2,2.451265,348
TIC 455945774,455945774,100,100,9.49,230.6453,-64.8012,4,1,7462.0,1.85807,,273.382,DWARF,2,2.436124,349
TIC 425870005,425870005,100,100,9.92,235.2318,-73.6465,4,2,8540.0,1.76699,2.13,401.134,DWARF,2,2.478468,350
TIC 310959027,310959027,100,100,9.12,255.9588,-73.9902,4,3,6352.0,2.06476,1.26,222.659,DWARF,2,2.453739,351
TIC 365361571,365361571,100,100,8.41,273.0179,-60.0322,4,4,6835.22,2.4573,1.48,206.672,DWARF,2,2.462916,352
TIC 167983141,167983141,100,100,10.43,152.1397,-29.5993,1,1,7404.0,3.18793,1.69,774.052,DWARF,2,3.093018,353
TIC 433012338,433012338,100,100,9.74,170.4872,-24.2015,1,2,7725.0,2.42031,1.82,455.561,DWARF,2,2.715742,354
TIC 14343805,14343805,100,100,8.67,163.8247,-5.8532,1,3,4950.4,3.23521,,179.422,GIANT,6,2.753805,355
TIC 1523352,1523352,100,100,8.2,153.5813,-12.5844,1,4,6712.0,,,108.578,DWARF,2,999.0,356
TIC 80937538,80937538,100,100,7.96,166.355,-49.6147,2,1,8072.0,3.31035,1.96,282.558,DWARF,2,2.631748,357
TIC 22565703,22565703,100,100,8.77,184.9284,-44.9158,2,2,8083.0,2.44813,1.96,307.323,DWARF,2,2.531669,358
TIC 152464347,152464347,100,100,9.52,171.6166,-39.4409,2,3,7491.0,3.3175,1.72,532.884,DWARF,2,2.945622,359
TIC 158149933,158149933,100,100,9.46,162.2266,-39.6594,2,4,6931.0,2.96806,1.51,420.525,DWARF,2,2.836945,360
TIC 273274753,273274753,100,100,8.09,188.5096,-57.5312,3,1,6466.0,2.53981,1.32,164.616,DWARF,2,2.427602,361
TIC 287789188,287789188,100,100,9.47,184.7649,-56.3375,3,2,9781.0,2.0576,2.5,404.402,DWARF,2,2.520722,362
TIC 448778657,448778657,100,100,9.64,213.2227,-68.6076,3,3,9572.0,1.84034,2.44,394.286,DWARF,2,2.457796,363
TIC 411594018,411594018,100,100,9.19,218.9241,-58.593,3,4,7382.0,2.04092,1.68,254.206,DWARF,2,2.457652,364
TIC 350575997,350575997,100,100,9.77,246.6214,-63.4579,4,1,8127.0,1.75076,1.98,351.087,DWARF,2,2.440453,365
TIC 310510981,310510981,100,100,9.56,253.0543,-76.4627,4,2,7580.0,1.93278,1.76,326.268,DWARF,2,2.484365,366
TIC 276647439,276647439,100,100,9.6,266.4024,-79.5061,4,3,7593.0,1.85922,1.77,306.03,DWARF,2,2.458662,367
TIC 173654869,173654869,100,100,7.22,257.9342,-58.8151,4,4,9689.0,3.23489,2.47,244.16,DWARF,2,2.463719,368
TIC 179302971,179302971,100,100,8.95,159.9239,-23.6807,1,1,6749.0,4.9719,1.44,535.847,DWARF,2,3.183045,369
TIC 398245188,398245188,100,100,8.92,173.0012,-26.7358,1,2,6982.0,3.04274,1.532,337.104,DWARF,2,2.75053,370
TIC 143032850,143032850,100,100,8.62,167.2449,-9.8645,1,3,5134.0,4.01523,,235.634,GIANT,6,2.931421,371
TIC 36736203,36736203,100,100,10.62,154.9858,-8.699,1,4,9316.0,,,235.046,DWARF,2,999.0,372
TIC 80938373,80938373,100,100,8.43,166.3529,-49.1892,2,1,5585.0,3.01039,0.99,187.64,DWARF,2,2.643246,373
TIC 454072358,454072358,100,100,9.48,176.2645,-41.5729,2,2,9261.0,2.10806,2.35,417.602,DWARF,2,2.543766,374
TIC 157336254,157336254,100,100,10.09,177.1131,-31.9687,2,3,6979.0,2.92298,1.53,555.397,DWARF,2,2.949652,375
TIC 73390075,73390075,100,100,8.16,154.5269,-40.2394,2,4,9226.0,4.03089,2.34,434.118,DWARF,2,2.842802,376
TIC 287669537,287669537,100,100,9.64,198.6559,-47.4624,3,1,7358.0,1.77811,1.67,295.319,DWARF,2,2.427917,377
TIC 310408756,310408756,100,100,9.25,185.0573,-63.6834,3,2,8433.0,2.16781,,387.687,DWARF,2,2.522042,378
TIC 336716262,336716262,100,100,9.47,196.4644,-68.0027,3,3,7645.0,1.92364,,429.156,DWARF,2,2.462248,379
TIC 337722847,337722847,100,100,9.17,215.5825,-62.2454,3,4,8367.0,2.05586,2.07,278.453,DWARF,2,2.459987,380
TIC 300636496,300636496,100,100,9.63,244.9772,-62.8569,4,1,7328.0,1.80999,,314.413,DWARF,2,2.441352,381
TIC 403510208,403510208,100,100,8.91,231.0868,-75.0627,4,2,8800.0,2.24813,,,DWARF,2,2.485643,382
TIC 276538313,276538313,100,100,9.7,264.57,-78.7738,4,3,8480.0,1.8453,2.11,364.69,DWARF,2,2.472134,383
TIC 294609312,294609312,100,100,8.05,267.0195,-67.3836,4,4,8127.0,2.67454,1.98,248.163,DWARF,2,2.464498,384
TIC 71159672,71159672,100,100,10.59,153.811,-31.094,1,1,9472.0,3.59285,2.41,1253.69,DWARF,2,3.228878,385
TIC 334886280,334886280,100,100,9.77,171.612,-16.5928,1,2,6175.0,2.87412,1.179,403.004,DWARF,2,2.87101,386
TIC 332817395,332817395,100,100,8.87,164.9538,-13.3541,1,3,5258.0,3.85769,,262.856,GIANT,6,2.946655,387
TIC 410010991,410010991,100,100,8.11,145.8351,-13.2018,1,4,3071.0,,,1008.2,UNKNOWN,5,999.0,388
TIC 92997393,92997393,100,100,8.44,174.2696,-48.3797,2,1,8563.0,3.16318,2.14,361.689,DWARF,2,2.688248,389
TIC 134811073,134811073,100,100,9.58,183.3356,-40.9,2,2,7641.0,2.09266,1.78,353.323,DWARF,2,2.557397,390
TIC 181159386,181159386,100,100,11.17,174.3028,-38.3072,2,3,6719.0,2.78212,1.43,789.341,DWARF,2,3.122752,391
TIC 152177988,152177988,100,100,9.34,170.2813,-40.4964,2,4,5764.0,3.09109,1.03,301.353,DWARF,2,2.848223,392
TIC 288225252,288225252,100,100,7.71,187.2504,-50.6481,3,1,8639.0,2.77705,2.16,231.336,DWARF,2,2.429167,393
TIC 67624593,67624593,100,100,9.18,182.2989,-55.9413,3,2,8627.0,2.21264,,113.647,DWARF,2,2.525822,394
TIC 410932595,410932595,100,100,9.43,178.0282,-68.7548,3,3,7254.0,1.94411,1.63,286.11,DWARF,2,2.463442,395
TIC 448766484,448766484,100,100,9.29,213.3035,-66.6839,3,4,7544.0,2.01065,1.75,280.67,DWARF,2,2.464673,396
TIC 263616638,263616638,100,100,9.87,234.9347,-66.6224,4,1,8549.0,1.71315,,239.940781,DWARF,2,2.441591,397
TIC 426535014,426535014,100,100,9.07,244.9935,-77.1234,4,2,7417.0,2.19412,1.7,287.229,DWARF,2,2.496521,398
TIC 304479867,304479867,100,100,8.86,276.8891,-71.8882,4,3,7788.0,2.27549,1.84,283.545,DWARF,2,2.48615,399
TIC 365431979,365431979,100,100,9.05,273.324,-65.7202,4,4,8269.0,2.12516,,333.757,DWARF,2,2.464783,400
TIC 309025182,309025182,100,100,10.87,151.0074,-27.7072,1,1,6828.0,3.44972,1.47,918.673,DWARF,2,3.249568,401
TIC 219069014,219069014,100,100,8.86,170.6827,-22.0888,1,2,6681.0,3.83241,1.413,389.082,DWARF,2,2.938944,402
TIC 410061711,410061711,100,100,9.02,161.8657,-11.9029,1,3,4808.0,3.74686,,231.031,GIANT,6,2.951335,403
TIC 415600408,415600408,100,100,9.38,147.3817,-19.2733,1,4,,,,1278.85,UNKNOWN,5,999.0,404
TIC 163377974,163377974,100,100,10.05,173.5059,-46.963,2,1,9536.0,2.24499,2.43,587.202,DWARF,2,2.712429,405
TIC 73088974,73088974,100,100,9.24,189.7829,-45.5624,2,2,6853.0,2.29098,1.48,288.448,DWARF,2,2.568043,406
TIC 181087723,181087723,100,100,12.09,173.6873,-38.4304,2,3,7135.0,3.29565,1.59,1545.35,DWARF,2,3.453882,407
TIC 73386477,73386477,100,100,9.47,154.5508,-36.8052,2,4,6484.0,3.0463,1.32,394.253,DWARF,2,2.861545,408
TIC 163042472,163042472,100,100,8.93,190.8724,-49.656,3,1,8636.0,2.09847,2.16,305.358,DWARF,2,2.429806,409
TIC 433440520,433440520,100,100,8.68,183.0125,-59.0174,3,2,7882.0,2.51106,1.88,279.847,DWARF,2,2.535714,410
TIC 434139537,434139537,100,100,9.7,190.8803,-64.1357,3,3,7412.0,1.84009,,227.161,DWARF,2,2.469678,411
TIC 318305238,318305238,100,100,9.19,204.2166,-63.0958,3,4,8923.0,2.06193,2.25,319.977,DWARF,2,2.466548,412
TIC 455055854,455055854,100,100,8.58,228.0039,-63.287,4,1,8631.0,2.30678,2.16,259.206,DWARF,2,2.442012,413
TIC 426003634,426003634,100,100,9.57,236.2181,-73.1476,4,2,7548.61,1.968,1.75,319.076,DWARF,2,2.50205,414
TIC 343297581,343297581,100,100,8.77,266.0089,-75.6821,4,3,9383.0,2.35436,2.38,334.744,DWARF,2,2.497746,415
TIC 364419479,364419479,100,100,9.0,252.9237,-68.0623,4,4,8384.0,2.15555,,318.363,DWARF,2,2.467116,416
TIC 423391000,423391000,100,100,9.11,157.1614,-21.5336,1,1,,,,,DWARF,2,999.0,417
TIC 168384036,168384036,100,100,10.36,166.4751,-25.9531,1,2,6873.0,2.87378,1.49,613.416,DWARF,2,2.988907,418
TIC 422247512,422247512,100,100,8.35,162.6543,-11.9286,1,3,4988.0,4.69888,,231.298,GIANT,6,3.013989,419
TIC 396796019,396796019,100,100,11.85,147.6565,-13.933,1,4,,,,,UNKNOWN,5,999.0,420
TIC 459440700,459440700,100,100,9.61,162.6917,-55.9288,2,1,9926.0,2.52928,2.54,526.32,DWARF,2,2.727994,421
TIC 61707954,61707954,100,100,9.9,177.0039,-46.4911,2,2,7517.0,1.97449,1.73,384.049,DWARF,2,2.57091,422
TIC 57260027,57260027,100,100,12.17,171.1173,-33.9036,2,3,7506.88,3.26627,1.73,1717.97,DWARF,2,3.462104,423
TIC 106200340,106200340,100,100,9.04,158.5068,-40.6737,2,4,7390.0,3.70609,1.68,468.911,DWARF,2,2.945832,424
TIC 167862910,167862910,100,100,9.25,193.2213,-53.8381,3,1,7335.0,1.95565,1.66,263.387,DWARF,2,2.432582,425
TIC 433440449,433440449,100,100,8.46,183.0452,-58.8183,3,2,9653.0,2.65866,2.46,333.279,DWARF,2,2.541326,426
TIC 329541717,329541717,100,100,8.57,191.9011,-71.6835,3,3,8858.0,2.39698,2.23,297.541,DWARF,2,2.473329,427
TIC 402270799,402270799,100,100,8.98,220.2846,-64.2195,3,4,8426.0,2.16608,,345.723,DWARF,2,2.467349,428
TIC 298274297,298274297,100,100,9.43,242.4128,-62.8195,4,1,7666.0,1.9011,1.8,307.368,DWARF,2,2.44401,429
TIC 360370278,360370278,100,100,9.0,217.5312,-69.7762,4,2,8081.0,2.25155,1.96,298.459,DWARF,2,2.504963,430
TIC 292539409,292539409,100,100,9.78,281.9144,-66.0965,4,3,9397.0,1.90019,2.39,453.902,DWARF,2,2.513594,431
TIC 447691506,447691506,100,100,9.27,254.8118,-63.3938,4,4,7561.0,2.03063,,252.805527,DWARF,2,2.469262,432
TIC 192990043,192990043,100,100,12.34,155.2387,-28.7386,1,1,3683.0,,,53.174,DWARF,2,999.0,433
TIC 97851410,97851410,100,100,8.52,171.3194,-26.8709,1,2,8276.0,4.50783,2.036,523.555,DWARF,2,3.011935,434
TIC 56719135,56719135,100,100,10.74,159.0448,-9.2918,1,3,5422.0,2.83507,,494.912,GIANT,6,3.053128,435
TIC 422208548,422208548,100,100,12.45,151.5456,-15.2878,1,4,,,,,UNKNOWN,5,999.0,436
TIC 410960444,410960444,100,100,9.67,160.5435,-50.1853,2,1,9086.0,2.5168,2.3,484.037,DWARF,2,2.735697,437
TIC 403906918,403906918,100,100,9.92,188.3454,-48.0469,2,2,9756.0,1.98101,2.49,511.636,DWARF,2,2.577773,438
TIC 57263676,57263676,100,100,7.46,171.2445,-31.9993,2,3,5696.02,,,48.6618,DWARF,2,999.0,439
TIC 54357101,54357101,100,100,8.38,161.7376,-33.4144,2,4,10419.0,4.35262,2.69,585.041,DWARF,2,2.953502,440
TIC 273714906,273714906,100,100,9.61,188.9478,-55.6754,3,1,7301.0,1.80036,,212.584,DWARF,2,2.432719,441
TIC 451282261,451282261,100,100,9.31,170.9669,-59.4921,3,2,8515.0,2.18745,,396.416,DWARF,2,2.541876,442
TIC 326662927,326662927,100,100,9.97,188.5776,-69.7339,3,3,8494.0,1.73721,2.11,385.504,DWARF,2,2.473705,443
TIC 453572456,453572456,100,100,8.63,205.496,-58.6812,3,4,7538.0,2.3554,1.74,246.787,DWARF,2,2.470129,444
TIC 455668246,455668246,100,100,9.93,229.4782,-60.0168,4,1,7633.0,1.69857,1.78,252.091,DWARF,2,2.446167,445
TIC 396362878,396362878,100,100,9.76,212.9063,-73.3523,4,2,7556.0,1.89185,,383.509,DWARF,2,2.505773,446
TIC 465763802,465763802,100,100,9.76,282.4444,-67.876,4,3,7362.0,1.92205,1.67,340.993,DWARF,2,2.519529,447
TIC 294198241,294198241,100,100,8.08,264.9411,-68.1656,4,4,7207.0,2.68223,1.62,215.665,DWARF,2,2.472992,448
TIC 167925833,167925833,100,100,7.38,151.7101,-24.7158,1,1,6207.0,,,95.0227,UNKNOWN,5,999.0,449
TIC 168384845,168384845,100,100,12.96,166.4798,-27.7683,1,2,6382.0,2.00901,1.28,1262.02,DWARF,2,3.197964,450
TIC 396901051,396901051,100,100,8.25,168.7687,-9.1129,1,3,5359.0,5.19952,,279.812,GIANT,6,3.081927,451
TIC 26306094,26306094,100,100,12.74,153.8875,-11.2507,1,4,,,,41.5911,UNKNOWN,5,999.0,452
TIC 162027140,162027140,100,100,8.66,168.0053,-43.677,2,1,8360.0,3.18649,2.07,392.29,DWARF,2,2.738625,453
TIC 400860669,400860669,100,100,9.66,178.5229,-49.1823,2,2,9195.0,2.1123,2.33,463.464,DWARF,2,2.581511,454
TIC 57792479,57792479,100,100,8.77,174.802,-31.0444,2,3,,,,108.648,DWARF,2,999.0,455
TIC 54112027,54112027,100,100,9.53,160.3387,-33.2559,2,4,6804.0,3.36858,1.46,475.442,DWARF,2,2.960894,456
TIC 245449200,245449200,100,100,9.21,200.3726,-52.5846,3,1,7789.0,1.97418,,362.072,DWARF,2,2.432773,457
TIC 305909268,305909268,100,100,10.46,166.1991,-58.6587,3,2,8657.0,1.68067,2.17,469.717,DWARF,2,2.542965,458
TIC 448509362,448509362,100,100,8.93,211.2462,-69.8315,3,3,8605.0,2.20783,,338.912,DWARF,2,2.473931,459
TIC 321528092,321528092,100,100,8.93,205.8414,-63.5683,3,4,9960.0,2.21903,2.55,318.058,DWARF,2,2.478326,460
TIC 426969698,426969698,100,100,9.7,237.0987,-67.3194,4,1,7458.0,1.79369,1.71,316.304,DWARF,2,2.447495,461
TIC 384344516,384344516,100,100,8.29,247.6854,-80.3208,4,2,11237.0,2.65948,2.95,346.796,DWARF,2,2.507593,462
TIC 345175682,345175682,100,100,9.24,281.4199,-76.1541,4,3,7813.0,2.17372,1.85,318.673,DWARF,2,2.522407,463
TIC 420367001,420367001,100,100,8.27,251.0195,-59.4745,4,4,9570.0,2.574,2.44,301.96,DWARF,2,2.475217,464
TIC 308933545,308933545,100,100,8.45,150.7106,-27.0183,1,1,4898.0,,,505.319,UNKNOWN,5,999.0,465
TIC 437261156,437261156,100,100,7.33,170.3625,-20.4545,1,2,5450.0,,,13.0812,DWARF,2,999.0,466
TIC 148611612,148611612,100,100,8.09,165.3971,-6.9811,1,3,4857.0,6.03101,,246.714,GIANT,6,3.17878,467
TIC 432164209,432164209,100,100,12.91,153.4142,-19.3655,1,4,,,,268.142,UNKNOWN,5,999.0,468
TIC 451076846,451076846,100,100,8.16,170.4182,-54.3705,2,1,7007.0,3.60009,1.54,284.773,DWARF,2,2.744627,469
TIC 73172458,73172458,100,100,9.02,189.7563,-43.4237,2,2,7278.0,2.45875,,285.218353,DWARF,2,2.585429,470
TIC 142209224,142209224,100,100,13.0,180.3516,-31.9908,2,3,8333.0,,,586.168,DWARF,2,999.0,471
TIC 73765625,73765625,100,100,9.34,155.8879,-36.6359,2,4,8387.0,3.56445,2.08,617.314,DWARF,2,2.971985,472
TIC 253451899,253451899,100,100,9.5,196.8367,-54.3293,3,1,8987.0,1.85141,2.27,340.325,DWARF,2,2.435005,473
TIC 460673083,460673083,100,100,9.6,191.3537,-61.7791,3,2,7649.0,2.05278,1.79,303.441,DWARF,2,2.544685,474
TIC 361722178,361722178,100,100,7.93,195.2054,-72.4295,3,3,8585.0,2.79585,2.14,250.617,DWARF,2,2.479028,475
TIC 381865147,381865147,100,100,9.11,208.7089,-60.8989,3,4,7444.0,2.13798,1.71,252.447,DWARF,2,2.482007,476
TIC 300432135,300432135,100,100,9.08,244.8227,-62.6349,4,1,9562.0,2.07371,2.43,358.695,DWARF,2,2.449496,477
TIC 407128616,407128616,100,100,9.19,235.2232,-78.157,4,2,8409.0,2.16185,,346.573,DWARF,2,2.507651,478
TIC 304863699,304863699,100,100,8.78,280.5405,-69.0385,4,3,8050.0,2.41947,1.95,305.975,DWARF,2,2.52344,479
TIC 305840308,305840308,100,100,9.46,263.6173,-65.8998,4,4,7515.0,1.98164,1.73,319.345,DWARF,2,2.48605,480
TIC 413328822,413328822,100,100,8.48,160.5982,-21.491,1,1,3058.0,,,1723.75,UNKNOWN,5,999.0,481
TIC 219187616,219187616,100,100,10.8,170.9841,-18.3639,1,2,3451.0,,,17.9707,DWARF,2,999.0,482
TIC 410039739,410039739,100,100,8.42,161.636,-15.5763,1,3,4950.0,6.57435,,323.631,GIANT,6,3.319706,483
TIC 33224518,33224518,100,100,8.21,148.9749,-11.2486,1,4,5026.0,3.38188,,158.22,GIANT,6,2.700316,484
TIC 119925436,119925436,100,100,10.98,162.4127,-50.5993,2,1,7585.0,1.90224,,502.342,DWARF,2,2.754531,485
TIC 61599423,61599423,100,100,7.71,176.5766,-46.244,2,2,6475.0,3.3431,1.32,193.142,DWARF,2,2.590299,486
TIC 57303793,57303793,100,100,10.96,171.3368,-33.2378,2,3,5680.0,,,191.483,UNKNOWN,5,999.0,487
TIC 106143855,106143855,100,100,9.96,158.1681,-40.1517,2,4,8117.0,3.1167,1.98,672.054,DWARF,2,2.97939,488
TIC 244969190,244969190,100,100,7.78,197.2739,-49.495,3,1,9357.0,2.76319,2.38,255.452,DWARF,2,2.438821,489
TIC 451134562,451134562,100,100,9.13,187.7526,-61.3242,3,2,8039.0,2.29285,1.95,320.869,DWARF,2,2.546751,490
TIC 339812355,339812355,100,100,9.11,200.5857,-69.4875,3,3,8171.0,2.1387,2.0,309.028,DWARF,2,2.4823,491
TIC 295198502,295198502,100,100,7.77,222.9939,-60.3348,3,4,9383.0,2.91529,2.38,253.075,DWARF,2,2.483364,492
TIC 258329658,258329658,100,100,9.11,221.4347,-66.229,4,1,8080.0,2.06998,,295.827,DWARF,2,2.453932,493
TIC 407044869,407044869,100,100,9.47,232.1092,-78.4423,4,2,8803.0,2.03178,2.21,380.47,DWARF,2,2.509753,494
TIC 276671203,276671203,100,100,8.89,268.585,-79.2826,4,3,7624.0,2.36492,1.78,281.746,DWARF,2,2.525633,495
TIC 301757025,301757025,100,100,9.39,258.8412,-66.5392,4,4,7856.0,2.03005,1.87,334.102,DWARF,2,2.493013,496
TIC 187993972,187993972,100,100,10.64,160.0621,-24.3192,1,1,5342.0,,,141.348,UNKNOWN,5,999.0,497
TIC 20501510,20501510,100,100,11.14,169.1528,-27.9612,1,2,3301.0,,,14.0589,DWARF,2,999.0,498
TIC 1588469,1588469,100,100,8.11,169.6709,-12.4473,1,3,4740.0,8.0325,,306.782,GIANT,6,3.431701,499
TIC 294257130,294257130,100,100,9.22,156.8777,-20.3148,1,4,5115.0,2.94308,,227.455,GIANT,6,2.781604,500
TIC 82382251,82382251,100,100,10.12,169.1958,-51.1139,2,1,6502.0,2.40838,1.33,398.576,DWARF,2,2.78745,501
TIC 61606994,61606994,100,100,9.39,176.5214,-43.0806,2,2,8945.0,2.27507,,312.925,DWARF,2,2.59199,502
TIC 142002844,142002844,100,100,11.11,178.2921,-31.3999,2,3,3273.0,,,15.3283,UNKNOWN,5,999.0,503
TIC 147566325,147566325,100,100,11.0,163.5959,-42.3912,2,4,6089.0,2.62066,1.14,588.179,DWARF,2,3.036821,504
TIC 253127349,253127349,100,100,9.61,194.6267,-58.2787,3,1,7623.0,1.81328,1.78,304.349,DWARF,2,2.43893,505
TIC 376756012,376756012,100,100,9.26,180.9356,-59.7521,3,2,9544.0,2.23331,2.43,397.261,DWARF,2,2.549898,506
TIC 328388687,328388687,100,100,9.69,190.7672,-66.3645,3,3,9632.0,1.882,2.45,414.759,DWARF,2,2.487239,507
TIC 328771818,328771818,100,100,9.46,211.4685,-65.4736,3,4,8903.0,1.9771,2.24,363.159,DWARF,2,2.484057,508
TIC 263605078,263605078,100,100,9.94,234.8483,-69.4907,4,1,8758.0,1.71205,2.2,410.443,DWARF,2,2.455033,509
TIC 383993899,383993899,100,100,9.86,239.8006,-81.9079,4,2,8340.0,1.85886,2.06,383.253,DWARF,2,2.510493,510
TIC 276676401,276676401,100,100,9.8,269.3878,-81.492,4,3,8220.0,1.92182,2.01,373.533,DWARF,2,2.527425,511
TIC 380998035,380998035,100,100,9.0,270.6124,-64.2499,4,4,7845.0,2.22328,1.87,306.137,DWARF,2,2.493988,512
TIC 71222516,71222516,100,100,10.74,154.1889,-31.1454,1,1,5094.0,,,121.954,UNKNOWN,5,999.0,513
TIC 452712793,452712793,100,100,8.75,172.2442,-24.767,1,2,4674.5,,,29.3735,SUBGIANT,4,999.0,514
TIC 55107470,55107470,100,100,8.17,162.318,-9.9179,1,3,4669.0,8.20444,,319.304,GIANT,6,3.462098,515
TIC 26263016,26263016,100,100,8.12,153.415,-9.7865,1,4,4954.0,4.52268,,198.511,GIANT,6,2.934792,516
TIC 71831346,71831346,100,100,9.29,166.7387,-44.0436,2,1,8603.0,2.91602,2.15,481.932,DWARF,2,2.787581,517
TIC 275593560,275593560,100,100,9.0,179.182,-45.703,2,2,7400.0,2.5026,1.69,313.704,DWARF,2,2.596783,518
TIC 293084151,293084151,100,100,11.22,178.187,-26.5027,2,3,,,,36.9035,UNKNOWN,5,999.0,519
TIC 103555745,103555745,100,100,8.35,157.4135,-43.8709,2,4,7787.0,4.98539,1.84,490.316,DWARF,2,3.065398,520
TIC 260944490,260944490,100,100,8.91,201.7047,-52.7964,3,1,7440.0,2.13742,1.7,248.86,DWARF,2,2.44178,521
TIC 261688500,261688500,100,100,9.8,185.9049,-57.9378,3,2,9155.0,1.97578,2.32,412.442,DWARF,2,2.551477,522
TIC 448276482,448276482,100,100,9.0,209.4955,-71.7056,3,3,7809.0,2.21312,1.85,290.515,DWARF,2,2.49001,523
TIC 312323178,312323178,100,100,9.78,210.3415,-53.8384,3,4,8437.0,1.84244,2.09,360.365,DWARF,2,2.486787,524
TIC 88320218,88320218,100,100,9.01,239.1693,-59.5251,4,1,8259.0,2.12241,,233.46,DWARF,2,2.455659,525
TIC 403133746,403133746,100,100,9.21,227.8968,-73.0268,4,2,6570.17,2.17429,1.36,253.555,DWARF,2,2.516635,526
TIC 423240121,423240121,100,100,7.23,297.3469,-73.5232,4,3,8430.0,3.50068,2.09,230.135,DWARF,2,2.534305,527
TIC 305765086,305765086,100,100,7.81,263.2201,-63.3421,4,4,7413.0,2.94801,1.69,219.181,DWARF,2,2.501058,528
TIC 942944323,942944323,100,100,11.12,160.0622,-24.3196,1,1,,,,143.041,UNKNOWN,5,999.0,529
TIC 461160053,461160053,100,100,7.61,165.8191,-27.5179,1,2,8396.0,,,181.336,UNKNOWN,5,999.0,530
TIC 55007138,55007138,100,100,9.83,161.1361,-9.8842,1,3,5004.0,6.14335,,595.282,GIANT,6,3.542811,531
TIC 26256664,26256664,100,100,8.15,153.2102,-11.2021,1,4,5032.0,4.85657,,220.927,GIANT,6,3.002659,532
TIC 393474507,393474507,100,100,8.83,167.6768,-45.837,2,1,7978.0,3.26213,1.92,405.816,DWARF,2,2.793003,533
TIC 255775303,255775303,100,100,9.83,186.0009,-49.0049,2,2,9376.0,2.06986,2.38,483.806,DWARF,2,2.597882,534
TIC 57610880,57610880,100,100,11.38,173.6135,-32.2193,2,3,4896.0,,,145.26,UNKNOWN,5,999.0,535
TIC 158381026,158381026,100,100,9.24,163.4112,-36.1543,2,4,6842.0,4.17097,1.48,522.769,DWARF,2,3.088474,536
TIC 438816206,438816206,100,100,8.38,202.0922,-51.2926,3,1,7466.0,2.41951,1.71,225.39,DWARF,2,2.443455,537
TIC 94642133,94642133,100,100,9.76,177.7865,-53.4358,3,2,7849.0,1.99475,,376.838,DWARF,2,2.551777,538
TIC 395295983,395295983,100,100,8.83,205.8352,-72.0818,3,3,7420.0,2.30732,1.7,254.978,DWARF,2,2.492216,539
TIC 329980125,329980125,100,100,9.4,211.922,-63.0421,3,4,9904.0,2.01737,2.53,350.118,DWARF,2,2.489571,540
TIC 298393708,298393708,100,100,9.42,242.7116,-62.9434,4,1,9423.0,1.94625,2.4,390.195,DWARF,2,2.462397,541
TIC 384298808,384298808,100,100,9.56,246.5191,-81.1608,4,2,9866.0,2.00911,2.52,426.244,DWARF,2,2.518007,542
TIC 382249258,382249258,100,100,7.93,286.5776,-69.8302,4,3,8766.0,3.00746,2.2,287.895,DWARF,2,2.5424,543
TIC 464314542,464314542,100,100,7.47,280.0132,-64.726,4,4,8323.0,3.2391,2.05,236.074,DWARF,2,2.514849,544
TIC 49044042,49044042,100,100,11.23,164.3338,-30.1609,1,1,13916.0,,,1809.71,UNKNOWN,5,999.0,545
TIC 461136782,461136782,100,100,12.02,165.5008,-25.6907,1,2,5579.0,,,481.435,UNKNOWN,5,999.0,546
TIC 54986760,54986760,100,100,8.76,160.4561,-8.7325,1,3,4814.0,7.87594,,426.468,GIANT,6,3.544605,547
TIC 26166113,26166113,100,100,8.35,152.2566,-11.5366,1,4,5100.0,4.77619,,240.361,GIANT,6,3.028163,548
TIC 400866752,400866752,100,100,9.35,178.5083,-51.6817,2,1,7553.0,2.93101,1.75,437.55,DWARF,2,2.804035,549
TIC 332360870,332360870,100,100,8.43,179.7638,-48.3414,2,2,8080.0,2.88904,1.96,315.038,DWARF,2,2.607507,550
TIC 142173958,142173958,100,100,11.61,180.1141,-34.0938,2,3,3149.0,,,72.6438,UNKNOWN,5,999.0,551
TIC 158333808,158333808,100,100,8.87,163.1993,-40.6407,2,4,7687.0,4.66302,1.8,575.602,DWARF,2,3.111335,552
TIC 245234011,245234011,100,100,8.87,199.0231,-50.8087,3,1,9199.0,2.18055,2.33,324.24,DWARF,2,2.451132,553
TIC 459850897,459850897,100,100,10.27,163.7144,-58.5693,3,2,8405.0,1.78789,2.08,456.891,DWARF,2,2.558682,554
TIC 448180001,448180001,100,100,9.49,208.4623,-70.4865,3,3,7984.0,1.98232,1.92,334.363,DWARF,2,2.492348,555
TIC 209560277,209560277,100,100,9.8,210.645,-57.1981,3,4,7946.0,1.84087,1.91,351.987,DWARF,2,2.490046,556
TIC 424133684,424133684,100,100,9.66,236.1644,-62.5138,4,1,8272.0,1.87197,2.03,356.204,DWARF,2,2.476598,557
TIC 446322533,446322533,100,100,9.46,217.0449,-71.1377,4,2,7714.0,2.06197,1.81,329.174,DWARF,2,2.520565,558
TIC 343575978,343575978,100,100,9.09,269.7833,-75.799,4,3,7397.0,2.30496,1.69,293.857,DWARF,2,2.543327,559
TIC 447478090,447478090,100,100,9.55,252.9404,-62.6931,4,4,7310.0,2.01541,1.65,319.37,DWARF,2,2.518727,560
TIC 71029363,71029363,100,100,11.47,153.0371,-31.4126,1,1,,,,49.1915,UNKNOWN,5,999.0,561
TIC 167885596,167885596,100,100,8.59,163.2779,-22.0232,1,2,4815.3,3.92225,,196.43,GIANT,6,2.905071,562
TIC 287099264,287099264,100,100,8.14,166.6579,-15.8347,1,3,4848.0,9.19304,,381.387,GIANT,6,3.554918,563
TIC 101253621,101253621,100,100,8.43,155.9734,-15.2641,1,4,4820.1,6.03923,,271.898,GIANT,6,3.247963,564
TIC 80845742,80845742,100,100,7.73,166.1195,-53.1085,2,1,7997.0,4.26365,1.93,321.167,DWARF,2,2.805563,565
TIC 135080472,135080472,100,100,7.8,184.9194,-39.3769,2,2,7369.0,3.36351,1.68,243.028,DWARF,2,2.613585,566
TIC 152175409,152175409,100,100,11.73,170.2417,-37.1878,2,3,,,,141.673,UNKNOWN,5,999.0,567
TIC 71341774,71341774,100,100,12.34,154.7513,-35.6839,2,4,6176.0,2.22168,1.18,946.232,DWARF,2,3.161363,568
TIC 273819783,273819783,100,100,9.65,189.1886,-54.6909,3,1,7556.0,1.82448,1.75,308.463,DWARF,2,2.452278,569
TIC 450700293,450700293,100,100,9.58,186.9073,-63.5703,3,2,8333.0,2.10525,2.06,369.807,DWARF,2,2.562607,570
TIC 449038932,449038932,100,100,8.37,215.6097,-68.5227,3,3,8599.0,2.5685,2.15,273.496,DWARF,2,2.493359,571
TIC 416206081,416206081,100,100,9.44,223.3375,-57.4504,3,4,7828.0,2.0046,1.86,304.07,DWARF,2,2.492055,572
TIC 424539679,424539679,100,100,9.86,236.754,-60.2227,4,1,8179.0,1.79177,2.0,358.844,DWARF,2,2.478565,573
TIC 395401572,395401572,100,100,9.79,206.9109,-75.0324,4,2,8745.0,1.91849,2.19,406.382,DWARF,2,2.523919,574
TIC 387115314,387115314,100,100,9.56,286.5642,-77.0456,4,3,7655.0,2.07419,1.79,338.183,DWARF,2,2.545697,575
TIC 381237684,381237684,100,100,9.47,254.5172,-66.8502,4,4,9335.0,2.06529,2.37,418.22,DWARF,2,2.523962,576
TIC 70826190,70826190,100,100,11.59,152.1818,-32.2195,1,1,,,,31.3587,UNKNOWN,5,999.0,577
TIC 415715405,415715405,100,100,8.21,164.2437,-21.5706,1,2,4878.0,5.18059,,227.421,GIANT,6,3.070758,578
TIC 386563846,386563846,100,100,8.05,159.2796,-12.3035,1,3,4672.0,9.83741,,362.669,GIANT,6,3.595762,579
TIC 308821405,308821405,100,100,8.09,151.9926,-13.8399,1,4,4810.0,6.80879,,271.538,GIANT,6,3.28414,580
TIC 303104506,303104506,100,100,9.38,159.065,-50.1473,2,1,9667.0,2.9843,2.46,537.122,DWARF,2,2.825685,581
TIC 61635991,61635991,100,100,9.8,176.7101,-42.6165,2,2,6374.0,2.12353,1.27,299.468,DWARF,2,2.614117,582
TIC 142390356,142390356,100,100,11.84,181.9292,-34.8263,2,3,3788.0,,,70.2539,UNKNOWN,5,999.0,583
TIC 73078624,73078624,100,100,12.82,153.4765,-36.8156,2,4,8016.0,2.41772,1.94,1889.03,DWARF,2,3.330812,584
TIC 253343757,253343757,100,100,9.69,196.2078,-57.2182,3,1,8140.0,1.80907,1.98,343.044,DWARF,2,2.452911,585
TIC 467281260,467281260,100,100,7.96,168.1591,-60.921,3,2,7575.0,3.08014,1.76,247.814,DWARF,2,2.569141,586
TIC 341786644,341786644,100,100,9.7,203.3906,-71.1765,3,3,8135.0,1.8915,1.98,346.677,DWARF,2,2.493613,587
TIC 382995678,382995678,100,100,8.16,216.127,-64.958,3,4,8121.0,2.69818,1.98,251.264,DWARF,2,2.494142,588
TIC 300525518,300525518,100,100,9.91,245.0275,-64.1951,4,1,7434.0,1.77295,1.7,343.131,DWARF,2,2.479393,589
TIC 426425485,426425485,100,100,9.58,243.3679,-73.772,4,2,7507.0,2.03653,1.73,341.788,DWARF,2,2.533782,590
TIC 295452609,295452609,100,100,9.95,272.5142,-71.1139,4,3,7589.0,1.90367,,342.934,DWARF,2,2.549183,591
TIC 447603742,447603742,100,100,9.04,254.0523,-65.2365,4,4,7504.0,2.28908,1.73,299.084,DWARF,2,2.527322,592
TIC 308932824,308932824,100,100,11.8,150.6287,-28.2413,1,1,,,,,UNKNOWN,5,999.0,593
TIC 423447212,423447212,100,100,9.25,168.3983,-23.776,1,2,5065.0,4.1633,,304.02,GIANT,6,3.088875,594
TIC 148562228,148562228,100,100,8.24,164.6244,-7.0553,1,3,4737.0,9.531,,395.971,GIANT,6,3.606277,595
TIC 396811847,396811847,100,100,8.11,147.8882,-15.384,1,4,5063.0,7.06379,,317.636,GIANT,6,3.320076,596
TIC 81702112,81702112,100,100,7.95,167.8922,-49.9363,2,1,7187.0,4.18415,1.61,301.479,DWARF,2,2.833214,597
TIC 22109188,22109188,100,100,9.11,183.1031,-46.3695,2,2,7804.0,2.50921,1.85,351.993,DWARF,2,2.621074,598
TIC 57532658,57532658,100,100,12.41,173.2554,-34.3888,2,3,4399.0,,,192.144,UNKNOWN,5,999.0,599
TIC 158293963,158293963,100,100,8.34,162.8909,-41.7861,2,4,,,,259.877,DWARF,2,999.0,600
TIC 425431464,425431464,100,100,9.99,200.7876,-48.8425,3,1,7401.93,1.70326,1.69,320.919,DWARF,2,2.460562,601
TIC 287801369,287801369,100,100,9.97,184.7909,-58.8594,3,2,7767.0,1.96656,,246.289,DWARF,2,2.581414,602
TIC 339645730,339645730,100,100,9.47,200.2214,-66.5696,3,3,9759.0,2.00298,2.49,391.024,DWARF,2,2.497353,603
TIC 411731830,411731830,100,100,9.65,214.3235,-56.2011,3,4,8092.0,1.91465,1.97,340.466,DWARF,2,2.494179,604
TIC 299870394,299870394,100,100,9.51,244.0473,-60.9755,4,1,8776.0,1.94528,2.2,375.593,DWARF,2,2.479964,605
TIC 425788188,425788188,100,100,8.85,234.1413,-76.3243,4,2,8494.0,2.42257,2.11,336.267,DWARF,2,2.538553,606
TIC 382072477,382072477,100,100,8.78,285.185,-67.657,4,3,7583.0,2.49597,1.76,297.823,DWARF,2,2.550479,607
TIC 293331707,293331707,100,100,9.02,261.4424,-68.2529,4,4,9352.0,2.30081,2.37,381.099,DWARF,2,2.527762,608
TIC 71222521,71222521,100,100,11.88,154.1911,-31.1472,1,1,,,,99.131,UNKNOWN,5,999.0,609
TIC 5595074,5595074,100,100,9.23,166.1194,-18.1455,1,2,5051.0,4.22554,,317.829,GIANT,6,3.097764,610
TIC 55103467,55103467,100,100,8.08,162.1617,-8.2952,1,3,4745.0,9.97606,,386.771,GIANT,6,3.613918,611
TIC 1474831,1474831,100,100,8.21,147.0154,-15.4208,1,4,4867.0,6.9108,,300.512,GIANT,6,3.321057,612
TIC 162362398,162362398,100,100,10.62,169.4143,-44.0171,2,1,8025.0,2.29741,1.94,651.263,DWARF,2,2.846477,613
TIC 61372132,61372132,100,100,8.46,175.6331,-42.105,2,2,8597.0,2.91963,2.15,337.748,DWARF,2,2.622656,614
TIC 901057728,901057728,100,100,12.75,174.4545,-34.9937,2,3,,,,194.691,UNKNOWN,5,999.0,615
TIC 158381418,158381418,100,100,11.95,163.5748,-36.2711,2,4,,,,,DWARF,2,999.0,616
TIC 405696653,405696653,100,100,9.3,192.064,-55.8518,3,1,7857.0,1.99747,,342.191,DWARF,2,2.460961,617
TIC 382166392,382166392,100,100,9.54,183.059,-59.967,3,2,7544.0,2.21385,1.75,338.026,DWARF,2,2.598296,618
TIC 337507488,337507488,100,100,8.4,197.5066,-66.7291,3,3,9666.0,2.57558,2.46,315.168,DWARF,2,2.50175,619
TIC 414044586,414044586,100,100,9.45,215.6639,-57.947,3,4,8127.0,2.02197,1.98,309.539,DWARF,2,2.501549,620
TIC 271847827,271847827,100,100,9.22,233.278,-64.6512,4,1,7988.0,2.08937,1.93,315.834,DWARF,2,2.484031,621
TIC 310175871,310175871,100,100,8.81,251.1139,-72.4548,4,2,8834.0,2.44918,2.22,348.118,DWARF,2,2.540041,622
TIC 343652049,343652049,100,100,9.35,272.3894,-74.2544,4,3,8475.0,2.19381,2.11,373.075,DWARF,2,2.552398,623
TIC 293489791,293489791,100,100,9.14,261.82,-66.863,4,4,7338.0,2.24774,1.66,303.255,DWARF,2,2.531492,624
TIC 193276061,193276061,100,100,12.07,158.6986,-28.6312,1,1,,,,,UNKNOWN,5,999.0,625
TIC 20425473,20425473,100,100,8.02,168.202,-25.7886,1,2,4941.0,5.73547,,231.207,GIANT,6,3.121138,626
TIC 289800274,289800274,100,100,8.07,160.8774,-16.6549,1,3,4659.3,10.1754,,377.665,GIANT,6,3.629103,627
TIC 1531533,1531533,100,100,8.27,156.5975,-12.077,1,4,5162.0,7.53334,,373.109,GIANT,6,3.407975,628
TIC 80677454,80677454,100,100,11.7,165.936,-52.8464,2,1,7401.0,1.80631,1.69,718.884,DWARF,2,2.853585,629
TIC 21943373,21943373,100,100,7.29,181.8861,-45.5812,2,2,9790.0,3.83878,2.5,299.681,DWARF,2,2.626386,630
TIC 57513388,57513388,100,100,9.38,172.9795,-34.6077,2,3,3585.0,1.35108,,49.3089,GIANT,6,2.137362,631
TIC 942368354,942368354,100,100,12.27,163.785,-35.6336,2,4,3621.0,,,52.2661,DWARF,2,999.0,632
TIC 245156169,245156169,100,100,9.24,198.6482,-51.559,3,1,8357.0,2.02773,2.06,320.553,DWARF,2,2.46202,633
TIC 467207957,467207957,100,100,10.77,168.0418,-62.224,3,2,7959.0,1.70413,1.91,466.207,DWARF,2,2.617005,634
TIC 341865564,341865564,100,100,8.96,203.8527,-69.0166,3,3,7701.0,2.26445,1.81,281.714,DWARF,2,2.501925,635
TIC 290937950,290937950,100,100,9.36,217.4667,-55.2849,3,4,8314.0,2.06454,2.05,319.347,DWARF,2,2.501647,636
TIC 298717669,298717669,100,100,9.67,243.0206,-63.2151,4,1,8470.0,1.88416,2.1,379.579,DWARF,2,2.484236,637
TIC 403371685,403371685,100,100,9.73,229.6323,-75.4221,4,2,7826.0,1.98691,,340.945,DWARF,2,2.542356,638
TIC 384799534,384799534,100,100,7.17,260.3962,-79.065,4,3,8116.0,3.63646,1.98,206.695,DWARF,2,2.555358,639
TIC 364285506,364285506,100,100,7.9,252.5365,-67.0264,4,4,8586.0,3.00453,2.14,275.84,DWARF,2,2.535553,640
TIC 168067555,168067555,100,100,12.16,152.5175,-29.4536,1,1,4616.0,,,172.692,UNKNOWN,5,999.0,641
TIC 322736182,322736182,100,100,8.58,165.8996,-25.8384,1,2,5003.0,5.76217,,308.355,GIANT,6,3.237172,642
TIC 333794705,333794705,100,100,8.17,169.2382,-10.4091,1,3,4962.5,9.96336,,446.228,GIANT,6,3.630812,643
TIC 96103977,96103977,100,100,8.02,147.1335,-11.5336,1,4,4926.0,8.21606,,333.597,GIANT,6,3.433327,644
TIC 80299103,80299103,100,100,10.42,164.9381,-51.0746,2,1,6920.0,2.54392,1.51,518.13,DWARF,2,2.895007,645
TIC 72176618,72176618,100,100,8.66,186.3538,-45.6255,2,2,8877.0,2.81048,2.24,376.616,DWARF,2,2.629561,646
TIC 23186105,23186105,100,100,8.31,166.5367,-30.2872,2,3,4964.0,2.35186,,113.226,GIANT,6,2.404823,647
TIC 146494304,146494304,100,100,8.1,158.8989,-43.787,2,4,8000.0,,,240.516,UNKNOWN,5,999.0,648
TIC 288286438,288286438,100,100,9.82,187.4724,-48.8704,3,1,9894.0,1.77806,2.53,443.363,DWARF,2,2.463893,649
TIC 272307958,272307958,100,100,9.74,187.6701,-58.5196,3,2,8441.0,2.16977,,514.856,DWARF,2,2.620827,650
TIC 395936099,395936099,100,100,9.89,210.1579,-72.929,3,3,8676.0,1.83774,2.17,396.499,DWARF,2,2.506568,651
TIC 328764639,328764639,100,100,7.87,211.0868,-65.4161,3,4,9581.0,2.91014,2.44,279.464,DWARF,2,2.501828,652
TIC 300640183,300640183,100,100,9.46,245.0658,-62.1346,4,1,7027.0,1.98153,1.55,287.39,DWARF,2,2.486001,653
TIC 384470390,384470390,100,100,8.81,251.2827,-80.7999,4,2,9173.0,2.46019,2.32,344.997,DWARF,2,2.543937,654
TIC 465762203,465762203,100,100,9.91,282.4063,-66.2486,4,3,7605.0,1.95218,1.77,390.486,DWARF,2,2.56304,655
TIC 306357593,306357593,100,100,9.81,264.8661,-63.4194,4,4,9282.0,1.93969,2.35,462.132,DWARF,2,2.537465,656
TIC 71221700,71221700,100,100,12.39,154.0486,-29.9763,1,1,,,,536.765,UNKNOWN,5,999.0,657
TIC 437290139,437290139,100,100,8.32,174.3397,-21.4632,1,2,4950.0,6.24472,,297.461,GIANT,6,3.255026,658
TIC 148562084,148562084,100,100,8.39,164.6458,-6.3575,1,3,4863.0,9.47452,,444.205,GIANT,6,3.631114,659
TIC 1445971,1445971,100,100,8.16,146.7623,-16.8198,1,4,5155.1,7.98824,,390.583,GIANT,6,3.436902,660
TIC 81554659,81554659,100,100,9.64,167.5619,-51.3149,2,1,9257.0,3.0915,2.35,594.652,DWARF,2,2.908339,661
TIC 72559627,72559627,100,100,9.83,187.6945,-46.4298,2,2,7860.0,2.16561,1.87,428.853,DWARF,2,2.63716,662
TIC 57206634,57206634,100,100,8.31,170.7584,-32.4322,2,3,5235.0,2.75995,,145.789,GIANT,6,2.543802,663
TIC 448539216,448539216,100,100,8.39,166.027,-32.5887,2,4,,,,2614.15,UNKNOWN,5,999.0,664
TIC 162399239,162399239,100,100,9.33,190.8538,-50.9726,3,1,7854.0,1.99645,,310.626,DWARF,2,2.466517,665
TIC 375627670,375627670,100,100,9.59,178.5272,-57.0603,3,2,7846.0,2.25561,1.87,387.412,DWARF,2,2.624528,666
TIC 448105302,448105302,100,100,9.5,208.012,-71.7105,3,3,6101.0,2.02518,1.15,233.264,DWARF,2,2.512927,667
TIC 288598068,288598068,100,100,9.12,200.8033,-58.9872,3,4,7846.0,2.19289,1.87,295.026,DWARF,2,2.506034,668
TIC 351085912,351085912,100,100,9.64,247.2602,-60.4528,4,1,9862.0,1.90146,2.52,430.109,DWARF,2,2.486174,669
TIC 361968893,361968893,100,100,9.71,244.2513,-71.4129,4,2,8916.0,2.0009,2.25,436.375,DWARF,2,2.544451,670
TIC 343829511,343829511,100,100,7.52,273.8981,-77.0734,4,3,9426.0,3.39777,2.4,266.254,DWARF,2,2.566388,671
TIC 380464160,380464160,100,100,7.66,268.4157,-63.9599,4,4,9137.0,3.18769,2.31,279.737,DWARF,2,2.538952,672
TIC 188035578,188035578,100,100,12.66,160.6727,-24.2667,1,1,,,,10.3978,UNKNOWN,5,999.0,673
TIC 97853156,97853156,100,100,9.21,171.4598,-25.6823,1,2,5095.0,5.50108,,406.716,GIANT,6,3.322896,674
TIC 453452377,453452377,100,100,8.14,169.7554,-11.4179,1,3,4744.0,10.4052,,402.333,GIANT,6,3.662501,675
TIC 334776641,334776641,100,100,8.83,157.8504,-15.1743,1,4,4723.0,7.32737,,391.407,GIANT,6,3.495896,676
TIC 120378082,120378082,100,100,8.18,163.3334,-51.7927,2,1,10112.0,4.35509,2.59,474.604,DWARF,2,2.913994,677
TIC 454047903,454047903,100,100,10.94,175.953,-41.3366,2,2,7114.0,1.70554,1.58,471.658,DWARF,2,2.651724,678
TIC 152597583,152597583,100,100,8.15,172.461,-38.0914,2,3,5046.0,6.0048,,270.67,GIANT,6,3.186997,679
TIC 73629828,73629828,100,100,8.43,155.2322,-37.957,2,4,,,,864.616,UNKNOWN,5,999.0,680
TIC 438725071,438725071,100,100,8.94,201.2176,-53.8203,3,1,9895.0,2.18462,2.53,343.967,DWARF,2,2.466752,681
TIC 300899845,300899845,100,100,7.84,178.0077,-54.4091,3,2,8002.0,3.39491,1.93,271.347,DWARF,2,2.629657,682
TIC 361526668,361526668,100,100,7.9,193.8571,-73.9687,3,3,9966.0,2.93612,2.55,297.9,DWARF,2,2.515548,683
TIC 186574616,186574616,100,100,9.87,220.174,-56.6423,3,4,7455.0,1.85555,,305.723,DWARF,2,2.510945,684
TIC 381138623,381138623,100,100,9.7,238.0273,-68.5351,4,1,9304.0,1.87813,2.36,421.446,DWARF,2,2.487451,685
TIC 426134267,426134267,100,100,8.96,238.4239,-73.3368,4,2,7155.19,2.37946,1.6,277.989,DWARF,2,2.544957,686
TIC 295599256,295599256,100,100,9.94,274.2217,-68.1978,4,3,8152.0,1.96177,1.99,417.08,DWARF,2,2.573296,687
TIC 74998547,74998547,100,100,8.01,266.3832,-59.6824,4,4,6696.0,2.96052,1.42,206.39,DWARF,2,2.544736,688
TIC 188123798,188123798,100,100,9.0,161.8787,-26.5629,1,1,5077.0,2.46109,,166.418,GIANT,6,2.582255,689
TIC 32633733,32633733,100,100,9.21,175.846,-25.5537,1,2,4841.0,5.51252,,370.529,GIANT,6,3.3247,690
TIC 332828513,332828513,100,100,8.18,165.2486,-14.4526,1,3,4805.0,10.4822,,432.244,GIANT,6,3.676905,691
TIC 348937531,348937531,100,100,8.25,149.1469,-15.8798,1,4,4691.0,8.58829,,351.948,GIANT,6,3.517813,692
TIC 72005709,72005709,100,100,10.01,167.4128,-45.5121,2,1,6864.0,2.85842,1.49,486.706,DWARF,2,2.914252,693
TIC 163583403,163583403,100,100,9.73,174.4477,-43.5555,2,2,7958.0,2.2626,1.91,434.196,DWARF,2,2.655216,694
TIC 275382727,275382727,100,100,8.52,179.8729,-28.9474,2,3,5045.0,6.38536,,344.262,GIANT,6,3.314371,695
TIC 146610974,146610974,100,100,8.72,159.8007,-44.6286,2,4,,,,1907.31,UNKNOWN,5,999.0,696
TIC 412245518,412245518,100,100,7.04,190.6631,-54.5384,3,1,9823.0,3.40613,2.51,230.508,DWARF,2,2.472522,697
TIC 270876629,270876629,100,100,9.43,186.2003,-58.3506,3,2,8480.0,2.36181,2.11,400.796,DWARF,2,2.63249,698
TIC 329164617,329164617,100,100,9.75,191.4842,-67.7029,3,3,7641.0,1.92222,,292.041,DWARF,2,2.517606,699
TIC 413492144,413492144,100,100,7.87,214.9771,-57.1577,3,4,8305.0,2.9458,2.05,237.533,DWARF,2,2.512407,700
TIC 42746931,42746931,100,100,8.99,228.802,-58.7309,4,1,7922.0,2.21762,1.9,279.502,DWARF,2,2.489774,701
TIC 288769184,288769184,100,100,8.38,231.9213,-72.8299,4,2,7539.0,2.7434,1.74,266.645,DWARF,2,2.552578,702
TIC 364543891,364543891,100,100,7.77,253.3859,-70.6006,4,3,9452.0,3.23475,2.4,304.438,DWARF,2,2.573681,703
TIC 305089304,305089304,100,100,9.06,261.6802,-64.5208,4,4,9288.0,2.33077,,360.279,DWARF,2,2.546999,704
TIC 188081959,188081959,100,100,8.65,161.254,-24.5867,1,1,5224.0,3.0485,,186.584,GIANT,6,2.698172,705
TIC 410394445,410394445,100,100,8.38,166.5291,-23.22,1,2,4888.0,6.9625,,328.543,GIANT,6,3.36153,706
TIC 167806194,167806194,100,100,8.2,162.6138,-18.0577,1,3,4974.0,10.5213,,476.963,GIANT,6,3.684139,707
TIC 101246694,101246694,100,100,8.53,155.8486,-16.2372,1,4,4825.0,8.53048,,418.905,GIANT,6,3.567947,708
TIC 80379078,80379078,100,100,8.98,165.1479,-51.6438,2,1,8118.0,3.62396,1.98,472.834,DWARF,2,2.914367,709
TIC 165497225,165497225,100,100,9.88,180.4091,-41.9002,2,2,7979.0,2.23388,1.92,440.74,DWARF,2,2.67412,710
TIC 278017567,278017567,100,100,8.23,178.1197,-38.0965,2,3,8720.0,7.07763,,725.946,GIANT,6,3.345776,711
TIC 105763243,105763243,100,100,9.82,156.6704,-38.8259,2,4,5481.0,,,169.003,UNKNOWN,5,999.0,712
TIC 21172752,21172752,100,100,9.18,186.9356,-53.8547,3,1,8132.0,2.08581,,287.278,DWARF,2,2.474549,713
TIC 301323823,301323823,100,100,9.62,178.4822,-55.38,3,2,8967.0,2.27896,,499.848,DWARF,2,2.639473,714
TIC 361531680,361531680,100,100,9.93,193.9032,-72.3833,3,3,7630.0,1.84875,1.78,357.501,DWARF,2,2.519756,715
TIC 337456027,337456027,100,100,9.7,215.1836,-60.5409,3,4,7329.0,1.94631,1.66,307.061,DWARF,2,2.518424,716
TIC 257592641,257592641,100,100,9.36,220.1418,-66.6045,4,1,8924.0,2.06536,2.25,365.93,DWARF,2,2.501992,717
TIC 403230109,403230109,100,100,9.67,228.4577,-75.0813,4,2,7372.0,2.04363,1.68,342.232,DWARF,2,2.554805,718
TIC 311697391,311697391,100,100,9.25,261.5218,-74.9653,4,3,9143.0,2.30827,2.31,414.841,DWARF,2,2.576573,719
TIC 381236200,381236200,100,100,7.97,254.5996,-67.5208,4,4,9559.0,2.99926,2.43,316.526,DWARF,2,2.548028,720
TIC 167978341,167978341,100,100,8.36,152.028,-26.3425,1,1,5230.0,3.99581,,215.281,GIANT,6,2.87521,721
TIC 167805119,167805119,100,100,8.33,162.5803,-21.3866,1,2,4885.0,7.16234,,325.775,GIANT,6,3.37611,722
TIC 305599641,305599641,100,100,8.36,163.7783,-12.2036,1,3,4942.0,10.239,,484.274,GIANT,6,3.692515,723
TIC 308018608,308018608,100,100,8.41,155.0523,-12.2089,1,4,5089.0,8.94885,,459.216,GIANT,6,3.585534,724
TIC 147413592,147413592,100,100,9.47,163.1018,-47.8862,2,1,6524.0,3.27168,1.34,404.251,DWARF,2,2.923542,725
TIC 61373318,61373318,100,100,9.76,175.6936,-43.1101,2,2,7773.0,2.30461,1.84,430.343,DWARF,2,2.677195,726
TIC 461201882,461201882,100,100,8.14,181.6661,-35.9209,2,3,4895.0,7.31956,,306.28,GIANT,6,3.35697,727
TIC 151764983,151764983,100,100,10.02,167.6152,-37.5311,2,4,3266.0,,,36.5847,UNKNOWN,5,999.0,728
TIC 260770623,260770623,100,100,9.66,189.1232,-49.4016,3,1,7491.0,1.8685,,337.837,DWARF,2,2.474986,729
TIC 376103935,376103935,100,100,8.17,179.2841,-58.455,3,2,7321.0,3.19864,1.66,264.431,DWARF,2,2.643931,730
TIC 327026873,327026873,100,100,9.79,188.798,-69.1255,3,3,9919.0,1.92246,2.54,462.628,DWARF,2,2.525715,731
TIC 189005742,189005742,100,100,9.61,220.9649,-56.9587,3,4,7828.0,1.98759,,329.35,DWARF,2,2.518654,732
TIC 426665346,426665346,100,100,9.4,235.9333,-65.9589,4,1,8804.0,2.05232,2.21,381.709,DWARF,2,2.50449,733
TIC 257141147,257141147,100,100,9.73,219.473,-70.349,4,2,9927.0,2.03512,2.54,458.449,DWARF,2,2.56318,734
TIC 293401664,293401664,100,100,9.42,262.0543,-71.6581,4,3,8702.0,2.2285,,422.921,DWARF,2,2.580025,735
TIC 306195974,306195974,100,100,8.59,264.4808,-65.8644,4,4,7625.0,2.60234,1.78,287.299,DWARF,2,2.548728,736
TIC 54361956,54361956,100,100,10.81,161.8956,-30.6359,1,1,5045.4,2.49372,,362.391,GIANT,6,2.955695,737
TIC 270986100,270986100,100,100,8.07,167.4042,-23.5499,1,2,5134.0,8.51624,,369.86,GIANT,6,3.474496,738
TIC 396874575,396874575,100,100,8.51,168.4947,-7.4237,1,3,5028.0,9.96791,,529.836,GIANT,6,3.699208,739
TIC 396792779,396792779,100,100,8.06,147.4327,-17.032,1,4,4869.0,9.89718,,401.25,GIANT,6,3.603023,740
TIC 400802343,400802343,100,100,10.05,178.2488,-52.633,2,1,8547.0,2.86667,2.13,665.188,DWARF,2,2.924755,741
TIC 275544356,275544356,100,100,9.71,179.0144,-43.9397,2,2,7673.0,2.34293,1.8,402.844,DWARF,2,2.681519,742
TIC 157118385,157118385,100,100,8.16,175.178,-34.2579,2,3,4670.4,7.52029,,278.883,GIANT,6,3.384469,743
TIC 941701069,941701069,100,100,10.19,160.0754,-43.1347,2,4,,,,985.876,UNKNOWN,5,999.0,744
TIC 270777131,270777131,100,100,9.93,186.279,-55.1782,3,1,8253.0,1.75619,2.03,366.323,DWARF,2,2.475143,745
TIC 376008420,376008420,100,100,9.56,179.1335,-58.4345,3,2,8295.0,2.3278,2.04,410.887,DWARF,2,2.645891,746
TIC 435898801,435898801,100,100,9.04,193.2232,-63.3357,3,3,7325.0,2.3141,1.66,277.831,DWARF,2,2.536764,747
TIC 398597422,398597422,100,100,9.12,219.506,-64.9415,3,4,8719.0,2.232,,328.26,DWARF,2,2.521388,748
TIC 424210331,424210331,100,100,8.99,236.4376,-60.1318,4,1,6000.0,2.25615,1.11,201.557,DWARF,2,2.504736,749
TIC 407225719,407225719,100,100,9.11,237.9975,-78.7154,4,2,9514.0,2.36012,2.42,401.284,DWARF,2,2.567868,750
TIC 295599897,295599897,100,100,9.32,274.2598,-68.8449,4,3,7344.0,2.33203,1.67,332.272,DWARF,2,2.599468,751
TIC 294345132,294345132,100,100,9.87,265.8865,-67.7044,4,4,8467.0,1.959,2.1,434.14,DWARF,2,2.558069,752
TIC 188080707,188080707,100,100,8.54,161.263,-27.5199,1,1,5043.0,4.26528,,233.23,GIANT,6,2.967895,753
TIC 5576756,5576756,100,100,8.07,166.0405,-22.3004,1,2,5142.0,8.67402,,383.626,GIANT,6,3.490441,754
TIC 335379229,335379229,100,100,8.67,169.9286,-13.4524,1,3,4627.0,9.81033,,469.52,GIANT,6,3.717367,755
TIC 358848663,358848663,100,100,8.45,151.3519,-21.4699,1,4,5199.0,9.06969,,500.91,GIANT,6,3.605185,756
TIC 303814029,303814029,100,100,12.77,164.5198,-56.386,2,1,7514.0,1.54084,1.73,999.139,DWARF,2,2.929515,757
TIC 449352829,449352829,100,100,10.24,191.3302,-45.851,2,2,6350.1,2.08838,1.26,364.219,DWARF,2,2.687619,758
TIC 181021137,181021137,100,100,8.22,173.1894,-37.5067,2,3,4671.0,8.03501,,311.423,GIANT,6,3.453973,759
TIC 71589821,71589821,100,100,10.54,156.0186,-35.7358,2,4,,,,290.117,UNKNOWN,5,999.0,760
TIC 253342878,253342878,100,100,7.97,196.2382,-57.056,3,1,8390.0,2.75811,2.08,249.149,DWARF,2,2.475223,761
TIC 433005813,433005813,100,100,10.42,181.153,-54.2122,3,2,7189.0,1.91835,1.61,436.703,DWARF,2,2.649856,762
TIC 394308408,394308408,100,100,8.14,200.0184,-76.4192,3,3,9597.0,2.8487,2.44,307.408,DWARF,2,2.537293,763
TIC 335512768,335512768,100,100,9.95,214.3686,-61.6597,3,4,7464.0,1.84489,1.71,286.839,DWARF,2,2.521941,764
TIC 343681524,343681524,100,100,9.96,241.4319,-63.0318,4,1,8497.0,1.80506,2.11,407.93,DWARF,2,2.504983,765
TIC 425941194,425941194,100,100,9.91,235.8976,-73.9318,4,2,7502.0,1.96468,1.73,382.306,DWARF,2,2.568584,766
TIC 295594080,295594080,100,100,9.58,273.8778,-68.2588,4,3,8445.0,2.22421,2.1,417.848,DWARF,2,2.610352,767
TIC 294764212,294764212,100,100,8.93,267.664,-68.2012,4,4,9588.0,2.4497,2.44,398.271,DWARF,2,2.564226,768
TIC 363348787,363348787,100,100,9.23,163.7813,-29.1123,1,1,4977.0,4.04493,,293.328,GIANT,6,3.059822,769
TIC 334885316,334885316,100,100,8.46,171.4116,-17.4163,1,2,4794.0,7.93224,,371.531,GIANT,6,3.490792,770
TIC 148574718,148574718,100,100,8.24,164.8181,-10.955,1,3,4753.0,10.8611,,453.43,GIANT,6,3.719748,771
TIC 26352390,26352390,100,100,8.05,154.2512,-9.0418,1,4,4923.0,9.97966,,406.88,GIANT,6,3.608231,772
TIC 163253168,163253168,100,100,8.71,172.9126,-44.0,2,1,6891.0,3.93234,1.5,391.88,DWARF,2,2.931302,773
TIC 275467351,275467351,100,100,8.96,178.6499,-45.0818,2,2,9942.0,2.80756,2.54,459.381,DWARF,2,2.688658,774
TIC 157325832,157325832,100,100,8.2,176.9832,-32.3893,2,3,4819.0,8.87834,,371.701,GIANT,6,3.536664,775
TIC 146886115,146886115,100,100,11.35,161.115,-43.5476,2,4,,,,,UNKNOWN,5,999.0,776
TIC 160833326,160833326,100,100,9.69,189.7758,-51.5289,3,1,7676.0,1.86678,1.8,330.159,DWARF,2,2.480186,777
TIC 332719291,332719291,100,100,8.27,180.3943,-53.8357,3,2,7784.0,3.14753,1.84,299.581,DWARF,2,2.64994,778
TIC 338896659,338896659,100,100,9.97,199.1878,-68.9724,3,3,8449.0,1.87393,2.1,401.519,DWARF,2,2.539507,779
TIC 446802935,446802935,100,100,9.64,218.4342,-67.1139,3,4,9581.0,1.9913,2.44,424.227,DWARF,2,2.526273,780
TIC 455502526,455502526,100,100,8.67,229.3725,-60.2823,4,1,8964.0,2.43164,2.26,274.859,DWARF,2,2.505799,781
TIC 425694913,425694913,100,100,9.27,233.0828,-76.9871,4,2,9960.0,2.30133,2.55,448.46,DWARF,2,2.577958,782
TIC 407880289,407880289,100,100,9.6,282.397,-78.6794,4,3,9776.0,2.25549,2.5,488.586,DWARF,2,2.626482,783
TIC 303478699,303478699,100,100,8.86,257.0374,-60.751,4,4,8148.0,2.51568,1.99,331.893,DWARF,2,2.573311,784
TIC 188128470,188128470,100,100,11.54,162.1688,-24.7194,1,1,4953.52,2.46561,,521.207,GIANT,6,3.091849,785
TIC 410363878,410363878,100,100,8.76,166.4279,-20.1022,1,2,4723.0,7.43657,,382.082,GIANT,6,3.494745,786
TIC 56651813,56651813,100,100,9.98,158.3315,-11.7388,1,3,5017.0,7.28785,,752.059,GIANT,6,3.721199,787
TIC 101249277,101249277,100,100,8.07,155.8556,-13.5948,1,4,4675.0,10.3942,,372.499,GIANT,6,3.647582,788
TIC 92173719,92173719,100,100,10.36,172.4342,-51.5938,2,1,5960.0,2.73539,1.09,444.797,DWARF,2,2.946039,789
TIC 275544993,275544993,100,100,8.36,178.9418,-44.5101,2,2,7352.0,3.23153,1.67,292.398,DWARF,2,2.690816,790
TIC 142210408,142210408,100,100,8.22,180.3994,-34.1421,2,3,4832.0,9.07736,,378.446,GIANT,6,3.559919,791
TIC 48973430,48973430,100,100,11.99,163.7843,-35.6332,2,4,3646.0,,,51.716,UNKNOWN,5,999.0,792
TIC 422086550,422086550,100,100,9.3,188.7908,-52.3697,3,1,7523.0,2.04315,1.74,301.421,DWARF,2,2.480601,793
TIC 398540624,398540624,100,100,9.99,179.9189,-55.3631,3,2,7761.0,2.1222,1.83,432.688,DWARF,2,2.651573,794
TIC 448126622,448126622,100,100,7.03,208.2459,-70.0473,3,3,8647.0,3.68912,2.16,226.476,DWARF,2,2.539846,795
TIC 208572734,208572734,100,100,9.2,208.743,-55.088,3,4,8608.0,2.20849,,333.173,DWARF,2,2.528191,796
TIC 454474343,454474343,100,100,8.37,226.5382,-63.4915,4,1,9970.0,2.63062,2.55,299.382,DWARF,2,2.514116,797
TIC 260927155,260927155,100,100,9.81,226.2427,-71.3828,4,2,7516.0,2.03897,1.73,380.743,DWARF,2,2.580822,798
TIC 255918967,255918967,100,100,9.7,266.6434,-70.3572,4,3,7834.0,2.20445,1.86,415.783,DWARF,2,2.626601,799
TIC 304907445,304907445,100,100,8.91,261.0913,-61.6338,4,4,9552.0,2.49647,2.43,401.159,DWARF,2,2.576653,800
TIC 187994107,187994107,100,100,8.36,160.0987,-24.6773,1,1,5051.0,6.28295,,312.603,GIANT,6,3.268327,801
TIC 287221547,287221547,100,100,8.19,164.9714,-27.6658,1,2,4535.0,8.93434,,324.013,GIANT,6,3.540125,802
TIC 422250290,422250290,100,100,8.47,162.9091,-13.8461,1,3,4925.0,10.3892,,510.529,GIANT,6,3.727164,803
TIC 293624996,293624996,100,100,8.06,153.6726,-14.2772,1,4,5002.0,10.5151,,422.607,GIANT,6,3.655627,804
TIC 459771112,459771112,100,100,8.62,163.5868,-54.9732,2,1,11082.0,4.14163,2.9,625.039,DWARF,2,2.958343,805
TIC 61474606,61474606,100,100,9.85,175.9145,-42.4386,2,2,8328.0,2.29415,2.05,477.815,DWARF,2,2.691244,806
TIC 57378437,57378437,100,100,8.56,171.8902,-35.2532,2,3,5210.0,8.48349,,486.482,GIANT,6,3.569149,807
TIC 941996822,941996822,100,100,12.04,163.5746,-36.2711,2,4,,,,840.054,UNKNOWN,5,999.0,808
TIC 411876840,411876840,100,100,9.22,189.558,-54.9068,3,1,8662.0,2.08468,2.17,332.785,DWARF,2,2.482079,809
TIC 411415792,411415792,100,100,8.56,183.0842,-55.5893,3,2,9755.0,2.97187,2.49,399.797,DWARF,2,2.65806,810
TIC 327273899,327273899,100,100,8.89,189.0571,-68.2164,3,3,8236.0,2.41006,2.02,323.594,DWARF,2,2.542056,811
TIC 448768418,448768418,100,100,9.65,213.3823,-66.9518,3,4,9416.0,1.99505,2.39,407.061,DWARF,2,2.529908,812
TIC 455370344,455370344,100,100,9.47,228.9441,-64.4194,4,1,9517.0,2.0455,2.42,395.505,DWARF,2,2.515599,813
TIC 403596901,403596901,100,100,9.52,231.7695,-74.6604,4,2,8487.0,2.18086,,397.564,DWARF,2,2.581256,814
TIC 304859559,304859559,100,100,8.81,279.7021,-70.8778,4,3,7806.0,2.71299,1.85,332.953,DWARF,2,2.628896,815
TIC 304333215,304333215,100,100,9.61,259.5634,-63.6914,4,4,8492.0,2.13319,2.11,423.765,DWARF,2,2.580059,816
TIC 188037800,188037800,100,100,8.5,160.5949,-28.8367,1,1,4925.0,6.25064,,317.61,GIANT,6,3.291849,817
TIC 52163947,52163947,100,100,8.53,165.7239,-19.7075,1,2,4556.4,8.38856,,357.729,GIANT,6,3.553375,818
TIC 410040293,410040293,100,100,8.36,161.6494,-13.5666,1,3,4677.0,10.6819,,449.566,GIANT,6,3.729297,819
TIC 434457991,434457991,100,100,8.14,156.0322,-19.7812,1,4,4921.0,10.4682,,451.887,GIANT,6,3.667744,820
TIC 273212753,273212753,100,100,9.71,178.8928,-51.6709,2,1,8512.0,3.27457,2.12,655.466,DWARF,2,2.972309,821
TIC 334789673,334789673,100,100,9.43,184.354,-50.2358,2,2,7704.15,2.58971,1.81,386.827,DWARF,2,2.712502,822
TIC 429153021,429153021,100,100,8.06,173.1745,-27.9186,2,3,4548.0,9.68885,,334.013,GIANT,6,3.584544,823
TIC 158223878,158223878,100,100,12.12,162.6241,-39.7614,2,4,14760.0,,,6118.68,UNKNOWN,5,999.0,824
TIC 21164578,21164578,100,100,9.82,187.0009,-49.9069,3,1,8159.0,1.81593,1.99,365.936,DWARF,2,2.482198,825
TIC 308628233,308628233,100,100,9.59,184.1203,-62.683,3,2,9411.0,2.34867,,505.074,DWARF,2,2.659644,826
TIC 334471133,334471133,100,100,9.82,193.2009,-69.818,3,3,8877.0,1.9457,2.24,425.831,DWARF,2,2.542152,827
TIC 208575792,208575792,100,100,9.69,208.6901,-54.5109,3,4,8652.0,1.97683,2.16,386.1,DWARF,2,2.529939,828
TIC 423672698,423672698,100,100,9.0,235.4495,-63.8698,4,1,9000.0,2.28471,,315.881,DWARF,2,2.517662,829
TIC 448790879,448790879,100,100,9.93,213.3334,-71.7731,4,2,7820.0,1.98485,,384.01,DWARF,2,2.581455,830
TIC 379806538,379806538,100,100,9.62,257.0007,-71.0002,4,3,9622.0,2.27118,2.45,503.525,DWARF,2,2.636503,831
TIC 447651407,447651407,100,100,9.44,254.4815,-63.1639,4,4,9688.0,2.22138,2.47,452.742,DWARF,2,2.581246,832
TIC 193024473,193024473,100,100,9.17,155.7456,-29.8082,1,1,4763.0,5.39329,,348.352,GIANT,6,3.297708,833
TIC 333797290,333797290,100,100,9.14,176.0709,-23.7489,1,2,4837.0,8.07212,,512.32,GIANT,6,3.641975,834
TIC 143058593,143058593,100,100,8.18,167.8615,-6.7911,1,3,4988.0,11.1713,,501.539,GIANT,6,3.732207,835
TIC 283995507,283995507,100,100,8.0,152.2949,-18.1862,1,4,5110.0,10.8551,,471.406,GIANT,6,3.671268,836
TIC 94014153,94014153,100,100,9.78,176.3939,-49.6325,2,1,7421.87,3.22286,1.7,552.856,DWARF,2,2.972483,837
TIC 61763105,61763105,100,100,9.6,177.1801,-47.2992,2,2,7691.0,2.4956,1.81,430.344,DWARF,2,2.71435,838
TIC 142262413,142262413,100,100,8.73,180.6141,-30.3616,2,3,4856.0,8.30548,,444.723,GIANT,6,3.584729,839
TIC 23226268,23226268,100,100,12.28,166.9596,-34.3513,2,4,,,,,UNKNOWN,5,999.0,840
TIC 273279919,273279919,100,100,9.7,188.5231,-56.4681,3,1,9221.0,1.868,2.34,384.42,DWARF,2,2.482754,841
TIC 306048372,306048372,100,100,10.21,166.3964,-58.6174,3,2,8177.0,2.04611,2.0,479.47,DWARF,2,2.663858,842
TIC 343707166,343707166,100,100,9.75,206.641,-71.125,3,3,8892.0,1.97919,2.24,407.134,DWARF,2,2.542975,843
TIC 187463816,187463816,100,100,8.59,220.545,-57.806,3,4,9903.0,2.55789,2.53,337.168,DWARF,2,2.533764,844
TIC 296378354,296378354,100,100,9.74,223.6595,-65.7982,4,1,9737.0,1.93343,2.48,430.959,DWARF,2,2.520657,845
TIC 425637355,425637355,100,100,8.24,232.647,-76.3322,4,2,8722.0,2.9556,2.19,316.837,DWARF,2,2.589291,846
TIC 294441757,294441757,100,100,9.02,266.1281,-70.0277,4,3,7550.0,2.63354,1.75,347.69,DWARF,2,2.64508,847
TIC 301618699,301618699,100,100,9.38,257.6306,-67.098,4,4,8990.0,2.25734,2.27,428.498,DWARF,2,2.583194,848
TIC 179236629,179236629,100,100,8.06,158.9549,-21.6316,1,1,4715.0,7.5319,,287.601,GIANT,6,3.365809,849
TIC 452698902,452698902,100,100,8.17,172.0987,-24.8774,1,2,4923.0,10.3733,,451.724,GIANT,6,3.665834,850
TIC 347627787,347627787,100,100,8.23,169.2365,-13.0765,1,3,4806.6,11.1316,,466.522,GIANT,6,3.739115,851
TIC 281299017,281299017,100,100,8.33,151.1985,-18.2081,1,4,5031.0,10.1268,,497.231,GIANT,6,3.676944,852
TIC 389095207,389095207,100,100,8.05,177.9368,-51.4864,2,1,8687.0,4.82424,2.18,466.569,DWARF,2,2.976858,853
TIC 22857690,22857690,100,100,8.81,186.0007,-44.6699,2,2,7920.0,3.0244,1.9,380.927,DWARF,2,2.723278,854
TIC 57607316,57607316,100,100,8.08,173.5371,-33.886,2,3,4869.0,9.73203,,395.283,GIANT,6,3.592407,855
TIC 106757680,106757680,100,100,12.34,160.9018,-41.8463,2,4,4837.0,,,326.247,UNKNOWN,5,999.0,856
TIC 241366087,241366087,100,100,9.46,204.544,-53.3602,3,1,9766.0,1.97488,2.49,395.89,DWARF,2,2.483081,857
TIC 381638057,381638057,100,100,9.11,182.6172,-62.2147,3,2,9216.0,2.6468,2.34,453.066,DWARF,2,2.667442,858
TIC 338981855,338981855,100,100,9.55,199.2394,-70.9764,3,3,8092.0,2.07367,,476.469,DWARF,2,2.543479,859
TIC 262995945,262995945,100,100,9.55,216.0507,-56.1259,3,4,8027.0,2.05338,,363.011,DWARF,2,2.534939,860
TIC 454394555,454394555,100,100,9.64,226.412,-62.4384,4,1,7805.0,1.9797,,377.558,DWARF,2,2.521199,861
TIC 403320956,403320956,100,100,9.52,229.5249,-77.8139,4,2,8182.0,2.20404,2.0,394.357,DWARF,2,2.590439,862
TIC 466690273,466690273,100,100,8.59,296.6451,-77.0873,4,3,9663.0,2.93509,2.46,376.309,DWARF,2,2.653243,863
TIC 307051303,307051303,100,100,8.78,266.8304,-60.4832,4,4,7594.0,2.60125,1.77,309.233,DWARF,2,2.586364,864
TIC 188124913,188124913,100,100,8.24,161.9118,-28.994,1,1,5640.0,7.34929,,426.578,GIANT,6,3.380491,865
TIC 219068903,219068903,100,100,8.11,170.5798,-22.8948,1,2,4807.0,10.5779,,414.406,GIANT,6,3.670799,866
TIC 422278081,422278081,100,100,8.31,163.2276,-16.0681,1,3,4951.0,10.9671,,506.987,GIANT,6,3.742184,867
TIC 101363271,101363271,100,100,8.13,148.35,-22.7706,1,4,4806.0,10.6762,,438.236,GIANT,6,3.682833,868
TIC 272885406,272885406,100,100,12.97,161.7016,-49.0482,2,1,7109.0,1.57174,1.58,989.462,DWARF,2,2.986761,869
TIC 278013370,278013370,100,100,8.93,177.8928,-39.6661,2,2,9498.0,2.95889,2.42,459.866,DWARF,2,2.728258,870
TIC 448744021,448744021,100,100,8.67,182.3414,-34.1489,2,3,5314.0,8.66543,,540.012,GIANT,6,3.60958,871
TIC 158290221,158290221,100,100,12.66,162.9135,-37.5616,2,4,5366.0,,,417.195,UNKNOWN,5,999.0,872
TIC 420105895,420105895,100,100,9.51,192.4966,-55.5403,3,1,7907.0,1.95267,1.89,318.461,DWARF,2,2.483258,873
TIC 382063035,382063035,100,100,9.57,182.8582,-60.9468,3,2,9687.0,2.3864,,487.091,DWARF,2,2.669486,874
TIC 395138216,395138216,100,100,8.91,204.663,-72.9059,3,3,9196.0,2.40569,2.33,346.691,DWARF,2,2.544479,875
TIC 383880908,383880908,100,100,9.36,216.546,-60.7246,3,4,7680.0,2.14588,1.8,337.642,DWARF,2,2.535211,876
TIC 455340194,455340194,100,100,9.25,228.9406,-61.7771,4,1,8432.0,2.16756,,,DWARF,2,2.521942,877
TIC 396221513,396221513,100,100,9.33,211.6465,-73.2204,4,2,9905.0,2.30593,2.53,448.397,DWARF,2,2.591692,878
TIC 340787691,340787691,100,100,9.85,292.0469,-74.7019,4,3,8210.0,2.19768,2.01,458.87,DWARF,2,2.653929,879
TIC 365435722,365435722,100,100,9.64,273.5271,-63.3312,4,4,7369.0,2.16614,1.68,364.67,DWARF,2,2.599373,880
TIC 167904255,167904255,100,100,8.44,151.5663,-28.8633,1,1,4620.0,7.03116,,296.894,GIANT,6,3.382054,881
TIC 168448840,168448840,100,100,8.32,166.8076,-29.6879,1,2,4900.0,10.1062,,466.812,GIANT,6,3.673176,882
TIC 391807733,391807733,100,100,8.64,160.0425,-13.4012,1,3,5980.35,10.2446,,749.321,GIANT,6,3.74899,883
TIC 101416328,101416328,100,100,8.18,148.9653,-21.8414,1,4,4684.0,10.6406,,418.755,GIANT,6,3.689932,884
TIC 94179315,94179315,100,100,9.81,176.79,-49.4881,2,1,7319.0,3.26874,1.66,581.243,DWARF,2,2.990761,885
TIC 21864228,21864228,100,100,9.45,181.8276,-43.2288,2,2,8597.0,2.6256,2.15,455.063,DWARF,2,2.728457,886
TIC 448644835,448644835,100,100,8.33,177.4696,-31.4788,2,3,5060.0,9.82329,,465.335,GIANT,6,3.650514,887
TIC 158588517,158588517,100,100,8.2,164.5731,-37.1517,2,4,4910.0,3.4171,,150.8,GIANT,6,2.707315,888
TIC 169989714,169989714,100,100,9.06,194.6445,-52.9697,3,1,8871.0,2.16882,2.23,325.148,DWARF,2,2.484447,889
TIC 452281203,452281203,100,100,11.47,174.0431,-56.6242,3,2,7853.0,1.54437,1.87,627.463,DWARF,2,2.671503,890
TIC 338655299,338655299,100,100,10.04,198.9079,-69.759,3,3,7373.0,1.85573,1.68,356.11,DWARF,2,2.54503,891
TIC 209111247,209111247,100,100,9.52,209.8871,-57.3033,3,4,5809.0,2.06847,1.04,224.425,DWARF,2,2.535298,892
TIC 340883614,340883614,100,100,9.4,238.6358,-60.9903,4,1,8035.0,2.09758,1.94,337.137,DWARF,2,2.523437,893
TIC 426024859,426024859,100,100,9.91,236.8066,-77.9641,4,2,8037.0,2.02347,1.94,422.686,DWARF,2,2.594194,894
TIC 340778495,340778495,100,100,8.94,291.8237,-74.2047,4,3,7603.0,2.74768,1.77,347.012,DWARF,2,2.665932,895
TIC 75221337,75221337,100,100,9.05,266.7732,-59.1612,4,4,7588.0,2.49315,1.76,330.855,DWARF,2,2.603497,896
TIC 188036547,188036547,100,100,8.08,160.649,-26.3347,1,1,5236.0,7.89649,,374.599,GIANT,6,3.410868,897
TIC 20498843,20498843,100,100,8.01,168.9631,-26.9119,1,2,4664.0,10.8648,,387.995,GIANT,6,3.674043,898
TIC 55096063,55096063,100,100,8.35,161.9865,-9.0345,1,3,4936.0,10.9719,,519.643,GIANT,6,3.750564,899
TIC 179224226,179224226,100,100,8.25,158.3114,-18.2841,1,4,4872.0,10.5049,,458.491,GIANT,6,3.692784,900
TIC 162806127,162806127,100,100,9.76,171.1272,-45.6194,2,1,8171.0,3.32539,2.0,661.669,DWARF,2,2.995685,901
TIC 333009857,333009857,100,100,8.34,180.8028,-49.1889,2,2,8477.0,3.41191,2.11,371.314,DWARF,2,2.733995,902
TIC 345135098,345135098,100,100,8.44,177.2157,-38.3339,2,3,5215.0,9.69958,,515.389,GIANT,6,3.661506,903
TIC 49044857,49044857,100,100,8.02,164.416,-31.9162,2,4,4920.0,3.7363,,151.103,GIANT,6,2.748883,904
TIC 167214947,167214947,100,100,9.02,193.1441,-51.4679,3,1,7418.0,2.19124,1.7,273.192,DWARF,2,2.48538,905
TIC 468072254,468072254,100,100,9.2,170.0551,-61.0121,3,2,6973.0,2.66065,1.53,348.661,DWARF,2,2.689975,906
TIC 449420163,449420163,100,100,9.31,199.8611,-65.2076,3,3,8652.0,2.21801,,328.226,DWARF,2,2.553927,907
TIC 315959171,315959171,100,100,9.61,203.4,-61.7459,3,4,7945.0,2.02687,,452.213,DWARF,2,2.535652,908
TIC 402462638,402462638,100,100,9.79,247.9546,-60.1742,4,1,8625.0,1.92278,2.16,404.998,DWARF,2,2.525859,909
TIC 395741557,395741557,100,100,9.29,209.001,-74.8568,4,2,7593.0,2.34238,1.77,338.589,DWARF,2,2.597315,910
TIC 325015404,325015404,100,100,8.33,283.2278,-69.9119,4,3,8130.0,3.22216,1.98,339.69,DWARF,2,2.682294,911
TIC 420967958,420967958,100,100,8.76,252.5949,-58.8724,4,4,8209.0,2.6667,2.01,340.674,DWARF,2,2.603948,912
TIC 423443090,423443090,100,100,8.12,157.766,-22.572,1,1,4688.0,8.63423,,331.756,GIANT,6,3.496447,913
TIC 5577274,5577274,100,100,8.1,165.9801,-20.7521,1,2,4812.0,10.722,,427.415,GIANT,6,3.680552,914
TIC 53209334,53209334,100,100,8.24,166.8781,-4.6482,1,3,4802.0,11.2561,,476.039,GIANT,6,3.750776,915
TIC 334693185,334693185,100,100,8.36,157.2359,-16.148,1,4,4642.0,10.447,,421.203,GIANT,6,3.709983,916
TIC 162922904,162922904,100,100,12.02,171.845,-44.0887,2,1,6090.0,2.02635,1.14,757.84,DWARF,2,3.017429,917
TIC 72504017,72504017,100,100,9.74,187.6514,-43.9536,2,2,6315.0,2.47557,1.24,346.576,DWARF,2,2.73535,918
TIC 152366330,152366330,100,100,8.01,171.1801,-39.0068,2,3,4793.0,10.8539,,404.901,GIANT,6,3.673172,919
TIC 53668717,53668717,100,100,8.36,157.4807,-33.3305,2,4,5004.0,5.02687,,244.531,GIANT,6,3.074595,920
TIC 404340644,404340644,100,100,9.58,195.8895,-49.3366,3,1,9644.0,1.93525,2.46,408.598,DWARF,2,2.489474,921
TIC 400912862,400912862,100,100,8.94,178.5657,-53.4653,3,2,8578.0,2.83939,2.14,405.762,DWARF,2,2.69445,922
TIC 448804453,448804453,100,100,8.23,213.6629,-68.5241,3,3,9966.0,2.85286,2.55,333.952,DWARF,2,2.556561,923
TIC 381680815,381680815,100,100,9.54,207.4419,-65.7442,3,4,7389.0,2.06269,1.68,317.246,DWARF,2,2.536868,924
TIC 258335181,258335181,100,100,9.55,221.5933,-66.5248,4,1,9089.0,2.0323,2.3,406.046,DWARF,2,2.525976,925
TIC 401979797,401979797,100,100,9.03,218.6972,-75.6802,4,2,8853.0,2.51537,2.23,384.692,DWARF,2,2.607204,926
TIC 343296059,343296059,100,100,9.29,265.7573,-74.1094,4,3,8682.0,2.60835,2.17,457.125,DWARF,2,2.690732,927
TIC 306528129,306528129,100,100,9.66,265.4266,-60.3483,4,4,8013.0,2.17561,1.94,411.051,DWARF,2,2.607162,928
TIC 193160651,193160651,100,100,8.37,157.3173,-24.2791,1,1,4531.0,8.29598,,328.47,GIANT,6,3.511735,929
TIC 393420032,393420032,100,100,10.83,164.7125,-26.3252,1,2,6521.0,5.75738,,1370.64,GIANT,6,3.68645,930
TIC 305568698,305568698,100,100,8.3,163.7923,-16.7963,1,3,4883.0,11.1584,,498.604,GIANT,6,3.755204,931
TIC 101185510,101185510,100,100,8.09,153.4589,-15.269,1,4,4860.0,11.2257,,450.344,GIANT,6,3.718427,932
TIC 306254330,306254330,100,100,8.18,166.5716,-55.9148,2,1,7694.0,4.95168,1.81,433.313,DWARF,2,3.025505,933
TIC 73649670,73649670,100,100,8.04,192.1408,-45.4199,2,2,7136.0,3.73105,1.59,287.319,DWARF,2,2.751662,934
TIC 364900744,364900744,100,100,8.48,169.4628,-29.164,2,3,5043.0,9.84206,,509.877,GIANT,6,3.682172,935
TIC 106905257,106905257,100,100,8.0,161.5207,-36.872,2,4,4778.0,6.07582,,230.907,GIANT,6,3.16721,936
TIC 260936703,260936703,100,100,8.16,201.6782,-49.6125,3,1,8789.0,2.69387,2.21,278.535,DWARF,2,2.492753,937
TIC 390007307,390007307,100,100,9.63,182.5088,-56.9146,3,2,8902.0,2.43422,2.24,469.673,DWARF,2,2.69872,938
TIC 448776580,448776580,100,100,9.72,213.2817,-68.2383,3,3,7953.0,2.0295,,326.639,DWARF,2,2.558778,939
TIC 337843615,337843615,100,100,9.24,215.381,-63.7964,3,4,9669.0,2.214,2.47,377.411,DWARF,2,2.538355,940
TIC 423213849,423213849,100,100,9.8,234.6245,-61.1126,4,1,7951.0,1.92249,1.91,353.932,DWARF,2,2.527728,941
TIC 310057916,310057916,100,100,8.45,250.4515,-73.433,4,2,8451.0,2.87824,2.1,330.683,DWARF,2,2.608254,942
TIC 345177737,345177737,100,100,10.22,281.8727,-76.2862,4,3,7874.0,2.12034,1.88,489.106,DWARF,2,2.696811,943
TIC 381083944,381083944,100,100,9.34,270.7575,-64.031,4,4,7667.0,2.34682,1.8,366.926,DWARF,2,2.60896,944
TIC 167977224,167977224,100,100,8.65,151.974,-28.1195,1,1,5025.0,8.02143,,452.577,GIANT,6,3.538504,945
TIC 415694588,415694588,100,100,8.14,163.7221,-19.3247,1,2,4845.0,10.8262,,445.302,GIANT,6,3.696952,946
TIC 335434976,335434976,100,100,8.47,170.2249,-14.8345,1,3,4804.0,11.2332,,534.529,GIANT,6,3.795007,947
TIC 308018326,308018326,100,100,8.47,155.0989,-13.1904,1,4,4945.0,10.5068,,514.808,GIANT,6,3.736941,948
TIC 93842127,93842127,100,100,9.46,176.037,-48.2132,2,1,7394.0,4.44352,1.69,665.707,DWARF,2,3.187454,949
TIC 400860034,400860034,100,100,9.18,178.3983,-48.9791,2,2,9655.0,2.89322,2.46,530.083,DWARF,2,2.758763,950
TIC 181150842,181150842,100,100,8.72,173.9868,-37.0213,2,3,4971.0,9.37416,,508.315,GIANT,6,3.687865,951
TIC 106901971,106901971,100,100,9.25,161.5494,-40.5175,2,4,5030.0,6.05189,,443.99,GIANT,6,3.413782,952
TIC 271701641,271701641,100,100,7.79,187.1399,-56.4577,3,1,9069.0,2.94093,2.29,253.304,DWARF,2,2.494969,953
TIC 433276636,433276636,100,100,9.99,182.7032,-56.2481,3,2,8134.0,2.24676,1.98,465.013,DWARF,2,2.701113,954
TIC 339897938,339897938,100,100,9.15,200.8871,-69.1786,3,3,9264.0,2.31779,2.35,385.323,DWARF,2,2.560148,955
TIC 290092354,290092354,100,100,9.73,205.2095,-55.6677,3,4,8186.0,1.98058,2.0,363.754,DWARF,2,2.539585,956
TIC 447094300,447094300,100,100,9.07,239.0053,-67.4404,4,1,9000.0,2.28471,,395.168,DWARF,2,2.531662,957
TIC 426287025,426287025,100,100,8.19,241.3647,-72.8588,4,2,8137.0,3.05901,1.98,301.155,DWARF,2,2.609162,958
TIC 304594517,304594517,100,100,8.59,277.7695,-69.7093,4,3,7850.0,3.092,1.87,343.392,DWARF,2,2.698479,959
TIC 411924700,411924700,100,100,9.73,271.3593,-62.3293,4,4,7516.0,2.14655,1.73,384.76,DWARF,2,2.609482,960
TIC 48874795,48874795,100,100,8.16,162.9698,-31.2208,1,1,5197.0,9.05473,,429.46,GIANT,6,3.545751,961
TIC 219187487,219187487,100,100,8.24,171.0411,-18.9784,1,2,4915.0,10.6143,,465.932,GIANT,6,3.699783,962
TIC 321293899,321293899,100,100,8.67,159.5327,-11.4661,1,3,4689.0,10.7459,,534.379,GIANT,6,3.796486,963
TIC 385206575,385206575,100,100,8.93,154.2363,-14.9345,1,4,4806.3,9.49641,,521.553,GIANT,6,3.741119,964
TIC 450806464,450806464,100,100,11.34,169.6723,-54.7183,2,1,9016.0,3.1299,2.28,1274.94,DWARF,2,3.259061,965
TIC 22390947,22390947,100,100,9.87,184.157,-45.7312,2,2,8376.0,2.47738,2.07,523.373,DWARF,2,2.761985,966
TIC 57139333,57139333,100,100,8.15,170.3205,-29.9817,2,3,4814.0,10.6975,,437.92,GIANT,6,3.688565,967
TIC 53956054,53956054,100,100,8.57,159.3669,-33.3459,2,4,4853.0,7.71741,,379.845,GIANT,6,3.488943,968
TIC 168840071,168840071,100,100,9.34,193.8595,-48.0586,3,1,6874.0,2.05853,1.49,267.02,DWARF,2,2.495114,969
TIC 179478493,179478493,100,100,9.79,188.1677,-62.7208,3,2,7602.0,2.35431,1.77,451.683,DWARF,2,2.701727,970
TIC 361989705,361989705,100,100,9.65,196.4105,-73.0967,3,3,8068.0,2.06626,,335.072,DWARF,2,2.56037,971
TIC 291806252,291806252,100,100,9.66,220.9696,-62.5415,3,4,7894.0,2.03332,1.89,349.214,DWARF,2,2.548411,972
TIC 402833427,402833427,100,100,9.86,248.8829,-65.8761,4,1,8158.0,1.90896,1.99,404.129,DWARF,2,2.533594,973
TIC 403510204,403510204,100,100,9.27,231.0157,-75.0641,4,2,9544.0,2.40593,2.43,447.167,DWARF,2,2.616566,974
TIC 364686502,364686502,100,100,9.22,253.8401,-70.5438,4,3,6519.0,2.71523,1.34,312.939,DWARF,2,2.711613,975
TIC 305424003,305424003,100,100,9.94,262.1834,-62.8405,4,4,6224.0,2.05979,1.2,312.529,DWARF,2,2.615646,976
TIC 179229757,179229757,100,100,8.15,158.7014,-20.8448,1,1,4841.0,10.0928,,422.305,GIANT,6,3.638023,977
TIC 415713415,415713415,100,100,8.28,164.0972,-20.6,1,2,4644.0,10.5205,,417.635,GIANT,6,3.700073,978
TIC 1009252,1009252,100,100,8.75,165.9143,-4.7903,1,3,4789.61,10.554,,562.471,GIANT,6,3.796834,979
TIC 284037005,284037005,100,100,8.07,152.1992,-21.7556,1,4,4906.1,11.5824,,468.777,GIANT,6,3.741597,980
TIC 178616716,178616716,100,100,11.67,165.6642,-44.3992,2,1,7330.0,3.00635,1.66,1176.55,DWARF,2,3.290079,981
TIC 15452001,15452001,100,100,9.15,185.3908,-49.6251,2,2,7924.0,2.97661,1.9,428.167,DWARF,2,2.777444,982
TIC 142140058,142140058,100,100,8.51,179.6554,-33.3249,2,3,4856.0,9.93645,,475.629,GIANT,6,3.696463,983
TIC 49003307,49003307,100,100,8.39,164.0335,-34.876,2,4,4704.0,8.78791,,379.307,GIANT,6,3.565771,984
TIC 245359071,245359071,100,100,9.83,199.805,-49.0932,3,1,7554.0,1.84192,1.75,338.375,DWARF,2,2.496542,985
TIC 376270584,376270584,100,100,9.65,179.1872,-54.8136,3,2,8474.0,2.43473,2.11,472.886,DWARF,2,2.702902,986
TIC 337154212,337154212,100,100,9.64,196.8649,-70.515,3,3,8112.0,2.07978,,468.976,DWARF,2,2.564035,987
TIC 209528221,209528221,100,100,9.43,210.6037,-55.3823,3,4,8362.0,2.14991,,402.55,DWARF,2,2.550841,988
TIC 454234604,454234604,100,100,9.66,226.025,-65.4538,4,1,8017.0,2.00212,1.94,355.279,DWARF,2,2.53498,989
TIC 396256845,396256845,100,100,8.08,211.9658,-75.7828,4,2,8840.0,3.16917,,338.983,DWARF,2,2.617891,990
TIC 466101927,466101927,100,100,9.55,295.4847,-71.7478,4,3,8301.0,2.52251,2.04,469.065,DWARF,2,2.713666,991
TIC 447361131,447361131,100,100,8.69,251.8236,-62.95,4,4,9315.0,2.75843,2.36,385.588,DWARF,2,2.619324,992
TIC 168275432,168275432,100,100,8.13,153.946,-27.4468,1,1,5069.0,10.1556,,454.385,GIANT,6,3.639411,993
TIC 408448535,408448535,100,100,9.85,161.8357,-20.9945,1,2,4923.0,7.33813,,688.054,GIANT,6,3.701171,994
TIC 55004738,55004738,100,100,8.84,160.7287,-11.6461,1,3,4306.09,10.3376,,442.757,GIANT,6,3.796839,995
TIC 422168457,422168457,100,100,8.46,150.9194,-15.4401,1,4,4806.0,10.7618,,506.812,GIANT,6,3.75577,996
TIC 92171588,92171588,100,100,10.41,172.4697,-52.4584,2,1,6980.0,4.4976,1.53,905.483,DWARF,2,3.387962,997
TIC 22510001,22510001,100,100,10.37,184.588,-43.489,2,2,6144.0,2.33106,1.17,407.464,DWARF,2,2.809107,998
TIC 429180964,429180964,100,100,8.76,177.495,-25.8058,2,3,4481.0,9.39822,,430.574,GIANT,6,3.698091,999
TIC 147345947,147345947,100,100,8.19,163.0593,-42.5323,2,4,5208.0,9.39995,,432.174,GIANT,6,3.584251,1000
TIC 401188779,401188779,100,100,9.8,187.6435,-48.7598,3,1,7546.0,1.85638,1.75,346.957,DWARF,2,2.497334,1001
TIC 379546887,379546887,100,100,9.87,181.3604,-61.0755,3,2,7839.0,2.32642,1.87,418.578,DWARF,2,2.707376,1002
TIC 450501516,450501516,100,100,9.13,186.3105,-65.1144,3,3,9517.0,2.36347,,386.051,DWARF,2,2.5731,1003
TIC 208027947,208027947,100,100,9.28,207.6915,-57.294,3,4,7542.0,2.24019,1.74,312.003,DWARF,2,2.55657,1004
TIC 426206628,426206628,100,100,8.8,240.8112,-59.1485,4,1,8414.0,2.44386,2.08,324.638,DWARF,2,2.536153,1005
TIC 395934074,395934074,100,100,9.48,210.084,-73.6998,4,2,8431.0,2.31119,2.09,402.479,DWARF,2,2.623671,1006
TIC 304559656,304559656,100,100,8.48,277.3759,-68.8666,4,3,9412.0,3.24461,2.39,413.685,DWARF,2,2.718325,1007
TIC 380916694,380916694,100,100,9.8,270.185,-60.365,4,4,9238.0,2.13693,2.34,498.459,DWARF,2,2.619581,1008
TIC 193160044,193160044,100,100,8.23,157.2558,-25.5667,1,1,4796.0,9.99305,,422.596,GIANT,6,3.645396,1009
TIC 20320928,20320928,100,100,8.3,167.1091,-24.5347,1,2,4851.0,10.6969,,454.28,GIANT,6,3.718516,1010
TIC 55093477,55093477,100,100,9.18,161.7069,-11.7813,1,3,5029.0,9.76888,,710.234,GIANT,6,3.81569,1011
TIC 308047650,308047650,100,100,9.05,155.3844,-14.2793,1,4,4758.0,9.53193,,557.219,GIANT,6,3.768362,1012
TIC 80781425,80781425,100,100,11.92,166.1752,-48.7989,2,1,7268.0,3.19896,1.64,1409.82,DWARF,2,3.394018,1013
TIC 332003916,332003916,100,100,8.45,179.1084,-48.7949,2,2,7458.0,3.64709,1.71,362.204,DWARF,2,2.813893,1014
TIC 429149490,429149490,100,100,8.11,173.1197,-29.5313,2,3,4956.0,10.9226,,461.676,GIANT,6,3.698652,1015
TIC 53790029,53790029,100,100,8.2,158.482,-34.9785,2,4,5089.0,9.41754,,436.138,GIANT,6,3.587875,1016
TIC 253088640,253088640,100,100,8.92,194.6171,-54.3978,3,1,8396.0,2.27394,2.08,307.841,DWARF,2,2.497558,1017
TIC 318971919,318971919,100,100,10.21,173.4591,-60.6797,3,2,8369.0,2.15171,,567.313,DWARF,2,2.707567,1018
TIC 334559937,334559937,100,100,8.63,193.6229,-71.3674,3,3,8108.0,2.66258,1.97,306.717,DWARF,2,2.576605,1019
TIC 208961219,208961219,100,100,9.58,209.6045,-58.7384,3,4,8269.0,2.09319,2.03,362.656,DWARF,2,2.557617,1020
TIC 427033731,427033731,100,100,9.7,237.4905,-67.7348,4,1,7473.0,1.9884,1.72,353.055,DWARF,2,2.537008,1021
TIC 258102858,258102858,100,100,7.94,221.5228,-71.3631,4,2,7969.0,3.3034,1.92,279.567,DWARF,2,2.625922,1022
TIC 382387614,382387614,100,100,9.09,289.4338,-69.4504,4,3,8151.0,2.84819,1.99,422.295,DWARF,2,2.727138,1023
TIC 305019838,305019838,100,100,9.72,261.3209,-62.3479,4,4,9704.0,2.19314,2.48,516.772,DWARF,2,2.626133,1024
TIC 168077518,168077518,100,100,8.06,152.8367,-25.1811,1,1,4905.0,10.5649,,433.935,GIANT,6,3.659731,1025
TIC 363416454,363416454,100,100,8.2,164.3453,-25.2941,1,2,4786.0,11.2655,,465.449,GIANT,6,3.743501,1026
TIC 211448684,211448684,100,100,8.29,166.1034,-9.0087,1,3,4487.6,12.082,,442.835,GIANT,6,3.822278,1027
TIC 179300700,179300700,100,100,8.2,159.7596,-18.2347,1,4,5253.0,11.7512,,579.532,GIANT,6,3.780164,1028
TIC 92336062,92336062,100,100,11.54,172.7058,-53.6151,2,1,,,,,DWARF,2,999.0,1029
TIC 61644291,61644291,100,100,8.22,176.8406,-46.3399,2,2,7767.0,3.85321,1.84,360.055,DWARF,2,2.815645,1030
TIC 57211952,57211952,100,100,8.24,170.9108,-30.4903,2,3,4820.0,10.8026,,462.857,GIANT,6,3.715057,1031
TIC 152314981,152314981,100,100,8.6,171.0098,-41.2929,2,4,5073.0,8.7174,,465.88,GIANT,6,3.600774,1032
TIC 167856491,167856491,100,100,9.85,193.2931,-53.4786,3,1,7991.0,1.85732,1.93,357.472,DWARF,2,2.507773,1033
TIC 467282304,467282304,100,100,9.81,168.1578,-61.0321,3,2,9005.0,2.36279,2.27,555.244,DWARF,2,2.70885,1034
TIC 448806252,448806252,100,100,7.15,213.5241,-68.1908,3,3,9485.0,3.77699,2.41,258.564,DWARF,2,2.584292,1035
TIC 185831721,185831721,100,100,9.99,219.8488,-57.897,3,4,8631.0,1.90845,2.16,407.134,DWARF,2,2.559362,1036
TIC 297710971,297710971,100,100,8.93,241.9046,-60.1964,4,1,7402.0,2.38069,1.69,286.179,DWARF,2,2.539406,1037
TIC 448860246,448860246,100,100,8.67,213.7996,-71.2337,4,2,9839.0,2.82379,2.51,395.682,DWARF,2,2.635665,1038
TIC 292292315,292292315,100,100,8.29,278.5783,-68.8326,4,3,6645.0,3.45994,1.4,269.899,DWARF,2,2.736137,1039
TIC 304904231,304904231,100,100,9.96,261.0688,-62.8263,4,4,7582.75,2.07882,1.76,401.494,DWARF,2,2.627634,1040
TIC 167902077,167902077,100,100,8.08,151.6367,-25.3222,1,1,4897.0,10.5402,,437.426,GIANT,6,3.661698,1041
TIC 219311067,219311067,100,100,9.19,171.7597,-20.1848,1,2,4508.2,8.97998,,499.857,GIANT,6,3.744551,1042
TIC 55102931,55102931,100,100,8.07,162.2292,-7.1766,1,3,4664.0,12.7875,,475.068,GIANT,6,3.827571,1043
TIC 410359667,410359667,100,100,8.19,150.5958,-19.0506,1,4,4596.0,12.1287,,462.876,GIANT,6,3.805629,1044
TIC 92394063,92394063,100,100,12.18,172.8114,-48.4411,2,1,,,,,DWARF,2,999.0,1045
TIC 72497790,72497790,100,100,9.71,187.4245,-45.6383,2,2,8094.0,2.76805,1.97,536.442,DWARF,2,2.826348,1046
TIC 142260776,142260776,100,100,8.12,180.4283,-32.6252,2,3,4802.0,11.1179,,430.087,GIANT,6,3.716046,1047
TIC 158409884,158409884,100,100,8.6,163.6765,-37.5679,2,4,5079.0,8.90362,,491.336,GIANT,6,3.619133,1048
TIC 258787444,258787444,100,100,9.12,197.3948,-46.6749,3,1,9054.0,2.20276,2.29,369.502,DWARF,2,2.509934,1049
TIC 380223747,380223747,100,100,9.19,181.7009,-61.1883,3,2,9857.0,2.73491,2.52,466.278,DWARF,2,2.711886,1050
TIC 334928709,334928709,100,100,7.27,193.8887,-68.9977,3,3,7579.0,3.71788,1.76,217.143,DWARF,2,2.594591,1051
TIC 292895572,292895572,100,100,9.92,221.8326,-61.0735,3,4,7716.0,1.94873,,347.617,DWARF,2,2.563503,1052
TIC 446921799,446921799,100,100,9.39,232.6947,-67.5715,4,1,7767.0,2.14262,1.84,344.526,DWARF,2,2.53989,1053
TIC 425644107,425644107,100,100,9.28,232.3203,-72.513,4,2,6379.0,2.47896,1.27,284.428,DWARF,2,2.644539,1054
TIC 352021981,352021981,100,100,9.03,284.1611,-72.8452,4,3,7531.0,3.04962,1.74,389.968,DWARF,2,2.774491,1055
TIC 344984453,344984453,100,100,9.27,277.1407,-64.4778,4,4,8354.0,2.47799,2.06,408.017,DWARF,2,2.642199,1056
TIC 11560294,11560294,100,100,8.87,149.8952,-24.8572,1,1,5214.0,8.83915,,594.79,GIANT,6,3.666821,1057
TIC 410410676,410410676,100,100,8.37,166.9515,-20.8157,1,2,4889.0,11.039,,516.133,GIANT,6,3.759859,1058
TIC 181805948,181805948,100,100,8.5,165.8144,-14.9376,1,3,4881.0,11.6167,,567.683,GIANT,6,3.830166,1059
TIC 293626961,293626961,100,100,8.71,156.8771,-16.9056,1,4,5028.0,10.8038,,626.798,GIANT,6,3.809153,1060
TIC 120596335,120596335,100,100,12.42,163.6688,-48.7841,2,1,,,,,DWARF,2,999.0,1061
TIC 61640731,61640731,100,100,9.85,176.6459,-46.8826,2,2,9244.0,2.68188,2.34,619.37,DWARF,2,2.826879,1062
TIC 152510979,152510979,100,100,8.24,172.008,-37.0204,2,3,4962.0,10.9383,,474.945,GIANT,6,3.7259,1063
TIC 151862800,151862800,100,100,8.42,168.359,-39.9254,2,4,5046.0,9.40539,,456.361,GIANT,6,3.630754,1064
TIC 21165739,21165739,100,100,9.74,186.9063,-50.6138,3,1,7873.0,1.92795,1.88,357.557,DWARF,2,2.518192,1065
TIC 398879802,398879802,100,100,8.99,180.3987,-58.483,3,2,9851.0,2.86968,2.52,448.022,DWARF,2,2.713667,1066
TIC 448133486,448133486,100,100,9.4,208.2165,-68.5484,3,3,7846.0,2.3149,1.87,368.551,DWARF,2,2.609064,1067
TIC 383531859,383531859,100,100,9.59,216.1477,-60.3836,3,4,8331.0,2.14183,,437.902,DWARF,2,2.57957,1068
TIC 260342097,260342097,100,100,9.77,225.0368,-65.9856,4,1,9483.0,1.96334,2.41,440.307,DWARF,2,2.539991,1069
TIC 426134727,426134727,100,100,9.81,238.4762,-73.581,4,2,9522.0,2.19667,2.42,523.02,DWARF,2,2.64553,1070
TIC 466685939,466685939,100,100,8.98,295.6943,-72.7749,4,3,6657.0,3.09128,1.4,328.392,DWARF,2,2.776277,1071
TIC 304069565,304069565,100,100,9.42,258.3917,-64.5889,4,4,7862.0,2.39448,1.87,394.087,DWARF,2,2.642422,1072
TIC 163346842,163346842,100,100,8.93,191.3182,-52.6759,3,1,8425.0,2.32799,2.09,327.413,DWARF,2,2.519962,1073
TIC 253444221,253444221,100,100,9.41,196.8613,-56.2693,3,1,7367.0,2.08736,1.68,299.69,DWARF,2,2.521195,1074
TIC 272411192,272411192,100,100,9.14,187.9605,-53.9613,3,1,8682.0,2.22435,,360.183,DWARF,2,2.522406,1075
TIC 241291471,241291471,100,100,9.59,203.7184,-52.0394,3,1,7905.0,2.01362,,380.487,DWARF,2,2.525955,1076
TIC 260940739,260940739,100,100,10.74,201.7084,-51.3874,3,1,7107.0,1.5461,1.58,387.68,DWARF,2,2.526475,1077
TIC 241454797,241454797,100,100,8.5,205.5989,-51.6535,3,1,9907.0,2.59231,2.53,339.179,DWARF,2,2.527374,1078
TIC 253298866,253298866,100,100,9.19,195.7623,-59.9606,3,1,8624.0,2.21199,,323.747,DWARF,2,2.527566,1079
TIC 162398220,162398220,100,100,9.72,190.862,-49.2544,3,1,7933.0,1.96844,1.9,373.532,DWARF,2,2.532244,1080
TIC 271944801,271944801,100,100,8.98,187.2127,-56.4682,3,1,9013.0,2.33508,2.28,336.112,DWARF,2,2.532604,1081
TIC 241307211,241307211,100,100,9.32,203.9864,-53.2166,3,1,8910.0,2.16047,2.25,372.828,DWARF,2,2.533096,1082
TIC 160527698,160527698,100,100,9.37,189.721,-48.4567,3,1,8453.0,2.14162,2.1,369.711,DWARF,2,2.535485,1083
TIC 245101181,245101181,100,100,8.02,198.1931,-53.9305,3,1,6325.91,2.93737,1.25,173.305,DWARF,2,2.539917,1084
TIC 244933040,244933040,100,100,7.49,196.8603,-52.751,3,1,8513.0,3.32402,2.12,231.158,DWARF,2,2.541327,1085
TIC 350856279,350856279,100,100,8.92,247.079,-63.9694,4,1,6073.0,2.39416,1.14,217.816,DWARF,2,2.542306,1086
TIC 423144227,423144227,100,100,9.21,234.7568,-63.0565,4,1,9188.0,2.24168,2.33,384.486,DWARF,2,2.543147,1087
TIC 362116395,362116395,100,100,9.16,244.9859,-68.0141,4,1,9153.0,2.26876,2.32,393.889,DWARF,2,2.543577,1088
TIC 163347052,163347052,100,100,8.76,191.2307,-52.9735,3,1,8027.0,2.48844,1.94,309.211,DWARF,2,2.543854,1089
TIC 244903777,244903777,100,100,9.94,196.7792,-49.5847,3,1,8275.0,1.90243,2.04,409.184,DWARF,2,2.546617,1090
TIC 257149522,257149522,100,100,9.98,219.6132,-67.9921,4,1,7541.0,1.88647,,374.11,DWARF,2,2.5473,1091
TIC 422088129,422088129,100,100,8.2,188.8232,-51.676,3,1,6141.0,2.84555,1.16,187.076,DWARF,2,2.548332,1092
TIC 168164332,168164332,100,100,9.77,193.638,-48.4935,3,1,8195.0,1.99354,2.01,389.569,DWARF,2,2.55325,1093
TIC 300442510,300442510,100,100,9.29,244.7837,-65.0237,4,1,7399.0,2.22841,1.69,323.396,DWARF,2,2.55399,1094
TIC 456456403,456456403,100,100,7.69,231.7294,-62.7659,4,1,9954.0,3.22844,2.55,294.376,DWARF,2,2.555985,1095
TIC 298122610,298122610,100,100,9.4,224.8339,-61.7832,4,1,9545.0,2.18205,2.43,403.305,DWARF,2,2.557729,1096
TIC 359302298,359302298,100,100,8.29,201.1404,-55.451,3,1,9144.0,2.82086,2.31,307.995,DWARF,2,2.558763,1097
TIC 271701765,271701765,100,100,8.77,187.0098,-56.4895,3,1,7348.0,2.53072,1.67,267.669,DWARF,2,2.560488,1098
TIC 88311132,88311132,100,100,9.47,238.8468,-59.2248,4,1,8403.0,2.16035,,413.238,DWARF,2,2.563048,1099
TIC 401278111,401278111,100,100,7.79,187.8944,-48.9855,3,1,7861.0,3.18111,1.87,249.431,DWARF,2,2.563157,1100
TIC 454410900,454410900,100,100,9.06,226.4426,-63.3875,4,1,9633.0,2.3792,,349.669,DWARF,2,2.564862,1101
TIC 272111464,272111464,100,100,7.69,233.4711,-62.0832,4,1,8905.0,3.26259,2.24,270.159,DWARF,2,2.565125,1102
TIC 335046366,335046366,100,100,9.97,184.911,-50.1975,3,1,8013.0,1.94086,1.94,413.464,DWARF,2,2.569988,1103
TIC 406689049,406689049,100,100,8.8,198.4212,-57.124,3,1,9054.0,2.54537,2.29,347.318,DWARF,2,2.571502,1104
TIC 169780417,169780417,100,100,9.53,194.2619,-49.7024,3,1,9502.0,2.15611,2.42,435.867,DWARF,2,2.573342,1105
TIC 342910277,342910277,100,100,8.58,240.4491,-60.8179,4,1,8865.0,2.68695,2.23,333.855,DWARF,2,2.574519,1106
TIC 161162951,161162951,100,100,9.82,189.8832,-50.6236,3,1,9013.0,2.02541,2.28,455.691,DWARF,2,2.577026,1107
TIC 298281830,298281830,100,100,9.88,242.5281,-64.5947,4,1,9128.0,1.99844,2.31,475.635,DWARF,2,2.577382,1108
TIC 280239820,280239820,100,100,9.12,203.7806,-54.2074,3,1,8834.0,2.38229,2.22,349.739,DWARF,2,2.577989,1109
TIC 253197194,253197194,100,100,9.92,195.1813,-56.0538,3,1,7753.0,1.98239,1.83,389.151,DWARF,2,2.578378,1110
TIC 331288348,331288348,100,100,8.93,212.2586,-60.5408,3,4,8343.0,2.49633,2.06,310.197,DWARF,2,2.580604,1111
TIC 221180474,221180474,100,100,8.9,247.33,-59.583,4,1,7737.0,2.51617,1.82,317.448,DWARF,2,2.58148,1112
TIC 241427660,241427660,100,100,9.6,205.3227,-53.6557,3,1,7301.0,2.1466,1.65,325.573,DWARF,2,2.583502,1113
TIC 422636993,422636993,100,100,8.34,233.9865,-61.9849,4,1,7871.0,2.87714,1.88,278.438,DWARF,2,2.585922,1114
TIC 412877265,412877265,100,100,9.34,194.1788,-54.1281,3,1,7785.0,2.29235,1.84,335.283,DWARF,2,2.588562,1115
TIC 446971634,446971634,100,100,7.61,233.3912,-67.3391,4,1,7681.0,3.41468,1.8,241.526,DWARF,2,2.5887,1116
TIC 209922788,209922788,100,100,8.92,211.2969,-55.5695,3,4,8804.0,2.52616,2.21,364.066,DWARF,2,2.588922,1117
TIC 426710146,426710146,100,100,9.32,236.0938,-69.3965,4,1,9119.0,2.30456,,439.287,DWARF,2,2.589176,1118
TIC 413004253,413004253,100,100,7.86,204.6036,-58.3118,3,4,9314.0,3.22595,2.36,291.612,DWARF,2,2.589315,1119
TIC 457055386,457055386,100,100,9.55,203.0065,-55.0751,3,1,8515.0,2.18745,,383.664,DWARF,2,2.589876,1120
TIC 412878613,412878613,100,100,9.8,204.7099,-54.1169,3,1,9084.0,2.06641,2.3,416.812,DWARF,2,2.590433,1121
TIC 188216995,188216995,100,100,8.92,220.8081,-57.6666,3,4,7290.0,2.53062,1.65,278.923,DWARF,2,2.590454,1122
TIC 455185899,455185899,100,100,9.93,228.2466,-62.8309,4,1,7542.0,2.00933,1.74,286.162,DWARF,2,2.592103,1123
TIC 401234181,401234181,100,100,9.9,187.8446,-53.1519,3,1,9783.0,2.02461,2.5,512.391,DWARF,2,2.592683,1124
TIC 394768374,394768374,100,100,9.18,218.7546,-61.1835,3,4,9782.0,2.39101,2.5,373.052,DWARF,2,2.593163,1125
TIC 330114670,330114670,100,100,8.33,211.7747,-62.2773,3,4,8325.0,2.90989,2.05,255.829,DWARF,2,2.593753,1126
TIC 401226819,401226819,100,100,9.99,187.6147,-51.7231,3,1,8489.0,1.98706,2.11,451.223,DWARF,2,2.594422,1127
TIC 453666690,453666690,100,100,10.33,205.8933,-55.7548,3,4,7436.0,1.83914,1.7,398.431,DWARF,2,2.59523,1128
TIC 260723200,260723200,100,100,9.22,225.9244,-66.2963,4,1,9601.0,2.3749,,402.787,DWARF,2,2.595291,1129
TIC 424330383,424330383,100,100,7.57,236.2529,-63.2082,4,1,8094.0,3.48073,1.97,252.077,DWARF,2,2.597341,1130
TIC 293862801,293862801,100,100,9.1,222.1743,-61.6945,3,4,7954.0,2.44737,1.91,321.566,DWARF,2,2.597399,1131
TIC 21107064,21107064,100,100,9.53,186.7506,-52.3864,3,1,7479.0,2.22626,1.72,356.621,DWARF,2,2.601152,1132
TIC 253110932,253110932,100,100,9.54,194.4243,-59.1512,3,1,8239.0,2.22205,2.02,384.153,DWARF,2,2.601508,1133
TIC 191312952,191312952,100,100,8.52,221.6533,-56.419,3,4,11110.0,2.81532,2.9,384.443,DWARF,2,2.603056,1134
TIC 300063484,300063484,100,100,9.77,244.2534,-64.5791,4,1,8188.0,2.11187,2.0,426.956,DWARF,2,2.603334,1135
TIC 300884643,300884643,100,100,9.92,245.3113,-64.9886,4,1,7992.0,2.04218,,462.32,DWARF,2,2.604188,1136
TIC 261409832,261409832,100,100,7.24,227.126,-66.476,4,1,9786.0,3.78573,2.5,286.71,DWARF,2,2.604299,1137
TIC 47531031,47531031,100,100,9.4,231.0176,-59.4602,4,1,9124.0,2.30537,,426.21,DWARF,2,2.605481,1138
TIC 413004028,413004028,100,100,9.74,204.6905,-58.2821,3,4,8045.0,2.13346,1.95,382.046,DWARF,2,2.606169,1139
TIC 339718879,339718879,100,100,9.14,237.506,-63.673,4,1,7379.0,2.45043,1.68,322.746,DWARF,2,2.606485,1140
TIC 253098287,253098287,100,100,9.56,194.4229,-56.9096,3,1,8303.0,2.22599,2.05,390.725,DWARF,2,2.607046,1141
TIC 273316582,273316582,100,100,10.0,185.6894,-53.0963,3,1,9135.0,2.01222,2.31,499.896,DWARF,2,2.607351,1142
TIC 426974333,426974333,100,100,9.31,237.0577,-68.6159,4,1,9808.0,2.35875,2.51,465.99,DWARF,2,2.607364,1143
TIC 296001647,296001647,100,100,8.52,223.6645,-59.9948,3,4,8537.0,2.82947,2.13,291.524,DWARF,2,2.60741,1144
TIC 361862062,361862062,100,100,9.75,244.4688,-68.259,4,1,8901.0,2.1318,2.24,473.236,DWARF,2,2.607493,1145
TIC 456382383,456382383,100,100,9.34,231.4681,-63.2336,4,1,7420.0,2.343,1.7,325.873,DWARF,2,2.607545,1146
TIC 261693614,261693614,100,100,9.89,227.3624,-67.7668,4,1,8701.0,2.0678,2.18,461.887,DWARF,2,2.609017,1147
TIC 209734585,209734585,100,100,9.17,211.1344,-54.0322,3,4,8671.0,2.44294,2.17,371.139,DWARF,2,2.609826,1148
TIC 449028222,449028222,100,100,8.81,215.833,-66.6313,3,4,9977.0,2.65516,2.55,391.565,DWARF,2,2.610181,1149
TIC 351356030,351356030,100,100,7.54,247.4739,-60.7825,4,1,8599.0,3.57301,2.15,271.254,DWARF,2,2.614068,1150
TIC 296381874,296381874,100,100,9.48,224.0624,-65.4082,4,1,7755.0,2.28633,1.83,354.805,DWARF,2,2.614278,1151
TIC 341450088,341450088,100,100,9.31,203.0928,-71.2832,3,3,8806.0,2.38068,2.21,395.642,DWARF,2,2.615402,1152
TIC 349964152,349964152,100,100,8.85,245.8698,-60.1195,4,1,7783.0,2.64946,1.84,328.483,DWARF,2,2.616315,1153
TIC 424342028,424342028,100,100,8.93,236.3297,-65.5823,4,1,6100.0,2.60333,1.15,239.436,DWARF,2,2.617058,1154
TIC 256164802,256164802,100,100,9.52,199.4674,-56.2666,3,1,7656.0,2.27732,1.79,338.416,DWARF,2,2.618848,1155
TIC 448848908,448848908,100,100,7.43,213.9789,-68.5404,3,3,9878.0,3.68763,2.53,296.023,DWARF,2,2.619495,1156
TIC 299401242,299401242,100,100,9.02,243.6442,-60.7808,4,1,9140.0,2.5617,2.31,407.479,DWARF,2,2.621057,1157
TIC 328759090,328759090,100,100,9.07,211.0219,-64.758,3,4,9839.0,2.53288,2.51,421.711,DWARF,2,2.621229,1158
TIC 273020716,273020716,100,100,8.39,188.2552,-57.2473,3,1,9523.0,2.96438,2.42,333.67,DWARF,2,2.621868,1159
TIC 161739848,161739848,100,100,9.86,190.1587,-50.0656,3,1,8231.0,2.1146,,367.49,DWARF,2,2.622456,1160
TIC 335834275,335834275,100,100,9.34,195.1282,-68.9016,3,3,7598.0,2.38894,1.77,356.038,DWARF,2,2.62441,1161
TIC 261572616,261572616,100,100,9.82,185.9163,-54.259,3,1,9248.0,2.14146,2.35,489.585,DWARF,2,2.62542,1162
TIC 405642372,405642372,100,100,9.56,191.8692,-54.9424,3,1,8598.0,2.27468,2.15,410.459,DWARF,2,2.625841,1163
TIC 334860347,334860347,100,100,9.8,184.6246,-50.2239,3,1,8473.0,2.15535,2.1,453.521,DWARF,2,2.627036,1164
TIC 446940303,446940303,100,100,9.26,233.0289,-67.1335,4,1,8050.0,2.44324,1.95,386.129,DWARF,2,2.627932,1165
TIC 402709719,402709719,100,100,11.01,248.5894,-63.3833,4,1,7102.0,1.63386,1.58,480.106,DWARF,2,2.62843,1166
TIC 380607580,380607580,100,100,8.84,206.7393,-60.0999,3,4,9347.0,2.69398,2.37,359.578,DWARF,2,2.628789,1167
TIC 300435495,300435495,100,100,8.93,244.9213,-63.3113,4,1,7447.0,2.64108,1.71,325.812,DWARF,2,2.629563,1168
TIC 412489292,412489292,100,100,9.42,192.994,-55.362,3,1,9488.0,2.35947,,367.347,DWARF,2,2.629629,1169
TIC 208747967,208747967,100,100,9.38,209.1414,-58.235,3,4,8328.0,2.38395,2.05,392.04,DWARF,2,2.630594,1170
TIC 341603639,341603639,100,100,9.81,239.1996,-61.0055,4,1,8851.0,2.16325,2.23,450.175,DWARF,2,2.632213,1171
TIC 335470158,335470158,100,100,9.93,194.7289,-70.2776,3,3,8168.0,2.11184,2.0,443.423,DWARF,2,2.635322,1172
TIC 241333522,241333522,100,100,9.96,204.1225,-53.6823,3,1,8171.0,2.09737,,460.461,DWARF,2,2.63535,1173
TIC 245009455,245009455,100,100,8.07,197.4608,-48.0521,3,1,9522.0,3.24419,2.42,347.955,DWARF,2,2.636213,1174
TIC 455077230,455077230,100,100,8.55,228.2061,-62.6584,4,1,5906.8,2.90645,1.07,168.172,DWARF,2,2.636726,1175
TIC 328908796,328908796,100,100,9.37,211.3439,-53.2432,3,4,9035.0,2.40643,2.28,410.156,DWARF,2,2.636746,1176
TIC 455638799,455638799,100,100,9.54,229.6274,-61.7576,4,1,8115.0,2.31517,1.98,373.346,DWARF,2,2.637166,1177
TIC 208752497,208752497,100,100,10.87,209.1898,-57.6885,3,4,7556.0,1.70627,1.75,480.054,DWARF,2,2.638096,1178
TIC 324422520,324422520,100,100,9.56,209.1623,-61.1831,3,4,5829.0,2.30733,1.05,227.014,DWARF,2,2.638219,1179
TIC 422757767,422757767,100,100,9.61,234.149,-64.7902,4,1,8556.0,2.28137,2.13,444.819,DWARF,2,2.638391,1180
TIC 359303424,359303424,100,100,8.93,201.1372,-55.2175,3,1,8188.0,2.66841,2.0,347.632,DWARF,2,2.638505,1181
TIC 406628466,406628466,100,100,9.9,198.3806,-56.5161,3,1,9723.0,2.13977,2.48,484.506,DWARF,2,2.640734,1182
TIC 453961766,453961766,100,100,9.08,225.3545,-60.7885,4,1,7795.0,2.5859,1.85,330.155,DWARF,2,2.641223,1183
TIC 460483704,460483704,100,100,9.02,190.0883,-65.8622,3,3,8894.0,2.62494,2.24,389.185,DWARF,2,2.642239,1184
TIC 361473183,361473183,100,100,8.65,243.1484,-69.1335,4,1,8104.0,2.86061,1.97,343.965,DWARF,2,2.642917,1185
TIC 253153987,253153987,100,100,8.16,194.8801,-56.1908,3,1,7242.0,3.20683,1.63,260.38,DWARF,2,2.644152,1186
TIC 293059951,293059951,100,100,9.91,221.7935,-63.216,3,4,7535.0,2.14618,1.74,368.786,DWARF,2,2.645332,1187
TIC 296373380,296373380,100,100,9.81,223.7698,-64.924,4,1,7716.0,2.19665,1.82,382.288,DWARF,2,2.645522,1188
TIC 333972083,333972083,100,100,9.54,192.6961,-68.3477,3,3,9169.0,2.33769,2.32,458.101,DWARF,2,2.645574,1189
TIC 261699332,261699332,100,100,8.29,227.207,-66.6003,4,1,9960.0,3.11894,2.55,382.134,DWARF,2,2.646014,1190
TIC 363455521,363455521,100,100,9.86,249.0495,-71.4554,4,2,7972.0,2.17312,1.92,445.737,DWARF,2,2.646167,1191
TIC 333684543,333684543,100,100,8.33,213.452,-60.9319,3,4,6703.0,3.09406,1.42,227.739,DWARF,2,2.647057,1192
TIC 456245478,456245478,100,100,8.78,231.1878,-65.8726,4,1,9979.0,2.79696,2.55,433.721,DWARF,2,2.649373,1193
TIC 338138063,338138063,100,100,9.05,198.4568,-71.5255,3,3,6763.0,2.62953,1.45,288.594,DWARF,2,2.649756,1194
TIC 438704377,438704377,100,100,8.21,201.1658,-50.5746,3,1,8131.0,3.19071,1.98,306.554,DWARF,2,2.649775,1195
TIC 395138515,395138515,100,100,8.66,204.46,-72.8084,3,3,9758.0,2.87786,2.49,388.923,DWARF,2,2.650139,1196
TIC 442279247,442279247,100,100,8.22,197.9782,-60.1835,3,4,8434.0,3.18858,2.09,311.807,DWARF,2,2.651195,1197
TIC 280146469,280146469,100,100,8.89,203.8707,-56.2851,3,4,7510.0,2.73347,1.73,311.42,DWARF,2,2.651429,1198
TIC 447612113,447612113,100,100,8.18,254.1015,-62.544,4,4,6554.0,3.22036,1.36,234.019,DWARF,2,2.651809,1199
TIC 262558716,262558716,100,100,8.94,229.1542,-68.3035,4,1,9975.0,2.70339,2.55,452.981,DWARF,2,2.651817,1200
TIC 289037119,289037119,100,100,9.73,201.9166,-57.9887,3,4,7611.0,2.25568,1.77,379.324,DWARF,2,2.652555,1201
TIC 65313788,65313788,100,100,10.04,235.8678,-59.0577,4,1,8187.0,2.10203,,443.24,DWARF,2,2.653278,1202
TIC 402518519,402518519,100,100,9.79,247.8821,-61.3044,4,1,7378.0,2.22689,1.68,393.628,DWARF,2,2.653398,1203
TIC 343142458,343142458,100,100,8.25,205.7104,-66.5786,3,3,9469.0,3.17583,2.41,352.633,DWARF,2,2.653714,1204
TIC 335130166,335130166,100,100,9.09,194.1587,-67.543,3,3,7888.0,2.61879,1.89,357.289,DWARF,2,2.654201,1205
TIC 414673653,414673653,100,100,7.82,223.3034,-59.7156,3,4,8419.0,3.5098,2.09,275.463,DWARF,2,2.654565,1206
TIC 422697511,422697511,100,100,9.72,233.8875,-64.8676,4,1,9387.0,2.26857,2.38,507.58,DWARF,2,2.655504,1207
TIC 245484871,245484871,100,100,9.34,200.429,-49.4825,3,1,7210.99,2.48094,1.62,328.188,DWARF,2,2.657233,1208
TIC 424484262,424484262,100,100,9.83,236.5891,-61.051,4,1,8648.0,2.21716,,474.386,DWARF,2,2.657594,1209
TIC 328345735,328345735,100,100,9.95,211.0964,-60.9108,3,4,8393.0,2.15783,,190.641,DWARF,2,2.658034,1210
TIC 290996200,290996200,100,100,8.78,256.373,-62.6512,4,4,9375.0,2.82617,2.38,416.471,DWARF,2,2.658397,1211
TIC 304071827,304071827,100,100,8.22,258.4528,-65.6877,4,4,8861.0,3.21643,2.23,354.939,DWARF,2,2.658748,1212
TIC 299875429,299875429,100,100,9.58,244.0335,-60.191,4,1,9901.0,2.35453,2.53,513.074,DWARF,2,2.659808,1213
TIC 381614400,381614400,100,100,8.66,207.4539,-63.5051,3,4,8353.0,2.91053,2.06,327.052,DWARF,2,2.659944,1214
TIC 303983219,303983219,100,100,9.91,258.3129,-61.3492,4,4,8020.0,2.18315,1.94,460.55,DWARF,2,2.660167,1215
TIC 425788927,425788927,100,100,9.61,234.1539,-75.7911,4,2,9349.0,2.33975,,496.851,DWARF,2,2.660339,1216
TIC 333974103,333974103,100,100,9.49,192.8146,-68.7541,3,3,7533.0,2.41065,1.74,377.231,DWARF,2,2.662268,1217
TIC 253453893,253453893,100,100,9.84,196.9276,-54.158,3,1,8682.0,2.22435,,517.038,DWARF,2,2.662406,1218
TIC 401707534,401707534,100,100,9.1,216.5938,-73.368,4,2,8288.0,2.63768,2.04,389.563,DWARF,2,2.662444,1219
TIC 454809613,454809613,100,100,9.71,227.3661,-64.6899,4,1,9648.0,2.29301,2.46,476.976,DWARF,2,2.662812,1220
TIC 209737099,209737099,100,100,9.76,211.121,-54.5313,3,4,7780.0,2.26721,1.84,405.833,DWARF,2,2.662983,1221
TIC 284378732,284378732,100,100,9.19,233.5738,-59.6519,4,1,6191.0,2.58745,1.19,260.299,DWARF,2,2.663744,1222
TIC 163041099,163041099,100,100,8.77,191.1694,-48.2875,3,1,8955.0,2.85252,2.26,392.883,DWARF,2,2.664457,1223
TIC 364670831,364670831,100,100,8.16,175.9662,-68.9668,3,3,5867.0,3.28537,1.06,194.98,DWARF,2,2.665169,1224
TIC 461062276,461062276,100,100,9.91,232.389,-63.9316,4,1,8552.0,2.19598,,478.232,DWARF,2,2.665257,1225
TIC 335291375,335291375,100,100,9.87,194.5839,-67.3627,3,3,9459.0,2.21668,2.41,520.322,DWARF,2,2.665406,1226
TIC 271854492,271854492,100,100,9.58,233.1486,-65.899,4,1,7906.0,2.3709,1.89,424.044,DWARF,2,2.665826,1227
TIC 362240774,362240774,100,100,9.82,245.4279,-67.0187,4,1,8124.0,2.24357,1.98,462.405,DWARF,2,2.665879,1228
TIC 333884717,333884717,100,100,8.98,192.6986,-66.4295,3,3,9879.0,2.72324,2.53,441.883,DWARF,2,2.666172,1229
TIC 245441559,245441559,100,100,8.99,200.1417,-53.006,3,1,8342.0,2.71738,2.06,362.577,DWARF,2,2.666301,1230
TIC 447469406,447469406,100,100,8.0,252.9024,-60.5638,4,4,7056.0,3.41829,1.56,252.838,DWARF,2,2.667618,1231
TIC 306455234,306455234,100,100,8.71,265.188,-60.1798,4,4,9987.0,2.90381,2.56,444.035,DWARF,2,2.667936,1232
TIC 263320619,263320619,100,100,9.09,230.7529,-67.353,4,1,7421.0,2.66058,1.7,348.467,DWARF,2,2.667953,1233
TIC 360471336,360471336,100,100,9.36,188.5031,-71.9149,3,3,8192.0,2.50084,2.0,378.933,DWARF,2,2.668172,1234
TIC 360082967,360082967,100,100,9.34,186.4686,-74.1856,3,3,7229.0,2.51303,1.62,328.546,DWARF,2,2.668395,1235
TIC 245380975,245380975,100,100,9.16,199.8059,-52.7581,3,1,7395.0,2.61947,1.69,332.005,DWARF,2,2.668427,1236
TIC 403954689,403954689,100,100,8.7,188.4091,-53.8503,3,1,7343.0,2.91297,1.67,314.159,DWARF,2,2.668672,1237
TIC 245232526,245232526,100,100,9.65,199.1061,-50.1919,3,1,7727.0,2.34171,1.82,407.485,DWARF,2,2.669066,1238
TIC 163648061,163648061,100,100,8.38,191.5676,-49.312,3,1,8079.0,3.1401,1.96,329.325,DWARF,2,2.669887,1239
TIC 300955434,300955434,100,100,9.61,245.3334,-65.8637,4,1,7882.0,2.36573,1.88,432.083,DWARF,2,2.66993,1240
TIC 403599575,403599575,100,100,9.72,231.8487,-73.2147,4,2,9118.0,2.3082,2.31,504.657,DWARF,2,2.670547,1241
TIC 426407299,426407299,100,100,9.98,243.0802,-74.0777,4,2,7444.2,2.17564,1.71,417.72,DWARF,2,2.671174,1242
TIC 402395302,402395302,100,100,9.02,247.7933,-63.8137,4,1,7414.0,2.71569,1.69,344.611,DWARF,2,2.67176,1243
TIC 256007674,256007674,100,100,9.7,198.617,-55.2574,3,1,9416.0,2.32272,2.39,485.973,DWARF,2,2.671994,1244
TIC 396368313,396368313,100,100,11.24,212.8391,-75.8332,4,2,9401.0,1.63132,2.39,708.598,DWARF,2,2.673078,1245
TIC 272058503,272058503,100,100,8.93,187.3327,-54.1979,3,1,8339.0,2.77842,2.06,384.454,DWARF,2,2.673596,1246
TIC 455599747,455599747,100,100,7.53,229.6045,-65.6044,4,1,6820.0,3.83695,1.47,220.577,DWARF,2,2.673972,1247
TIC 300222631,300222631,100,100,9.7,208.5372,-60.3393,3,4,7495.0,2.32817,1.73,368.961,DWARF,2,2.674029,1248
TIC 260341097,260341097,100,100,9.27,224.8545,-66.1431,4,1,6763.0,2.57271,1.45,311.884,DWARF,2,2.674782,1249
TIC 402228294,402228294,100,100,9.95,220.7411,-73.8292,4,2,7515.63,2.20122,1.73,416.631,DWARF,2,2.675327,1250
TIC 401680540,401680540,100,100,8.26,216.768,-74.4174,4,2,9866.0,3.25029,2.52,388.877,DWARF,2,2.675844,1251
TIC 208167288,208167288,100,100,9.62,208.0451,-54.4519,3,4,7403.0,2.37772,1.69,368.967,DWARF,2,2.676321,1252
TIC 208164287,208164287,100,100,9.79,207.9734,-54.1256,3,4,7568.0,2.28673,1.76,385.953,DWARF,2,2.67643,1253
TIC 327034775,327034775,100,100,9.92,188.7377,-70.0344,3,3,8323.0,2.22186,2.05,454.401,DWARF,2,2.677433,1254
TIC 334078494,334078494,100,100,9.81,192.7623,-71.5264,3,3,8838.0,2.28883,2.22,484.188,DWARF,2,2.681227,1255
TIC 260928562,260928562,100,100,8.23,226.1863,-70.832,4,2,7535.0,3.29388,1.74,300.163,DWARF,2,2.681416,1256
TIC 327548618,327548618,100,100,9.47,189.4677,-68.8245,3,3,7707.0,2.47651,1.81,396.174,DWARF,2,2.68168,1257
TIC 245355377,245355377,100,100,9.97,199.6199,-48.4536,3,1,8210.0,2.21057,2.01,469.813,DWARF,2,2.683009,1258
TIC 295373573,295373573,100,100,9.81,271.7586,-67.5315,4,4,7396.0,2.29479,1.69,419.49,DWARF,2,2.683486,1259
TIC 446921170,446921170,100,100,8.73,232.6939,-67.6396,4,1,7647.74,2.94279,1.79,316.456,DWARF,2,2.683519,1260
TIC 448727889,448727889,100,100,7.96,213.0047,-70.1754,3,3,8216.0,3.51519,2.01,297.915,DWARF,2,2.683898,1261
TIC 298639351,298639351,100,100,10.14,242.856,-61.9367,4,1,7130.0,2.12798,1.59,423.763,DWARF,2,2.683935,1262
TIC 447400570,447400570,100,100,7.53,252.2336,-61.3889,4,4,9786.0,3.88196,2.5,327.546,DWARF,2,2.684102,1263
TIC 405915590,405915590,100,100,9.85,192.6589,-57.9075,3,1,8947.0,2.27543,,525.476,DWARF,2,2.684127,1264
TIC 426401531,426401531,100,100,9.83,242.5147,-73.1195,4,2,8505.0,2.28661,2.12,490.638,DWARF,2,2.684384,1265
TIC 401484897,401484897,100,100,8.44,215.2459,-76.6996,4,2,9867.0,3.15082,2.52,410.03,DWARF,2,2.684847,1266
TIC 338546808,338546808,100,100,7.45,198.8255,-70.478,3,3,9896.0,3.95944,2.53,329.675,DWARF,2,2.685268,1267
TIC 245388438,245388438,100,100,8.95,199.9566,-52.84,3,1,9564.0,2.8055,2.44,419.665,DWARF,2,2.686021,1268
TIC 422570273,422570273,100,100,9.95,233.6477,-60.4967,4,1,9082.0,2.22923,2.3,484.935,DWARF,2,2.68631,1269
TIC 402555173,402555173,100,100,9.65,220.218,-65.4595,3,4,11808.0,2.38897,3.14,598.495,DWARF,2,2.686421,1270
TIC 294141098,294141098,100,100,8.56,264.2307,-66.1615,4,4,7805.0,3.07503,1.85,342.864,DWARF,2,2.687699,1271
TIC 89720152,89720152,100,100,8.47,204.0729,-57.3748,3,4,7801.0,3.13987,1.85,310.945,DWARF,2,2.687823,1272
TIC 350965909,350965909,100,100,9.82,247.0865,-60.9525,4,1,9098.0,2.30115,,505.546,DWARF,2,2.68789,1273
TIC 208752493,208752493,100,100,11.1,209.1922,-57.689,3,4,7440.0,1.71726,1.7,520.842,DWARF,2,2.689672,1274
TIC 304842889,304842889,100,100,8.77,260.7602,-63.0949,4,4,9991.0,2.93733,2.56,462.325,DWARF,2,2.689905,1275
TIC 341449340,341449340,100,100,9.69,203.0789,-71.5622,3,3,9804.0,2.37963,2.5,520.602,DWARF,2,2.691019,1276
TIC 294142068,294142068,100,100,8.47,264.5504,-66.188,4,4,7460.0,3.15271,1.71,319.112,DWARF,2,2.691368,1277
TIC 336802337,336802337,100,100,9.28,196.2466,-71.0957,3,3,9323.0,2.61703,2.37,456.486,DWARF,2,2.691617,1278
TIC 244875072,244875072,100,100,9.57,196.6347,-52.6678,3,1,7412.0,2.44912,1.69,362.575,DWARF,2,2.69202,1279
TIC 447048203,447048203,100,100,9.6,238.2601,-69.1677,4,1,7911.0,2.43457,1.89,437.413,DWARF,2,2.692845,1280
TIC 447578964,447578964,100,100,9.35,253.8374,-63.0567,4,4,7466.0,2.57991,1.71,382.989,DWARF,2,2.693209,1281
TIC 258704431,258704431,100,100,7.24,222.1284,-66.5263,4,1,8600.0,4.19425,2.15,278.669,DWARF,2,2.693309,1282
TIC 414848560,414848560,100,100,9.28,224.3944,-59.2041,3,4,9250.0,2.62358,2.35,445.193,DWARF,2,2.693789,1283
TIC 413354790,413354790,100,100,9.7,214.6844,-59.1482,3,4,8322.0,2.38623,2.05,386.25,DWARF,2,2.695425,1284
TIC 244945488,244945488,100,100,8.37,197.0844,-50.4607,3,1,7736.0,3.25028,1.82,315.441,DWARF,2,2.697842,1285
TIC 245335666,245335666,100,100,9.79,199.6672,-52.1834,3,1,9709.0,2.34527,2.48,534.392,DWARF,2,2.698386,1286
TIC 327747487,327747487,100,100,9.93,210.7032,-65.3926,3,4,8462.0,2.27178,2.1,471.168,DWARF,2,2.698733,1287
TIC 299271875,299271875,100,100,8.86,243.7009,-62.6846,4,1,6805.0,2.90833,1.46,306.497,DWARF,2,2.699287,1288
TIC 420151461,420151461,100,100,8.66,192.5071,-58.598,3,1,8171.0,3.05536,2.0,357.717,DWARF,2,2.702125,1289
TIC 315957724,315957724,100,100,9.0,203.4547,-61.6242,3,4,9616.0,2.82549,2.45,437.821,DWARF,2,2.702188,1290
TIC 326173769,326173769,100,100,9.18,209.9581,-62.0518,3,4,8375.0,2.71164,2.07,381.329,DWARF,2,2.702464,1291
TIC 455935556,455935556,100,100,9.88,230.2839,-65.0486,4,1,7760.0,2.31012,1.83,447.59,DWARF,2,2.703269,1292
TIC 208562687,208562687,100,100,7.9,208.7669,-56.7414,3,4,9070.0,3.64586,2.29,336.315,DWARF,2,2.7036,1293
TIC 253104309,253104309,100,100,9.96,194.4892,-58.0617,3,1,7482.0,2.27141,1.72,427.517,DWARF,2,2.704591,1294
TIC 429517301,429517301,100,100,8.9,207.2944,-70.7109,3,3,8480.0,2.90075,2.11,386.041,DWARF,2,2.705021,1295
TIC 401310606,401310606,100,100,9.72,188.0931,-50.692,3,1,7981.0,2.4056,1.92,447.888,DWARF,2,2.706447,1296
TIC 297888564,297888564,100,100,9.88,224.8136,-64.5903,4,1,7459.0,2.31995,1.71,395.714,DWARF,2,2.706957,1297
TIC 297749997,297749997,100,100,9.83,224.7975,-62.1213,4,1,8996.0,2.34688,2.27,478.528,DWARF,2,2.706982,1298
TIC 359577323,359577323,100,100,8.09,183.8095,-73.0611,3,3,7699.0,3.50649,1.81,277.812,DWARF,2,2.707745,1299
TIC 46601693,46601693,100,100,7.95,230.5439,-58.8574,4,1,8626.0,3.62236,2.16,306.3,DWARF,2,2.707983,1300
TIC 305087607,305087607,100,100,8.26,261.5423,-65.3031,4,4,7512.0,3.37326,1.73,312.192,DWARF,2,2.7081,1301
TIC 404067068,404067068,100,100,8.65,194.8673,-53.1328,3,1,9216.0,3.08798,2.34,390.763,DWARF,2,2.709349,1302
TIC 317830085,317830085,100,100,7.76,204.0006,-61.3918,3,4,7484.0,3.79421,1.72,259.442,DWARF,2,2.710243,1303
TIC 342294784,342294784,100,100,9.98,204.4568,-68.9422,3,3,8980.0,2.28124,,485.221,DWARF,2,2.712342,1304
TIC 412245022,412245022,100,100,9.83,190.6456,-54.6958,3,1,7554.0,2.36177,1.75,409.167,DWARF,2,2.712475,1305
TIC 448376153,448376153,100,100,7.5,210.0718,-67.5058,3,3,9788.0,4.04335,2.5,336.328,DWARF,2,2.713483,1306
TIC 338242274,338242274,100,100,8.81,198.283,-70.1517,3,3,9813.0,2.99235,2.51,450.117,DWARF,2,2.714025,1307
TIC 446802459,446802459,100,100,7.19,218.3085,-67.1879,3,4,7053.0,4.34945,1.56,218.493,DWARF,2,2.714869,1308
TIC 334615998,334615998,100,100,9.74,183.4958,-51.3962,3,1,7685.0,2.41944,1.8,441.9,DWARF,2,2.71543,1309
TIC 402092726,402092726,100,100,8.01,219.416,-75.5496,4,2,6974.0,3.60425,1.53,259.836,DWARF,2,2.71563,1310
TIC 310174475,310174475,100,100,9.82,250.9931,-73.2303,4,2,8518.0,2.376,2.12,510.789,DWARF,2,2.715693,1311
TIC 163647562,163647562,100,100,9.93,191.3128,-48.3434,3,1,7576.0,2.31766,1.76,446.056,DWARF,2,2.716099,1312
TIC 424425830,424425830,100,100,9.82,236.6749,-63.3741,4,1,8702.0,2.37722,2.18,505.698,DWARF,2,2.716139,1313
TIC 425733299,425733299,100,100,8.81,233.7526,-75.6274,4,2,8558.0,3.00077,2.13,400.599,DWARF,2,2.716465,1314
TIC 304898997,304898997,100,100,9.01,261.1944,-65.1955,4,4,8142.0,2.86748,1.99,412.026,DWARF,2,2.717001,1315
TIC 306501893,306501893,100,100,9.94,166.8957,-58.6798,3,2,9185.0,2.31505,,613.151,DWARF,2,2.717121,1316
TIC 262999714,262999714,100,100,9.88,215.9101,-55.5532,3,4,7685.0,2.34844,1.8,414.329,DWARF,2,2.717559,1317
TIC 343812295,343812295,100,100,8.57,241.5297,-60.1773,4,1,7918.0,3.17728,1.9,351.615,DWARF,2,2.718111,1318
TIC 403405520,403405520,100,100,9.37,230.0241,-77.7919,4,2,7285.0,2.643,1.64,378.069,DWARF,2,2.718194,1319
TIC 455395535,455395535,100,100,8.85,228.7203,-64.6109,4,1,8671.0,2.98166,2.17,393.173,DWARF,2,2.718916,1320
TIC 398875682,398875682,100,100,12.5,180.4301,-57.5914,3,2,7395.0,1.28745,1.69,697.955,DWARF,2,2.719461,1321
TIC 446796937,446796937,100,100,8.9,218.3699,-68.1387,4,1,9362.0,2.94981,2.38,437.862,DWARF,2,2.719588,1322
TIC 311205242,311205242,100,100,9.83,185.5405,-62.3982,3,2,8455.0,2.38332,2.1,499.751,DWARF,2,2.720365,1323
TIC 263778194,263778194,100,100,9.45,231.4793,-66.8673,4,1,8238.0,2.60365,2.02,451.627,DWARF,2,2.721165,1324
TIC 410281403,410281403,100,100,10.58,213.8633,-56.1969,3,4,7323.0,2.00856,1.66,464.902,DWARF,2,2.72177,1325
TIC 341453404,341453404,100,100,9.7,203.3185,-70.1889,3,3,7990.0,2.4628,1.93,448.374,DWARF,2,2.722858,1326
TIC 434673654,434673654,100,100,8.7,191.3361,-65.455,3,3,7502.0,3.10058,1.73,322.78,DWARF,2,2.722886,1327
TIC 307320164,307320164,100,100,9.72,267.956,-63.2822,4,4,7312.0,2.45159,1.65,422.448,DWARF,2,2.722896,1328
TIC 336954502,336954502,100,100,10.0,196.631,-66.7647,3,3,9084.0,2.29885,,504.693,DWARF,2,2.723021,1329
TIC 306458826,306458826,100,100,9.36,265.2157,-61.9749,4,4,7972.0,2.6657,1.92,439.043,DWARF,2,2.723623,1330
TIC 300753812,300753812,100,100,9.44,245.4322,-60.4503,4,1,8828.0,2.62777,2.22,480.385,DWARF,2,2.727175,1331
TIC 395934370,395934370,100,100,9.27,209.9966,-73.5823,4,2,7610.04,2.73429,1.77,373.513,DWARF,2,2.727689,1332
TIC 271628851,271628851,100,100,9.2,186.9872,-55.405,3,1,8967.0,2.78425,2.26,439.715,DWARF,2,2.729416,1333
TIC 343378570,343378570,100,100,8.13,241.0233,-60.2164,4,1,8246.0,3.56215,2.02,335.216,DWARF,2,2.729424,1334
TIC 303782661,303782661,100,100,9.73,272.6147,-60.4477,4,4,7636.29,2.4649,1.78,422.001,DWARF,2,2.729599,1335
TIC 293791446,293791446,100,100,8.51,263.1499,-68.0677,4,4,8966.0,3.26653,2.26,409.67,DWARF,2,2.730173,1336
TIC 395848940,395848940,100,100,9.98,209.6464,-72.9129,3,3,8068.0,2.32927,1.96,469.572,DWARF,2,2.73044,1337
TIC 299872986,299872986,100,100,8.9,244.182,-60.5627,4,1,9769.0,2.98769,2.49,475.246,DWARF,2,2.730671,1338
TIC 426899418,426899418,100,100,9.45,237.0126,-68.1303,4,1,8922.0,2.63249,2.25,503.937,DWARF,2,2.730733,1339
TIC 67018062,67018062,100,100,7.55,181.5823,-59.1446,3,2,9556.0,4.081,2.43,318.979,DWARF,2,2.731533,1340
TIC 337509608,337509608,100,100,9.83,197.4455,-66.9835,3,3,9816.0,2.41552,2.51,550.103,DWARF,2,2.732021,1341
TIC 454478246,454478246,100,100,9.76,226.5867,-62.9176,4,1,7395.0,2.4558,1.69,350.158,DWARF,2,2.732386,1342
TIC 241787384,241787384,100,100,8.97,209.3149,-52.9229,3,4,6951.0,2.9488,1.52,309.799,DWARF,2,2.733291,1343
TIC 448924885,448924885,100,100,10.48,214.3698,-70.6805,4,2,6056.0,2.08333,1.13,360.143,DWARF,2,2.733516,1344
TIC 390004506,390004506,100,100,9.1,182.5713,-56.215,3,2,7589.0,2.86446,1.76,370.574,DWARF,2,2.734086,1345
TIC 305677089,305677089,100,100,8.53,262.9725,-61.2763,4,4,7985.0,3.26911,1.92,366.162,DWARF,2,2.734859,1346
TIC 312102715,312102715,100,100,9.11,182.0381,-66.9842,3,3,9584.0,2.86088,2.44,461.263,DWARF,2,2.734999,1347
TIC 257140932,257140932,100,100,9.56,219.5105,-70.4222,4,2,7526.0,2.57943,1.74,404.799,DWARF,2,2.735047,1348
TIC 406259730,406259730,100,100,8.84,197.8596,-58.6782,3,1,7754.0,3.0452,1.83,351.211,DWARF,2,2.735232,1349
TIC 384070914,384070914,100,100,9.93,241.9089,-80.0849,4,2,7545.0,2.3693,1.75,428.684,DWARF,2,2.73524,1350
TIC 422172203,422172203,100,100,8.27,189.0272,-50.654,3,1,8497.0,3.47305,2.11,361.633,DWARF,2,2.735422,1351
TIC 306268551,306268551,100,100,9.42,264.5016,-60.1807,4,4,7633.0,2.66936,1.78,428.895,DWARF,2,2.736814,1352
TIC 384159833,384159833,100,100,9.1,243.9336,-81.9218,4,2,9466.0,2.87591,2.41,477.39,DWARF,2,2.737551,1353
TIC 448489309,448489309,100,100,8.79,211.0295,-68.7056,3,3,8186.0,3.09063,2.0,387.059,DWARF,2,2.738094,1354
TIC 380779568,380779568,100,100,9.74,269.4979,-60.5601,4,4,9674.0,2.48413,2.47,583.587,DWARF,2,2.738349,1355
TIC 334336640,334336640,100,100,9.39,193.4497,-66.8862,3,3,7480.0,2.69297,1.72,388.14,DWARF,2,2.738463,1356
TIC 425660056,425660056,100,100,9.14,232.8678,-74.7898,4,2,9155.0,2.853,2.32,478.627,DWARF,2,2.738604,1357
TIC 245099840,245099840,100,100,10.64,198.0763,-53.5457,3,1,5832.0,2.02207,1.05,337.205,DWARF,2,2.739592,1358
TIC 337703406,337703406,100,100,7.37,197.7818,-71.8143,3,3,6515.0,4.29399,1.34,209.071,DWARF,2,2.739722,1359
TIC 342826908,342826908,100,100,9.56,205.1481,-67.2976,3,3,7743.0,2.59351,1.83,419.867,DWARF,2,2.739776,1360
TIC 163030599,163030599,100,100,9.78,190.9602,-49.0131,3,1,8908.0,2.46864,2.24,538.885,DWARF,2,2.740916,1361
TIC 171634531,171634531,100,100,8.6,255.2164,-59.8806,4,4,6715.0,3.24002,1.43,292.908,DWARF,2,2.741095,1362
TIC 448349084,448349084,100,100,9.72,210.1107,-69.7038,3,3,9489.0,2.50577,2.41,548.378,DWARF,2,2.741882,1363
TIC 339741913,339741913,100,100,9.35,200.5212,-67.3699,3,3,7860.0,2.73206,1.87,403.443,DWARF,2,2.74298,1364
TIC 326313983,326313983,100,100,7.62,209.8749,-60.5669,3,4,8406.0,4.06924,2.08,275.988,DWARF,2,2.743027,1365
TIC 448459334,448459334,100,100,9.53,210.7511,-66.2764,3,4,8891.0,2.62191,2.24,484.44,DWARF,2,2.743236,1366
TIC 257144912,257144912,100,100,9.73,219.6923,-69.1713,4,2,8158.0,2.50609,1.99,467.374,DWARF,2,2.743993,1367
TIC 395425079,395425079,100,100,8.34,218.8391,-62.378,3,4,7369.0,3.4517,1.68,293.007,DWARF,2,2.744066,1368
TIC 448611635,448611635,100,100,7.66,211.9231,-66.1524,3,4,7247.0,4.03983,1.63,257.597,DWARF,2,2.744726,1369
TIC 457007552,457007552,100,100,9.87,201.7912,-58.0311,3,4,8566.0,2.42956,2.14,481.145,DWARF,2,2.745055,1370
TIC 255772937,255772937,100,100,8.49,258.8282,-64.1741,4,4,6893.0,3.33933,1.5,301.437,DWARF,2,2.745319,1371
TIC 381493035,381493035,100,100,9.55,182.7241,-59.9112,3,2,8884.0,2.62218,2.24,459.862,DWARF,2,2.747325,1372
TIC 306055003,306055003,100,100,9.2,166.4702,-57.6537,3,2,6989.0,2.84703,1.54,353.944,DWARF,2,2.748784,1373
TIC 334622408,334622408,100,100,9.65,183.5499,-53.7208,3,1,8712.0,2.57113,2.18,518.225,DWARF,2,2.750248,1374
TIC 326549247,326549247,100,100,9.24,188.1608,-71.7732,3,3,7969.0,2.82719,1.92,378.804,DWARF,2,2.75071,1375
TIC 286652075,286652075,100,100,9.55,185.876,-66.6762,3,3,8214.0,2.63837,2.01,454.766,DWARF,2,2.752671,1376
TIC 381288611,381288611,100,100,8.88,255.6407,-69.3739,4,4,7775.0,3.07858,1.84,390.678,DWARF,2,2.752701,1377
TIC 166236290,166236290,100,100,9.23,192.8188,-52.7332,3,1,7386.0,2.84097,1.68,382.123,DWARF,2,2.752933,1378
TIC 401614559,401614559,100,100,9.65,216.4794,-72.1945,4,2,9789.0,2.58037,2.5,557.36,DWARF,2,2.753364,1379
TIC 245004973,245004973,100,100,9.41,197.563,-50.3497,3,1,8300.0,2.72772,2.04,455.648,DWARF,2,2.7536,1380
TIC 453635598,453635598,100,100,9.21,205.6202,-56.8145,3,4,8605.0,2.85661,2.15,431.907,DWARF,2,2.753702,1381
TIC 164910620,164910620,100,100,10.47,192.1172,-49.2652,3,1,5852.0,2.14191,1.06,365.613,DWARF,2,2.755602,1382
TIC 412365473,412365473,100,100,9.69,190.7053,-58.854,3,1,7469.0,2.56352,1.72,415.824,DWARF,2,2.755673,1383
TIC 338249682,338249682,100,100,7.73,198.3665,-68.499,3,3,8155.0,4.02859,1.99,313.217,DWARF,2,2.756306,1384
TIC 298387925,298387925,100,100,8.46,242.683,-64.2525,4,1,9891.0,3.40668,2.53,458.185,DWARF,2,2.756663,1385
TIC 208013204,208013204,100,100,10.37,207.6448,-54.6826,3,4,6683.0,2.19579,1.41,409.124,DWARF,2,2.757182,1386
TIC 21007427,21007427,100,100,9.9,186.4698,-51.6001,3,1,8954.0,2.44693,2.26,546.874,DWARF,2,2.757243,1387
TIC 338251663,338251663,100,100,9.66,198.5252,-68.1671,3,3,7387.0,2.58876,1.68,419.983,DWARF,2,2.758184,1388
TIC 328103294,328103294,100,100,7.75,190.0709,-71.6452,3,3,8678.0,4.019,2.17,325.451,DWARF,2,2.758236,1389
TIC 398764250,398764250,100,100,9.46,180.3031,-57.7336,3,2,9222.0,2.71386,2.34,501.782,DWARF,2,2.759175,1390
TIC 425796196,425796196,100,100,9.93,233.885,-72.0246,4,2,7980.0,2.43792,1.92,507.762,DWARF,2,2.760039,1391
TIC 401413154,401413154,100,100,9.91,200.4978,-52.5751,3,1,9330.0,2.44986,2.37,554.549,DWARF,2,2.760283,1392
TIC 379725451,379725451,100,100,7.31,256.9584,-67.1881,4,4,8984.0,4.4595,2.27,326.58,DWARF,2,2.760572,1393
TIC 260651052,260651052,100,100,9.66,186.5878,-49.3929,3,1,7603.0,2.59917,1.77,443.266,DWARF,2,2.761669,1394
TIC 73986062,73986062,100,100,9.53,236.7649,-59.4405,4,1,7880.0,2.67834,1.88,431.304,DWARF,2,2.761731,1395
TIC 403225272,403225272,100,100,9.32,228.3042,-77.0818,4,2,7538.0,2.81597,1.74,414.808,DWARF,2,2.763256,1396
TIC 340954948,340954948,100,100,9.43,202.2993,-67.7014,3,3,9390.0,2.74611,2.39,497.767,DWARF,2,2.763436,1397
TIC 411812736,411812736,100,100,9.03,189.5716,-58.1143,3,1,6241.0,3.01295,1.21,284.097,DWARF,2,2.763984,1398
TIC 350677569,350677569,100,100,9.54,246.5224,-61.5853,4,1,9169.0,2.67955,2.32,539.965,DWARF,2,2.764124,1399
TIC 450608427,450608427,100,100,8.93,186.6918,-60.8919,3,2,8595.0,3.08678,2.15,415.264,DWARF,2,2.765011,1400
TIC 258100470,258100470,100,100,8.87,220.9614,-71.4806,4,2,8683.0,3.13238,2.17,433.804,DWARF,2,2.765749,1401
TIC 319627512,319627512,100,100,8.58,174.2195,-59.9028,3,2,9481.0,3.34909,2.41,447.321,DWARF,2,2.765854,1402
TIC 403567949,403567949,100,100,9.49,231.3851,-74.6102,4,2,8530.0,2.71857,2.12,500.247,DWARF,2,2.766681,1403
TIC 447170160,447170160,100,100,9.59,250.1967,-62.4318,4,4,8308.0,2.6572,2.05,480.566,DWARF,2,2.766848,1404
TIC 306732478,306732478,100,100,9.78,265.832,-60.1173,4,4,7415.0,2.54394,1.69,458.142,DWARF,2,2.767014,1405
TIC 343034363,343034363,100,100,8.28,240.7213,-60.3364,4,1,9867.0,3.59409,2.52,430.226,DWARF,2,2.767178,1406
TIC 262997188,262997188,100,100,9.43,216.0313,-55.9507,3,4,7357.0,2.76449,1.67,384.603,DWARF,2,2.76923,1407
TIC 361969525,361969525,100,100,9.62,244.2014,-71.733,4,2,7587.39,2.64719,1.76,416.617,DWARF,2,2.76957,1408
TIC 393006319,393006319,100,100,7.46,218.4713,-60.8019,3,4,7706.0,4.35604,1.81,263.829,DWARF,2,2.770184,1409
TIC 380991039,380991039,100,100,7.81,270.2582,-62.5078,4,4,7974.0,4.0295,1.92,321.319,DWARF,2,2.772502,1410
TIC 402808503,402808503,100,100,9.83,225.0598,-77.0727,4,2,8331.0,2.53181,2.06,518.5,DWARF,2,2.772862,1411
TIC 292775459,292775459,100,100,8.43,221.654,-60.0304,3,4,8033.0,3.49857,1.94,356.994,DWARF,2,2.773781,1412
TIC 241457152,241457152,100,100,9.6,205.6767,-52.5415,3,1,9172.0,2.67422,2.32,490.754,DWARF,2,2.774394,1413
TIC 398767751,398767751,100,100,10.35,180.1892,-56.9636,3,2,8811.0,2.25026,,675.945,DWARF,2,2.774465,1414
TIC 454034510,454034510,100,100,9.07,225.5577,-65.4482,4,1,7429.0,3.02198,1.7,367.53,DWARF,2,2.774583,1415
TIC 291378092,291378092,100,100,9.49,247.179,-73.996,4,2,9475.0,2.7446,2.41,560.802,DWARF,2,2.774958,1416
TIC 257783275,257783275,100,100,9.84,220.76,-70.2632,4,2,7895.0,2.53282,1.89,480.974,DWARF,2,2.775209,1417
TIC 67697924,67697924,100,100,9.09,182.3122,-58.7101,3,2,7830.0,3.01049,1.86,398.054,DWARF,2,2.775274,1418
TIC 390471207,390471207,100,100,9.86,184.4774,-56.4503,3,2,9784.0,2.52289,2.5,568.54,DWARF,2,2.775797,1419
TIC 360170075,360170075,100,100,8.98,217.1779,-67.0879,3,4,7676.0,3.09143,1.8,371.419,DWARF,2,2.776319,1420
TIC 363931058,363931058,100,100,9.51,250.8695,-71.4006,4,2,9344.0,2.73835,2.37,563.594,DWARF,2,2.776978,1421
TIC 350463976,350463976,100,100,9.33,246.2692,-62.467,4,1,8263.0,2.85435,2.03,468.794,DWARF,2,2.777014,1422
TIC 448578359,448578359,100,100,9.88,211.7165,-70.8409,3,3,7897.0,2.51482,1.89,488.498,DWARF,2,2.777014,1423
TIC 162079382,162079382,100,100,7.9,190.4507,-52.8755,3,1,7340.0,3.9687,1.67,296.425,DWARF,2,2.777297,1424
TIC 210767935,210767935,100,100,8.45,212.9024,-59.8362,3,4,8600.0,3.49787,2.15,354.689,DWARF,2,2.777607,1425
TIC 248218055,248218055,100,100,9.96,194.6837,-47.9536,3,1,8907.0,2.47149,2.24,564.819,DWARF,2,2.777918,1426
TIC 340094212,340094212,100,100,9.38,237.7081,-62.8575,4,1,8986.0,2.82493,2.27,508.119,DWARF,2,2.778015,1427
TIC 309047732,309047732,100,100,8.78,184.5488,-62.1769,3,2,8859.0,3.24374,2.23,428.991,DWARF,2,2.778092,1428
TIC 253351916,253351916,100,100,8.58,196.197,-58.5849,3,1,8183.0,3.39684,2.0,369.029,DWARF,2,2.77815,1429
TIC 361954427,361954427,100,100,9.98,196.0632,-75.1768,3,3,6374.0,2.46125,1.27,367.386,DWARF,2,2.778311,1430
TIC 403444971,403444971,100,100,9.78,230.3418,-72.7527,4,2,8406.0,2.57733,2.08,529.583,DWARF,2,2.77834,1431
TIC 351181774,351181774,100,100,10.16,247.4879,-64.9139,4,1,7571.49,2.36165,1.76,478.743,DWARF,2,2.778431,1432
TIC 294684134,294684134,100,100,8.42,267.3866,-69.7485,4,3,10276.0,3.5262,2.64,483.939,DWARF,2,2.778614,1433
TIC 343594953,343594953,100,100,9.59,241.1233,-65.53,4,1,8480.0,2.69397,2.11,519.382,DWARF,2,2.778786,1434
TIC 333362765,333362765,100,100,9.63,213.1988,-61.3052,3,4,9348.0,2.66931,2.37,565.545,DWARF,2,2.778798,1435
TIC 90268344,90268344,100,100,8.01,216.1324,-55.3677,3,4,7246.0,3.87698,1.63,277.512,DWARF,2,2.778987,1436
TIC 412613823,412613823,100,100,9.37,214.6118,-58.6759,3,4,8748.0,2.83462,2.2,405.912,DWARF,2,2.77899,1437
TIC 446313839,446313839,100,100,9.91,206.4965,-55.7309,3,4,9861.0,2.50352,2.52,572.214,DWARF,2,2.779102,1438
TIC 413633652,413633652,100,100,10.0,215.1214,-56.5797,3,4,6557.0,2.45312,1.36,357.931,DWARF,2,2.779438,1439
TIC 209471434,209471434,100,100,9.07,210.5052,-55.805,3,4,6087.0,3.04047,1.14,283.539,DWARF,2,2.779881,1440
TIC 255771382,255771382,100,100,9.88,258.8882,-64.9549,4,4,8133.0,2.52391,1.98,536.915,DWARF,2,2.780148,1441
TIC 258451206,258451206,100,100,9.92,196.4014,-47.3036,3,1,8639.0,2.50128,2.16,561.769,DWARF,2,2.780325,1442
TIC 360067804,360067804,100,100,9.62,217.2588,-69.7265,4,2,8042.0,2.68032,1.95,453.684,DWARF,2,2.780373,1443
TIC 443199889,443199889,100,100,10.88,198.8881,-61.4431,3,4,6387.0,2.00587,1.28,398.406,DWARF,2,2.780606,1444
TIC 343573971,343573971,100,100,8.83,269.9129,-73.6549,4,3,7886.0,3.22058,1.88,406.56,DWARF,2,2.781868,1445
TIC 314802266,314802266,100,100,11.18,184.932,-71.4989,3,3,7512.0,1.87605,,508.61,DWARF,2,2.782489,1446
TIC 311650254,311650254,100,100,9.78,260.6206,-76.2234,4,3,7557.0,2.59066,1.75,459.652,DWARF,2,2.782821,1447
TIC 361335314,361335314,100,100,9.91,242.8835,-69.6816,4,1,7561.73,2.51662,1.75,468.958,DWARF,2,2.783635,1448
TIC 396424970,396424970,100,100,11.32,213.0889,-74.0555,4,2,7354.0,1.81928,,581.348,DWARF,2,2.783799,1449
TIC 447705765,447705765,100,100,9.79,255.0131,-63.2532,4,4,8567.0,2.58903,2.14,546.072,DWARF,2,2.784274,1450
TIC 351919036,351919036,100,100,9.43,280.7641,-79.2795,4,3,7368.0,2.81302,1.68,412.543,DWARF,2,2.784346,1451
TIC 168840259,168840259,100,100,9.43,193.9,-48.9447,3,1,7683.0,2.81972,1.8,438.011,DWARF,2,2.786412,1452
TIC 167855948,167855948,100,100,9.98,193.2769,-52.6268,3,1,8683.0,2.4859,2.17,552.843,DWARF,2,2.786967,1453
TIC 286661831,286661831,100,100,9.47,186.8193,-66.2534,3,3,7775.0,2.79844,1.84,433.127,DWARF,2,2.787832,1454
TIC 393932186,393932186,100,100,10.0,196.8392,-72.6253,3,3,9468.0,2.47719,2.41,574.662,DWARF,2,2.787919,1455
TIC 467668926,467668926,100,100,9.58,169.1697,-60.8264,3,2,9843.0,2.72946,2.52,641.815,DWARF,2,2.788153,1456
TIC 273908969,273908969,100,100,9.91,189.1851,-57.4145,3,1,8363.0,2.53454,2.07,498.038,DWARF,2,2.789798,1457
TIC 461044620,461044620,100,100,9.54,232.3403,-64.8415,4,1,7045.0,2.76103,1.56,407.912,DWARF,2,2.790142,1458
TIC 380172788,380172788,100,100,9.42,259.1132,-59.7891,4,4,7209.0,2.83925,1.62,414.856,DWARF,2,2.790407,1459
TIC 380585632,380585632,100,100,9.09,268.8609,-59.9834,4,4,7819.0,3.06507,1.86,428.443,DWARF,2,2.790881,1460
TIC 68090591,68090591,100,100,9.12,193.5783,-56.7467,3,1,8833.0,3.04499,2.22,459.779,DWARF,2,2.791172,1461
TIC 300758320,300758320,100,100,9.56,245.3651,-61.1399,4,1,9749.0,2.75223,2.49,586.016,DWARF,2,2.791369,1462
TIC 166876813,166876813,100,100,8.94,192.9611,-52.1288,3,1,7361.0,3.17554,1.67,372.298,DWARF,2,2.791635,1463
TIC 329064084,329064084,100,100,11.45,211.474,-62.2538,3,4,10610.0,1.78171,2.75,635.42,DWARF,2,2.791674,1464
TIC 305516745,305516745,100,100,8.95,262.4819,-62.7503,4,4,6122.16,3.17467,1.16,297.445,DWARF,2,2.793397,1465
TIC 395401867,395401867,100,100,9.65,207.0371,-74.8662,4,2,6457.6,2.70371,1.31,364.63,DWARF,2,2.79392,1466
TIC 67403112,67403112,100,100,8.36,182.0022,-58.753,3,2,7498.0,3.63923,1.73,329.812,DWARF,2,2.794019,1467
TIC 408139056,408139056,100,100,8.02,213.4231,-59.3639,3,4,8617.0,3.93895,2.15,334.856,DWARF,2,2.794761,1468
TIC 411625158,411625158,100,100,8.89,185.4586,-54.4003,3,1,7974.0,3.22592,1.92,413.248,DWARF,2,2.795307,1469
TIC 364154800,364154800,100,100,9.73,291.503,-75.9124,4,3,8324.0,2.65898,2.05,522.126,DWARF,2,2.79543,1470
TIC 342990684,342990684,100,100,9.0,205.6992,-70.7262,3,3,9088.0,3.14738,2.3,459.845,DWARF,2,2.795898,1471
TIC 303783984,303783984,100,100,8.73,272.6488,-60.111,4,4,7579.86,3.35018,1.76,359.42,DWARF,2,2.796136,1472
TIC 423012904,423012904,100,100,7.53,234.3935,-62.6815,4,1,9081.0,4.41669,2.3,343.788,DWARF,2,2.796194,1473
TIC 295247708,295247708,100,100,8.38,270.4352,-66.4646,4,4,9468.0,3.6322,2.41,457.18,DWARF,2,2.79634,1474
TIC 382735188,382735188,100,100,9.39,183.4115,-62.241,3,2,7907.0,2.87964,1.89,471.106,DWARF,2,2.796676,1475
TIC 208312914,208312914,100,100,8.01,208.406,-58.4397,3,4,9888.0,3.95958,2.53,407.536,DWARF,2,2.797298,1476
TIC 262089002,262089002,100,100,9.22,228.2049,-67.3422,4,1,6621.0,2.99689,1.39,348.388,DWARF,2,2.797342,1477
TIC 427032468,427032468,100,100,9.12,237.4857,-68.1182,4,1,8489.0,3.06757,2.11,477.768,DWARF,2,2.797589,1478
TIC 303480342,303480342,100,100,9.21,257.0761,-61.2789,4,4,8442.0,3.0071,2.09,480.73,DWARF,2,2.798296,1479
TIC 89833314,89833314,100,100,10.27,204.121,-59.3724,3,4,6125.0,2.35854,1.16,367.557,DWARF,2,2.799286,1480
TIC 450420664,450420664,100,100,10.46,186.125,-61.5544,3,2,8869.0,2.26125,,508.398,DWARF,2,2.800697,1481
TIC 304405998,304405998,100,100,9.34,276.2568,-68.4093,4,3,8631.0,2.92898,2.16,510.831,DWARF,2,2.801433,1482
TIC 392031810,392031810,100,100,9.38,174.2268,-69.7113,3,3,8026.0,2.90242,1.94,436.958,DWARF,2,2.801521,1483
TIC 191313361,191313361,100,100,9.77,221.6538,-57.6675,3,4,8361.0,2.65663,2.07,485.929,DWARF,2,2.802662,1484
TIC 360612086,360612086,100,100,8.15,264.042,-58.9153,4,4,10619.0,3.85817,2.75,479.121,DWARF,2,2.802763,1485
TIC 394800275,394800275,100,100,9.05,202.3329,-72.2376,3,3,9715.0,3.13616,2.48,499.17,DWARF,2,2.802796,1486
TIC 412874382,412874382,100,100,10.18,194.0196,-54.9791,3,1,6265.0,2.41854,1.22,381.772,DWARF,2,2.803107,1487
TIC 426188547,426188547,100,100,10.15,238.8411,-72.2595,4,2,6683.5,2.43839,1.41,440.398,DWARF,2,2.804206,1488
TIC 330424797,330424797,100,100,12.36,211.9693,-60.6202,3,4,7944.0,1.46678,1.91,700.825,DWARF,2,2.80473,1489
TIC 456425391,456425391,100,100,9.36,231.8581,-65.4949,4,1,8795.0,2.92688,2.21,516.559,DWARF,2,2.80481,1490
TIC 281869989,281869989,100,100,7.96,186.2478,-68.4351,3,3,6595.0,4.04273,1.38,264.717,DWARF,2,2.805349,1491
TIC 328013982,328013982,100,100,9.78,190.1725,-68.1197,3,3,7649.0,2.65913,1.79,469.47,DWARF,2,2.805479,1492
TIC 405089751,405089751,100,100,8.01,185.7005,-67.8142,3,3,9021.0,3.99816,2.28,388.259,DWARF,2,2.80572,1493
TIC 449062496,449062496,100,100,9.78,216.0707,-69.4019,3,3,9968.0,2.66208,2.55,586.296,DWARF,2,2.806442,1494
TIC 340155678,340155678,100,100,10.89,200.9823,-68.6963,3,3,6878.0,2.06262,1.49,512.019,DWARF,2,2.806838,1495
TIC 301956357,301956357,100,100,9.45,260.0578,-70.0794,4,3,8505.0,2.87537,2.12,521.002,DWARF,2,2.807387,1496
TIC 294195617,294195617,100,100,9.92,264.7972,-69.8043,4,3,8397.0,2.58162,2.08,578.767,DWARF,2,2.807785,1497
TIC 450999169,450999169,100,100,10.2,170.1676,-59.3711,3,2,6232.0,2.42064,1.2,407.819,DWARF,2,2.80786,1498
TIC 333922841,333922841,100,100,8.1,182.4212,-51.8518,3,1,8929.0,3.9285,2.25,402.305,DWARF,2,2.808454,1499
TIC 291774517,291774517,100,100,9.38,218.1042,-57.8061,3,4,9509.0,2.92615,2.42,472.361,DWARF,2,2.808593,1500
TIC 447557875,447557875,100,100,9.03,253.6563,-61.7851,4,4,8644.0,3.17283,2.16,477.117,DWARF,2,2.808894,1501
TIC 400801534,400801534,100,100,8.37,178.1849,-52.9939,3,2,7308.0,3.69432,1.65,338.109,DWARF,2,2.809069,1502
TIC 255964239,255964239,100,100,9.08,198.6723,-56.8119,3,1,8804.0,3.13724,2.21,456.476,DWARF,2,2.809095,1503
TIC 300948923,300948923,100,100,8.49,242.1226,-74.1714,4,2,10123.0,3.59404,2.6,492.29,DWARF,2,2.809166,1504
TIC 361872899,361872899,100,100,9.78,195.8299,-73.072,3,3,8664.0,2.67056,2.17,532.411,DWARF,2,2.809205,1505
TIC 420148056,420148056,100,100,9.07,192.4935,-58.0164,3,1,9079.0,3.14508,2.3,482.176,DWARF,2,2.809263,1506
TIC 340788022,340788022,100,100,7.42,292.1209,-75.174,4,3,7362.0,4.60857,1.67,275.84,DWARF,2,2.811132,1507
TIC 395136287,395136287,100,100,9.87,204.5572,-73.4349,3,3,9237.0,2.62255,2.34,567.679,DWARF,2,2.811448,1508
TIC 68597871,68597871,100,100,11.36,202.8635,-55.1965,3,1,7669.0,1.86394,1.8,629.324,DWARF,2,2.812864,1509
TIC 384604380,384604380,100,100,9.47,254.4889,-80.4575,4,2,7940.0,2.88282,1.91,469.842,DWARF,2,2.813635,1510
TIC 256135262,256135262,100,100,8.2,199.4028,-57.5495,3,1,7287.0,3.86891,1.65,305.566,DWARF,2,2.815177,1511
TIC 360550353,360550353,100,100,9.57,240.6594,-67.1274,4,1,9211.0,2.82237,2.33,591.345,DWARF,2,2.815228,1512
TIC 288222343,288222343,100,100,9.93,187.4125,-51.9764,3,1,8264.0,2.59808,2.03,554.205,DWARF,2,2.815305,1513
TIC 260431351,260431351,100,100,9.41,225.1903,-66.1115,4,1,7594.0,2.92885,1.77,435.19,DWARF,2,2.815394,1514
TIC 401277603,401277603,100,100,8.85,187.9582,-49.2853,3,1,7955.0,3.33349,1.91,422.137,DWARF,2,2.815798,1515
TIC 209199533,209199533,100,100,9.09,209.9539,-57.8314,3,4,8500.0,3.15649,2.11,454.918,DWARF,2,2.816409,1516
TIC 429348441,429348441,100,100,9.83,207.1126,-70.549,3,3,7778.0,2.67059,1.84,494.561,DWARF,2,2.819214,1517
TIC 294883738,294883738,100,100,9.75,268.0555,-70.0193,4,3,7681.0,2.7236,1.8,510.833,DWARF,2,2.820287,1518
TIC 403364360,403364360,100,100,9.95,229.3054,-72.1368,4,2,9369.0,2.60431,2.38,647.861,DWARF,2,2.821385,1519
TIC 364894028,364894028,100,100,10.96,177.3662,-66.353,3,2,7226.0,2.06424,1.62,540.518,DWARF,2,2.82152,1520
TIC 316893114,316893114,100,100,11.66,203.4947,-60.208,3,4,7179.0,1.75707,,643.834,DWARF,2,2.821578,1521
TIC 401980914,401980914,100,100,8.11,218.6623,-76.389,4,2,7646.0,3.98263,1.79,343.683,DWARF,2,2.82234,1522
TIC 299679262,299679262,100,100,8.94,207.9696,-64.9615,3,4,9124.0,3.29185,2.31,464.145,DWARF,2,2.82288,1523
TIC 317644281,317644281,100,100,8.35,172.9118,-65.4028,3,2,9482.0,3.7747,2.41,407.898,DWARF,2,2.823765,1524
TIC 339217274,339217274,100,100,9.65,199.5131,-66.4386,3,3,7759.0,2.79941,1.83,459.506,DWARF,2,2.824133,1525
TIC 396646087,396646087,100,100,9.48,214.2931,-73.6849,4,2,9901.0,2.91249,2.53,603.301,DWARF,2,2.824529,1526
TIC 332474031,332474031,100,100,8.65,180.1107,-53.8384,3,2,8012.0,3.52616,1.93,406.123,DWARF,2,2.824604,1527
TIC 210098552,210098552,100,100,11.77,211.7297,-59.4863,3,4,7350.0,1.71922,1.67,612.248,DWARF,2,2.824663,1528
TIC 363371869,363371869,100,100,9.02,248.914,-67.4765,4,1,9254.0,3.23981,2.35,522.927,DWARF,2,2.825039,1529
TIC 329672278,329672278,100,100,10.71,211.6276,-63.0533,3,4,8101.0,2.19627,1.97,520.445,DWARF,2,2.825371,1530
TIC 448802012,448802012,100,100,9.9,213.5327,-69.0071,3,3,8065.0,2.64702,1.96,518.295,DWARF,2,2.825514,1531
TIC 426000452,426000452,100,100,9.75,236.3869,-74.9109,4,2,7500.0,2.74005,1.73,484.271,DWARF,2,2.825517,1532
TIC 446865081,446865081,100,100,9.09,232.211,-68.1766,4,1,9754.0,3.19279,2.49,563.178,DWARF,2,2.826341,1533
TIC 384509194,384509194,100,100,9.75,252.8785,-79.7897,4,2,7360.0,2.74294,1.67,459.36,DWARF,2,2.826433,1534
TIC 292171137,292171137,100,100,9.78,218.1594,-57.5477,3,4,7675.0,2.72483,1.8,443.36,DWARF,2,2.826679,1535
TIC 288863830,288863830,100,100,9.81,231.9512,-76.516,4,2,7734.0,2.70667,1.82,513.362,DWARF,2,2.826871,1536
TIC 412870342,412870342,100,100,9.85,194.144,-56.0571,3,1,9560.0,2.68309,2.43,601.823,DWARF,2,2.82727,1537
TIC 380709291,380709291,100,100,9.36,269.3448,-65.8906,4,4,7960.0,3.00514,1.91,489.94,DWARF,2,2.827729,1538
TIC 299042656,299042656,100,100,9.01,207.7476,-63.1485,3,4,7200.0,3.25771,1.61,336.156,DWARF,2,2.827825,1539
TIC 360559398,360559398,100,100,9.88,189.1087,-73.4681,3,3,7418.0,2.6684,1.7,466.371,DWARF,2,2.828502,1540
TIC 412015734,412015734,100,100,8.44,214.4743,-54.4716,3,4,7580.0,3.72214,1.76,339.568,DWARF,2,2.829585,1541
TIC 363265074,363265074,100,100,9.13,248.4888,-69.1445,4,1,7761.49,3.17937,1.83,417.578,DWARF,2,2.830682,1542
TIC 72816298,72816298,100,100,10.89,188.5626,-45.7659,2,2,6390.0,2.12045,1.28,500.788,DWARF,2,2.830856,1543
TIC 382988300,382988300,100,100,9.97,183.6408,-62.3465,3,2,7529.0,2.62081,1.74,519.011,DWARF,2,2.830871,1544
TIC 255960846,255960846,100,100,9.26,198.5998,-57.5499,3,1,7870.0,3.0879,1.88,441.741,DWARF,2,2.831326,1545
TIC 465933345,465933345,100,100,10.48,164.7638,-60.0829,3,2,6622.0,2.33238,1.39,502.979,DWARF,2,2.831599,1546
TIC 325498770,325498770,100,100,9.76,186.3647,-67.9783,3,3,9083.0,2.7532,2.3,587.12,DWARF,2,2.831676,1547
TIC 263665532,263665532,100,100,9.96,231.3371,-71.5275,4,2,7920.0,2.63318,1.9,552.72,DWARF,2,2.832961,1548
TIC 273311468,273311468,100,100,7.91,185.646,-50.803,3,1,7572.0,4.22192,1.76,327.858,DWARF,2,2.83302,1549
TIC 289286799,289286799,100,100,9.37,202.1914,-57.5224,3,4,9446.0,3.01813,2.4,509.477,DWARF,2,2.833476,1550
TIC 311246717,311246717,100,100,9.85,258.1336,-75.6802,4,3,7529.0,2.7033,1.74,509.828,DWARF,2,2.833788,1551
TIC 350362082,350362082,100,100,9.73,246.2441,-61.2514,4,1,8274.0,2.78049,2.03,541.269,DWARF,2,2.834243,1552
TIC 280945948,280945948,100,100,8.74,173.973,-69.3936,3,3,6318.0,3.4929,1.24,295.812,DWARF,2,2.834372,1553
TIC 340329485,340329485,100,100,8.31,201.3601,-68.1776,3,3,8725.0,3.85831,2.19,402.086,DWARF,2,2.834794,1554
TIC 208095206,208095206,100,100,9.99,207.9835,-59.3376,3,4,8908.0,2.62097,2.24,559.514,DWARF,2,2.834924,1555
TIC 260947147,260947147,100,100,10.0,201.6081,-53.7045,3,1,7623.0,2.61495,1.78,493.169,DWARF,2,2.834927,1556
TIC 340884182,340884182,100,100,9.91,238.4119,-60.9199,4,1,7679.0,2.67109,1.8,498.811,DWARF,2,2.835377,1557
TIC 190795724,190795724,100,100,9.97,221.2728,-58.962,3,4,7548.0,2.63676,1.75,471.969,DWARF,2,2.836141,1558
TIC 426071657,426071657,100,100,8.57,237.4154,-74.986,4,2,7743.0,3.64113,1.83,396.547,DWARF,2,2.836472,1559
TIC 361717421,361717421,100,100,9.32,243.6213,-71.6324,4,2,7533.0,3.06678,1.74,459.398,DWARF,2,2.837365,1560
TIC 166882683,166882683,100,100,8.81,193.021,-50.364,3,1,9773.0,3.44913,2.5,512.541,DWARF,2,2.837419,1561
TIC 338044238,338044238,100,100,9.84,198.0141,-69.6451,3,3,8955.0,2.72241,2.26,556.3,DWARF,2,2.837907,1562
TIC 454073415,454073415,100,100,9.55,176.3602,-40.9989,2,2,7593.0,2.91145,1.77,465.424,DWARF,2,2.838219,1563
TIC 448517318,448517318,100,100,10.43,211.3383,-68.2757,3,3,9946.0,2.37776,2.55,727.457,DWARF,2,2.838336,1564
TIC 294930324,294930324,100,100,11.22,169.7194,-66.174,3,2,7813.0,1.98245,,434.896,DWARF,2,2.838404,1565
TIC 321474625,321474625,100,100,10.76,175.4206,-62.6074,3,2,8592.0,2.20496,,592.343,DWARF,2,2.838801,1566
TIC 407580274,407580274,100,100,8.48,264.0282,-72.3095,4,3,8679.0,3.72889,2.17,452.681,DWARF,2,2.839159,1567
TIC 429232425,429232425,100,100,9.58,184.1493,-48.3701,2,2,6789.85,2.89533,1.46,410.068,DWARF,2,2.839396,1568
TIC 408750249,408750249,100,100,8.31,213.5188,-56.0634,3,4,8081.0,3.8805,1.96,377.887,DWARF,2,2.839775,1569
TIC 413563791,413563791,100,100,9.93,215.0666,-54.8945,3,4,8868.0,2.67359,2.23,549.264,DWARF,2,2.84019,1570
TIC 22391573,22391573,100,100,9.25,184.2367,-45.202,2,2,7374.0,3.12687,1.68,425.536,DWARF,2,2.84022,1571
TIC 295190150,295190150,100,100,9.69,223.055,-61.0478,3,4,8169.0,2.82607,2.0,483.776,DWARF,2,2.840366,1572
TIC 241289327,241289327,100,100,9.79,203.5958,-52.8902,3,1,7591.0,2.77084,1.76,473.561,DWARF,2,2.843223,1573
TIC 253108955,253108955,100,100,8.76,194.5707,-58.8427,3,1,7544.0,3.52002,1.75,379.874,DWARF,2,2.84509,1574
TIC 245335630,245335630,100,100,9.97,199.5802,-52.2013,3,1,7493.0,2.66505,1.73,495.59,DWARF,2,2.845411,1575
TIC 309220009,309220009,100,100,8.0,168.1837,-56.9357,3,2,10430.0,4.19663,2.69,456.583,DWARF,2,2.845801,1576
TIC 402175877,402175877,100,100,9.62,220.1956,-73.0014,4,2,9483.0,2.89095,2.41,609.949,DWARF,2,2.846081,1577
TIC 68601211,68601211,100,100,9.76,202.8754,-54.3076,3,1,5578.0,2.79962,0.98,299.681,DWARF,2,2.846198,1578
TIC 38802362,38802362,100,100,9.46,226.7067,-57.5831,4,1,8108.0,3.00016,1.97,472.231,DWARF,2,2.846289,1579
TIC 342893237,342893237,100,100,8.49,205.212,-69.9908,3,3,7503.0,3.75223,1.73,363.074,DWARF,2,2.846579,1580
TIC 297726992,297726992,100,100,8.27,241.9205,-61.5648,4,1,6957.0,3.94816,1.52,321.444,DWARF,2,2.846789,1581
TIC 263644311,263644311,100,100,9.19,216.8315,-56.7849,3,4,8560.0,3.19785,2.13,449.525,DWARF,2,2.847716,1582
TIC 437392960,437392960,100,100,8.13,194.4425,-63.657,3,3,6539.0,4.08369,1.35,260.592,DWARF,2,2.848106,1583
TIC 262929804,262929804,100,100,9.01,230.0108,-66.5534,4,1,7423.0,3.33974,1.7,418.847,DWARF,2,2.849425,1584
TIC 75392401,75392401,100,100,9.38,266.9224,-59.6819,4,4,7340.0,3.06885,1.67,449.951,DWARF,2,2.849951,1585
TIC 305323222,305323222,100,100,10.8,261.9408,-63.9103,4,4,6420.0,2.21344,1.29,511.169,DWARF,2,2.850136,1586
TIC 185548147,185548147,100,100,8.97,219.9412,-59.5756,3,4,9451.0,3.37762,2.4,482.594,DWARF,2,2.851222,1587
TIC 454916365,454916365,100,100,8.47,227.6852,-60.1055,4,1,8556.0,3.79527,2.13,379.888,DWARF,2,2.852485,1588
TIC 337704470,337704470,100,100,9.58,197.9457,-71.4329,3,3,7307.0,2.94065,1.65,447.809,DWARF,2,2.852887,1589
TIC 208665843,208665843,100,100,9.12,208.9323,-58.4493,3,4,8018.0,3.26952,1.94,442.451,DWARF,2,2.852968,1590
TIC 79901110,79901110,100,100,9.64,237.8805,-59.9462,4,1,8076.0,2.90073,1.96,518.19,DWARF,2,2.853015,1591
TIC 275644627,275644627,100,100,9.4,179.3156,-43.4424,2,2,7442.0,3.06926,1.71,454.263,DWARF,2,2.854067,1592
TIC 253260943,253260943,100,100,8.41,195.4892,-55.5725,3,1,7836.0,3.85697,1.86,375.421,DWARF,2,2.854493,1593
TIC 294762522,294762522,100,100,9.44,267.6772,-67.1357,4,4,9652.0,3.04298,2.46,618.361,DWARF,2,2.854598,1594
TIC 349954263,349954263,100,100,9.65,245.5608,-61.3702,4,1,8196.0,2.90012,2.01,541.236,DWARF,2,2.854832,1595
TIC 426367091,426367091,100,100,9.13,242.5395,-74.186,4,2,8957.0,3.2705,2.26,537.237,DWARF,2,2.855228,1596
TIC 241498782,241498782,100,100,9.59,206.1921,-52.2865,3,1,8932.0,2.94273,2.25,523.226,DWARF,2,2.855501,1597
TIC 311451895,311451895,100,100,8.5,185.5864,-65.6909,3,3,9189.0,3.78661,2.33,455.533,DWARF,2,2.856501,1598
TIC 72497690,72497690,100,100,9.73,187.4725,-45.7154,2,2,8204.0,2.85276,2.01,567.875,DWARF,2,2.85653,1599
TIC 260842067,260842067,100,100,9.79,189.1787,-53.6938,3,1,7835.0,2.8148,1.86,538.701,DWARF,2,2.856895,1600
TIC 404380883,404380883,100,100,9.45,195.7551,-49.1765,3,1,8418.0,3.04438,2.09,518.858,DWARF,2,2.856998,1601
TIC 454039002,454039002,100,100,9.9,175.5895,-40.5968,2,2,6898.0,2.74483,1.5,459.859,DWARF,2,2.857031,1602
TIC 261020943,261020943,100,100,9.27,226.2306,-66.1659,4,1,8107.0,3.17612,1.97,474.227,DWARF,2,2.857794,1603
TIC 334078749,334078749,100,100,8.08,192.6332,-71.623,3,3,8921.0,4.18492,2.25,409.683,DWARF,2,2.859374,1604
TIC 292435853,292435853,100,100,9.25,221.5012,-65.3834,4,1,6773.0,3.20247,1.45,370.567,DWARF,2,2.86097,1605
TIC 381982417,381982417,100,100,10.57,284.0489,-70.2495,4,3,7400.0,2.36529,1.69,615.178,DWARF,2,2.861769,1606
TIC 401511153,401511153,100,100,8.33,215.4806,-73.3599,4,2,8130.0,3.96451,1.98,400.379,DWARF,2,2.862379,1607
TIC 68595462,68595462,100,100,9.54,202.8094,-55.7837,3,1,8170.0,3.00457,2.0,489.082,DWARF,2,2.863565,1608
TIC 256210025,256210025,100,100,9.41,267.4296,-79.721,4,3,9661.0,3.09653,2.46,590.166,DWARF,2,2.863751,1609
TIC 344978914,344978914,100,100,9.76,276.8155,-62.6154,4,4,8031.0,2.85748,1.94,554.681,DWARF,2,2.863966,1610
TIC 351095462,351095462,100,100,9.12,247.2009,-62.6173,4,1,8111.0,3.31517,1.97,487.874,DWARF,2,2.865012,1611
TIC 298946836,298946836,100,100,11.11,243.2216,-61.0313,4,1,5964.0,2.09656,1.09,487.432,DWARF,2,2.865015,1612
TIC 304202299,304202299,100,100,9.77,275.1557,-66.174,4,4,7849.0,2.86247,1.87,544.359,DWARF,2,2.867482,1613
TIC 327919427,327919427,100,100,9.56,189.8997,-66.0495,3,3,7756.0,3.00475,1.83,475.779,DWARF,2,2.867617,1614
TIC 384609220,384609220,100,100,9.08,254.7586,-80.9936,4,2,7370.0,3.36277,1.68,416.222,DWARF,2,2.869394,1615
TIC 376565446,376565446,100,100,10.28,180.6467,-54.7647,3,2,6679.0,2.55207,1.41,477.471,DWARF,2,2.869785,1616
TIC 298112357,298112357,100,100,10.67,225.0539,-62.9009,4,1,9764.0,2.33375,2.49,618.275,DWARF,2,2.870109,1617
TIC 405512677,405512677,100,100,8.68,190.4383,-58.263,3,1,9289.0,3.69543,2.36,444.705,DWARF,2,2.87133,1618
TIC 299163511,299163511,100,100,7.98,243.4823,-63.0579,4,1,8599.0,4.34221,2.15,408.19,DWARF,2,2.871422,1619
TIC 241695514,241695514,100,100,8.68,208.4062,-52.4459,3,4,9300.0,3.69738,2.36,473.158,DWARF,2,2.871788,1620
TIC 209051154,209051154,100,100,9.44,209.8705,-54.1787,3,4,9474.0,3.10433,2.41,562.836,DWARF,2,2.871936,1621
TIC 318828309,318828309,100,100,9.2,173.3141,-60.076,3,2,6885.0,3.28105,1.5,400.718,DWARF,2,2.872026,1622
TIC 396226159,396226159,100,100,9.93,212.1028,-72.2373,4,2,8183.0,2.77435,2.0,563.066,DWARF,2,2.872322,1623
TIC 420147639,420147639,100,100,9.64,192.3599,-57.9347,3,1,8492.0,2.96992,2.11,534.194,DWARF,2,2.87349,1624
TIC 401831800,401831800,100,100,9.61,217.9095,-72.7585,4,2,7654.0,2.99142,1.79,503.198,DWARF,2,2.873755,1625
TIC 303389997,303389997,100,100,9.42,256.8179,-62.6121,4,4,7849.0,3.12674,1.87,505.158,DWARF,2,2.874184,1626
TIC 448407307,448407307,100,100,9.33,210.2467,-68.3876,3,3,7393.0,3.19251,1.69,452.102,DWARF,2,2.874265,1627
TIC 403507814,403507814,100,100,12.26,230.909,-76.8958,4,2,7560.0,1.62654,1.75,904.833,DWARF,2,2.874529,1628
TIC 407045410,407045410,100,100,10.05,232.4928,-78.8414,4,2,8404.0,2.7088,2.08,620.274,DWARF,2,2.875554,1629
TIC 272213425,272213425,100,100,11.11,180.165,-45.7995,2,2,6457.0,2.1276,1.31,564.409,DWARF,2,2.87778,1630
TIC 420153283,420153283,100,100,9.77,192.4438,-58.8751,3,1,9152.0,2.89735,2.32,611.621,DWARF,2,2.878002,1631
TIC 412623547,412623547,100,100,9.07,193.1678,-59.247,3,1,8219.0,3.41359,2.01,470.005,DWARF,2,2.880423,1632
TIC 62061161,62061161,100,100,10.44,178.2539,-44.9171,2,2,6829.0,2.49096,1.47,521.979,DWARF,2,2.880734,1633
TIC 397328859,397328859,100,100,9.65,174.9604,-44.817,2,2,7469.0,2.98924,1.72,507.9,DWARF,2,2.881122,1634
TIC 401513154,401513154,100,100,9.39,215.4685,-74.2302,4,2,9127.0,3.17393,2.31,578.631,DWARF,2,2.881195,1635
TIC 395229972,395229972,100,100,9.55,205.2932,-72.7065,3,3,11906.0,3.05927,3.17,689.489,DWARF,2,2.881236,1636
TIC 418465557,418465557,100,100,9.44,205.0525,-78.8781,4,2,7864.0,3.13919,1.88,502.589,DWARF,2,2.881635,1637
TIC 194444908,194444908,100,100,9.13,222.3838,-56.9539,3,4,8202.0,3.37257,2.01,455.343,DWARF,2,2.881922,1638
TIC 73082975,73082975,100,100,10.92,189.6893,-46.139,2,2,6471.0,2.23565,1.32,537.564,DWARF,2,2.882808,1639
TIC 419908738,419908738,100,100,9.79,202.6339,-52.3872,3,1,7463.0,2.90257,1.71,486.288,DWARF,2,2.883565,1640
TIC 288864057,288864057,100,100,9.4,231.9339,-76.6834,4,2,8277.0,3.17947,2.04,538.88,DWARF,2,2.884709,1641
TIC 166563738,166563738,100,100,9.22,192.7656,-48.7943,3,1,8064.0,3.31523,1.96,503.307,DWARF,2,2.885027,1642
TIC 398699696,398699696,100,100,8.93,180.3617,-58.9097,3,2,7818.0,3.54591,1.86,422.904,DWARF,2,2.885455,1643
TIC 350571845,350571845,100,100,8.65,246.4605,-64.6514,4,1,8810.0,3.78837,2.21,494.17,DWARF,2,2.886905,1644
TIC 253071573,253071573,100,100,9.43,194.3613,-57.7225,3,1,7928.0,3.17587,1.9,498.239,DWARF,2,2.889725,1645
TIC 446328885,446328885,100,100,8.24,216.9896,-68.9327,4,2,5979.0,4.18097,1.1,252.513,DWARF,2,2.890554,1646
TIC 333298364,333298364,100,100,8.9,181.2829,-53.6094,3,2,8507.0,3.59286,2.12,497.673,DWARF,2,2.890881,1647
TIC 402331245,402331245,100,100,9.53,221.3721,-77.348,4,2,7565.0,3.11687,1.75,511.489,DWARF,2,2.893437,1648
TIC 269051161,269051161,100,100,7.95,177.4617,-54.5104,3,2,8072.0,4.48917,1.96,374.577,DWARF,2,2.894332,1649
TIC 381242179,381242179,100,100,8.99,255.6276,-66.9212,4,4,9376.0,3.53416,2.38,577.5,DWARF,2,2.894572,1650
TIC 261952254,261952254,100,100,9.83,228.0864,-68.8332,4,1,7664.0,2.91466,1.79,552.341,DWARF,2,2.895176,1651
TIC 460550620,460550620,100,100,9.12,190.134,-61.9953,3,2,8517.0,3.43285,2.12,449.757,DWARF,2,2.89531,1652
TIC 351097448,351097448,100,100,8.43,247.1724,-63.1434,4,1,6967.0,4.02635,1.53,354.237,DWARF,2,2.895823,1653
TIC 449520013,449520013,100,100,8.55,200.3829,-60.8089,3,4,9886.0,3.92194,2.53,472.934,DWARF,2,2.897002,1654
TIC 401762326,401762326,100,100,11.1,217.2001,-75.1036,4,2,6737.0,2.18126,1.44,577.583,DWARF,2,2.897415,1655
TIC 304206605,304206605,100,100,8.27,274.9582,-70.0957,4,3,7515.0,4.18874,1.73,378.932,DWARF,2,2.898167,1656
TIC 304050480,304050480,100,100,8.87,164.8357,-58.1244,3,2,8386.0,3.65341,2.07,473.983,DWARF,2,2.899397,1657
TIC 426479938,426479938,100,100,8.02,243.7202,-76.689,4,2,6787.0,4.44422,1.46,314.156,DWARF,2,2.899591,1658
TIC 451462937,451462937,100,100,9.59,239.9922,-67.8938,4,1,8173.0,3.09611,2.0,576.476,DWARF,2,2.899633,1659
TIC 327278100,327278100,100,100,10.81,189.1919,-67.5287,3,3,6707.0,2.34152,1.42,562.28,DWARF,2,2.900996,1660
TIC 207603413,207603413,100,100,8.12,243.5398,-59.5583,4,1,9044.0,4.35387,2.29,450.31,DWARF,2,2.901751,1661
TIC 294763374,294763374,100,100,9.92,267.7038,-67.6406,4,4,7687.0,2.87778,1.8,580.335,DWARF,2,2.902115,1662
TIC 309363276,309363276,100,100,7.7,184.7977,-61.1364,3,2,9704.0,4.79822,2.48,427.534,DWARF,2,2.90216,1663
TIC 334327860,334327860,100,100,9.57,192.9914,-66.0369,3,3,8618.0,3.12325,2.15,554.873,DWARF,2,2.903213,1664
TIC 427010298,427010298,100,100,8.8,237.2615,-70.8858,4,2,7805.0,3.73324,1.85,450.607,DWARF,2,2.904172,1665
TIC 362379988,362379988,100,100,8.72,245.7648,-68.7905,4,1,7499.0,3.80417,1.73,431.243,DWARF,2,2.90452,1666
TIC 395611473,395611473,100,100,8.89,208.1219,-75.2588,4,2,9599.0,3.65972,2.45,551.739,DWARF,2,2.904896,1667
TIC 293246090,293246090,100,100,9.86,260.995,-70.428,4,3,9560.0,2.93069,2.43,714.774,DWARF,2,2.90594,1668
TIC 437919463,437919463,100,100,9.52,194.6589,-65.2274,3,3,8344.0,3.17362,2.06,524.535,DWARF,2,2.90711,1669
TIC 342605817,342605817,100,100,9.53,240.2535,-61.0021,4,1,8593.0,3.16633,2.15,561.917,DWARF,2,2.907112,1670
TIC 306503175,306503175,100,100,8.96,166.9221,-58.5063,3,2,8705.0,3.62105,2.18,527.296,DWARF,2,2.909669,1671
TIC 376271719,376271719,100,100,8.1,179.2202,-54.4953,3,2,9364.0,4.41459,2.38,462.694,DWARF,2,2.909781,1672
TIC 329234115,329234115,100,100,8.9,211.4511,-60.645,3,4,7343.0,3.67244,1.67,372.135,DWARF,2,2.909909,1673
TIC 441866729,441866729,100,100,8.98,197.5037,-64.5607,3,3,8306.0,3.60958,2.05,480.651,DWARF,2,2.910913,1674
TIC 338891771,338891771,100,100,8.21,199.4506,-68.0401,3,3,9141.0,4.31104,2.31,445.209,DWARF,2,2.911164,1675
TIC 447583381,447583381,100,100,9.95,253.8699,-64.4818,4,4,9873.0,2.88855,2.52,730.343,DWARF,2,2.91136,1676
TIC 312839768,312839768,100,100,8.48,210.996,-53.7196,3,4,8331.0,4.05276,2.06,417.772,DWARF,2,2.911502,1677
TIC 332290762,332290762,100,100,9.33,212.7896,-61.6218,3,4,8525.0,3.33453,2.12,500.463,DWARF,2,2.912069,1678
TIC 411881813,411881813,100,100,8.52,189.8053,-54.5501,3,1,7545.0,4.02262,1.75,394.306,DWARF,2,2.913018,1679
TIC 448820344,448820344,100,100,11.39,213.704,-66.7147,3,4,7544.0,2.07988,1.75,686.164,DWARF,2,2.914077,1680
TIC 334505323,334505323,100,100,9.36,183.5072,-50.4883,2,2,7683.21,3.31974,1.8,467.941,DWARF,2,2.914208,1681
TIC 419503191,419503191,100,100,12.55,191.3009,-55.319,3,1,7238.0,1.59262,1.63,825.215,DWARF,2,2.914224,1682
TIC 402512807,402512807,100,100,8.78,222.7941,-75.5288,4,2,9778.0,3.79576,2.5,559.122,DWARF,2,2.914597,1683
TIC 68522683,68522683,100,100,9.82,202.8689,-58.3829,3,4,9594.0,2.98788,2.44,630.564,DWARF,2,2.914726,1684
TIC 364352649,364352649,100,100,9.64,252.7897,-66.7576,4,4,8006.0,3.11493,1.93,574.381,DWARF,2,2.914897,1685
TIC 342782002,342782002,100,100,8.22,240.5881,-62.8912,4,1,7599.0,4.32095,1.77,378.207,DWARF,2,2.915158,1686
TIC 412200928,412200928,100,100,9.25,190.6683,-56.8737,3,1,8689.0,3.4097,2.18,525.987,DWARF,2,2.915432,1687
TIC 256009337,256009337,100,100,9.55,198.567,-54.7518,3,1,7968.0,3.18288,1.92,508.181,DWARF,2,2.915641,1688
TIC 412266364,412266364,100,100,10.39,231.3461,-59.4404,4,1,7716.0,2.62385,1.82,576.859,DWARF,2,2.915878,1689
TIC 400694133,400694133,100,100,9.56,219.9038,-65.8244,3,4,7322.0,3.18945,1.66,478.218,DWARF,2,2.919432,1690
TIC 314228257,314228257,100,100,11.48,184.3109,-70.1533,3,3,6346.0,2.05408,1.26,605.288,DWARF,2,2.921235,1691
TIC 262239129,262239129,100,100,9.0,199.6885,-56.589,3,1,7454.0,3.64042,1.71,407.301,DWARF,2,2.922303,1692
TIC 329480933,329480933,100,100,9.88,212.336,-53.7654,3,4,9326.0,2.97306,2.37,612.039,DWARF,2,2.922407,1693
TIC 307049573,307049573,100,100,9.87,266.8671,-61.404,4,4,9937.0,2.98053,2.54,759.099,DWARF,2,2.922587,1694
TIC 343376897,343376897,100,100,10.96,240.8939,-60.4403,4,1,9833.0,2.32007,2.51,884.178,DWARF,2,2.923002,1695
TIC 362235193,362235193,100,100,9.62,245.3495,-66.3017,4,1,7900.0,3.15954,1.89,572.645,DWARF,2,2.923248,1696
TIC 450829003,450829003,100,100,9.93,187.0319,-61.5817,3,2,9505.0,2.94263,2.42,635.759,DWARF,2,2.923471,1697
TIC 276876086,276876086,100,100,8.45,274.0642,-80.0725,4,3,6757.0,4.14057,1.45,337.909,DWARF,2,2.92412,1698
TIC 350284442,350284442,100,100,9.72,246.1321,-62.1414,4,1,7645.0,3.09294,1.79,556.512,DWARF,2,2.924743,1699
TIC 311250910,311250910,100,100,8.62,258.1782,-72.6639,4,3,8411.0,3.98966,2.08,494.233,DWARF,2,2.925872,1700
TIC 290640851,290640851,100,100,8.38,256.0996,-65.6511,4,4,10291.0,4.21771,2.65,558.961,DWARF,2,2.926153,1701
TIC 334909487,334909487,100,100,8.63,214.1294,-62.7091,3,4,9278.0,3.98439,2.35,455.996,DWARF,2,2.926724,1702
TIC 425314423,425314423,100,100,9.76,190.9958,-54.4389,3,1,7587.0,3.07314,1.76,522.628,DWARF,2,2.927165,1703
TIC 207854908,207854908,100,100,10.44,207.3183,-58.9849,3,4,7226.0,2.63443,1.62,549.24,DWARF,2,2.929373,1704
TIC 365368214,365368214,100,100,9.92,273.2112,-63.6862,4,4,8978.0,2.97005,2.27,702.572,DWARF,2,2.929528,1705
TIC 399022475,399022475,100,100,8.07,198.3573,-52.4074,3,1,7938.0,4.55464,1.91,380.34,DWARF,2,2.930908,1706
TIC 423976871,423976871,100,100,9.76,235.8827,-62.0669,4,1,7548.0,3.08949,1.75,541.059,DWARF,2,2.931774,1707
TIC 406054189,406054189,100,100,9.49,193.806,-55.9332,3,1,7654.0,3.28846,1.79,495.147,DWARF,2,2.931985,1708
TIC 286659776,286659776,100,100,8.27,186.8011,-66.0198,3,3,7948.0,4.35598,1.91,400.631,DWARF,2,2.932172,1709
TIC 450475203,450475203,100,100,9.5,186.4884,-62.4839,3,2,9699.0,3.28277,2.47,676.089,DWARF,2,2.932481,1710
TIC 336613507,336613507,100,100,12.88,196.3739,-66.3852,3,3,7057.0,1.50982,1.56,860.344,DWARF,2,2.93385,1711
TIC 420094815,420094815,100,100,9.43,202.8833,-50.7424,3,1,7958.0,3.34149,1.91,536.889,DWARF,2,2.93388,1712
TIC 402387382,402387382,100,100,9.41,221.9338,-73.196,4,2,7580.56,3.35701,1.76,485.673,DWARF,2,2.933905,1713
TIC 429352081,429352081,100,100,9.67,207.2071,-69.4566,3,3,8017.0,3.16256,1.94,573.325,DWARF,2,2.934078,1714
TIC 426024328,426024328,100,100,7.92,236.8807,-77.4606,4,2,8075.0,4.73579,1.96,405.551,DWARF,2,2.934785,1715
TIC 409952137,409952137,100,100,12.21,213.8784,-58.1483,3,4,8751.0,1.76423,2.2,836.282,DWARF,2,2.93511,1716
TIC 253201468,253201468,100,100,9.57,195.0682,-54.9221,3,1,9010.0,3.24053,2.28,602.664,DWARF,2,2.935232,1717
TIC 311653222,311653222,100,100,8.22,261.2997,-75.9986,4,3,7324.0,4.4275,1.66,372.556,DWARF,2,2.936317,1718
TIC 21110537,21110537,100,100,9.24,186.8347,-50.608,3,1,7063.51,3.50587,1.56,432.509,DWARF,2,2.937592,1719
TIC 268140278,268140278,100,100,9.44,176.8273,-55.2448,3,2,9150.0,3.34893,2.32,585.715,DWARF,2,2.937812,1720
TIC 261983836,261983836,100,100,9.56,193.7096,-57.708,3,1,8484.0,3.26003,2.11,558.589,DWARF,2,2.938443,1721
TIC 90145093,90145093,100,100,7.98,204.4876,-56.6306,3,4,7746.0,4.69196,1.83,359.889,DWARF,2,2.938709,1722
TIC 282221346,282221346,100,100,11.04,210.9854,-78.7725,4,2,5784.0,2.32059,1.04,489.651,DWARF,2,2.939197,1723
TIC 360851660,360851660,100,100,9.92,241.6321,-71.2831,4,2,9871.0,3.00439,2.52,769.563,DWARF,2,2.939513,1724
TIC 68081405,68081405,100,100,9.96,193.5821,-54.1626,3,1,9883.0,2.97941,2.53,694.231,DWARF,2,2.940261,1725
TIC 210851954,210851954,100,100,10.73,212.9007,-54.7288,3,4,6753.0,2.49592,1.44,533.28,DWARF,2,2.940461,1726
TIC 299985707,299985707,100,100,9.52,244.281,-63.6108,4,1,9836.0,3.29984,2.51,694.547,DWARF,2,2.940986,1727
TIC 260133735,260133735,100,100,9.8,224.6188,-67.2783,4,1,8797.0,3.09593,2.21,643.528,DWARF,2,2.941582,1728
TIC 395414727,395414727,100,100,9.23,218.8186,-61.885,3,4,7308.0,3.53237,1.65,405.931,DWARF,2,2.942132,1729
TIC 381233620,381233620,100,100,9.78,254.4978,-68.8609,4,4,9281.0,3.11271,2.35,722.608,DWARF,2,2.942277,1730
TIC 394261904,394261904,100,100,11.64,198.9462,-75.3482,3,3,7330.0,2.02882,1.66,777.415,DWARF,2,2.942487,1731
TIC 447325479,447325479,100,100,8.65,251.4332,-65.5092,4,4,8118.0,4.03887,1.98,481.687,DWARF,2,2.94252,1732
TIC 320710719,320710719,100,100,12.6,205.5535,-64.679,3,4,7689.0,1.6268,1.8,879.891,DWARF,2,2.942668,1733
TIC 338034467,338034467,100,100,9.62,198.0543,-67.738,3,3,8533.0,3.23305,2.13,577.038,DWARF,2,2.943225,1734
TIC 334793713,334793713,100,100,9.6,184.613,-47.9386,2,2,7533.0,3.25213,1.74,543.626,DWARF,2,2.944336,1735
TIC 165265887,165265887,100,100,8.67,192.3129,-51.4272,3,1,8004.0,4.0295,1.93,461.285,DWARF,2,2.944502,1736
TIC 376659156,376659156,100,100,9.92,180.9112,-56.2763,3,2,8687.0,3.02179,2.18,651.016,DWARF,2,2.944529,1737
TIC 388122967,388122967,100,100,9.64,217.1363,-60.5718,3,4,9769.0,3.22517,2.49,700.308,DWARF,2,2.945105,1738
TIC 273121416,273121416,100,100,9.51,178.7497,-52.7822,3,2,7668.0,3.32622,1.8,540.297,DWARF,2,2.945902,1739
TIC 311650518,311650518,100,100,8.91,260.6866,-76.4833,4,3,8033.0,3.81917,1.94,468.869,DWARF,2,2.945938,1740
TIC 406373894,406373894,100,100,9.71,197.7502,-54.1474,3,1,9795.0,3.17917,2.5,637.502,DWARF,2,2.946628,1741
TIC 310295579,310295579,100,100,8.99,185.0593,-62.5295,3,2,9951.0,3.75255,2.55,643.853,DWARF,2,2.946653,1742
TIC 404009987,404009987,100,100,9.1,188.6026,-49.7603,3,1,7427.0,3.65919,1.7,477.525,DWARF,2,2.94677,1743
TIC 405701740,405701740,100,100,9.9,192.0149,-57.1342,3,1,9260.0,3.04692,2.35,656.133,DWARF,2,2.947722,1744
TIC 308191940,308191940,100,100,10.19,180.4332,-61.9547,3,2,9635.0,2.85288,2.46,795.894,DWARF,2,2.948567,1745
TIC 267847054,267847054,100,100,9.36,176.4041,-57.8784,3,2,8211.0,3.45731,2.01,539.491,DWARF,2,2.949477,1746
TIC 447012225,447012225,100,100,9.81,233.5721,-70.8845,4,2,7882.0,3.11745,1.88,590.508,DWARF,2,2.949599,1747
TIC 273316772,273316772,100,100,9.78,185.6652,-53.1654,3,1,7778.0,3.14169,1.84,586.409,DWARF,2,2.950327,1748
TIC 456324555,456324555,100,100,8.76,231.2454,-60.2591,4,1,8387.0,3.97492,2.08,435.658,DWARF,2,2.950657,1749
TIC 425368923,425368923,100,100,8.63,191.1039,-59.0411,3,1,8589.0,4.10027,2.14,476.325,DWARF,2,2.951625,1750
TIC 438777551,438777551,100,100,12.93,201.7605,-53.4481,3,1,7014.0,1.52356,1.54,937.758,DWARF,2,2.951719,1751
TIC 306733469,306733469,100,100,9.11,266.3112,-60.1902,4,4,8368.0,3.67531,2.07,560.012,DWARF,2,2.952588,1752
TIC 258816774,258816774,100,100,9.75,222.4828,-70.9178,4,2,7762.0,3.17366,1.83,577.062,DWARF,2,2.953121,1753
TIC 327929817,327929817,100,100,8.0,189.9622,-67.0407,3,3,8708.0,4.75278,2.18,438.357,DWARF,2,2.953895,1754
TIC 332362587,332362587,100,100,9.61,179.87,-48.575,2,2,7473.08,3.28257,1.72,528.774,DWARF,2,2.954428,1755
TIC 340148083,340148083,100,100,9.78,201.2262,-67.2814,3,3,8900.0,3.15706,2.24,621.863,DWARF,2,2.954566,1756
TIC 394263898,394263898,100,100,9.58,198.9418,-74.2623,3,3,8148.0,3.30645,1.99,576.19,DWARF,2,2.954724,1757
TIC 403511861,403511861,100,100,8.59,230.8961,-74.0897,4,2,7846.0,4.16161,1.87,462.022,DWARF,2,2.956523,1758
TIC 303790905,303790905,100,100,8.53,272.78,-64.5166,4,4,8441.0,4.22574,2.09,501.861,DWARF,2,2.957806,1759
TIC 163031809,163031809,100,100,9.92,190.9563,-50.1424,3,1,9542.0,3.06924,2.43,719.007,DWARF,2,2.958062,1760
TIC 342500794,342500794,100,100,8.69,204.6872,-70.1867,3,3,6558.0,4.08372,1.36,359.334,DWARF,2,2.960112,1761
TIC 375834446,375834446,100,100,9.89,178.9158,-57.5667,3,2,9204.0,3.09824,2.33,691.387,DWARF,2,2.96023,1762
TIC 207719412,207719412,100,100,9.94,207.1239,-58.7075,3,4,8275.0,3.06318,2.04,592.947,DWARF,2,2.960345,1763
TIC 443291452,443291452,100,100,9.33,198.9846,-65.7813,3,3,8339.0,3.53254,2.06,538.137,DWARF,2,2.962174,1764
TIC 403755868,403755868,100,100,8.66,179.4468,-46.7866,2,2,8194.0,4.12268,2.01,501.554,DWARF,2,2.962359,1765
TIC 447461747,447461747,100,100,9.5,252.5178,-60.8708,4,4,7693.0,3.3991,1.81,531.796,DWARF,2,2.962728,1766
TIC 396365542,396365542,100,100,9.73,212.8535,-74.4089,4,2,7614.0,3.22388,1.77,558.675,DWARF,2,2.962758,1767
TIC 406586208,406586208,100,100,9.71,198.2272,-56.8882,3,1,7463.0,3.23905,1.71,506.952,DWARF,2,2.962835,1768
TIC 429299987,429299987,100,100,9.56,184.3248,-48.2814,2,2,8116.0,3.35318,1.98,598.911,DWARF,2,2.962914,1769
TIC 293156070,293156070,100,100,8.62,260.9477,-66.2774,4,4,7465.0,4.16608,1.71,450.635,DWARF,2,2.963455,1770
TIC 402918459,402918459,100,100,9.03,225.548,-72.0811,4,2,8206.0,3.79856,2.01,534.674,DWARF,2,2.965238,1771
TIC 401977151,401977151,100,100,8.69,218.8092,-74.3007,4,2,7757.0,4.10928,1.83,462.991,DWARF,2,2.965531,1772
TIC 426901646,426901646,100,100,12.06,236.8919,-67.5067,4,1,7929.0,1.89138,1.9,1036.48,DWARF,2,2.965558,1773
TIC 300753934,300753934,100,100,8.66,245.3053,-60.4693,4,1,7056.0,4.13935,1.56,405.157,DWARF,2,2.965864,1774
TIC 400965223,400965223,100,100,8.42,185.3023,-57.3039,3,2,11032.0,4.37603,2.88,548.167,DWARF,2,2.966161,1775
TIC 329519982,329519982,100,100,8.93,211.5285,-61.5145,3,4,9714.0,3.89984,2.48,609.816,DWARF,2,2.968094,1776
TIC 396425243,396425243,100,100,9.63,213.4052,-73.9467,4,2,8835.0,3.32082,2.22,649.506,DWARF,2,2.968491,1777
TIC 447549112,447549112,100,100,9.37,253.6433,-64.3328,4,4,9898.0,3.52643,2.53,687.769,DWARF,2,2.968671,1778
TIC 361474508,361474508,100,100,8.18,243.0737,-69.6197,4,1,11507.0,4.6391,3.04,617.781,DWARF,2,2.968867,1779
TIC 209478882,209478882,100,100,10.62,210.3459,-54.6314,3,4,6497.0,2.64563,1.33,538.23,DWARF,2,2.969058,1780
TIC 448891972,448891972,100,100,8.79,214.0873,-66.1934,3,4,9980.0,4.03252,2.56,541.328,DWARF,2,2.969153,1781
TIC 335346742,335346742,100,100,8.75,214.2043,-62.3564,3,4,8237.0,4.07306,2.02,441.797,DWARF,2,2.969842,1782
TIC 365893665,365893665,100,100,9.51,275.9491,-64.7101,4,4,8958.0,3.42297,2.26,664.584,DWARF,2,2.970806,1783
TIC 340284325,340284325,100,100,9.35,238.111,-63.1034,4,1,8878.0,3.55242,2.24,613.218,DWARF,2,2.971049,1784
TIC 342193764,342193764,100,100,9.87,203.9803,-71.2423,3,3,9752.0,3.15427,2.49,684.462,DWARF,2,2.971798,1785
TIC 451071957,451071957,100,100,11.29,170.2939,-55.5242,3,2,8954.0,2.27667,,,DWARF,2,2.9726,1786
TIC 68172788,68172788,100,100,8.81,193.5157,-57.1936,3,1,8481.0,4.03195,2.11,494.376,DWARF,2,2.97303,1787
TIC 263500582,263500582,100,100,9.42,230.9673,-66.4444,4,1,8838.0,3.50514,2.22,640.215,DWARF,2,2.973411,1788
TIC 245341523,245341523,100,100,10.52,199.724,-50.0579,3,1,9781.0,2.72592,2.5,878.174,DWARF,2,2.975026,1789
TIC 409952138,409952138,100,100,12.48,213.8811,-58.1485,3,4,8510.0,1.73777,2.12,889.17,DWARF,2,2.975985,1790
TIC 207594386,207594386,100,100,9.11,206.7397,-55.0069,3,4,8176.0,3.78162,2.0,515.69,DWARF,2,2.977356,1791
TIC 259842692,259842692,100,100,9.46,223.9355,-71.8243,4,2,8923.0,3.48979,2.25,650.678,DWARF,2,2.977599,1792
TIC 339849767,339849767,100,100,9.62,237.6653,-60.7472,4,1,8834.0,3.36372,2.22,622.89,DWARF,2,2.97764,1793
TIC 320710732,320710732,100,100,12.78,205.5553,-64.6778,3,4,7431.0,1.62643,1.7,903.54,DWARF,2,2.978471,1794
TIC 336947874,336947874,100,100,8.58,196.5761,-67.7466,3,3,7916.0,4.2791,1.9,455.038,DWARF,2,2.978705,1795
TIC 208358266,208358266,100,100,9.3,208.2559,-54.5627,3,4,7487.0,3.62631,1.72,483.955,DWARF,2,2.97893,1796
TIC 311175008,311175008,100,100,9.72,257.5137,-73.9692,4,3,9075.0,3.29641,2.29,735.099,DWARF,2,2.980082,1797
TIC 270637781,270637781,100,100,8.9,220.3631,-59.13,3,4,8051.0,3.98866,1.95,466.494,DWARF,2,2.981654,1798
TIC 361029702,361029702,100,100,8.23,241.9689,-67.268,4,1,9162.0,4.6558,2.32,525.87,DWARF,2,2.981989,1799
TIC 454744144,454744144,100,100,9.34,227.4193,-60.5864,4,1,7310.0,3.60908,1.65,468.675,DWARF,2,2.982793,1800
TIC 421470829,421470829,100,100,9.96,219.2894,-67.6247,4,1,7619.0,3.12914,1.78,588.042,DWARF,2,2.98285,1801
TIC 325506879,325506879,100,100,9.92,186.567,-69.6081,3,3,7539.0,3.1614,1.74,593.595,DWARF,2,2.983759,1802
TIC 209916439,209916439,100,100,8.85,211.2578,-56.5106,3,4,7367.0,4.04556,1.68,445.681,DWARF,2,2.983957,1803
TIC 425644725,425644725,100,100,9.54,232.2894,-72.2647,4,2,8555.0,3.45207,2.13,636.62,DWARF,2,2.984159,1804
TIC 316888694,316888694,100,100,9.82,203.4935,-60.6381,3,4,8379.0,3.23929,2.07,571.882,DWARF,2,2.9849,1805
TIC 380595424,380595424,100,100,9.72,268.8682,-65.9446,4,4,8024.0,3.31654,1.94,640.798,DWARF,2,2.98537,1806
TIC 169475068,169475068,100,100,9.87,194.2215,-52.2567,3,1,7603.0,3.20834,1.77,577.371,DWARF,2,2.986561,1807
TIC 273313746,273313746,100,100,9.11,185.599,-51.9106,3,1,8577.0,3.82312,2.14,572.718,DWARF,2,2.986836,1808
TIC 299948201,299948201,100,100,8.44,208.1677,-63.253,3,4,7982.0,4.46176,1.92,401.674,DWARF,2,2.987012,1809
TIC 94462530,94462530,100,100,9.53,177.3513,-53.7278,3,2,9010.0,3.47573,2.28,666.114,DWARF,2,2.988092,1810
TIC 67873270,67873270,100,100,9.96,185.5604,-55.1463,3,1,7327.0,3.15074,1.66,570.009,DWARF,2,2.988825,1811
TIC 267174860,267174860,100,100,10.32,175.6868,-54.8982,3,2,6214.0,2.9017,1.2,481.333,DWARF,2,2.989305,1812
TIC 469690737,469690737,100,100,9.42,285.6426,-79.6413,4,3,6306.3,3.57428,1.24,384.836,DWARF,2,2.990377,1813
TIC 406442889,406442889,100,100,8.8,198.1205,-58.6503,3,1,7592.0,4.12287,1.77,442.179,DWARF,2,2.990399,1814
TIC 453923245,453923245,100,100,8.88,225.2034,-60.3192,4,1,8023.0,4.05017,1.94,454.441,DWARF,2,2.990947,1815
TIC 67619209,67619209,100,100,9.9,182.2457,-54.3702,3,2,9860.0,3.20255,2.52,798.495,DWARF,2,2.990992,1816
TIC 450487472,450487472,100,100,8.98,186.4171,-63.626,3,2,8537.0,3.96163,2.13,519.66,DWARF,2,2.991748,1817
TIC 447360320,447360320,100,100,9.06,251.8757,-62.7383,4,4,8803.0,3.89274,2.21,593.668,DWARF,2,2.992511,1818
TIC 448375158,448375158,100,100,9.11,209.9692,-67.6455,3,3,8979.0,3.85091,2.27,594.309,DWARF,2,2.993127,1819
TIC 270893903,270893903,100,100,9.18,220.351,-56.528,3,4,8912.0,3.78973,2.25,551.608,DWARF,2,2.993217,1820
TIC 329369711,329369711,100,100,9.34,211.5704,-61.3359,3,4,8748.0,3.65406,2.2,541.388,DWARF,2,2.993551,1821
TIC 425637876,425637876,100,100,9.74,232.3885,-75.9561,4,2,8237.0,3.33289,2.02,651.145,DWARF,2,2.993642,1822
TIC 261113894,261113894,100,100,8.51,226.3902,-66.8355,4,1,8801.0,4.42688,2.21,523.183,DWARF,2,2.994195,1823
TIC 328021908,328021908,100,100,8.77,190.0665,-69.7292,3,3,9890.0,4.1755,2.53,602.442,DWARF,2,2.995417,1824
TIC 412320714,412320714,100,100,9.12,214.4752,-56.3912,3,4,8467.0,3.85267,2.1,532.311,DWARF,2,2.995524,1825
TIC 382755312,382755312,100,100,8.39,183.5823,-60.0429,3,2,8684.0,4.55982,2.17,449.445,DWARF,2,2.995895,1826
TIC 294768072,294768072,100,100,11.81,267.6519,-71.2867,4,3,5692.75,2.0755,1.01,627.41,DWARF,2,2.996245,1827
TIC 267079346,267079346,100,100,10.59,175.7473,-56.4086,3,2,6892.0,2.74904,1.5,596.074,DWARF,2,2.996362,1828
TIC 273345462,273345462,100,100,9.99,188.8089,-54.9886,3,1,9310.0,3.15697,2.36,723.584,DWARF,2,2.996541,1829
TIC 380921291,380921291,100,100,9.93,270.4253,-61.9793,4,4,7366.0,3.20661,1.68,591.586,DWARF,2,2.998092,1830
TIC 421527421,421527421,100,100,9.88,219.2699,-70.9282,4,2,7677.0,3.24443,1.8,588.728,DWARF,2,2.998277,1831
TIC 311653246,311653246,100,100,9.7,261.2879,-75.9727,4,3,8516.0,3.38257,2.12,662.537,DWARF,2,2.998494,1832
TIC 303487023,303487023,100,100,8.33,256.902,-63.7141,4,4,7880.0,4.63834,1.88,458.774,DWARF,2,2.998725,1833
TIC 162079073,162079073,100,100,9.85,190.3352,-52.2699,3,1,8119.0,3.27169,1.98,653.57,DWARF,2,2.999544,1834
TIC 415238649,415238649,100,100,8.48,189.1927,-62.9032,3,2,7787.0,4.49197,1.84,483.575,DWARF,2,3.000874,1835
TIC 333924178,333924178,100,100,8.93,182.4515,-52.422,3,1,7929.0,4.05174,1.9,528.744,DWARF,2,3.001283,1836
TIC 446932730,446932730,100,100,9.98,232.6647,-66.1279,4,1,8827.0,3.18216,2.22,753.708,DWARF,2,3.001444,1837
TIC 448503368,448503368,100,100,9.77,211.3466,-71.4706,3,3,7960.0,3.34232,1.91,588.343,DWARF,2,3.002096,1838
TIC 210098534,210098534,100,100,10.72,211.7327,-59.4882,3,4,8015.0,2.68828,1.94,648.162,DWARF,2,3.002949,1839
TIC 413490224,413490224,100,100,9.12,214.9856,-57.4096,3,4,8182.0,3.88988,2.0,471.283,DWARF,2,3.003872,1840
TIC 293728883,293728883,100,100,9.39,263.024,-70.6292,4,3,7865.0,3.65555,1.88,597.406,DWARF,2,3.003905,1841
TIC 455807926,455807926,100,100,9.95,230.0504,-62.4299,4,1,7695.0,3.21654,1.81,545.845,DWARF,2,3.004778,1842
TIC 395850915,395850915,100,100,8.06,209.5775,-73.6388,4,2,11608.0,4.97337,3.07,596.991,DWARF,2,3.005302,1843
TIC 46698351,46698351,100,100,10.24,230.7106,-59.8354,4,1,8972.0,3.01627,2.26,709.453,DWARF,2,3.00694,1844
TIC 423766099,423766099,100,100,9.74,235.6545,-64.9905,4,1,8925.0,3.38445,2.25,718.498,DWARF,2,3.006976,1845
TIC 350962471,350962471,100,100,9.76,247.0942,-61.7148,4,1,8415.0,3.37067,2.08,680.859,DWARF,2,3.007432,1846
TIC 422171970,422171970,100,100,9.78,189.027,-50.7763,3,1,8008.0,3.35537,1.93,635.212,DWARF,2,3.007481,1847
TIC 22648725,22648725,100,100,10.64,185.188,-46.8261,2,2,6297.0,2.75299,1.23,570.473,DWARF,2,3.007609,1848
TIC 425949279,425949279,100,100,9.12,236.3869,-75.9182,4,2,9998.0,3.9078,2.56,692.114,DWARF,2,3.007865,1849
TIC 405448058,405448058,100,100,9.97,190.4407,-56.1454,3,1,7921.0,3.21355,1.9,617.51,DWARF,2,3.00797,1850
TIC 167528745,167528745,100,100,9.57,193.3885,-50.7765,3,1,9154.0,3.52687,2.32,689.059,DWARF,2,3.008779,1851
TIC 404016798,404016798,100,100,9.39,194.907,-50.0049,3,1,8809.0,3.67689,2.21,624.996,DWARF,2,3.008961,1852
TIC 335601064,335601064,100,100,8.47,194.8658,-67.6116,3,3,9627.0,4.54585,2.45,556.932,DWARF,2,3.00923,1853
TIC 333695582,333695582,100,100,9.03,213.6403,-61.799,3,4,8353.0,3.9965,2.06,477.186,DWARF,2,3.00936,1854
TIC 297180278,297180278,100,100,9.89,224.1339,-65.5728,4,1,7566.0,3.27998,1.75,572.09,DWARF,2,3.009742,1855
TIC 22101487,22101487,100,100,8.43,182.9636,-45.1152,2,2,8613.0,4.59486,2.15,517.667,DWARF,2,3.010545,1856
TIC 383236771,383236771,100,100,8.78,183.8473,-61.61,3,2,7341.0,4.2392,1.67,460.002,DWARF,2,3.010568,1857
TIC 74425695,74425695,100,100,9.15,264.8186,-59.7105,4,4,8598.0,3.8935,2.15,622.615,DWARF,2,3.01068,1858
TIC 73614905,73614905,100,100,8.8,262.9949,-58.5978,4,4,7382.33,4.22087,1.68,459.539,DWARF,2,3.010804,1859
TIC 334194932,334194932,100,100,9.95,193.164,-68.749,3,3,7867.0,3.24155,1.88,641.889,DWARF,2,3.011505,1860
TIC 433546897,433546897,100,100,11.64,190.4029,-65.7973,3,3,6560.0,2.19704,1.36,677.547,DWARF,2,3.011676,1861
TIC 248092710,248092710,100,100,9.65,193.2605,-44.0994,2,2,6307.0,3.48687,1.24,463.223,DWARF,2,3.014872,1862
TIC 258930679,258930679,100,100,9.46,222.6368,-68.4762,4,1,7557.0,3.64541,1.75,561.487,DWARF,2,3.015493,1863
TIC 22391769,22391769,100,100,9.56,184.1757,-45.0299,2,2,8247.0,3.56269,2.02,633.098,DWARF,2,3.015556,1864
TIC 447098167,447098167,100,100,8.9,238.827,-68.7049,4,1,9520.0,4.14763,2.42,650.529,DWARF,2,3.0156,1865
TIC 244874802,244874802,100,100,8.66,196.5976,-52.5534,3,1,8971.0,4.39746,2.26,513.963,DWARF,2,3.018404,1866
TIC 397341697,397341697,100,100,10.55,175.0577,-44.9326,2,2,5998.0,2.84987,1.11,528.671,DWARF,2,3.01965,1867
TIC 407580242,407580242,100,100,9.96,264.1577,-72.3719,4,3,7949.0,3.26758,1.91,706.847,DWARF,2,3.020452,1868
TIC 336069781,336069781,100,100,8.95,195.5681,-66.7069,3,3,8174.0,4.12611,2.0,473.245,DWARF,2,3.021082,1869
TIC 267291974,267291974,100,100,10.68,175.9362,-56.4601,3,2,7029.0,2.77109,1.55,640.437,DWARF,2,3.021301,1870
TIC 450924597,450924597,100,100,9.93,187.2285,-62.9838,3,2,8932.0,3.2951,2.25,654.537,DWARF,2,3.021737,1871
TIC 412713511,412713511,100,100,8.8,193.2689,-56.8022,3,1,8896.0,4.27519,2.24,538.038,DWARF,2,3.021911,1872
TIC 447779220,447779220,100,100,8.48,255.8258,-62.0081,4,4,7385.0,4.60577,1.68,449.675,DWARF,2,3.022604,1873
TIC 402705956,402705956,100,100,9.42,248.4114,-62.2636,4,1,9030.0,3.71818,2.28,681.921,DWARF,2,3.024661,1874
TIC 426609952,426609952,100,100,8.48,235.6644,-71.0625,4,2,11519.0,4.62588,3.04,706.413,DWARF,2,3.026389,1875
TIC 405445173,405445173,100,100,9.03,190.313,-55.33,3,1,9092.0,4.08315,2.3,577.619,DWARF,2,3.027991,1876
TIC 416211034,416211034,100,100,9.18,223.3587,-58.3271,3,4,7854.0,3.94959,1.87,525.777,DWARF,2,3.029104,1877
TIC 439257396,439257396,100,100,10.52,195.5861,-65.0024,3,3,7805.0,2.90105,1.85,647.893,DWARF,2,3.02911,1878
TIC 448978903,448978903,100,100,9.76,215.1238,-68.772,3,3,8080.0,3.45711,1.96,605.37,DWARF,2,3.029426,1879
TIC 449702250,449702250,100,100,9.77,200.8099,-62.7211,3,4,7869.0,3.45006,1.88,669.508,DWARF,2,3.029653,1880
TIC 394200031,394200031,100,100,8.31,198.6825,-73.4787,3,3,7999.0,4.83171,1.93,457.943,DWARF,2,3.030202,1881
TIC 436683621,436683621,100,100,9.66,193.9005,-64.3697,3,3,8553.0,3.54437,2.13,582.715,DWARF,2,3.031078,1882
TIC 276905005,276905005,100,100,10.11,275.5153,-79.8845,4,3,7951.0,3.2007,1.91,677.463,DWARF,2,3.03249,1883
TIC 375835614,375835614,100,100,9.0,178.8421,-57.3402,3,2,9066.0,4.13498,2.29,604.248,DWARF,2,3.032947,1884
TIC 311799825,311799825,100,100,9.98,262.4406,-74.1792,4,3,8077.0,3.30331,1.96,728.318,DWARF,2,3.033899,1885
TIC 333831404,333831404,100,100,8.93,182.3925,-48.7482,2,2,7398.85,4.21083,1.69,483.436,DWARF,2,3.034735,1886
TIC 298053735,298053735,100,100,9.88,242.1889,-62.733,4,1,9995.0,3.38556,2.56,842.508,DWARF,2,3.035261,1887
TIC 426009799,426009799,100,100,10.87,236.6295,-73.4065,4,2,7609.21,2.69597,1.77,745.176,DWARF,2,3.03543,1888
TIC 72671320,72671320,100,100,10.48,188.2069,-44.9943,2,2,5995.0,2.95503,1.1,522.798,DWARF,2,3.037124,1889
TIC 303781888,303781888,100,100,9.77,272.4814,-60.8829,4,4,7585.42,3.48017,1.76,572.21,DWARF,2,3.037201,1890
TIC 448855849,448855849,100,100,9.38,214.0587,-70.0173,3,3,8239.0,3.80832,2.02,592.264,DWARF,2,3.037467,1891
TIC 301395037,301395037,100,100,9.33,256.0399,-67.8175,4,4,8360.0,3.85845,2.07,656.446,DWARF,2,3.038826,1892
TIC 160833998,160833998,100,100,9.46,189.9434,-52.7122,3,1,9098.0,3.74821,2.3,709.551,DWARF,2,3.039648,1893
TIC 291001168,291001168,100,100,9.21,256.5747,-61.2785,4,4,8298.0,3.97066,2.04,614.013,DWARF,2,3.039725,1894
TIC 402615468,402615468,100,100,9.49,223.6233,-72.7735,4,2,7484.81,3.72319,1.72,567.345,DWARF,2,3.03983,1895
TIC 342199504,342199504,100,100,8.6,204.4926,-70.412,3,3,9683.0,4.57244,2.47,596.241,DWARF,2,3.040296,1896
TIC 337235005,337235005,100,100,8.37,197.1974,-69.7234,3,3,8754.0,4.82757,2.2,509.025,DWARF,2,3.041457,1897
TIC 363595424,363595424,100,100,9.9,249.7591,-67.9311,4,1,7522.0,3.39749,1.74,654.435,DWARF,2,3.042316,1898
TIC 263310222,263310222,100,100,9.74,234.2379,-67.2948,4,1,8351.0,3.5258,2.06,703.862,DWARF,2,3.042515,1899
TIC 337810850,337810850,100,100,9.6,197.8465,-68.9516,3,3,8914.0,3.65105,2.25,675.109,DWARF,2,3.044836,1900
TIC 425926072,425926072,100,100,9.71,235.7415,-72.0913,4,2,7666.57,3.56117,1.8,594.814,DWARF,2,3.045185,1901
TIC 412250465,412250465,100,100,9.43,190.8861,-54.8728,3,1,7572.0,3.79869,1.76,526.393,DWARF,2,3.045268,1902
TIC 271324183,271324183,100,100,9.74,233.0476,-63.659,4,1,7659.0,3.5426,1.79,614.247,DWARF,2,3.046644,1903
TIC 305844232,305844232,100,100,9.63,263.4147,-63.6935,4,4,7484.0,3.63376,1.72,616.903,DWARF,2,3.046712,1904
TIC 389554711,389554711,100,100,9.31,217.3675,-65.481,3,4,8947.0,3.91655,2.26,648.158,DWARF,2,3.047807,1905
TIC 403126880,403126880,100,100,8.94,227.7861,-76.9498,4,2,8567.0,4.26518,2.14,602.296,DWARF,2,3.047875,1906
TIC 406106335,406106335,100,100,12.81,197.5464,-54.2188,3,1,7277.0,1.75304,1.64,1019.68,DWARF,2,3.049584,1907
TIC 394997037,394997037,100,100,9.22,203.84,-74.6376,3,3,9145.0,4.01421,2.32,659.141,DWARF,2,3.0512,1908
TIC 411919528,411919528,100,100,9.52,271.1076,-65.7844,4,4,7505.0,3.75133,1.73,613.96,DWARF,2,3.052371,1909
TIC 360604038,360604038,100,100,9.81,263.9427,-58.9922,4,4,7534.93,3.51749,1.74,623.565,DWARF,2,3.054466,1910
TIC 398831660,398831660,100,100,9.85,180.4321,-55.2394,3,2,7334.0,3.48588,1.66,600.445,DWARF,2,3.054625,1911
TIC 339213949,339213949,100,100,9.68,199.6453,-66.8428,3,3,8240.0,3.62609,2.02,623.959,DWARF,2,3.054877,1912
TIC 384074629,384074629,100,100,9.18,242.4482,-78.5354,4,2,9236.0,4.07568,2.34,673.863,DWARF,2,3.0564,1913
TIC 360911542,360911542,100,100,9.7,191.343,-73.6957,3,3,8646.0,3.61738,2.16,676.365,DWARF,2,3.056788,1914
TIC 426546465,426546465,100,100,9.98,245.441,-75.495,4,2,7423.0,3.39231,1.7,669.967,DWARF,2,3.056991,1915
TIC 295252174,295252174,100,100,9.6,270.4827,-68.9391,4,3,7453.0,3.70459,1.71,614.198,DWARF,2,3.05748,1916
TIC 412266361,412266361,100,100,10.74,231.3513,-59.4406,4,1,7594.0,2.8494,1.77,697.666,DWARF,2,3.057507,1917
TIC 446884090,446884090,100,100,8.87,232.3361,-67.8142,4,1,7393.0,4.38299,1.69,513.012,DWARF,2,3.057541,1918
TIC 446830730,446830730,100,100,9.12,218.5932,-69.2393,4,2,9016.0,4.14368,2.28,615.79,DWARF,2,3.058772,1919
TIC 420276268,420276268,100,100,9.03,198.8065,-57.6062,3,1,8845.0,4.23221,2.23,593.217,DWARF,2,3.059134,1920
TIC 291531819,291531819,100,100,9.65,217.9196,-56.3345,3,4,8820.0,3.66961,2.22,628.843,DWARF,2,3.05924,1921
TIC 300892362,300892362,100,100,10.21,177.814,-55.8047,3,2,8137.0,3.2396,1.98,709.314,DWARF,2,3.062983,1922
TIC 402721313,402721313,100,100,8.85,224.2191,-73.9036,4,2,7928.0,4.44182,1.9,550.799,DWARF,2,3.065122,1923
TIC 410666544,410666544,100,100,9.38,177.4677,-67.5113,3,3,9490.0,3.93615,2.41,704.639,DWARF,2,3.066143,1924
TIC 293961846,293961846,100,100,9.32,263.8948,-66.8908,4,4,8349.0,3.99294,2.06,666.992,DWARF,2,3.066586,1925
TIC 253499188,253499188,100,100,9.4,197.1797,-57.6889,3,1,8346.0,3.92023,2.06,638.572,DWARF,2,3.066623,1926
TIC 365725530,365725530,100,100,9.91,274.9476,-63.7023,4,4,7770.0,3.48652,1.84,698.427,DWARF,2,3.066784,1927
TIC 410554633,410554633,100,100,9.85,214.2267,-54.3013,3,4,8221.0,3.5358,2.02,628.86,DWARF,2,3.066975,1928
TIC 336953859,336953859,100,100,9.14,196.6607,-66.8514,3,3,9685.0,4.16772,2.47,648.956,DWARF,2,3.067797,1929
TIC 415014351,415014351,100,100,8.65,189.0311,-62.8441,3,2,8331.0,4.66601,2.06,597.937,DWARF,2,3.067891,1930
TIC 73398425,73398425,100,100,9.88,190.7961,-47.4499,3,1,7456.0,3.51777,1.71,654.011,DWARF,2,3.068535,1931
TIC 309529793,309529793,100,100,9.22,184.7126,-63.2531,3,2,9523.0,4.09661,2.42,683.424,DWARF,2,3.068849,1932
TIC 286979043,286979043,100,100,10.83,187.1869,-70.739,3,3,6186.0,2.83151,1.18,567.631,DWARF,2,3.070036,1933
TIC 188211733,188211733,100,100,9.72,220.6965,-56.3324,3,4,7586.0,3.65864,1.76,563.509,DWARF,2,3.070639,1934
TIC 311179742,311179742,100,100,12.28,257.715,-75.73,4,3,5929.0,2.03323,1.08,802.875,DWARF,2,3.072373,1935
TIC 310956478,310956478,100,100,8.75,256.1381,-72.3871,4,3,7960.0,4.5841,1.91,553.01,DWARF,2,3.072508,1936
TIC 425313449,425313449,100,100,9.06,190.9184,-54.1716,3,1,8757.0,4.27541,2.2,629.8,DWARF,2,3.073956,1937
TIC 67918692,67918692,100,100,8.64,236.2336,-59.7497,4,1,10283.0,4.7098,2.65,630.392,DWARF,2,3.074005,1938
TIC 413628906,413628906,100,100,8.8,215.1955,-55.8803,3,4,7992.0,4.54608,1.93,497.969,DWARF,2,3.075274,1939
TIC 412977752,412977752,100,100,9.53,231.748,-58.3837,4,1,7859.0,3.84407,1.87,546.872,DWARF,2,3.075583,1940
TIC 447999170,447999170,100,100,10.37,185.2597,-69.9517,3,3,9606.0,3.16873,2.45,894.451,DWARF,2,3.07577,1941
TIC 260768549,260768549,100,100,8.88,189.2115,-48.2549,3,1,9036.0,4.46569,2.28,643.582,DWARF,2,3.075777,1942
TIC 437813613,437813613,100,100,9.86,194.6519,-63.499,3,3,8494.0,3.56438,2.11,630.24,DWARF,2,3.075968,1943
TIC 303391729,303391729,100,100,9.65,256.6777,-62.0212,4,4,7689.0,3.7442,1.8,648.122,DWARF,2,3.076718,1944
TIC 61936189,61936189,100,100,9.53,177.6263,-47.5104,2,2,6746.0,3.85064,1.44,534.111,DWARF,2,3.077066,1945
TIC 195256633,195256633,100,100,12.07,222.683,-57.7613,3,4,7822.0,2.14687,1.86,872.272,DWARF,2,3.077611,1946
TIC 338142277,338142277,100,100,9.89,198.5035,-70.299,3,3,9211.0,3.54737,2.33,797.198,DWARF,2,3.077813,1947
TIC 263499643,263499643,100,100,9.16,231.0635,-66.628,4,1,8330.0,4.19726,2.06,641.114,DWARF,2,3.077932,1948
TIC 321471064,321471064,100,100,11.91,175.5275,-62.2673,3,2,7202.0,2.22968,1.61,840.892,DWARF,2,3.078485,1949
TIC 253278977,253278977,100,100,9.34,195.7658,-56.8399,3,1,7841.0,4.0296,1.87,585.247,DWARF,2,3.078524,1950
TIC 288100922,288100922,100,100,9.71,187.1938,-51.1033,3,1,8766.0,3.70351,2.2,737.124,DWARF,2,3.079227,1951
TIC 456058603,456058603,100,100,9.96,230.7372,-60.358,4,1,7433.0,3.49879,1.7,534.521,DWARF,2,3.079836,1952
TIC 288224503,288224503,100,100,12.08,187.3151,-51.0039,3,1,6506.0,2.14826,1.33,851.976,DWARF,2,3.080174,1953
TIC 406338833,406338833,100,100,10.79,197.765,-55.984,3,1,6330.0,2.89141,1.25,589.305,DWARF,2,3.080219,1954
TIC 301157073,301157073,100,100,9.49,254.9374,-66.2132,4,4,7678.0,3.90368,1.8,637.859,DWARF,2,3.080948,1955
TIC 363369913,363369913,100,100,9.87,248.9214,-68.2168,4,1,7344.35,3.58013,1.67,644.049,DWARF,2,3.081798,1956
TIC 390155868,390155868,100,100,9.38,183.624,-57.1847,3,2,7349.0,4.00985,1.67,551.485,DWARF,2,3.082256,1957
TIC 303562619,303562619,100,100,9.57,257.1923,-61.9266,4,4,7927.0,3.84056,1.9,661.358,DWARF,2,3.082789,1958
TIC 261706722,261706722,100,100,9.73,227.698,-66.5653,4,1,7787.0,3.71522,1.84,650.182,DWARF,2,3.085969,1959
TIC 306461127,306461127,100,100,9.82,265.3294,-63.3014,4,4,7743.0,3.64214,1.83,704.376,DWARF,2,3.086713,1960
TIC 61870768,61870768,100,100,9.97,177.5648,-44.9632,2,2,8617.0,3.51901,2.15,801.556,DWARF,2,3.086841,1961
TIC 351176565,351176565,100,100,9.09,247.2849,-65.049,4,1,7492.17,4.31353,1.72,539.405,DWARF,2,3.087666,1962
TIC 255968611,255968611,100,100,9.82,198.6841,-55.6427,3,1,8255.0,3.64859,2.03,659.676,DWARF,2,3.08825,1963
TIC 244929497,244929497,100,100,10.6,196.9673,-51.1934,3,1,6650.0,3.05527,1.4,624.974,DWARF,2,3.090099,1964
TIC 294554053,294554053,100,100,9.89,222.8249,-60.3518,3,4,8144.0,3.60064,1.99,595.71,DWARF,2,3.090759,1965
TIC 314228264,314228264,100,100,9.8,184.3132,-70.1546,3,3,7282.0,3.6771,1.64,614.992,DWARF,2,3.091011,1966
TIC 341381465,341381465,100,100,9.8,202.7898,-71.3147,3,3,8652.0,3.67825,2.16,722.606,DWARF,2,3.091282,1967
TIC 403598330,403598330,100,100,8.86,231.8649,-73.8447,4,2,8058.0,4.57111,1.95,588.437,DWARF,2,3.092043,1968
TIC 306980205,306980205,100,100,9.74,266.5886,-62.4818,4,4,7442.0,3.73488,1.71,651.004,DWARF,2,3.092553,1969
TIC 305492348,305492348,100,100,12.84,178.5754,-62.3751,3,2,7108.0,1.8304,1.58,1227.81,DWARF,2,3.093092,1970
TIC 295048545,295048545,100,100,9.83,269.3701,-70.0564,4,3,7381.0,3.66483,1.68,666.265,DWARF,2,3.094108,1971
TIC 332641097,332641097,100,100,9.27,180.2555,-49.6791,2,2,7392.53,4.17064,1.69,565.258,DWARF,2,3.094405,1972
TIC 396360680,396360680,100,100,9.33,212.8005,-72.6161,4,2,9477.0,4.11809,2.41,731.772,DWARF,2,3.095392,1973
TIC 394261893,394261893,100,100,10.58,198.9397,-75.3534,3,3,7510.0,3.09074,1.73,755.385,DWARF,2,3.096125,1974
TIC 259534964,259534964,100,100,8.94,199.0001,-47.9581,3,1,7585.0,4.5106,1.76,548.495,DWARF,2,3.096469,1975
TIC 61830458,61830458,100,100,9.91,177.5546,-47.189,2,2,8234.0,3.61021,2.02,768.152,DWARF,2,3.097065,1976
TIC 306847033,306847033,100,100,9.22,167.1368,-58.6801,3,2,7660.0,4.23242,1.79,605.228,DWARF,2,3.097178,1977
TIC 394163816,394163816,100,100,9.81,198.5889,-73.062,3,3,9237.0,3.69535,2.34,778.891,DWARF,2,3.097311,1978
TIC 380832459,380832459,100,100,9.9,269.8101,-63.4319,4,4,8101.0,3.62227,1.97,769.626,DWARF,2,3.097962,1979
TIC 447128829,447128829,100,100,9.57,239.4418,-66.8593,4,1,7681.52,3.90826,1.8,622.262,DWARF,2,3.097967,1980
TIC 362553116,362553116,100,100,9.65,246.2833,-70.9605,4,2,7682.22,3.83814,1.8,636.108,DWARF,2,3.098242,1981
TIC 455116877,455116877,100,100,9.18,228.1469,-60.5161,4,1,7633.0,4.28435,1.78,537.731,DWARF,2,3.09977,1982
TIC 241460279,241460279,100,100,9.88,205.6913,-53.6044,3,1,8616.0,3.65122,2.15,709.698,DWARF,2,3.100876,1983
TIC 457317242,457317242,100,100,8.77,203.5967,-54.6447,3,1,8920.0,4.71514,2.25,567.751,DWARF,2,3.100989,1984
TIC 401280763,401280763,100,100,8.88,187.9681,-48.6263,3,1,8691.0,4.5975,2.18,647.673,DWARF,2,3.101043,1985
TIC 210896421,210896421,100,100,9.0,213.0995,-57.832,3,4,7589.0,4.4741,1.76,475.668,DWARF,2,3.101411,1986
TIC 66842049,66842049,100,100,9.24,181.3506,-56.0579,3,2,7718.0,4.23377,1.82,590.189,DWARF,2,3.101455,1987
TIC 360330564,360330564,100,100,9.96,188.2976,-72.5783,3,3,7550.0,3.58872,1.75,629.499,DWARF,2,3.101879,1988
TIC 321802774,321802774,100,100,12.63,206.1032,-64.4966,3,4,8213.0,1.9422,2.01,1095.74,DWARF,2,3.102588,1989
TIC 396592459,396592459,100,100,9.77,213.9283,-72.7761,4,2,9085.0,3.76821,2.3,781.059,DWARF,2,3.10627,1990
TIC 169995394,169995394,100,100,9.13,194.3546,-51.8078,3,1,7728.0,4.36677,1.82,568.654,DWARF,2,3.106321,1991
TIC 310955125,310955125,100,100,9.55,255.7749,-72.2422,4,3,8017.0,3.96648,1.94,690.764,DWARF,2,3.106811,1992
TIC 61871583,61871583,100,100,9.61,177.5857,-44.2438,2,2,8664.0,3.91284,2.17,739.044,DWARF,2,3.106984,1993
TIC 300896703,300896703,100,100,9.15,177.7819,-54.5059,3,2,8700.0,4.36328,2.18,655.589,DWARF,2,3.109626,1994
TIC 396462967,396462967,100,100,9.3,213.71,-73.2072,4,2,9902.0,4.21711,2.53,787.425,DWARF,2,3.11003,1995
TIC 294438023,294438023,100,100,9.4,265.7694,-70.8728,4,3,7553.0,4.12274,1.75,631.698,DWARF,2,3.110372,1996
TIC 325649595,325649595,100,100,9.87,187.3359,-69.2363,3,3,7580.0,3.7035,1.76,685.909,DWARF,2,3.111225,1997
TIC 451254008,451254008,100,100,12.53,171.0153,-57.5436,3,2,6282.0,2.00754,1.23,935.189,DWARF,2,3.111328,1998
TIC 208053366,208053366,100,100,8.76,207.6688,-57.9881,3,4,9924.0,4.78937,2.54,671.313,DWARF,2,3.112557,1999
TIC 179736061,179736061,100,100,9.89,188.3677,-62.1299,3,2,8941.0,3.69948,2.25,736.821,DWARF,2,3.114281,2000
TIC 305085915,305085915,100,100,9.03,261.436,-65.6618,4,4,7645.0,4.51184,1.79,601.634,DWARF,2,3.114707,2001
TIC 294919771,294919771,100,100,9.55,222.9726,-63.9394,4,1,8471.0,4.00492,2.1,619.036,DWARF,2,3.115188,2002
TIC 340707960,340707960,100,100,9.83,238.3048,-65.5238,4,1,8045.0,3.76905,1.95,754.565,DWARF,2,3.118464,2003
TIC 261519133,261519133,100,100,9.72,227.0202,-70.6327,4,2,7762.0,3.86782,1.83,710.403,DWARF,2,3.118933,2004
TIC 306357884,306357884,100,100,11.56,265.0876,-63.2519,4,4,6307.0,2.53382,1.24,809.845,DWARF,2,3.119552,2005
TIC 361403927,361403927,100,100,12.29,242.8172,-67.0003,4,1,6508.0,2.14229,1.34,997.768,DWARF,2,3.119757,2006
TIC 329167295,329167295,100,100,9.87,191.4466,-67.2772,3,3,7827.0,3.74138,1.86,672.153,DWARF,2,3.120064,2007
TIC 253463221,253463221,100,100,8.81,197.0756,-56.5359,3,1,8120.0,4.7809,1.98,551.403,DWARF,2,3.121019,2008
TIC 207573269,207573269,100,100,9.92,206.6524,-58.6632,3,4,8508.0,3.7086,2.12,691.983,DWARF,2,3.12242,2009
TIC 21956170,21956170,100,100,9.71,182.0549,-46.0855,2,2,7795.0,3.89669,1.85,714.682,DWARF,2,3.123392,2010
TIC 447704630,447704630,100,100,8.91,254.9423,-63.6191,4,4,7324.0,4.69463,1.66,544.7,DWARF,2,3.125203,2011
TIC 290993830,290993830,100,100,9.9,256.5455,-63.4211,4,4,8041.0,3.73797,1.95,768.858,DWARF,2,3.125272,2012
TIC 361336345,361336345,100,100,9.83,242.8258,-69.2833,4,1,7372.27,3.79989,1.68,660.217,DWARF,2,3.125542,2013
TIC 187971045,187971045,100,100,9.74,220.7741,-58.6488,3,4,7304.0,3.88083,1.65,528.593,DWARF,2,3.125849,2014
TIC 425798158,425798158,100,100,9.48,234.3953,-72.6638,4,2,7875.0,4.1205,1.88,686.439,DWARF,2,3.1259,2015
TIC 301313875,301313875,100,100,8.81,256.0415,-68.6675,4,4,8397.0,4.81214,2.08,637.861,DWARF,2,3.126677,2016
TIC 253146238,253146238,100,100,9.53,195.0273,-54.1265,3,1,9200.0,4.08617,2.33,732.256,DWARF,2,3.128633,2017
TIC 343707847,343707847,100,100,10.54,206.7616,-70.8636,3,3,7279.0,3.24566,1.64,699.124,DWARF,2,3.130606,2018
TIC 306785174,306785174,100,100,9.23,266.291,-60.753,4,4,8068.0,4.39728,1.96,681.74,DWARF,2,3.132368,2019
TIC 405638831,405638831,100,100,9.3,191.8774,-55.9621,3,1,9748.0,4.32936,2.49,745.843,DWARF,2,3.132847,2020
TIC 449113075,449113075,100,100,9.93,216.3318,-71.7386,4,2,9947.0,3.75042,2.55,898.318,DWARF,2,3.13416,2021
TIC 448884356,448884356,100,100,8.81,214.1987,-67.1693,3,4,7663.0,4.8558,1.79,532.095,DWARF,2,3.134522,2022
TIC 454834662,454834662,100,100,9.09,227.2791,-65.5615,4,1,9439.0,4.55577,2.4,705.438,DWARF,2,3.135124,2023
TIC 337451205,337451205,100,100,11.37,215.2834,-60.9326,3,4,6826.0,2.69518,1.47,851.011,DWARF,2,3.135176,2024
TIC 423333739,423333739,100,100,9.99,234.7962,-62.9885,4,1,8624.0,3.70533,2.16,792.165,DWARF,2,3.135654,2025
TIC 447725554,447725554,100,100,9.93,255.2593,-61.5744,4,4,8576.0,3.77053,2.14,832.036,DWARF,2,3.138805,2026
TIC 335292373,335292373,100,100,9.85,194.4858,-67.5035,3,3,9176.0,3.84253,2.32,817.018,DWARF,2,3.139235,2027
TIC 209054294,209054294,100,100,12.35,209.7967,-54.7629,3,4,6386.0,2.16124,1.28,914.054,DWARF,2,3.139406,2028
TIC 339506226,339506226,100,100,9.97,200.0581,-70.5377,3,3,8545.0,3.74186,2.13,797.809,DWARF,2,3.140175,2029
TIC 447107349,447107349,100,100,9.47,239.2873,-71.2133,4,2,7696.52,4.20061,1.81,647.579,DWARF,2,3.140625,2030
TIC 467058752,467058752,100,100,11.95,167.5345,-60.1523,3,2,9600.0,2.37477,,1209.13,DWARF,2,3.141243,2031
TIC 341051212,341051212,100,100,9.77,202.6688,-71.3831,3,3,9829.0,3.92501,2.51,856.85,DWARF,2,3.141682,2032
TIC 272911599,272911599,100,100,9.38,188.2743,-55.5759,3,1,9500.0,4.29882,2.42,722.953,DWARF,2,3.142699,2033
TIC 166558394,166558394,100,100,9.7,192.8299,-51.3043,3,1,9458.0,3.994,2.41,847.11,DWARF,2,3.142816,2034
TIC 448247618,448247618,100,100,9.96,209.1466,-68.3653,3,3,9189.0,3.76244,2.33,867.801,DWARF,2,3.142939,2035
TIC 455014697,455014697,100,100,9.64,227.8289,-64.4192,4,1,7854.0,4.05385,1.87,615.429,DWARF,2,3.143735,2036
TIC 455363068,455363068,100,100,9.94,228.915,-63.3635,4,1,7425.0,3.78508,1.7,564.537,DWARF,2,3.14415,2037
TIC 350572362,350572362,100,100,9.44,246.4976,-64.4918,4,1,7836.0,4.24823,1.86,687.2,DWARF,2,3.144416,2038
TIC 329089161,329089161,100,100,10.27,191.3872,-71.2213,3,3,8534.0,3.51238,2.13,834.056,DWARF,2,3.145203,2039
TIC 395131076,395131076,100,100,8.85,204.7583,-75.0072,3,3,9278.0,4.87093,2.35,693.153,DWARF,2,3.145224,2040
TIC 375891596,375891596,100,100,9.99,178.7951,-55.2456,3,2,9239.0,3.74712,2.34,878.863,DWARF,2,3.145395,2041
TIC 403600988,403600988,100,100,9.79,231.6401,-72.5576,4,2,9259.0,3.93325,2.35,888.097,DWARF,2,3.147503,2042
TIC 333832874,333832874,100,100,9.53,182.4791,-49.5018,2,2,7526.08,4.1782,1.74,588.456,DWARF,2,3.147978,2043
TIC 334858229,334858229,100,100,9.69,184.5803,-49.0611,2,2,8652.0,4.02821,2.16,813.533,DWARF,2,3.148224,2044
TIC 253349748,253349748,100,100,9.24,196.216,-58.2399,3,1,9334.0,4.47642,2.37,704.799,DWARF,2,3.149862,2045
TIC 304658822,304658822,100,100,9.73,260.2539,-61.7092,4,4,8521.0,4.00985,2.12,819.6,DWARF,2,3.152256,2046
TIC 402850099,402850099,100,100,9.34,225.4533,-77.4605,4,2,7367.26,4.39079,1.68,549.077,DWARF,2,3.153085,2047
TIC 262916393,262916393,100,100,9.27,229.8319,-67.1004,4,1,9658.0,4.4728,2.46,809.783,DWARF,2,3.155159,2048
TIC 380931384,380931384,100,100,9.04,182.3405,-62.2132,3,2,9342.0,4.71617,2.37,774.204,DWARF,2,3.155179,2049
TIC 401621184,401621184,100,100,9.09,216.1932,-75.0356,4,2,7682.0,4.66807,1.8,592.459,DWARF,2,3.156275,2050
TIC 241721078,241721078,100,100,9.28,208.5087,-52.9,3,4,8296.0,4.47182,2.04,638.916,DWARF,2,3.156969,2051
TIC 292293433,292293433,100,100,9.42,278.5749,-69.9024,4,3,8687.0,4.33357,2.18,785.487,DWARF,2,3.157692,2052
TIC 437809186,437809186,100,100,9.08,194.6212,-64.4069,3,3,9739.0,4.68976,2.49,697.947,DWARF,2,3.158301,2053
TIC 334436767,334436767,100,100,11.05,213.6718,-61.7493,3,4,8258.0,2.98587,2.03,790.525,DWARF,2,3.160142,2054
TIC 245027649,245027649,100,100,9.63,197.7348,-49.1883,3,1,8647.0,4.15007,2.16,774.87,DWARF,2,3.162111,2055
TIC 429235135,429235135,100,100,9.57,184.0316,-50.0079,2,2,7607.0,4.21213,1.77,680.472,DWARF,2,3.163004,2056
TIC 443221361,443221361,100,100,9.82,199.0432,-62.3197,3,4,9238.0,3.97853,2.34,761.064,DWARF,2,3.163445,2057
TIC 405700841,405700841,100,100,9.86,192.0184,-56.9255,3,1,7929.0,3.94696,1.9,695.831,DWARF,2,3.164525,2058
TIC 166883696,166883696,100,100,9.82,193.0248,-53.8384,3,1,9485.0,3.99358,2.41,856.388,DWARF,2,3.166725,2059
TIC 194198644,194198644,100,100,9.94,222.3457,-59.5253,3,4,7667.0,3.89445,1.8,821.243,DWARF,2,3.168892,2060
TIC 311106964,311106964,100,100,9.46,256.6834,-76.2639,4,3,7629.0,4.35729,1.78,684.361,DWARF,2,3.170433,2061
TIC 258817094,258817094,100,100,9.46,222.4881,-70.8086,4,2,7840.0,4.36117,1.87,693.856,DWARF,2,3.171206,2062
TIC 376565737,376565737,100,100,9.61,180.5992,-54.6845,3,2,7422.0,4.2212,1.7,667.064,DWARF,2,3.172872,2063
TIC 360907703,360907703,100,100,9.14,191.3355,-72.3743,3,3,8479.0,4.71511,2.11,700.498,DWARF,2,3.174984,2064
TIC 381931510,381931510,100,100,9.3,182.9636,-64.5275,3,2,7601.0,4.56087,1.77,587.73,DWARF,2,3.178095,2065
TIC 319808992,319808992,100,100,10.66,174.4534,-61.7514,3,2,7004.0,3.33524,1.54,841.956,DWARF,2,3.178254,2066
TIC 426286766,426286766,100,100,9.44,241.6904,-72.7161,4,2,9164.0,4.41701,2.32,853.025,DWARF,2,3.178257,2067
TIC 411685600,411685600,100,100,9.87,189.4399,-56.886,3,1,8724.0,4.01772,2.19,806.526,DWARF,2,3.181959,2068
TIC 334789244,334789244,100,100,9.77,184.3605,-50.456,3,1,7944.0,4.11243,1.91,768.438,DWARF,2,3.182197,2069
TIC 396465600,396465600,100,100,10.67,213.7623,-74.2464,4,2,6759.0,3.34598,1.45,745.337,DWARF,2,3.183047,2070
TIC 425368565,425368565,100,100,9.5,191.0444,-58.9888,3,1,8603.0,4.3875,2.15,716.269,DWARF,2,3.184434,2071
TIC 380701727,380701727,100,100,9.29,269.4291,-61.4028,4,4,7426.0,4.60571,1.7,645.891,DWARF,2,3.184593,2072
TIC 412485680,412485680,100,100,11.99,193.084,-54.2285,3,1,6870.0,2.4771,1.49,914.534,DWARF,2,3.185887,2073
TIC 341909913,341909913,100,100,9.79,239.5163,-63.3884,4,1,8009.0,4.12918,1.93,768.19,DWARF,2,3.189728,2074
TIC 341452524,341452524,100,100,9.92,203.0772,-70.4554,3,3,9724.0,4.01004,2.48,914.283,DWARF,2,3.190297,2075
TIC 335593388,335593388,100,100,9.78,194.7179,-69.0817,3,3,7518.0,4.14936,1.74,694.228,DWARF,2,3.191962,2076
TIC 342375120,342375120,100,100,12.14,204.3855,-66.2511,3,3,6426.0,2.42157,1.3,864.432,DWARF,2,3.196194,2077
TIC 384709136,384709136,100,100,12.75,257.613,-81.7083,4,2,6287.0,2.1049,1.23,1058.39,DWARF,2,3.196463,2078
TIC 360848597,360848597,100,100,9.26,241.3972,-71.1032,4,2,7630.44,4.70511,1.78,634.411,DWARF,2,3.19714,2079
TIC 425925195,425925195,100,100,9.24,235.4592,-72.4508,4,2,7655.58,4.7279,1.79,655.5,DWARF,2,3.197337,2080
TIC 336275380,336275380,100,100,9.74,195.8025,-68.144,3,3,9942.0,4.2164,2.54,895.799,DWARF,2,3.197884,2081
TIC 469811913,469811913,100,100,9.7,300.1897,-74.3648,4,3,9214.0,4.25797,2.34,919.994,DWARF,2,3.198405,2082
TIC 244952270,244952270,100,100,9.88,197.0498,-48.5735,3,1,7993.0,4.08819,1.93,801.343,DWARF,2,3.199062,2083
TIC 446278163,446278163,100,100,9.58,206.5497,-59.1189,3,4,8207.0,4.38872,2.01,666.667,DWARF,2,3.200676,2084
TIC 424416045,424416045,100,100,9.51,236.5727,-65.3209,4,1,7423.0,4.46179,1.7,690.82,DWARF,2,3.201018,2085
TIC 362384415,362384415,100,100,11.61,245.8773,-67.3444,4,1,7203.83,2.75203,1.61,1078.11,DWARF,2,3.201306,2086
TIC 253327702,253327702,100,100,10.32,195.9552,-54.6121,3,1,6329.0,3.71778,1.25,615.325,DWARF,2,3.204567,2087
TIC 460549082,460549082,100,100,9.96,190.1104,-62.166,3,2,8220.0,4.04536,2.01,701.68,DWARF,2,3.205914,2088
TIC 21114818,21114818,100,100,9.92,186.7562,-48.0303,2,2,8584.0,4.0844,2.14,905.405,DWARF,2,3.206257,2089
TIC 253327969,253327969,100,100,9.85,195.9294,-54.5379,3,1,7391.0,4.16029,1.69,688.101,DWARF,2,3.208247,2090
TIC 265633507,265633507,100,100,12.83,174.5697,-56.9626,3,2,6959.0,2.09494,1.52,1251.25,DWARF,2,3.208343,2091
TIC 259518267,259518267,100,100,9.55,223.314,-69.7889,4,2,9698.0,4.46407,2.47,907.819,DWARF,2,3.209462,2092
TIC 363212626,363212626,100,100,9.23,248.4568,-66.3709,4,1,6934.42,4.81686,1.51,602.739,DWARF,2,3.211528,2093
TIC 295602047,295602047,100,100,9.62,223.2541,-63.961,4,1,9002.0,4.41602,2.27,732.365,DWARF,2,3.214062,2094
TIC 360221713,360221713,100,100,12.78,262.3143,-59.1077,4,4,5369.0,2.13425,0.93,888.672,DWARF,2,3.214491,2095
TIC 302054555,302054555,100,100,12.47,260.0169,-67.4446,4,4,5575.23,2.30142,0.98,872.49,DWARF,2,3.217992,2096
TIC 342500557,342500557,100,100,9.26,204.7076,-70.1142,3,3,9611.0,4.82338,2.45,825.182,DWARF,2,3.218703,2097
TIC 256167068,256167068,100,100,9.78,199.4963,-55.5514,3,1,7780.0,4.28389,1.84,685.378,DWARF,2,3.219677,2098
TIC 360473750,360473750,100,100,12.66,188.9121,-72.682,3,3,6126.0,2.20816,1.16,966.604,DWARF,2,3.220061,2099
TIC 410881703,410881703,100,100,9.79,214.1337,-57.888,3,4,9621.0,4.27975,2.45,733.862,DWARF,2,3.220837,2100
TIC 241314675,241314675,100,100,9.81,203.9468,-50.3128,3,1,7548.0,4.26338,1.75,751.377,DWARF,2,3.221508,2101
TIC 297187431,297187431,100,100,9.93,224.3808,-65.044,4,1,8839.0,4.15429,2.22,821.618,DWARF,2,3.222994,2102
TIC 426655179,426655179,100,100,9.46,235.6325,-68.2269,4,1,7925.0,4.62969,1.9,769.304,DWARF,2,3.223104,2103
TIC 329834813,329834813,100,100,9.37,211.6378,-65.3228,3,4,7557.0,4.73836,1.75,657.168,DWARF,2,3.225256,2104
TIC 383235980,383235980,100,100,9.66,184.067,-61.5265,3,2,9795.0,4.43758,2.5,906.975,DWARF,2,3.226292,2105
TIC 447230209,447230209,100,100,9.81,250.5784,-62.5572,4,4,9561.0,4.30863,2.43,964.859,DWARF,2,3.230678,2106
TIC 253261624,253261624,100,100,9.35,195.492,-55.3967,3,1,8467.0,4.79039,2.1,729.769,DWARF,2,3.230742,2107
TIC 209913161,209913161,100,100,9.65,211.1906,-56.9488,3,4,7379.0,4.47786,1.68,656.643,DWARF,2,3.232141,2108
TIC 258812851,258812851,100,100,9.41,222.3148,-71.341,4,2,8730.0,4.7549,2.19,839.447,DWARF,2,3.236283,2109
TIC 467055554,467055554,100,100,11.1,167.5425,-60.4503,3,2,7077.0,3.22365,1.57,1046.35,DWARF,2,3.236696,2110
TIC 245356393,245356393,100,100,9.25,199.6331,-47.9687,3,1,8212.0,4.97044,2.01,751.421,DWARF,2,3.24279,2111
TIC 208220974,208220974,100,100,9.53,208.1665,-57.362,3,4,7854.0,4.66387,1.87,711.942,DWARF,2,3.243493,2112
TIC 448346251,448346251,100,100,9.95,210.1176,-70.4021,3,3,9895.0,4.23856,2.53,1042.22,DWARF,2,3.244437,2113
TIC 380005387,380005387,100,100,9.73,181.494,-63.3541,3,2,7409.0,4.47029,1.69,702.891,DWARF,2,3.246671,2114
TIC 350681083,350681083,100,100,9.78,246.4909,-60.9031,4,1,7914.0,4.43035,1.9,820.061,DWARF,2,3.248876,2115
TIC 404100521,404100521,100,100,9.37,220.8318,-65.0591,3,4,8791.0,4.87849,2.21,783.884,DWARF,2,3.250571,2116
TIC 448791564,448791564,100,100,9.72,213.6291,-71.8628,4,2,7554.0,4.50404,1.75,732.09,DWARF,2,3.251204,2117
TIC 419504629,419504629,100,100,9.46,191.3017,-55.7259,3,1,7862.0,4.78804,1.87,674.028,DWARF,2,3.252316,2118
TIC 295507430,295507430,100,100,11.98,171.2522,-66.488,3,2,5654.0,2.68056,1.0,738.075,DWARF,2,3.252451,2119
TIC 381237452,381237452,100,100,9.32,254.3839,-66.9664,4,4,8583.0,4.95752,2.14,850.038,DWARF,2,3.254529,2120
TIC 402127135,402127135,100,100,9.87,219.9191,-73.2254,4,2,7465.36,4.37473,1.71,705.592,DWARF,2,3.255903,2121
TIC 262375548,262375548,100,100,9.47,228.8236,-66.024,4,1,9205.0,4.80261,2.33,883.317,DWARF,2,3.256955,2122
TIC 296803977,296803977,100,100,9.43,223.8875,-60.2573,3,4,7364.0,4.86749,1.67,592.314,DWARF,2,3.26061,2123
TIC 423652327,423652327,100,100,9.69,235.392,-63.1012,4,1,8293.0,4.5891,2.04,828.718,DWARF,2,3.261455,2124
TIC 360220405,360220405,100,100,12.38,262.3119,-59.6652,4,4,7267.0,2.47477,1.64,1404.44,DWARF,2,3.26307,2125
TIC 302059584,302059584,100,100,9.95,260.4312,-66.8106,4,4,8054.0,4.33091,1.95,932.995,DWARF,2,3.263158,2126
TIC 447000187,447000187,100,100,9.73,233.7477,-67.4313,4,1,8894.0,4.56009,2.24,965.034,DWARF,2,3.263947,2127
TIC 387064447,387064447,100,100,9.77,273.3493,-70.9494,4,3,7912.0,4.53171,1.9,839.473,DWARF,2,3.266524,2128
TIC 337451193,337451193,100,100,11.01,215.2843,-60.9335,3,4,6832.0,3.40749,1.48,906.481,DWARF,2,3.266869,2129
TIC 420369105,420369105,100,100,12.17,251.0371,-58.9846,4,4,7566.0,2.61227,1.75,1324.29,DWARF,2,3.268036,2130
TIC 207781988,207781988,100,100,9.7,207.1834,-54.843,3,4,8477.0,4.61578,2.11,803.439,DWARF,2,3.26849,2131
TIC 68518080,68518080,100,100,9.6,202.736,-59.0221,3,4,9400.0,4.75163,2.39,847.662,DWARF,2,3.273685,2132
TIC 467050003,467050003,100,100,11.82,167.4673,-60.9658,3,2,7185.0,2.85025,1.61,1196.61,DWARF,2,3.273766,2133
TIC 262652067,262652067,100,100,10.35,229.3447,-66.757,4,1,6587.0,4.06416,1.37,766.331,DWARF,2,3.287942,2134
TIC 166557393,166557393,100,100,9.72,192.9716,-48.0811,3,1,9352.0,4.69925,2.37,1001.79,DWARF,2,3.288057,2135
TIC 343422416,343422416,100,100,9.52,206.2293,-68.472,3,3,9910.0,4.92833,2.53,987.818,DWARF,2,3.2894,2136
TIC 209710449,209710449,100,100,9.69,210.7861,-55.0077,3,4,7493.0,4.74648,1.73,749.503,DWARF,2,3.290743,2137
TIC 260777243,260777243,100,100,10.55,189.0936,-52.4954,3,1,6803.0,3.89978,1.46,828.541,DWARF,2,3.29208,2138
TIC 253123935,253123935,100,100,9.53,194.7222,-58.8371,3,1,9842.0,4.93238,2.52,889.278,DWARF,2,3.292113,2139
TIC 334926282,334926282,100,100,9.98,193.9764,-68.4858,3,3,7534.0,4.45751,1.74,832.893,DWARF,2,3.294185,2140
TIC 90722601,90722601,100,100,9.91,216.449,-57.2979,3,4,7465.0,4.55369,1.71,672.107,DWARF,2,3.298727,2141
TIC 449107129,449107129,100,100,11.9,216.4711,-69.8359,4,2,8653.0,2.88208,2.16,1340.01,DWARF,2,3.299412,2142
TIC 208091447,208091447,100,100,12.39,207.8925,-59.7628,3,4,8608.0,2.59574,2.15,1206.98,DWARF,2,3.306522,2143
TIC 451483379,451483379,100,100,10.3,171.5913,-55.072,3,2,6670.0,4.21084,1.41,729.781,DWARF,2,3.308737,2144
TIC 339520743,339520743,100,100,9.77,200.1936,-67.4967,3,3,9956.0,4.76264,2.55,949.24,DWARF,2,3.309696,2145
TIC 334932819,334932819,100,100,10.41,194.0362,-69.9928,3,3,5889.0,4.13524,1.07,649.292,DWARF,2,3.315001,2146
TIC 403034312,403034312,100,100,9.97,226.8425,-74.2534,4,2,8051.0,4.58967,1.95,952.469,DWARF,2,3.317563,2147
TIC 253460519,253460519,100,100,9.67,196.9426,-55.9255,3,1,8676.0,4.91821,2.17,884.788,DWARF,2,3.317614,2148
TIC 336278483,336278483,100,100,9.77,195.6777,-68.7403,3,3,7818.0,4.82686,1.86,851.292,DWARF,2,3.321329,2149
TIC 448346488,448346488,100,100,9.88,210.1437,-70.3381,3,3,8546.0,4.71633,2.13,978.828,DWARF,2,3.323208,2150
TIC 359208940,359208940,100,100,10.53,181.8251,-72.0563,3,3,6798.0,4.06678,1.46,767.68,DWARF,2,3.324501,2151
TIC 286496075,286496075,100,100,9.94,185.9796,-69.6713,3,3,9792.0,4.66109,2.5,1080.93,DWARF,2,3.324975,2152
TIC 293179708,293179708,100,100,9.87,221.7335,-64.7548,4,1,7954.0,4.77783,1.91,836.039,DWARF,2,3.332461,2153
TIC 263210597,263210597,100,100,9.82,230.594,-66.0829,4,1,9779.0,4.83826,2.5,1139.95,DWARF,2,3.333378,2154
TIC 209659381,209659381,100,100,9.8,210.8018,-57.7198,3,4,7808.0,4.8654,1.85,801.525,DWARF,2,3.334237,2155
TIC 324931765,324931765,100,100,9.93,282.8339,-67.9735,4,3,8083.0,4.72338,1.96,1010.66,DWARF,2,3.334506,2156
TIC 456987804,456987804,100,100,9.73,201.6494,-59.1246,3,4,8302.0,4.96866,2.04,830.29,DWARF,2,3.338479,2157
TIC 187726683,187726683,100,100,9.92,220.5244,-59.8422,3,4,9102.0,4.76319,2.3,1028.08,DWARF,2,3.339796,2158
TIC 439259308,439259308,100,100,10.63,195.5986,-65.8279,3,3,6771.0,4.05454,1.45,823.928,DWARF,2,3.341883,2159
TIC 329547029,329547029,100,100,9.76,192.0373,-70.3251,3,3,9911.0,4.96356,2.54,1082.06,DWARF,2,3.343587,2160
TIC 466358318,466358318,100,100,11.01,165.7934,-62.2076,3,2,9093.0,3.7458,2.3,1286.62,DWARF,2,3.349089,2161
TIC 401921618,401921618,100,100,9.81,218.2332,-72.5118,4,2,7392.0,4.94318,1.69,827.612,DWARF,2,3.350013,2162
TIC 447038024,447038024,100,100,9.94,238.3501,-66.3707,4,1,7506.06,4.81075,1.73,863.289,DWARF,2,3.352426,2163
TIC 259526570,259526570,100,100,9.81,223.8425,-70.9876,4,2,9646.0,4.97336,2.46,1159.85,DWARF,2,3.3553,2164
TIC 292349703,292349703,100,100,11.56,221.4257,-65.8513,4,1,5965.0,3.33518,1.09,854.397,DWARF,2,3.358239,2165
TIC 327919010,327919010,100,100,11.61,189.7749,-66.0957,3,3,8843.0,3.30655,2.22,1319.91,DWARF,2,3.36075,2166
TIC 447119986,447119986,100,100,9.87,239.2592,-67.0011,4,1,7378.07,4.97387,1.68,801.029,DWARF,2,3.367389,2167
TIC 350277537,350277537,100,100,9.93,246.1676,-63.9066,4,1,7827.0,4.9091,1.86,965.246,DWARF,2,3.368004,2168
TIC 451557719,451557719,100,100,11.52,171.7472,-59.5822,3,2,8679.0,3.42443,2.17,1459.29,DWARF,2,3.373177,2169
TIC 293339812,293339812,100,100,9.96,261.6453,-67.5079,4,4,8271.0,4.95571,2.03,1093.42,DWARF,2,3.382212,2170
TIC 467050742,467050742,100,100,11.29,167.48,-60.8945,3,2,7825.0,3.80172,1.86,1425.53,DWARF,2,3.41796,2171
TIC 392995938,392995938,100,100,11.67,218.2784,-60.0934,3,4,6808.0,3.51809,1.47,1025.24,DWARF,2,3.426614,2172
TIC 245027119,245027119,100,100,11.18,197.58,-48.9089,3,1,5961.0,4.53645,1.09,1018.11,DWARF,2,3.549432,2173
TIC 467232553,467232553,100,100,11.68,167.8343,-61.6837,3,2,11049.0,4.08721,2.88,2319.9,DWARF,2,3.558854,2174
TIC 468241262,468241262,100,100,11.97,170.2877,-60.5371,3,2,7695.0,4.47533,1.81,2213.6,DWARF,2,3.69565,2175
TIC 291519276,291519276,100,100,7.28,261.191,-59.2137,4,4,,,,173.04,DWARF,2,999.0,2176
TIC 329316212,329316212,100,100,7.81,191.8274,-66.2374,3,3,5236.0,,,35.95829,DWARF,2,999.0,2177
TIC 410654298,410654298,100,100,7.81,177.0042,-66.1136,3,2,5234.0,,,35.76538,DWARF,2,999.0,2178
TIC 258817836,258817836,100,100,8.02,222.6268,-70.5353,4,2,5782.0,,,51.7547,DWARF,2,999.0,2179
TIC 425695184,425695184,100,100,8.03,233.4033,-76.7821,4,2,5691.0,,,170.357758,DWARF,2,999.0,2180
TIC 423426730,423426730,100,100,8.08,235.119,-63.8382,4,1,,,,242.994,DWARF,2,999.0,2181
TIC 253275342,253275342,100,100,8.13,195.796,-56.1107,3,1,,,,258.454,DWARF,2,999.0,2182
TIC 296944238,296944238,100,100,8.22,178.8383,-71.8271,3,3,,,,226.39,DWARF,2,999.0,2183
TIC 309082111,309082111,100,100,8.29,168.1516,-58.644,3,2,,,,299.589,DWARF,2,999.0,2184
TIC 334438059,334438059,100,100,8.35,213.7719,-61.6531,3,4,,,,184.233,DWARF,2,999.0,2185
TIC 315451289,315451289,100,100,8.47,171.1993,-64.0971,3,2,,,,110.654,DWARF,2,999.0,2186
TIC 310731963,310731963,100,100,8.58,254.438,-72.6194,4,3,5278.0,,,54.7067,DWARF,2,999.0,2187
TIC 429235355,429235355,100,100,8.65,184.1157,-50.1433,2,2,5577.0,,,75.4189,DWARF,2,999.0,2188
TIC 440817830,440817830,100,100,8.73,196.7239,-61.9439,3,4,,,,140.503,DWARF,2,999.0,2189
TIC 439173767,439173767,100,100,8.87,195.4834,-64.6269,3,3,,,,204.255,DWARF,2,999.0,2190
TIC 72178247,72178247,100,100,9.24,186.4357,-46.8862,2,2,,,,135.840073,DWARF,2,999.0,2191
TIC 291376150,291376150,100,100,9.28,247.0456,-75.3087,4,2,,,,,DWARF,2,999.0,2192
TIC 449124370,449124370,100,100,9.35,216.622,-68.7881,3,3,,,,172.815,DWARF,2,999.0,2193
TIC 319783222,319783222,100,100,9.51,204.9737,-63.7748,3,4,,,,,DWARF,2,999.0,2194
TIC 268894000,268894000,100,100,9.54,177.4924,-59.8008,3,2,,,,,DWARF,2,999.0,2195
TIC 412167890,412167890,100,100,9.7,180.939,-66.5938,3,3,,,,183.689,DWARF,2,999.0,2196
TIC 144289335,144289335,100,100,9.73,189.3167,-40.8145,2,2,,,,,DWARF,2,999.0,2197
TIC 320863824,320863824,100,100,9.95,205.5514,-63.7141,3,4,,,,624.437,DWARF,2,999.0,2198
TIC 383089500,383089500,100,100,10.29,183.6387,-60.4114,3,2,,,,585.374,DWARF,2,999.0,2199
TIC 440715308,440715308,100,100,10.47,196.7861,-64.4285,3,3,,,,,DWARF,2,999.0,2200
TIC 447651236,447651236,100,100,10.68,254.4222,-63.2113,4,4,,,,155.486,DWARF,2,999.0,2201
TIC 288281452,288281452,100,100,10.88,187.2784,-49.9747,3,1,,,,,DWARF,2,999.0,2202
TIC 323485429,323485429,100,100,11.3,176.4743,-64.844,3,2,,,,4.63464,DWARF,2,999.0,2203
TIC 209707800,209707800,100,100,11.72,210.8842,-55.4431,3,4,,,,,DWARF,2,999.0,2204
TIC 419572753,419572753,100,100,12.05,191.1671,-56.8031,3,1,,,,,DWARF,2,999.0,2205
TIC 296850254,296850254,100,100,12.13,176.6483,-70.3358,3,3,,,,330.511,DWARF,2,999.0,2206
TIC 365660822,365660822,100,100,12.3,274.7516,-63.3007,4,4,,,,334.903,DWARF,2,999.0,2207
TIC 178657161,178657161,100,100,12.49,165.8589,-44.2687,2,1,,,,575.478,DWARF,2,999.0,2208
TIC 328235904,328235904,100,100,12.49,190.463,-68.7464,3,3,,,,,DWARF,2,999.0,2209
TIC 467244015,467244015,100,100,12.52,167.8473,-60.5522,3,2,,,,661.179,DWARF,2,999.0,2210
TIC 272645619,272645619,100,100,12.56,161.4334,-52.5381,2,1,,,,707.151,DWARF,2,999.0,2211
TIC 260776145,260776145,100,100,12.59,189.1824,-52.057,3,1,,,,655.714,DWARF,2,999.0,2212
TIC 317538297,317538297,100,100,12.59,172.4675,-63.3204,3,2,,,,1389.0,DWARF,2,999.0,2213
TIC 360148823,360148823,100,100,12.63,187.0531,-75.9184,3,3,,,,,DWARF,2,999.0,2214
TIC 210681065,210681065,100,100,12.64,212.6142,-56.9824,3,4,,,,1175.45,DWARF,2,999.0,2215
TIC 147092818,147092818,100,100,12.75,161.9452,-47.0249,2,1,,,,744.917,DWARF,2,999.0,2216
TIC 411943564,411943564,100,100,12.8,189.8242,-57.5935,3,1,,,,610.158,DWARF,2,999.0,2217
TIC 396316939,396316939,100,100,12.87,212.3459,-73.5351,4,2,,,,438.015,DWARF,2,999.0,2218
TIC 267712001,267712001,100,100,12.88,176.2915,-55.4988,3,2,,,,718.133,DWARF,2,999.0,2219
TIC 307888842,307888842,100,100,12.93,180.05,-61.6561,3,2,,,,868.982,DWARF,2,999.0,2220
TIC 362322837,362322837,100,100,12.95,245.4181,-67.9578,4,1,4534.83,0.639645,,,UNKNOWN,3,2.201878,2221
TIC 404218795,404218795,100,100,9.07,303.3828,-74.1081,4,3,6097.25,1.91737,,171.934,UNKNOWN,3,2.379412,2222
TIC 93839949,93839949,100,100,8.04,176.1588,-49.4177,2,1,4870.0,,,33.7912,SUBGIANT,4,999.0,2223
TIC 305589124,305589124,100,100,8.12,262.876,-60.4404,4,4,6856.0,,,107.327,SUBGIANT,4,999.0,2224
TIC 146842334,146842334,100,100,11.76,160.8964,-47.2563,2,1,6225.0,,,924.89,SUBGIANT,4,999.0,2225
TIC 455667423,455667423,100,100,7.01,229.5275,-60.0942,4,1,,,,945.664,UNKNOWN,5,999.0,2226
TIC 319936228,319936228,100,100,7.05,174.4517,-63.3232,3,2,,,,2489.74,UNKNOWN,5,999.0,2227
TIC 291675179,291675179,100,100,7.11,218.1288,-55.4638,3,4,7588.0,,,120.2,UNKNOWN,5,999.0,2228
TIC 322916880,322916880,100,100,7.14,206.4626,-63.958,3,4,,,,2384.89,UNKNOWN,5,999.0,2229
TIC 319935128,319935128,100,100,7.2,174.5948,-63.2008,3,2,,,,2527.33,UNKNOWN,5,999.0,2230
TIC 322419186,322419186,100,100,7.2,175.9969,-62.539,3,2,,,,2769.68,UNKNOWN,5,999.0,2231
TIC 323077171,323077171,100,100,7.21,206.6356,-62.9234,3,4,,,,1620.06,UNKNOWN,5,999.0,2232
TIC 311729566,311729566,100,100,7.29,181.4578,-69.5731,3,3,13190.0,,,2907.16,UNKNOWN,5,999.0,2233
TIC 466353921,466353921,100,100,7.39,165.7902,-61.7687,3,2,,,,9662.2,UNKNOWN,5,999.0,2234
TIC 264026296,264026296,100,100,7.46,216.9447,-59.6324,3,4,,,,2596.92,UNKNOWN,5,999.0,2235
TIC 320732668,320732668,100,100,7.46,174.9581,-63.4788,3,2,,,,2890.55,UNKNOWN,5,999.0,2236
TIC 308337111,308337111,100,100,7.5,180.4055,-63.5634,3,2,,,,3514.09,UNKNOWN,5,999.0,2237
TIC 397221078,397221078,100,100,7.53,219.1579,-60.9666,3,4,,,,3966.57,UNKNOWN,5,999.0,2238
TIC 343522290,343522290,100,100,7.56,206.3265,-66.7547,3,3,12864.0,,,511.92,UNKNOWN,5,999.0,2239
TIC 208692486,208692486,100,100,7.7,208.968,-59.3712,3,4,,,,1469.62,UNKNOWN,5,999.0,2240
TIC 263782440,263782440,100,100,7.7,231.3837,-66.0373,4,1,4798.0,,,275.664,UNKNOWN,5,999.0,2241
TIC 433838033,433838033,100,100,7.7,190.8137,-61.6489,3,2,,,,1924.0,UNKNOWN,5,999.0,2242
TIC 467480241,467480241,100,100,7.7,168.5984,-61.1595,3,2,,,,2765.29,UNKNOWN,5,999.0,2243
TIC 467059272,467059272,100,100,7.72,167.5096,-60.0951,3,2,,,,907.508,UNKNOWN,5,999.0,2244
TIC 467640226,467640226,100,100,7.77,168.8103,-60.1646,3,2,,,,4564.66,UNKNOWN,5,999.0,2245
TIC 263422831,263422831,100,100,7.79,216.7863,-59.7365,3,4,,,,2833.57,UNKNOWN,5,999.0,2246
TIC 319355879,319355879,100,100,7.79,174.3446,-63.1496,3,2,,,,1735.75,UNKNOWN,5,999.0,2247
TIC 320229746,320229746,100,100,7.88,174.84,-63.2809,3,2,,,,2787.3,UNKNOWN,5,999.0,2248
TIC 241398115,241398115,100,100,7.93,204.9717,-53.4665,3,1,,,,,UNKNOWN,5,999.0,2249
TIC 76313563,76313563,100,100,7.96,269.3827,-57.6651,4,4,5298.0,,,42.0824,UNKNOWN,5,999.0,2250
TIC 319376730,319376730,100,100,7.96,204.9169,-63.2786,3,4,,,,2352.65,UNKNOWN,5,999.0,2251
TIC 449526185,449526185,100,100,7.96,200.5432,-61.3894,3,4,,,,2011.15,UNKNOWN,5,999.0,2252
TIC 342713122,342713122,100,100,7.97,240.2396,-65.8957,4,1,4974.0,,,309.528,UNKNOWN,5,999.0,2253
TIC 318670307,318670307,100,100,7.98,173.325,-63.1045,3,2,,,,2650.49,UNKNOWN,5,999.0,2254
TIC 438719190,438719190,100,100,7.98,201.3009,-51.8418,3,1,,,,1612.58,UNKNOWN,5,999.0,2255
TIC 466886542,466886542,100,100,7.99,167.098,-61.2849,3,2,,,,3411.43,UNKNOWN,5,999.0,2256
TIC 386357384,386357384,100,100,8.01,216.9127,-61.1619,3,4,,,,564.479,UNKNOWN,5,999.0,2257
TIC 321934356,321934356,100,100,8.02,175.707,-64.0839,3,2,,,,1001.38,UNKNOWN,5,999.0,2258
TIC 360258278,360258278,100,100,8.03,187.6986,-73.5719,3,3,3147.0,,,1202.59,UNKNOWN,5,999.0,2259
TIC 443410592,443410592,100,100,8.03,199.3522,-61.0709,3,4,,,,2283.75,UNKNOWN,5,999.0,2260
TIC 301452641,301452641,100,100,8.04,256.2851,-70.8052,4,3,3260.0,,,1540.06,UNKNOWN,5,999.0,2261
TIC 320725097,320725097,100,100,8.04,174.8711,-62.6381,3,2,,,,3786.7,UNKNOWN,5,999.0,2262
TIC 420200378,420200378,100,100,8.04,192.3752,-59.5509,3,1,3253.0,,,1025.19,UNKNOWN,5,999.0,2263
TIC 426234513,426234513,100,100,8.04,239.6106,-73.148,4,2,14150.0,,,516.904,UNKNOWN,5,999.0,2264
TIC 316373804,316373804,100,100,8.05,171.7642,-62.9424,3,2,,,,1461.5,UNKNOWN,5,999.0,2265
TIC 257573215,257573215,100,100,8.07,291.8964,-78.2209,4,3,6157.92,,,69.7261,UNKNOWN,5,999.0,2266
TIC 395746133,395746133,100,100,8.07,208.9621,-77.8026,4,2,,,,1598.01,UNKNOWN,5,999.0,2267
TIC 253305687,253305687,100,100,8.09,195.9723,-58.9713,3,1,13028.0,,,1115.67,UNKNOWN,5,999.0,2268
TIC 305896243,305896243,100,100,8.1,178.8401,-63.7036,3,2,,,,957.395,UNKNOWN,5,999.0,2269
TIC 407774530,407774530,100,100,8.1,274.6951,-69.5991,4,3,12395.0,,,318.704,UNKNOWN,5,999.0,2270
TIC 319354825,319354825,100,100,8.11,174.3505,-63.2758,3,2,,,,2031.27,UNKNOWN,5,999.0,2271
TIC 210183275,210183275,100,100,8.12,211.5507,-54.2068,3,4,,,,508.038,UNKNOWN,5,999.0,2272
TIC 241361373,241361373,100,100,8.12,204.6134,-51.5521,3,1,12956.0,,,626.891,UNKNOWN,5,999.0,2273
TIC 337147864,337147864,100,100,8.12,196.9549,-68.8919,3,3,,,,1674.91,UNKNOWN,5,999.0,2274
TIC 406506263,406506263,100,100,8.13,198.0728,-59.9207,3,4,12794.0,,,382.109,UNKNOWN,5,999.0,2275
TIC 260196460,260196460,100,100,8.14,224.7022,-71.8628,4,2,3040.0,,,1571.7,UNKNOWN,5,999.0,2276
TIC 340606526,340606526,100,100,8.14,201.6197,-70.5401,3,3,4907.0,,,570.536,UNKNOWN,5,999.0,2277
TIC 340228117,340228117,100,100,8.15,201.422,-71.1155,3,3,4533.0,,,640.34,UNKNOWN,5,999.0,2278
TIC 306624254,306624254,100,100,8.17,166.9197,-56.6606,3,2,13410.0,,,1171.5,UNKNOWN,5,999.0,2279
TIC 337229033,337229033,100,100,8.17,197.3081,-71.5201,3,3,3044.0,,,1356.44,UNKNOWN,5,999.0,2280
TIC 339847182,339847182,100,100,8.18,237.5423,-61.0452,4,1,3081.0,,,1120.04,UNKNOWN,5,999.0,2281
TIC 361565504,361565504,100,100,8.18,243.1796,-71.5752,4,2,12099.0,,,512.168,UNKNOWN,5,999.0,2282
TIC 455431355,455431355,100,100,8.18,229.1862,-63.3488,4,1,,,,534.694,UNKNOWN,5,999.0,2283
TIC 303495210,303495210,100,100,8.19,159.786,-51.4035,2,1,,,,837.01,UNKNOWN,5,999.0,2284
TIC 317939771,317939771,100,100,8.19,172.9062,-61.056,3,2,3006.0,,,1116.88,UNKNOWN,5,999.0,2285
TIC 381258757,381258757,100,100,8.19,182.4589,-63.9158,3,2,,,,2028.26,UNKNOWN,5,999.0,2286
TIC 309530057,309530057,100,100,8.21,184.5706,-63.2801,3,2,,,,254.452927,UNKNOWN,5,999.0,2287
TIC 298281735,298281735,100,100,8.22,242.4406,-64.5663,4,1,,,,1210.53,UNKNOWN,5,999.0,2288
TIC 374095457,374095457,100,100,8.22,159.9329,-48.9967,2,1,,,,634.714,UNKNOWN,5,999.0,2289
TIC 455809865,455809865,100,100,8.23,230.0392,-62.1861,4,1,13153.0,,,670.127,UNKNOWN,5,999.0,2290
TIC 449124083,449124083,100,100,8.24,216.5853,-68.8549,3,3,14474.0,,,813.249,UNKNOWN,5,999.0,2291
TIC 466528132,466528132,100,100,8.24,166.3598,-61.4345,3,2,,,,7831.86,UNKNOWN,5,999.0,2292
TIC 379118953,379118953,100,100,8.25,180.7956,-63.0542,3,2,,,,2760.52,UNKNOWN,5,999.0,2293
TIC 257894586,257894586,100,100,8.26,220.6463,-67.9171,4,1,3139.0,,,1023.8,UNKNOWN,5,999.0,2294
TIC 448209311,448209311,100,100,8.26,208.7917,-68.8821,3,3,12839.0,,,773.566,UNKNOWN,5,999.0,2295
TIC 449943197,449943197,100,100,8.26,168.2492,-58.7553,3,2,,,,3044.66,UNKNOWN,5,999.0,2296
TIC 332895039,332895039,100,100,8.27,213.0962,-63.9976,3,4,3051.0,,,1646.02,UNKNOWN,5,999.0,2297
TIC 350960965,350960965,100,100,8.29,246.9238,-62.0526,4,1,,,,1637.52,UNKNOWN,5,999.0,2298
TIC 383420368,383420368,100,100,8.29,184.034,-65.6682,3,3,,,,1855.35,UNKNOWN,5,999.0,2299
TIC 411086700,411086700,100,100,8.29,160.7699,-48.6195,2,1,,,,980.79,UNKNOWN,5,999.0,2300
TIC 291915954,291915954,100,100,8.3,218.1055,-59.1127,3,4,,,,1446.69,UNKNOWN,5,999.0,2301
TIC 425321179,425321179,100,100,8.3,191.0544,-56.232,3,1,,,,1075.95,UNKNOWN,5,999.0,2302
TIC 318667559,318667559,100,100,8.32,173.2027,-63.4556,3,2,,,,3130.14,UNKNOWN,5,999.0,2303
TIC 169786455,169786455,100,100,8.34,194.401,-49.7806,3,1,13848.0,,,2112.24,UNKNOWN,5,999.0,2304
TIC 304803692,304803692,100,100,8.34,178.1198,-61.5241,3,2,,,,1846.35,UNKNOWN,5,999.0,2305
TIC 344130061,344130061,100,100,8.34,279.1517,-75.851,4,3,3268.0,,,1659.55,UNKNOWN,5,999.0,2306
TIC 451444491,451444491,100,100,8.34,171.6537,-59.4371,3,2,,,,3585.94,UNKNOWN,5,999.0,2307
TIC 317795621,317795621,100,100,8.36,172.7787,-62.9469,3,2,,,,1264.49,UNKNOWN,5,999.0,2308
TIC 322919957,322919957,100,100,8.36,206.5509,-63.6637,3,4,,,,427.092,UNKNOWN,5,999.0,2309
TIC 271293350,271293350,100,100,8.37,186.6222,-58.1088,3,2,,,,718.465,UNKNOWN,5,999.0,2310
TIC 413284814,413284814,100,100,8.37,214.7892,-56.9217,3,4,,,,771.294,UNKNOWN,5,999.0,2311
TIC 61983733,61983733,100,100,8.38,178.0039,-43.9585,2,2,5507.0,,,80.4278,UNKNOWN,5,999.0,2312
TIC 94090049,94090049,100,100,8.38,176.6779,-53.1584,2,1,5471.0,,,127.97,UNKNOWN,5,999.0,2313
TIC 21825806,21825806,100,100,8.39,181.6979,-44.7064,2,2,3209.0,,,1128.19,UNKNOWN,5,999.0,2314
TIC 260437617,260437617,100,100,8.39,225.2917,-66.6421,4,1,3204.0,,,1267.73,UNKNOWN,5,999.0,2315
TIC 319936861,319936861,100,100,8.39,174.5506,-63.3908,3,2,,,,2701.11,UNKNOWN,5,999.0,2316
TIC 321947833,321947833,100,100,8.39,175.7052,-62.5653,3,2,,,,2618.36,UNKNOWN,5,999.0,2317
TIC 384578179,384578179,100,100,8.39,216.3707,-63.8915,3,4,3156.0,,,2128.44,UNKNOWN,5,999.0,2318
TIC 210854188,210854188,100,100,8.4,212.9626,-54.306,3,4,3858.0,,,751.806,UNKNOWN,5,999.0,2319
TIC 208101888,208101888,100,100,8.41,207.8915,-58.5395,3,4,,,,4395.17,UNKNOWN,5,999.0,2320
TIC 305447083,305447083,100,100,8.41,165.9189,-59.4331,3,2,,,,4007.33,UNKNOWN,5,999.0,2321
TIC 327644120,327644120,100,100,8.42,210.6757,-63.004,3,4,,,,2771.44,UNKNOWN,5,999.0,2322
TIC 311450036,311450036,100,100,8.43,185.6792,-65.4356,3,3,,,,2566.02,UNKNOWN,5,999.0,2323
TIC 429294217,429294217,100,100,8.43,184.2515,-51.6281,3,1,3184.0,,,882.178,UNKNOWN,5,999.0,2324
TIC 15370489,15370489,100,100,8.44,185.1127,-51.974,3,1,8152.0,,,266.997,UNKNOWN,5,999.0,2325
TIC 309191721,309191721,100,100,8.44,184.5195,-60.6748,3,2,6357.0,,,1012.58,UNKNOWN,5,999.0,2326
TIC 325970543,325970543,100,100,8.44,209.8437,-64.5855,3,4,,,,1270.96,UNKNOWN,5,999.0,2327
TIC 413514166,413514166,100,100,8.45,231.9345,-59.1089,4,1,,,,804.484,UNKNOWN,5,999.0,2328
TIC 455776469,455776469,100,100,8.45,230.1076,-65.1753,4,1,3203.0,,,2345.59,UNKNOWN,5,999.0,2329
TIC 313085136,313085136,100,100,8.47,201.8853,-63.5394,3,4,,,,2052.53,UNKNOWN,5,999.0,2330
TIC 264014201,264014201,100,100,8.48,216.9714,-58.431,3,4,13663.0,,,506.474,UNKNOWN,5,999.0,2331
TIC 81848440,81848440,100,100,8.5,168.1274,-51.7257,2,1,12582.0,,,490.725,UNKNOWN,5,999.0,2332
TIC 317053810,317053810,100,100,8.53,172.3761,-62.3749,3,2,,,,2264.74,UNKNOWN,5,999.0,2333
TIC 322078735,322078735,100,100,8.53,175.6055,-62.4771,3,2,,,,2656.57,UNKNOWN,5,999.0,2334
TIC 402856068,402856068,100,100,8.53,225.2307,-73.7942,4,2,13215.0,,,565.915,UNKNOWN,5,999.0,2335
TIC 380733445,380733445,100,100,8.54,206.973,-60.8822,3,4,,,,1196.81,UNKNOWN,5,999.0,2336
TIC 317642317,317642317,100,100,8.57,172.7954,-65.7423,3,2,,,,2230.04,UNKNOWN,5,999.0,2337
TIC 442942730,442942730,100,100,8.57,198.4193,-62.5984,3,4,,,,3707.11,UNKNOWN,5,999.0,2338
TIC 314224222,314224222,100,100,8.6,184.4649,-69.2195,3,3,,,,847.988,UNKNOWN,5,999.0,2339
TIC 365470522,365470522,100,100,8.62,273.675,-61.6374,4,4,7771.0,,,276.298,UNKNOWN,5,999.0,2340
TIC 308760236,308760236,100,100,8.68,184.1531,-64.5165,3,2,,,,2335.12,UNKNOWN,5,999.0,2341
TIC 409951855,409951855,100,100,8.7,213.8858,-57.5596,3,4,,,,910.145,UNKNOWN,5,999.0,2342
TIC 400700797,400700797,100,100,8.71,220.0731,-64.8335,3,4,13937.0,,,2548.62,UNKNOWN,5,999.0,2343
TIC 459088023,459088023,100,100,8.71,161.7477,-54.8312,2,1,12020.0,,,2095.93,UNKNOWN,5,999.0,2344
TIC 327330778,327330778,100,100,8.72,210.6497,-60.3877,3,4,,,,1885.06,UNKNOWN,5,999.0,2345
TIC 957075492,957075492,100,100,8.72,199.4341,-71.2278,3,3,,,,630.019,UNKNOWN,5,999.0,2346
TIC 411685204,411685204,100,100,8.73,189.3197,-56.7882,3,1,,,,1074.16,UNKNOWN,5,999.0,2347
TIC 22723228,22723228,100,100,8.74,185.5812,-45.1637,2,2,8519.0,,,222.24,UNKNOWN,5,999.0,2348
TIC 253380837,253380837,100,100,8.74,196.3872,-56.8517,3,1,12220.0,,,1174.0,UNKNOWN,5,999.0,2349
TIC 292221593,292221593,100,100,8.74,278.6807,-65.9533,4,4,6002.0,,,230.525,UNKNOWN,5,999.0,2350
TIC 384802865,384802865,100,100,8.74,260.8096,-78.7249,4,3,,,,253.499,UNKNOWN,5,999.0,2351
TIC 40201342,40201342,100,100,8.75,227.3457,-59.9047,4,1,13895.0,,,1025.45,UNKNOWN,5,999.0,2352
TIC 450368257,450368257,100,100,8.75,168.6328,-59.0247,3,2,,,,4496.92,UNKNOWN,5,999.0,2353
TIC 516369654,516369654,100,100,8.76,184.5702,-63.2801,3,2,,,,,UNKNOWN,5,999.0,2354
TIC 306139502,306139502,100,100,8.78,179.0218,-62.7894,3,2,,,,3082.52,UNKNOWN,5,999.0,2355
TIC 361958013,361958013,100,100,8.78,196.0684,-77.851,4,2,3221.0,,,2313.35,UNKNOWN,5,999.0,2356
TIC 450359616,450359616,100,100,8.78,168.7276,-59.1749,3,2,,,,3378.65,UNKNOWN,5,999.0,2357
TIC 47459617,47459617,100,100,8.81,231.1035,-58.5894,4,1,,,,790.133,UNKNOWN,5,999.0,2358
TIC 436685533,436685533,100,100,8.82,193.7228,-65.8295,3,3,5662.0,,,143.111,UNKNOWN,5,999.0,2359
TIC 450276745,450276745,100,100,8.82,168.799,-59.4162,3,2,,,,2383.56,UNKNOWN,5,999.0,2360
TIC 451123979,451123979,100,100,8.82,170.6499,-58.9538,3,2,,,,2118.31,UNKNOWN,5,999.0,2361
TIC 466527712,466527712,100,100,8.82,166.2502,-61.3936,3,2,,,,2472.41,UNKNOWN,5,999.0,2362
TIC 269000190,269000190,100,100,8.83,177.3626,-55.5066,3,2,8555.0,,,293.766,UNKNOWN,5,999.0,2363
TIC 273385645,273385645,100,100,8.83,185.8356,-52.1802,3,1,5571.0,,,91.2984,UNKNOWN,5,999.0,2364
TIC 68179248,68179248,100,100,8.84,193.5915,-58.4306,3,1,6464.0,,,954.186,UNKNOWN,5,999.0,2365
TIC 309528896,309528896,100,100,8.84,184.7778,-63.165,3,2,,,,66.5449,UNKNOWN,5,999.0,2366
TIC 381747495,381747495,100,100,8.84,182.6254,-64.1009,3,2,13307.0,,,1627.42,UNKNOWN,5,999.0,2367
TIC 268477699,268477699,100,100,8.85,177.0212,-57.434,3,2,,,,2040.12,UNKNOWN,5,999.0,2368
TIC 328220018,328220018,100,100,8.86,210.9846,-61.0897,3,4,,,,920.973,UNKNOWN,5,999.0,2369
TIC 435219988,435219988,100,100,8.86,192.6609,-63.0763,3,3,,,,916.078,UNKNOWN,5,999.0,2370
TIC 327656776,327656776,100,100,8.88,189.8297,-71.6218,3,3,13144.0,,,1502.87,UNKNOWN,5,999.0,2371
TIC 39509106,39509106,100,100,8.89,227.0973,-58.6975,4,1,,,,903.85,UNKNOWN,5,999.0,2372
TIC 120859681,120859681,100,100,8.89,164.3488,-51.8277,2,1,,,,2101.49,UNKNOWN,5,999.0,2373
TIC 449658016,449658016,100,100,8.89,200.615,-60.2929,3,4,,,,129.319,UNKNOWN,5,999.0,2374
TIC 379007078,379007078,100,100,8.9,180.8554,-62.1711,3,2,,,,1876.03,UNKNOWN,5,999.0,2375
TIC 42741514,42741514,100,100,8.91,228.8328,-59.2332,4,1,,,,7916.21,UNKNOWN,5,999.0,2376
TIC 321795369,321795369,100,100,8.91,205.961,-65.3005,3,4,3231.0,,,1810.29,UNKNOWN,5,999.0,2377
TIC 456383746,456383746,100,100,8.92,231.5269,-63.4271,4,1,12600.0,,,597.397,UNKNOWN,5,999.0,2378
TIC 336606891,336606891,100,100,8.93,196.1131,-66.2261,3,3,14452.0,,,852.359,UNKNOWN,5,999.0,2379
TIC 260652853,260652853,100,100,8.94,186.6657,-48.3958,2,2,3040.0,,,2928.59,UNKNOWN,5,999.0,2380
TIC 304943076,304943076,100,100,8.94,178.4203,-60.267,3,2,,,,2413.44,UNKNOWN,5,999.0,2381
TIC 315798707,315798707,100,100,8.94,203.0358,-60.8154,3,4,,,,2004.16,UNKNOWN,5,999.0,2382
TIC 319219289,319219289,100,100,8.96,204.8153,-60.9839,3,4,,,,2330.36,UNKNOWN,5,999.0,2383
TIC 410492272,410492272,100,100,8.96,176.8359,-70.4162,3,3,,,,2992.9,UNKNOWN,5,999.0,2384
TIC 322418939,322418939,100,100,8.99,175.9538,-62.5145,3,2,,,,2946.02,UNKNOWN,5,999.0,2385
TIC 324252945,324252945,100,100,8.99,208.9744,-61.5038,3,4,,,,933.266,UNKNOWN,5,999.0,2386
TIC 450918869,450918869,100,100,9.0,187.275,-62.4667,3,2,,,,2989.74,UNKNOWN,5,999.0,2387
TIC 248112440,248112440,100,100,9.02,193.4755,-45.5099,3,1,3566.0,,,1942.76,UNKNOWN,5,999.0,2388
TIC 381257866,381257866,100,100,9.02,182.5045,-64.001,3,2,,,,2822.02,UNKNOWN,5,999.0,2389
TIC 382155357,382155357,100,100,9.02,286.1597,-68.2269,4,3,,,,1117.76,UNKNOWN,5,999.0,2390
TIC 434362297,434362297,100,100,9.04,191.0211,-61.6483,3,2,,,,2230.83,UNKNOWN,5,999.0,2391
TIC 442170794,442170794,100,100,9.04,197.7587,-60.1227,3,4,,,,2061.59,UNKNOWN,5,999.0,2392
TIC 118196094,118196094,100,100,9.05,272.1733,-59.2522,4,4,7772.0,,,650.693,UNKNOWN,5,999.0,2393
TIC 465739871,465739871,100,100,9.06,164.0439,-59.9303,3,2,,,,2392.29,UNKNOWN,5,999.0,2394
TIC 313399930,313399930,100,100,9.07,183.5681,-67.7413,3,3,,,,1713.98,UNKNOWN,5,999.0,2395
TIC 323951783,323951783,100,100,9.07,176.7266,-61.463,3,2,12524.0,,,2058.76,UNKNOWN,5,999.0,2396
TIC 439164152,439164152,100,100,9.08,195.6984,-63.8357,3,3,,,,2243.23,UNKNOWN,5,999.0,2397
TIC 439670072,439670072,100,100,9.09,196.15,-61.6715,3,4,,,,3414.42,UNKNOWN,5,999.0,2398
TIC 81400324,81400324,100,100,9.11,167.2282,-53.5245,2,1,,,,2567.12,UNKNOWN,5,999.0,2399
TIC 436285033,436285033,100,100,9.11,193.4897,-60.4161,3,1,,,,2017.76,UNKNOWN,5,999.0,2400
TIC 295717587,295717587,100,100,9.12,223.4611,-64.7745,4,1,3265.0,,,1151.9,UNKNOWN,5,999.0,2401
TIC 322415005,322415005,100,100,9.13,175.9874,-62.1381,3,2,,,,2709.36,UNKNOWN,5,999.0,2402
TIC 328063994,328063994,100,100,9.13,210.8041,-62.2607,3,4,,,,2442.78,UNKNOWN,5,999.0,2403
TIC 376749374,376749374,100,100,9.13,180.9994,-58.7225,3,2,,,,2450.31,UNKNOWN,5,999.0,2404
TIC 457400626,457400626,100,100,9.14,206.2963,-58.9629,3,4,,,,1348.58,UNKNOWN,5,999.0,2405
TIC 441769260,441769260,100,100,9.16,197.5809,-64.4566,3,3,,,,2419.11,UNKNOWN,5,999.0,2406
TIC 248129790,248129790,100,100,9.18,193.6307,-46.1269,3,1,6035.0,,,133.006,UNKNOWN,5,999.0,2407
TIC 433738620,433738620,100,100,9.19,190.5529,-60.6524,3,2,,,,2212.97,UNKNOWN,5,999.0,2408
TIC 454447461,454447461,100,100,9.19,226.3591,-65.9293,4,1,3064.0,,,1383.71,UNKNOWN,5,999.0,2409
TIC 91538397,91538397,100,100,9.2,171.0558,-47.9771,2,1,5868.0,,,105.074,UNKNOWN,5,999.0,2410
TIC 253360159,253360159,100,100,9.2,196.1317,-59.8245,3,1,,,,1906.27,UNKNOWN,5,999.0,2411
TIC 36259885,36259885,100,100,9.21,225.2739,-59.8951,4,1,,,,1213.12,UNKNOWN,5,999.0,2412
TIC 318266639,318266639,100,100,9.21,173.069,-62.5477,3,2,,,,4040.37,UNKNOWN,5,999.0,2413
TIC 448964322,448964322,100,100,9.23,215.1934,-66.3224,3,4,,,,1675.05,UNKNOWN,5,999.0,2414
TIC 209887981,209887981,100,100,9.25,211.2047,-57.9598,3,4,,,,1069.15,UNKNOWN,5,999.0,2415
TIC 311334494,311334494,100,100,9.26,185.5807,-63.6598,3,2,,,,1012.72,UNKNOWN,5,999.0,2416
TIC 449614628,449614628,100,100,9.26,200.7658,-63.0618,3,4,,,,2220.97,UNKNOWN,5,999.0,2417
TIC 406696133,406696133,100,100,9.3,198.3756,-58.3624,3,1,13675.0,,,2141.81,UNKNOWN,5,999.0,2418
TIC 460977279,460977279,100,100,9.3,232.2253,-60.8012,4,1,,,,3013.92,UNKNOWN,5,999.0,2419
TIC 315955586,315955586,100,100,9.31,203.3737,-61.4456,3,4,,,,2206.76,UNKNOWN,5,999.0,2420
TIC 325163738,325163738,100,100,9.32,177.3166,-63.0786,3,2,,,,2750.26,UNKNOWN,5,999.0,2421
TIC 449060404,449060404,100,100,9.32,215.9629,-69.9693,4,2,12379.0,,,741.501,UNKNOWN,5,999.0,2422
TIC 268027536,268027536,100,100,9.33,176.5108,-58.0871,3,2,,,,2176.13,UNKNOWN,5,999.0,2423
TIC 43460530,43460530,100,100,9.4,228.9084,-59.4012,4,1,13139.0,,,3239.68,UNKNOWN,5,999.0,2424
TIC 450609787,450609787,100,100,9.4,186.718,-60.7539,3,2,,,,1392.8,UNKNOWN,5,999.0,2425
TIC 37938281,37938281,100,100,9.41,226.2394,-58.6425,4,1,,,,998.479,UNKNOWN,5,999.0,2426
TIC 284374921,284374921,100,100,9.41,233.2271,-59.8073,4,1,,,,1333.27,UNKNOWN,5,999.0,2427
TIC 450798851,450798851,100,100,9.41,187.0841,-62.9576,3,2,,,,1779.34,UNKNOWN,5,999.0,2428
TIC 268465859,268465859,100,100,9.42,176.9207,-59.2361,3,2,,,,39.9377,UNKNOWN,5,999.0,2429
TIC 451999257,451999257,100,100,9.43,173.2039,-57.6775,3,2,7243.0,,,286.404,UNKNOWN,5,999.0,2430
TIC 362378537,362378537,100,100,9.44,245.7623,-69.3587,4,1,6480.0,,,139.602,UNKNOWN,5,999.0,2431
TIC 467817623,467817623,100,100,9.46,169.331,-61.511,3,2,12455.0,,,2392.82,UNKNOWN,5,999.0,2432
TIC 317794504,317794504,100,100,9.47,172.7614,-63.0794,3,2,,,,2860.79,UNKNOWN,5,999.0,2433
TIC 326161059,326161059,100,100,9.47,188.1012,-68.7498,3,3,,,,2212.7,UNKNOWN,5,999.0,2434
TIC 459123758,459123758,100,100,9.47,161.873,-55.7863,2,1,,,,2592.89,UNKNOWN,5,999.0,2435
TIC 334903224,334903224,100,100,9.49,213.9152,-62.2113,3,4,,,,1713.82,UNKNOWN,5,999.0,2436
TIC 441675318,441675318,100,100,9.49,197.4683,-61.1316,3,4,,,,2195.33,UNKNOWN,5,999.0,2437
TIC 449517017,449517017,100,100,9.49,200.4011,-60.5208,3,4,,,,2343.39,UNKNOWN,5,999.0,2438
TIC 67527206,67527206,100,100,9.51,182.1065,-57.2447,3,2,14262.0,,,723.456,UNKNOWN,5,999.0,2439
TIC 305104377,305104377,100,100,9.52,178.3913,-62.491,3,2,,,,1773.34,UNKNOWN,5,999.0,2440
TIC 320233974,320233974,100,100,9.52,174.6725,-62.8187,3,2,,,,2181.15,UNKNOWN,5,999.0,2441
TIC 441163023,441163023,100,100,9.53,196.9435,-64.2026,3,3,,,,2600.2,UNKNOWN,5,999.0,2442
TIC 45763487,45763487,100,100,9.54,230.1272,-57.955,4,1,,,,1596.6,UNKNOWN,5,999.0,2443
TIC 337724787,337724787,100,100,9.55,215.562,-62.411,3,4,,,,1891.41,UNKNOWN,5,999.0,2444
TIC 311328253,311328253,100,100,9.56,185.5877,-63.3329,3,2,,,,1324.91,UNKNOWN,5,999.0,2445
TIC 306386296,306386296,100,100,9.6,166.6439,-58.9201,3,2,13774.0,,,2583.98,UNKNOWN,5,999.0,2446
TIC 412546933,412546933,100,100,9.6,193.0769,-57.6442,3,1,,,,929.541,UNKNOWN,5,999.0,2447
TIC 448594570,448594570,100,100,9.6,211.7563,-68.5688,3,3,,,,3414.12,UNKNOWN,5,999.0,2448
TIC 306141305,306141305,100,100,9.61,179.2161,-62.6097,3,2,,,,2529.87,UNKNOWN,5,999.0,2449
TIC 452107356,452107356,100,100,9.62,173.3734,-59.4935,3,2,12453.0,,,2151.11,UNKNOWN,5,999.0,2450
TIC 456277548,456277548,100,100,9.62,231.1692,-63.6339,4,1,,,,5085.11,UNKNOWN,5,999.0,2451
TIC 317791613,317791613,100,100,9.63,172.7033,-63.4782,3,2,,,,3122.2,UNKNOWN,5,999.0,2452
TIC 454834333,454834333,100,100,9.63,227.4774,-65.5063,4,1,,,,2617.53,UNKNOWN,5,999.0,2453
TIC 261686130,261686130,100,100,9.64,185.9275,-57.4234,3,2,,,,1392.65,UNKNOWN,5,999.0,2454
TIC 271610589,271610589,100,100,9.64,233.1056,-60.5352,4,1,,,,3022.92,UNKNOWN,5,999.0,2455
TIC 179401672,179401672,100,100,9.66,188.0998,-61.709,3,2,,,,4203.64,UNKNOWN,5,999.0,2456
TIC 186818850,186818850,100,100,9.67,220.1434,-59.3271,3,4,,,,822.764,UNKNOWN,5,999.0,2457
TIC 220753460,220753460,100,100,9.67,245.8961,-58.8914,4,1,,,,209.493,UNKNOWN,5,999.0,2458
TIC 401184949,401184949,100,100,9.67,186.0855,-54.7315,3,1,,,,148.889,UNKNOWN,5,999.0,2459
TIC 1309555082,1309555082,100,100,9.67,256.3369,-81.1554,4,2,,,,53.739,UNKNOWN,5,999.0,2460
TIC 257036465,257036465,100,100,9.69,200.4197,-59.7856,3,4,,,,1754.27,UNKNOWN,5,999.0,2461
TIC 259844172,259844172,100,100,9.69,224.2263,-71.4117,4,2,5125.0,,,283.586,UNKNOWN,5,999.0,2462
TIC 299957854,299957854,100,100,9.71,208.1546,-62.3816,3,4,6769.0,,,374.112,UNKNOWN,5,999.0,2463
TIC 103458769,103458769,100,100,9.72,157.2957,-46.0893,2,1,,,,2231.29,UNKNOWN,5,999.0,2464
TIC 280246700,280246700,100,100,9.72,170.7624,-60.5205,3,2,12950.0,,,2926.84,UNKNOWN,5,999.0,2465
TIC 303492140,303492140,100,100,9.73,159.738,-52.4426,2,1,,,,2184.82,UNKNOWN,5,999.0,2466
TIC 305016046,305016046,100,100,9.73,261.2293,-61.0219,4,4,7931.0,,,447.383,UNKNOWN,5,999.0,2467
TIC 381259601,381259601,100,100,9.73,182.4678,-63.8302,3,2,,,,2484.98,UNKNOWN,5,999.0,2468
TIC 403907527,403907527,100,100,9.73,188.3851,-48.4358,3,1,,,,20.7926,UNKNOWN,5,999.0,2469
TIC 440710465,440710465,100,100,9.73,196.8215,-64.053,3,3,,,,1955.09,UNKNOWN,5,999.0,2470
TIC 459807846,459807846,100,100,9.73,163.5912,-58.07,3,2,13755.0,,,2401.02,UNKNOWN,5,999.0,2471
TIC 448962730,448962730,100,100,9.75,215.1267,-66.1203,3,4,13935.0,,,2174.31,UNKNOWN,5,999.0,2472
TIC 441875921,441875921,100,100,9.76,197.544,-65.2647,3,3,,,,3111.57,UNKNOWN,5,999.0,2473
TIC 304992548,304992548,100,100,9.77,165.7119,-59.3183,3,2,,,,2941.54,UNKNOWN,5,999.0,2474
TIC 264026330,264026330,100,100,9.78,216.9889,-59.6355,3,4,,,,2287.27,UNKNOWN,5,999.0,2475
TIC 466887289,466887289,100,100,9.79,167.2132,-61.3529,3,2,,,,4605.93,UNKNOWN,5,999.0,2476
TIC 449576953,449576953,100,100,9.82,200.4543,-65.046,3,3,,,,2199.31,UNKNOWN,5,999.0,2477
TIC 74986140,74986140,100,100,9.85,266.0617,-57.8356,4,4,,,,173.02,UNKNOWN,5,999.0,2478
TIC 308466959,308466959,100,100,9.85,184.0898,-60.3202,3,2,4626.0,,,1804.57,UNKNOWN,5,999.0,2479
TIC 460719374,460719374,100,100,9.86,191.6656,-61.1425,3,2,14650.0,,,1673.9,UNKNOWN,5,999.0,2480
TIC 363378214,363378214,100,100,9.9,249.1793,-66.3897,4,1,4504.0,,,58.1627,UNKNOWN,5,999.0,2481
TIC 436272241,436272241,100,100,9.9,193.4457,-60.3099,3,1,,,,2041.33,UNKNOWN,5,999.0,2482
TIC 38550194,38550194,100,100,9.91,226.4435,-58.382,4,1,3268.0,,,2856.46,UNKNOWN,5,999.0,2483
TIC 292765671,292765671,100,100,9.95,221.6188,-60.7885,3,4,12980.0,,,1595.87,UNKNOWN,5,999.0,2484
TIC 440714949,440714949,100,100,9.97,196.7818,-63.5287,3,3,,,,2681.11,UNKNOWN,5,999.0,2485
TIC 447625280,447625280,100,100,9.97,254.2457,-60.4051,4,4,3099.0,,,7776.04,UNKNOWN,5,999.0,2486
TIC 162737005,162737005,100,100,9.98,171.0773,-44.9069,2,1,5698.0,,,141.779,UNKNOWN,5,999.0,2487
TIC 467409163,467409163,100,100,10.01,168.3728,-61.2641,3,2,,,,2143.46,UNKNOWN,5,999.0,2488
TIC 363596605,363596605,100,100,10.02,249.7861,-68.3874,4,1,,,,,UNKNOWN,5,999.0,2489
TIC 401043278,401043278,100,100,10.02,220.1841,-63.5791,3,4,,,,1505.7,UNKNOWN,5,999.0,2490
TIC 467408384,467408384,100,100,10.03,168.3946,-61.3452,3,2,,,,2609.44,UNKNOWN,5,999.0,2491
TIC 317792919,317792919,100,100,10.06,172.847,-63.2969,3,2,,,,2557.57,UNKNOWN,5,999.0,2492
TIC 1205449441,1205449441,100,100,10.06,247.0461,-75.309,4,2,,,,292.886,UNKNOWN,5,999.0,2493
TIC 311328485,311328485,100,100,10.08,185.5535,-63.3466,3,2,,,,2237.53,UNKNOWN,5,999.0,2494
TIC 467023914,467023914,100,100,10.09,167.5488,-61.4407,3,2,,,,3195.28,UNKNOWN,5,999.0,2495
TIC 920218771,920218771,100,100,10.1,177.4919,-59.8008,3,2,,,,87.3186,UNKNOWN,5,999.0,2496
TIC 76970891,76970891,100,100,10.12,237.1789,-59.6247,4,1,6882.0,,,169.475,UNKNOWN,5,999.0,2497
TIC 360371656,360371656,100,100,10.12,217.4126,-70.1223,4,2,,,,5108.82,UNKNOWN,5,999.0,2498
TIC 443661491,443661491,100,100,10.17,199.6282,-62.6625,3,4,,,,1538.65,UNKNOWN,5,999.0,2499
TIC 443694508,443694508,100,100,10.17,199.7544,-61.8942,3,4,,,,2493.53,UNKNOWN,5,999.0,2500
TIC 450941267,450941267,100,100,10.17,187.2524,-63.2053,3,2,4290.0,,,103.992,UNKNOWN,5,999.0,2501
TIC 344792784,344792784,100,100,10.2,253.8082,-58.4774,4,4,5580.0,,,141.443,UNKNOWN,5,999.0,2502
TIC 436272308,436272308,100,100,10.21,193.3569,-60.3667,3,1,,,,2845.98,UNKNOWN,5,999.0,2503
TIC 338681866,338681866,100,100,10.28,189.6659,-61.4489,3,2,14594.0,,,2093.5,UNKNOWN,5,999.0,2504
TIC 451524691,451524691,100,100,10.28,171.7487,-57.1851,3,2,,,,2501.75,UNKNOWN,5,999.0,2505
TIC 316380301,316380301,100,100,10.3,171.7333,-62.0169,3,2,,,,3513.17,UNKNOWN,5,999.0,2506
TIC 340159353,340159353,100,100,10.32,201.1453,-69.5324,3,3,7478.0,,,167.101,UNKNOWN,5,999.0,2507
TIC 324993602,324993602,100,100,10.34,177.4142,-60.6051,3,2,,,,2794.65,UNKNOWN,5,999.0,2508
TIC 375838965,375838965,100,100,10.34,178.9286,-56.6255,3,2,4099.0,,,100.262,UNKNOWN,5,999.0,2509
TIC 322104948,322104948,100,100,10.35,175.7771,-60.7346,3,2,,,,2783.96,UNKNOWN,5,999.0,2510
TIC 352229000,352229000,100,100,10.37,288.5452,-76.6374,4,3,,,,2212.56,UNKNOWN,5,999.0,2511
TIC 394152356,394152356,100,100,10.37,198.267,-75.3139,3,3,,,,4147.47,UNKNOWN,5,999.0,2512
TIC 189504668,189504668,100,100,10.39,221.071,-59.4851,3,4,,,,2109.13,UNKNOWN,5,999.0,2513
TIC 327933089,327933089,100,100,10.39,190.1492,-67.4809,3,3,,,,2796.4,UNKNOWN,5,999.0,2514
TIC 359690566,359690566,100,100,10.39,195.8708,-47.3878,3,1,,,,,UNKNOWN,5,999.0,2515
TIC 307890542,307890542,100,100,10.4,180.172,-61.4755,3,2,,,,2144.45,UNKNOWN,5,999.0,2516
TIC 401975322,401975322,100,100,10.4,218.7703,-73.5325,4,2,,,,4612.49,UNKNOWN,5,999.0,2517
TIC 460640587,460640587,100,100,10.4,191.4378,-63.5192,3,3,,,,2154.01,UNKNOWN,5,999.0,2518
TIC 317792461,317792461,100,100,10.42,172.7717,-63.3636,3,2,,,,2371.54,UNKNOWN,5,999.0,2519
TIC 253227053,253227053,100,100,10.43,195.3636,-58.7408,3,1,,,,863.505,UNKNOWN,5,999.0,2520
TIC 313959947,313959947,100,100,10.43,202.3866,-61.5935,3,4,,,,1355.97,UNKNOWN,5,999.0,2521
TIC 342470937,342470937,100,100,10.43,240.2318,-59.9798,4,1,,,,446.586,UNKNOWN,5,999.0,2522
TIC 319228243,319228243,100,100,10.44,204.8067,-61.7042,3,4,,,,3236.99,UNKNOWN,5,999.0,2523
TIC 466886442,466886442,100,100,10.44,167.1398,-61.2763,3,2,,,,3265.53,UNKNOWN,5,999.0,2524
TIC 467231403,467231403,100,100,10.44,167.9623,-61.8081,3,2,,,,3331.65,UNKNOWN,5,999.0,2525
TIC 15373882,15373882,100,100,10.46,185.0955,-52.7046,3,1,,,,105.477,UNKNOWN,5,999.0,2526
TIC 34867775,34867775,100,100,10.46,224.589,-59.6592,3,4,,,,804.412,UNKNOWN,5,999.0,2527
TIC 297707975,297707975,100,100,10.46,241.93,-59.9651,4,1,,,,509.529,UNKNOWN,5,999.0,2528
TIC 320732406,320732406,100,100,10.46,175.0061,-63.4471,3,2,,,,2954.66,UNKNOWN,5,999.0,2529
TIC 454954403,454954403,100,100,10.46,227.8823,-61.1982,4,1,,,,5229.99,UNKNOWN,5,999.0,2530
TIC 337028799,337028799,100,100,10.47,215.0363,-64.7481,3,4,,,,3825.68,UNKNOWN,5,999.0,2531
TIC 305114097,305114097,100,100,10.48,178.4022,-63.4812,3,2,,,,4478.16,UNKNOWN,5,999.0,2532
TIC 72858760,72858760,100,100,10.52,188.7346,-45.6354,2,2,,,,,UNKNOWN,5,999.0,2533
TIC 291772616,291772616,100,100,10.52,218.0764,-57.6007,3,4,,,,2899.43,UNKNOWN,5,999.0,2534
TIC 459404776,459404776,100,100,10.52,162.5174,-55.6951,2,1,,,,3824.13,UNKNOWN,5,999.0,2535
TIC 450909889,450909889,100,100,10.56,187.4451,-61.5912,3,2,14152.0,,,1197.92,UNKNOWN,5,999.0,2536
TIC 311768360,311768360,100,100,10.58,185.9069,-61.6291,3,2,6203.0,,,7479.42,UNKNOWN,5,999.0,2537
TIC 412750923,412750923,100,100,10.58,193.3446,-54.6,3,1,,,,250.827,UNKNOWN,5,999.0,2538
TIC 305108002,305108002,100,100,10.6,178.3055,-62.8474,3,2,,,,10705.3,UNKNOWN,5,999.0,2539
TIC 400809805,400809805,100,100,10.61,178.3108,-48.4683,2,2,6253.0,,,250.531,UNKNOWN,5,999.0,2540
TIC 398773821,398773821,100,100,10.64,180.2735,-55.3287,3,2,,,,2872.46,UNKNOWN,5,999.0,2541
TIC 447530589,447530589,100,100,10.7,253.405,-61.5865,4,4,,,,4167.89,UNKNOWN,5,999.0,2542
TIC 93236650,93236650,100,100,10.71,175.0453,-52.3501,2,1,,,,31.5412,UNKNOWN,5,999.0,2543
TIC 407558846,407558846,100,100,10.71,213.3155,-55.599,3,4,6421.0,,,327.271,UNKNOWN,5,999.0,2544
TIC 313087584,313087584,100,100,10.75,201.8244,-63.7619,3,4,,,,4839.62,UNKNOWN,5,999.0,2545
TIC 168835186,168835186,100,100,10.77,193.903,-52.6531,3,1,13377.0,,,745.911,UNKNOWN,5,999.0,2546
TIC 465740584,465740584,100,100,10.77,164.3227,-59.9619,3,2,14504.0,,,3334.59,UNKNOWN,5,999.0,2547
TIC 340847612,340847612,100,100,10.79,293.2776,-77.9067,4,3,4788.0,,,105.923,UNKNOWN,5,999.0,2548
TIC 424709073,424709073,100,100,10.8,236.9018,-64.5469,4,1,5346.0,,,163.929,UNKNOWN,5,999.0,2549
TIC 35542651,35542651,100,100,10.85,224.847,-59.395,3,4,8176.0,,,2430.08,UNKNOWN,5,999.0,2550
TIC 328023626,328023626,100,100,10.85,190.0648,-70.2071,3,3,5062.0,,,211.23,UNKNOWN,5,999.0,2551
TIC 439168784,439168784,100,100,10.85,195.5843,-63.4732,3,3,,,,2776.41,UNKNOWN,5,999.0,2552
TIC 68321605,68321605,100,100,10.86,236.2072,-59.1145,4,1,14400.0,,,3470.04,UNKNOWN,5,999.0,2553
TIC 318669260,318669260,100,100,10.86,173.3241,-63.2424,3,2,,,,3957.36,UNKNOWN,5,999.0,2554
TIC 178710314,178710314,100,100,10.93,166.1567,-47.2433,2,1,,,,134.444,UNKNOWN,5,999.0,2555
TIC 1030035125,1030035125,100,100,10.99,205.8646,-60.5282,3,4,,,,1124.68,UNKNOWN,5,999.0,2556
TIC 1311852410,1311852410,100,100,10.99,258.8987,-63.5656,4,4,,,,171.869,UNKNOWN,5,999.0,2557
TIC 383228890,383228890,100,100,11.0,183.9169,-60.7839,3,2,,,,3844.58,UNKNOWN,5,999.0,2558
TIC 265125304,265125304,100,100,11.05,293.6235,-75.2148,4,3,5708.0,,,234.079,UNKNOWN,5,999.0,2559
TIC 323484729,323484729,100,100,11.08,176.2973,-64.7399,3,2,5039.0,,,186.787,UNKNOWN,5,999.0,2560
TIC 436272339,436272339,100,100,11.08,193.515,-60.4225,3,1,,,,1862.65,UNKNOWN,5,999.0,2561
TIC 326750243,326750243,100,100,11.09,210.2327,-65.0318,3,4,,,,5046.0,UNKNOWN,5,999.0,2562
TIC 408147984,408147984,100,100,11.1,213.4824,-59.6431,3,4,,,,1530.76,UNKNOWN,5,999.0,2563
TIC 336932754,336932754,100,100,11.13,215.1035,-63.8907,3,4,,,,2786.27,UNKNOWN,5,999.0,2564
TIC 340624586,340624586,100,100,11.13,238.2415,-63.8606,4,1,,,,,UNKNOWN,5,999.0,2565
TIC 314139276,314139276,100,100,11.15,202.5034,-63.6345,3,4,,,,3388.66,UNKNOWN,5,999.0,2566
TIC 412444432,412444432,100,100,11.16,192.8017,-56.513,3,1,3964.0,,,109.952,UNKNOWN,5,999.0,2567
TIC 66761070,66761070,100,100,11.2,181.4019,-58.6964,3,2,,,,3507.35,UNKNOWN,5,999.0,2568
TIC 319991836,319991836,100,100,11.2,205.1257,-61.6083,3,4,,,,2884.88,UNKNOWN,5,999.0,2569
TIC 450824128,450824128,100,100,11.21,187.1562,-62.0512,3,2,,,,2144.41,UNKNOWN,5,999.0,2570
TIC 467285796,467285796,100,100,11.21,168.2737,-61.3751,3,2,,,,2290.56,UNKNOWN,5,999.0,2571
TIC 362710804,362710804,100,100,11.27,246.7601,-69.7362,4,1,3325.0,,,27.1366,UNKNOWN,5,999.0,2572
TIC 405911276,405911276,100,100,11.27,192.6864,-56.9135,3,1,,,,102.736,UNKNOWN,5,999.0,2573
TIC 300760656,300760656,100,100,11.28,245.3671,-61.5225,4,1,3292.0,,,6892.62,UNKNOWN,5,999.0,2574
TIC 383087344,383087344,100,100,11.28,183.6508,-60.6681,3,2,,,,4681.67,UNKNOWN,5,999.0,2575
TIC 120774302,120774302,100,100,11.31,164.1642,-49.1779,2,1,,,,150.11,UNKNOWN,5,999.0,2576
TIC 301300706,301300706,100,100,11.32,255.5218,-68.1991,4,4,5498.0,,,228.501,UNKNOWN,5,999.0,2577
TIC 134754923,134754923,100,100,11.38,182.7291,-37.369,2,2,4509.0,,,119.823,UNKNOWN,5,999.0,2578
TIC 306566788,306566788,100,100,11.38,179.3585,-63.4505,3,2,,,,6586.75,UNKNOWN,5,999.0,2579
TIC 941125595,941125595,100,100,11.38,166.1567,-47.2438,2,1,,,,135.24,UNKNOWN,5,999.0,2580
TIC 21113347,21113347,100,100,11.4,186.7873,-48.9784,2,2,,,,403.591,UNKNOWN,5,999.0,2581
TIC 413607990,413607990,100,100,11.4,232.1539,-58.862,4,1,,,,4312.29,UNKNOWN,5,999.0,2582
TIC 466281230,466281230,100,100,11.4,165.5639,-61.8273,3,2,,,,1449.5,UNKNOWN,5,999.0,2583
TIC 208504429,208504429,100,100,11.42,208.6889,-59.1512,3,4,,,,,UNKNOWN,5,999.0,2584
TIC 467104085,467104085,100,100,11.44,167.7654,-62.1216,3,2,,,,165.04,UNKNOWN,5,999.0,2585
TIC 317532389,317532389,100,100,11.46,172.595,-62.4375,3,2,,,,3205.52,UNKNOWN,5,999.0,2586
TIC 1922147645,1922147645,100,100,11.48,293.624,-75.2152,4,3,,,,233.895,UNKNOWN,5,999.0,2587
TIC 73762744,73762744,100,100,11.5,263.2829,-59.7973,4,4,5479.0,,,211.975,UNKNOWN,5,999.0,2588
TIC 466073202,466073202,100,100,11.51,165.1043,-60.9932,3,2,,,,4870.95,UNKNOWN,5,999.0,2589
TIC 467101005,467101005,100,100,11.54,167.6851,-61.762,3,2,,,,2643.52,UNKNOWN,5,999.0,2590
TIC 985028003,985028003,100,100,11.54,192.687,-56.9138,3,1,,,,105.778,UNKNOWN,5,999.0,2591
TIC 398466662,398466662,100,100,11.57,179.9445,-59.1737,3,2,6832.0,,,590.194,UNKNOWN,5,999.0,2592
TIC 263206649,263206649,100,100,11.58,230.369,-66.5037,4,1,5321.0,,,233.697,UNKNOWN,5,999.0,2593
TIC 405081305,405081305,100,100,11.59,185.5027,-70.0186,3,3,8754.0,,,719.981,UNKNOWN,5,999.0,2594
TIC 439980330,439980330,100,100,11.62,196.2828,-64.6878,3,3,,,,4507.62,UNKNOWN,5,999.0,2595
TIC 922728288,922728288,100,100,11.69,167.7647,-62.1217,3,2,,,,194.234,UNKNOWN,5,999.0,2596
TIC 1104778328,1104778328,100,100,11.69,224.2505,-76.8603,4,2,,,,165.77,UNKNOWN,5,999.0,2597
TIC 160828759,160828759,100,100,11.71,189.8373,-53.6327,3,1,,,,81.7598,UNKNOWN,5,999.0,2598
TIC 436276821,436276821,100,100,11.72,193.3246,-60.2333,3,1,,,,,UNKNOWN,5,999.0,2599
TIC 329973251,329973251,100,100,11.74,211.8103,-63.7093,3,4,,,,,UNKNOWN,5,999.0,2600
TIC 412191425,412191425,100,100,11.77,190.502,-57.9969,3,1,,,,117.57,UNKNOWN,5,999.0,2601
TIC 285370131,285370131,100,100,11.8,233.6465,-58.6507,4,1,,,,3607.76,UNKNOWN,5,999.0,2602
TIC 313080679,313080679,100,100,11.82,201.8255,-63.1648,3,4,,,,4237.36,UNKNOWN,5,999.0,2603
TIC 307540065,307540065,100,100,11.83,179.9181,-65.3998,3,2,3978.0,,,197.856,UNKNOWN,5,999.0,2604
TIC 21819176,21819176,100,100,11.84,181.4996,-45.7315,2,2,5728.0,,,317.846,UNKNOWN,5,999.0,2605
TIC 1109703170,1109703170,100,100,11.87,230.7787,-68.1262,4,1,,,,150.88,UNKNOWN,5,999.0,2606
TIC 450828561,450828561,100,100,11.91,186.9889,-61.6271,3,2,3148.0,,,4122.81,UNKNOWN,5,999.0,2607
TIC 305106753,305106753,100,100,11.92,178.2788,-62.7193,3,2,13306.0,,,8697.55,UNKNOWN,5,999.0,2608
TIC 335846848,335846848,100,100,11.95,214.4016,-61.2668,3,4,3164.0,,,3645.49,UNKNOWN,5,999.0,2609
TIC 329834725,329834725,100,100,11.96,211.6989,-65.3118,3,4,5094.0,,,224.025,UNKNOWN,5,999.0,2610
TIC 327505910,327505910,100,100,11.97,210.6207,-62.3409,3,4,,,,98.1841,UNKNOWN,5,999.0,2611
TIC 308761607,308761607,100,100,12.0,184.2769,-64.683,3,2,,,,3564.63,UNKNOWN,5,999.0,2612
TIC 321528595,321528595,100,100,12.01,205.6821,-63.5989,3,4,,,,1389.93,UNKNOWN,5,999.0,2613
TIC 305630106,305630106,100,100,12.03,178.8423,-60.4422,3,2,,,,,UNKNOWN,5,999.0,2614
TIC 447993848,447993848,100,100,12.03,185.1407,-71.5886,3,3,3250.0,,,92.577,UNKNOWN,5,999.0,2615
TIC 306023165,306023165,100,100,12.06,179.0525,-65.6319,3,2,3591.0,,,109.772,UNKNOWN,5,999.0,2616
TIC 337444409,337444409,100,100,12.06,215.1554,-61.4705,3,4,,,,4684.77,UNKNOWN,5,999.0,2617
TIC 381996371,381996371,100,100,12.07,208.7008,-62.6852,3,4,,,,1937.21,UNKNOWN,5,999.0,2618
TIC 67699045,67699045,100,100,12.09,182.4236,-58.9116,3,2,,,,104.568,UNKNOWN,5,999.0,2619
TIC 404153438,404153438,100,100,12.09,195.2399,-49.2035,3,1,,,,,UNKNOWN,5,999.0,2620
TIC 469811655,469811655,100,100,12.09,299.9751,-73.8762,4,3,,,,,UNKNOWN,5,999.0,2621
TIC 449610474,449610474,100,100,12.11,200.5836,-63.4078,3,4,5122.0,,,307.622,UNKNOWN,5,999.0,2622
TIC 363528034,363528034,100,100,12.14,249.3818,-66.836,4,1,5093.0,,,239.428,UNKNOWN,5,999.0,2623
TIC 435508488,435508488,100,100,12.14,192.9952,-63.887,3,3,,,,8142.45,UNKNOWN,5,999.0,2624
TIC 335860261,335860261,100,100,12.2,214.5001,-62.3552,3,4,,,,595.948,UNKNOWN,5,999.0,2625
TIC 407922734,407922734,100,100,12.2,290.6766,-76.3223,4,3,,,,,UNKNOWN,5,999.0,2626
TIC 162701588,162701588,100,100,12.22,190.985,-53.5732,3,1,3649.0,,,115.556,UNKNOWN,5,999.0,2627
TIC 360003096,360003096,100,100,12.24,186.4086,-72.8236,3,3,3175.0,,,99.8962,UNKNOWN,5,999.0,2628
TIC 449368963,449368963,100,100,12.24,199.9378,-60.5752,3,4,,,,4038.06,UNKNOWN,5,999.0,2629
TIC 22321793,22321793,100,100,12.26,183.8945,-43.7139,2,2,5111.0,,,252.443,UNKNOWN,5,999.0,2630
TIC 280945693,280945693,100,100,12.27,174.0693,-69.4643,3,3,3215.0,,,98.296,UNKNOWN,5,999.0,2631
TIC 398774857,398774857,100,100,12.28,180.3375,-55.0214,3,2,3733.0,,,113.14,UNKNOWN,5,999.0,2632
TIC 166562943,166562943,100,100,12.29,192.8466,-48.104,3,1,,,,,UNKNOWN,5,999.0,2633
TIC 261674916,261674916,100,100,12.31,185.8092,-55.6713,3,1,3613.0,,,110.892,UNKNOWN,5,999.0,2634
TIC 329209061,329209061,100,100,12.33,211.3318,-61.6795,3,4,,,,,UNKNOWN,5,999.0,2635
TIC 334409011,334409011,100,100,12.33,183.3267,-51.9449,3,1,3281.0,,,107.695,UNKNOWN,5,999.0,2636
TIC 364427226,364427226,100,100,12.34,161.2806,-48.6493,2,1,,,,780.12,UNKNOWN,5,999.0,2637
TIC 369636214,369636214,100,100,12.35,192.2972,-63.3238,3,3,,,,4612.28,UNKNOWN,5,999.0,2638
TIC 162893536,162893536,100,100,12.36,171.4476,-44.1744,2,1,,,,,UNKNOWN,5,999.0,2639
TIC 304416153,304416153,100,100,12.37,177.8047,-63.9741,3,2,,,,2350.59,UNKNOWN,5,999.0,2640
TIC 304426002,304426002,100,100,12.37,177.7961,-65.3168,3,2,,,,4849.87,UNKNOWN,5,999.0,2641
TIC 450403197,450403197,100,100,12.37,186.0613,-63.1893,3,2,3217.0,,,105.397,UNKNOWN,5,999.0,2642
TIC 209383792,209383792,100,100,12.38,210.2363,-59.79,3,4,,,,429.99,UNKNOWN,5,999.0,2643
TIC 245275641,245275641,100,100,12.43,199.3949,-48.3605,3,1,4170.0,,,161.107,UNKNOWN,5,999.0,2644
TIC 404232621,404232621,100,100,12.43,195.5676,-50.2956,3,1,,,,116.84,UNKNOWN,5,999.0,2645
TIC 457145545,457145545,100,100,12.43,203.2308,-58.7812,3,4,3205.0,,,120.607,UNKNOWN,5,999.0,2646
TIC 328017126,328017126,100,100,12.44,190.1444,-68.707,3,3,3443.0,,,105.812,UNKNOWN,5,999.0,2647
TIC 452244393,452244393,100,100,12.44,174.0137,-59.1871,3,2,,,,8079.87,UNKNOWN,5,999.0,2648
TIC 329161967,329161967,100,100,12.45,191.4955,-68.1465,3,3,3417.0,,,103.906,UNKNOWN,5,999.0,2649
TIC 459604398,459604398,100,100,12.45,163.0909,-56.2639,2,1,,,,1102.52,UNKNOWN,5,999.0,2650
TIC 931875642,931875642,100,100,12.48,176.0394,-54.6356,3,2,,,,97.5564,UNKNOWN,5,999.0,2651
TIC 327282466,327282466,100,100,12.5,189.121,-66.9475,3,3,,,,8896.19,UNKNOWN,5,999.0,2652
TIC 395514100,395514100,100,100,12.5,207.6807,-77.3023,4,2,6381.0,,,1009.46,UNKNOWN,5,999.0,2653
TIC 296790810,296790810,100,100,12.51,176.6067,-66.6932,3,2,3187.0,,,107.135,UNKNOWN,5,999.0,2654
TIC 311737029,311737029,100,100,12.53,181.3296,-71.8178,3,3,,,,,UNKNOWN,5,999.0,2655
TIC 1815641602,1815641602,100,100,12.55,287.2396,-74.7467,4,3,,,,91.3413,UNKNOWN,5,999.0,2656
TIC 61828957,61828957,100,100,12.56,177.4599,-47.6537,2,2,,,,,UNKNOWN,5,999.0,2657
TIC 305365636,305365636,100,100,12.57,178.5576,-64.2945,3,2,,,,2427.84,UNKNOWN,5,999.0,2658
TIC 38794566,38794566,100,100,12.58,226.7576,-58.2823,4,1,,,,5534.74,UNKNOWN,5,999.0,2659
TIC 80384677,80384677,100,100,12.6,165.1404,-49.0772,2,1,5299.0,,,346.642,UNKNOWN,5,999.0,2660
TIC 300460827,300460827,100,100,12.65,208.411,-63.5479,3,4,,,,206.153,UNKNOWN,5,999.0,2661
TIC 22386809,22386809,100,100,12.66,184.125,-47.0773,2,2,5715.15,,,431.494,UNKNOWN,5,999.0,2662
TIC 993938851,993938851,100,100,12.66,195.5676,-50.296,3,1,,,,112.605,UNKNOWN,5,999.0,2663
TIC 1689525352,1689525352,100,100,12.66,271.1989,-62.7705,4,4,,,,77.4129,UNKNOWN,5,999.0,2664
TIC 448391362,448391362,100,100,12.68,210.4019,-66.1656,3,4,,,,3355.27,UNKNOWN,5,999.0,2665
TIC 332283910,332283910,100,100,12.7,212.758,-62.1504,3,4,,,,4453.87,UNKNOWN,5,999.0,2666
TIC 306133198,306133198,100,100,12.72,179.1393,-63.4613,3,2,,,,6139.15,UNKNOWN,5,999.0,2667
TIC 271393722,271393722,100,100,12.74,186.6603,-59.4811,3,2,,,,108.118,UNKNOWN,5,999.0,2668
TIC 389212577,389212577,100,100,12.74,179.6416,-43.85,2,2,,,,120.518,UNKNOWN,5,999.0,2669
TIC 171897382,171897382,100,100,12.75,255.4792,-59.3766,4,4,4716.3,,,151.582,UNKNOWN,5,999.0,2670
TIC 466630838,466630838,100,100,12.78,166.5814,-61.5664,3,2,,,,,UNKNOWN,5,999.0,2671
TIC 384244834,384244834,100,100,12.79,216.5685,-63.0507,3,4,5669.0,,,3044.46,UNKNOWN,5,999.0,2672
TIC 940567001,940567001,100,100,12.79,179.6415,-43.8506,2,2,,,,124.669,UNKNOWN,5,999.0,2673
TIC 165557886,165557886,100,100,12.8,180.9602,-40.3944,2,2,,,,28.8433,UNKNOWN,5,999.0,2674
TIC 426706888,426706888,100,100,12.83,235.8407,-68.4138,4,1,,,,,UNKNOWN,5,999.0,2675
TIC 303617735,303617735,100,100,12.84,272.2055,-59.8917,4,4,,,,522.799,UNKNOWN,5,999.0,2676
TIC 317205065,317205065,100,100,12.84,203.8633,-62.2175,3,4,,,,,UNKNOWN,5,999.0,2677
TIC 401191824,401191824,100,100,12.84,187.5965,-50.5144,3,1,3765.0,,,155.254,UNKNOWN,5,999.0,2678
TIC 406376573,406376573,100,100,12.88,198.077,-54.6758,3,1,,,,94.5827,UNKNOWN,5,999.0,2679
TIC 1037692585,1037692585,100,100,12.88,218.8024,-58.6632,3,4,,,,150.128,UNKNOWN,5,999.0,2680
TIC 76804724,76804724,100,100,12.9,270.7366,-59.0339,4,4,5218.0,,,361.265,UNKNOWN,5,999.0,2681
TIC 360334556,360334556,100,100,12.91,188.2571,-74.1408,3,3,,,,,UNKNOWN,5,999.0,2682
TIC 320732776,320732776,100,100,12.93,174.8659,-63.493,3,2,,,,2294.42,UNKNOWN,5,999.0,2683
TIC 280378653,280378653,100,100,12.95,170.736,-61.5518,3,2,3122.0,,,3894.27,UNKNOWN,5,999.0,2684
TIC 990412647,990412647,100,100,12.96,191.9509,-54.526,3,1,,,,109.15,UNKNOWN,5,999.0,2685
TIC 253360354,253360354,100,100,12.98,196.1607,-59.8493,3,1,,,,,UNKNOWN,5,999.0,2686
TIC 312743439,312743439,100,100,12.99,201.6918,-59.9371,3,4,4193.0,,,187.91,UNKNOWN,5,999.0,2687
TIC 333822609,333822609,100,100,12.99,182.2419,-51.5054,3,1,3207.0,,,116.676,UNKNOWN,5,999.0,2688
TIC 307099276,307099276,100,100,13.0,179.5245,-60.774,3,2,8232.0,,,1196.03,UNKNOWN,5,999.0,2689
TIC 165378960,165378960,100,100,11.66,179.7455,-40.6886,2,2,4416.93,0.567744,,,GIANT,6,1.840305,2690
TIC 339812943,339812943,100,100,9.29,200.5306,-69.6369,3,3,4593.0,1.52912,,98.5823,GIANT,6,2.226883,2691
TIC 459701113,459701113,100,100,9.05,163.4109,-58.2276,3,2,6007.0,1.66932,,91.54745,GIANT,6,2.255079,2692
TIC 287794816,287794816,100,100,8.95,184.7412,-57.6221,3,2,4912.0,1.72812,,105.716,GIANT,6,2.265148,2693
TIC 451949522,451949522,100,100,8.94,173.0343,-58.0556,3,2,4962.0,1.76864,,112.375,GIANT,6,2.283279,2694
TIC 434572413,434572413,100,100,9.64,191.1444,-63.5296,3,3,4618.0,1.54064,,113.67,GIANT,6,2.303402,2695
TIC 311392615,311392615,100,100,8.0,258.8917,-75.4821,4,3,5301.81,2.25092,,105.816,GIANT,6,2.30472,2696
TIC 425368089,425368089,100,100,9.14,191.1,-58.9228,3,1,4776.0,1.75564,,110.761,GIANT,6,2.316871,2697
TIC 322617660,322617660,100,100,9.76,206.1777,-63.7972,3,4,4198.0,1.54844,,99.2904,GIANT,6,2.331789,2698
TIC 241423335,241423335,100,100,10.05,205.3569,-52.0932,3,1,3992.0,1.49993,,96.5784,GIANT,6,2.362142,2699
TIC 328234948,328234948,100,100,10.51,190.2159,-68.9497,3,3,3866.0,1.39666,,101.025,GIANT,6,2.392181,2700
TIC 307889317,307889317,100,100,10.57,179.9572,-61.6069,3,2,4028.0,1.38113,,113.452,GIANT,6,2.394469,2701
TIC 210961739,210961739,100,100,10.91,213.0335,-59.6636,3,4,3703.0,1.32641,,100.764,GIANT,6,2.427356,2702
TIC 398542825,398542825,100,100,10.64,179.8418,-54.6742,3,2,3927.0,1.41627,,113.323,GIANT,6,2.430292,2703
TIC 333832656,333832656,100,100,9.99,182.3602,-49.397,2,2,4141.0,1.65522,,111.268,GIANT,6,2.435711,2704
TIC 405237154,405237154,100,100,9.92,184.0044,-56.2354,3,2,4359.0,1.73223,,127.208,GIANT,6,2.461211,2705
TIC 450798184,450798184,100,100,11.21,187.0323,-63.0333,3,2,3571.0,1.28906,,104.453,GIANT,6,2.462546,2706
TIC 74828242,74828242,100,100,7.78,266.0239,-58.1262,4,4,5067.0,3.01043,,117.061,GIANT,6,2.513257,2707
TIC 329457680,329457680,100,100,10.41,191.9967,-68.7337,3,3,4734.0,1.65576,,183.757,GIANT,6,2.519995,2708
TIC 308903145,308903145,100,100,11.56,184.4138,-64.1617,3,2,3423.0,1.27713,,108.006,GIANT,6,2.52447,2709
TIC 451194251,451194251,100,100,11.72,187.7344,-65.8402,3,3,3339.0,1.25116,,106.351,GIANT,6,2.538626,2710
TIC 349859866,349859866,100,100,8.15,245.5003,-64.4049,4,1,5033.0,2.92352,,133.275,GIANT,6,2.561812,2711
TIC 395118038,395118038,100,100,7.62,218.5653,-60.4083,3,4,4500.0,3.34335,,95.2937,GIANT,6,2.572364,2712
TIC 425428850,425428850,100,100,12.01,200.6615,-50.106,3,1,3465.0,1.26823,,137.821,GIANT,6,2.608396,2713
TIC 422090207,422090207,100,100,8.21,188.8074,-50.6195,3,1,5164.0,3.10521,,151.776,GIANT,6,2.626182,2714
TIC 165558759,165558759,100,100,8.37,180.8339,-39.2564,2,2,5211.0,3.15654,,166.265,GIANT,6,2.672423,2715
TIC 338248268,338248268,100,100,10.23,198.5043,-68.7774,3,3,4730.0,2.05714,,206.991,GIANT,6,2.672528,2716
TIC 82629956,82629956,100,100,8.07,169.8101,-48.8791,2,1,4892.0,3.39139,,140.491,GIANT,6,2.674755,2717
TIC 266170221,266170221,100,100,8.46,174.9566,-55.721,3,2,5266.0,3.15653,,174.858,GIANT,6,2.69042,2718
TIC 255957373,255957373,100,100,11.73,198.6828,-58.2372,3,1,4440.0,1.50197,,252.633,GIANT,6,2.699323,2719
TIC 76386508,76386508,100,100,8.09,269.6142,-57.7928,4,4,4946.0,3.47592,,147.607,GIANT,6,2.70014,2720
TIC 73650567,73650567,100,100,8.99,192.0321,-44.6548,2,2,5100.0,2.88485,,197.297,GIANT,6,2.718246,2721
TIC 292698326,292698326,100,100,8.25,271.4659,-76.5538,4,3,4967.0,3.46809,,152.34,GIANT,6,2.730181,2722
TIC 313038875,313038875,100,100,8.19,182.9796,-66.6954,3,3,5073.0,3.58751,,164.991,GIANT,6,2.747586,2723
TIC 402707467,402707467,100,100,8.2,248.3705,-62.6785,4,1,4915.0,3.65486,,160.436,GIANT,6,2.765741,2724
TIC 72863988,72863988,100,100,10.87,188.9075,-43.0312,2,2,4989.0,2.10195,,324.351,GIANT,6,2.819245,2725
TIC 326661506,326661506,100,100,12.57,188.4233,-70.133,3,3,3380.0,1.43025,,183.153,GIANT,6,2.824824,2726
TIC 93228636,93228636,100,100,10.29,174.8679,-52.6835,2,1,5097.5,2.43159,,290.69,GIANT,6,2.829781,2727
TIC 305900206,305900206,100,100,12.55,178.8324,-64.1716,3,2,3483.0,1.49394,,197.015,GIANT,6,2.858666,2728
TIC 361458540,361458540,100,100,8.7,193.6024,-76.1754,3,3,4878.5,3.81053,,174.408,GIANT,6,2.901971,2729
TIC 448337548,448337548,100,100,9.89,209.6918,-70.6817,3,3,5215.0,2.97829,,308.274,GIANT,6,2.925934,2730
TIC 392032131,392032131,100,100,8.5,174.2747,-69.6134,3,3,4871.9,4.13104,,202.033,GIANT,6,2.932119,2731
TIC 73033700,73033700,100,100,8.72,189.6239,-42.8367,2,2,4828.0,3.93288,,210.152,GIANT,6,2.933421,2732
TIC 387426075,387426075,100,100,8.09,217.1542,-65.4462,3,4,4881.0,4.54811,,184.737,GIANT,6,2.933662,2733
TIC 280238605,280238605,100,100,8.44,203.8756,-54.5703,3,1,5037.0,4.19935,,204.822,GIANT,6,2.934364,2734
TIC 245171169,245171169,100,100,8.27,198.8195,-50.9689,3,1,5117.0,4.43884,,214.573,GIANT,6,2.948539,2735
TIC 359637344,359637344,100,100,9.55,184.186,-75.011,3,3,5511.0,3.32245,,308.936,GIANT,6,2.952917,2736
TIC 311029642,311029642,100,100,8.85,256.6124,-74.5144,4,3,4761.0,4.04266,,225.433,GIANT,6,2.983334,2737
TIC 245228772,245228772,100,100,8.03,199.043,-48.4652,3,1,5036.0,5.00544,,209.668,GIANT,6,3.004885,2738
TIC 311420180,311420180,100,100,8.79,259.6983,-73.4203,4,3,4779.0,4.25078,,232.191,GIANT,6,3.014937,2739
TIC 311249049,311249049,100,100,8.02,257.9771,-73.879,4,3,7896.0,5.09877,,448.356,GIANT,6,3.018931,2740
TIC 194440256,194440256,100,100,7.6,222.4691,-57.3466,3,4,9454.0,5.68025,,432.559,GIANT,6,3.028735,2741
TIC 272403300,272403300,100,100,8.26,187.7577,-56.0667,3,1,5152.0,4.89599,,223.591,GIANT,6,3.031681,2742
TIC 93714388,93714388,100,100,8.3,175.8791,-50.9238,2,1,4857.25,4.89039,,218.522,GIANT,6,3.038687,2743
TIC 411679817,411679817,100,100,8.05,189.4389,-55.2116,3,1,4839.0,5.20811,,200.536,GIANT,6,3.04336,2744
TIC 135254999,135254999,100,100,8.09,186.2583,-37.3555,2,2,5299.0,5.27707,,252.682,GIANT,6,3.062786,2745
TIC 253502871,253502871,100,100,9.18,197.1035,-57.0454,3,1,5126.6,4.15499,,299.593,GIANT,6,3.07314,2746
TIC 426154732,426154732,100,100,8.17,238.4417,-76.5095,4,2,5005.0,5.27725,,237.792,GIANT,6,3.078815,2747
TIC 21946525,21946525,100,100,10.61,181.9907,-44.062,2,2,5217.1,3.03705,,431.667,GIANT,6,3.086904,2748
TIC 276644602,276644602,100,100,8.36,265.4982,-80.6625,4,3,4907.0,5.10546,,225.6,GIANT,6,3.08807,2749
TIC 292627233,292627233,100,100,8.21,270.7679,-73.6589,4,3,4961.0,5.40287,,242.405,GIANT,6,3.107249,2750
TIC 273119951,273119951,100,100,8.49,178.7799,-52.1482,2,1,4846.0,5.10823,,246.578,GIANT,6,3.114541,2751
TIC 365775164,365775164,100,100,8.31,275.4983,-63.619,4,4,9442.0,5.32922,,633.701,GIANT,6,3.115327,2752
TIC 306985467,306985467,100,100,8.27,266.9611,-65.845,4,4,4990.0,5.3833,,252.206,GIANT,6,3.116097,2753
TIC 392556138,392556138,100,100,9.21,175.5954,-71.5387,3,3,4582.0,4.34045,,249.407,GIANT,6,3.11707,2754
TIC 135313445,135313445,100,100,8.37,186.6476,-41.5457,2,2,7802.0,5.30066,,528.218,GIANT,6,3.12266,2755
TIC 297461809,297461809,100,100,8.49,180.3476,-71.2272,3,3,9585.0,5.2368,,631.594,GIANT,6,3.136132,2756
TIC 426572304,426572304,100,100,8.24,246.6762,-74.3453,4,2,5240.0,5.55219,,278.473,GIANT,6,3.136929,2757
TIC 82255371,82255371,100,100,10.38,168.9158,-48.7836,2,1,4991.68,3.44737,,404.896,GIANT,6,3.150976,2758
TIC 81314064,81314064,100,100,8.03,167.242,-48.4028,2,1,9597.0,5.94106,,618.297,GIANT,6,3.153728,2759
TIC 364484513,364484513,100,100,8.73,253.2609,-66.6378,4,4,7058.0,5.0795,,523.763,GIANT,6,3.157642,2760
TIC 373016628,373016628,100,100,8.18,263.8682,-72.343,4,3,4949.0,5.85134,,260.181,GIANT,6,3.170511,2761
TIC 294295617,294295617,100,100,8.26,265.2568,-69.6914,4,3,4974.0,5.85785,,271.534,GIANT,6,3.187476,2762
TIC 466695111,466695111,100,100,8.12,296.7677,-74.9104,4,3,5115.0,6.06155,,275.343,GIANT,6,3.189167,2763
TIC 301548972,301548972,100,100,8.29,257.1929,-68.9786,4,4,4935.0,5.86046,,268.201,GIANT,6,3.193863,2764
TIC 425796306,425796306,100,100,8.06,234.1636,-71.9818,4,2,4729.0,6.26474,,234.858,GIANT,6,3.205806,2765
TIC 257383436,257383436,100,100,8.17,219.86,-70.2901,4,2,7757.0,6.16375,,516.508,GIANT,6,3.21369,2766
TIC 22319809,22319809,100,100,10.27,183.9576,-45.478,2,2,5009.0,3.81571,,435.528,GIANT,6,3.217151,2767
TIC 73645037,73645037,100,100,8.22,191.6754,-43.3126,2,2,4650.0,6.12168,,239.987,GIANT,6,3.217741,2768
TIC 163386233,163386233,100,100,8.11,173.6317,-42.65,2,2,4790.0,6.2814,,249.837,GIANT,6,3.218113,2769
TIC 414929408,414929408,100,100,10.26,189.1089,-64.6238,3,3,5111.0,3.85165,,425.016,GIANT,6,3.223294,2770
TIC 72761468,72761468,100,100,10.25,188.5115,-43.6305,2,2,5200.0,3.86791,,480.345,GIANT,6,3.224953,2771
TIC 360768521,360768521,100,100,8.84,190.3641,-72.098,3,3,6946.0,5.43904,,543.126,GIANT,6,3.239045,2772
TIC 314223624,314223624,100,100,8.63,184.3453,-69.0996,3,3,10777.0,5.84901,,838.841,GIANT,6,3.260165,2773
TIC 334498906,334498906,100,100,7.82,183.3774,-48.7967,2,2,4703.0,7.06217,,235.159,GIANT,6,3.261876,2774
TIC 336954611,336954611,100,100,9.32,196.5428,-66.7488,3,3,9484.0,5.01471,,807.517,GIANT,6,3.264492,2775
TIC 257900517,257900517,100,100,8.79,220.8458,-66.7786,4,1,9702.0,5.74242,,805.988,GIANT,6,3.27619,2776
TIC 468017318,468017318,100,100,8.89,169.8438,-60.9386,3,2,8122.0,5.73574,,802.136,GIANT,6,3.295179,2777
TIC 329541516,329541516,100,100,8.37,191.9807,-71.5962,3,3,10545.0,6.47145,,794.457,GIANT,6,3.296003,2778
TIC 319063231,319063231,100,100,8.23,204.8548,-60.5849,3,4,4934.0,6.77221,,277.144,GIANT,6,3.307461,2779
TIC 71738687,71738687,100,100,8.32,166.6837,-43.6141,2,1,4935.0,6.63786,,301.195,GIANT,6,3.308056,2780
TIC 311963159,311963159,100,100,8.04,264.212,-73.7466,4,3,5015.0,7.12346,,302.626,GIANT,6,3.313382,2781
TIC 328851699,328851699,100,100,10.15,191.3896,-66.3622,3,3,5019.0,4.50685,,447.15,GIANT,6,3.337746,2782
TIC 173657023,173657023,100,100,8.44,257.9105,-59.4802,4,4,4747.7,6.75433,,298.663,GIANT,6,3.347165,2783
TIC 381293498,381293498,100,100,8.11,257.9503,-65.5011,4,4,4847.0,7.49684,,306.843,GIANT,6,3.371756,2784
TIC 391942460,391942460,100,100,9.65,218.2358,-65.1384,3,4,9206.0,5.29267,,1019.24,GIANT,6,3.37735,2785
TIC 257776944,257776944,100,100,9.42,220.3516,-71.0481,4,2,9720.0,5.6168,,1054.67,GIANT,6,3.382978,2786
TIC 336063687,336063687,100,100,9.09,195.2994,-67.6058,3,3,8192.0,6.06491,,795.502,GIANT,6,3.383649,2787
TIC 327936191,327936191,100,100,9.39,189.9941,-67.9526,3,3,9166.0,5.71546,,996.294,GIANT,6,3.392102,2788
TIC 460757362,460757362,100,100,8.75,191.7776,-63.0856,3,3,8289.0,6.67823,,783.614,GIANT,6,3.399323,2789
TIC 384513078,384513078,100,100,10.07,253.1102,-79.1352,4,2,5042.0,4.93786,,523.425,GIANT,6,3.401078,2790
TIC 311844434,311844434,100,100,8.36,181.6179,-68.9913,3,3,4507.0,7.3585,,279.388,GIANT,6,3.405579,2791
TIC 272056870,272056870,100,100,8.19,187.2271,-54.6491,3,1,3760.0,7.6686,,173.904,GIANT,6,3.407432,2792
TIC 306353485,306353485,100,100,8.49,264.6682,-65.8501,4,4,4614.0,7.18576,,314.475,GIANT,6,3.410945,2793
TIC 76618202,76618202,100,100,8.21,270.3312,-57.2757,4,4,5175.0,7.84649,,375.839,GIANT,6,3.431351,2794
TIC 448333264,448333264,100,100,8.04,209.7876,-69.5771,3,3,4820.0,8.25688,,312.219,GIANT,6,3.441632,2795
TIC 467641651,467641651,100,100,9.33,168.8056,-60.0326,3,2,9399.0,6.16085,,1159.15,GIANT,6,3.445281,2796
TIC 191327724,191327724,100,100,8.04,221.5749,-57.5984,3,4,4854.0,8.3315,,302.565,GIANT,6,3.449446,2797
TIC 453544771,453544771,100,100,8.01,205.5135,-57.5296,3,4,4961.0,8.48276,,323.587,GIANT,6,3.459074,2798
TIC 221043922,221043922,100,100,9.55,246.9408,-59.1845,4,1,8536.0,5.95816,,1050.14,GIANT,6,3.460224,2799
TIC 359853323,359853323,100,100,8.36,185.7531,-73.9783,3,3,4785.5,7.85833,,327.218,GIANT,6,3.462661,2800
TIC 160198172,160198172,100,100,9.12,189.5667,-52.3008,3,1,4859.0,6.63051,,416.391,GIANT,6,3.467094,2801
TIC 147000930,147000930,100,100,8.32,161.6161,-47.6326,2,1,5246.96,7.97225,,406.459,GIANT,6,3.467162,2802
TIC 91913015,91913015,100,100,8.11,171.9459,-52.4956,2,1,5279.0,8.42106,,392.41,GIANT,6,3.472734,2803
TIC 429234939,429234939,100,100,8.05,184.0488,-49.9074,2,2,5348.0,8.56454,,398.47,GIANT,6,3.475408,2804
TIC 146310847,146310847,100,100,8.19,158.2313,-47.4357,2,1,5372.0,8.40729,,419.4,GIANT,6,3.487312,2805
TIC 326153517,326153517,100,100,8.17,187.9637,-70.646,3,3,4624.0,8.44665,,296.422,GIANT,6,3.487369,2806
TIC 207885877,207885877,100,100,11.53,207.5697,-59.239,3,4,4793.0,3.9053,,621.671,GIANT,6,3.489309,2807
TIC 277962510,277962510,100,100,8.44,177.7435,-41.7396,2,2,4804.0,7.95967,,358.587,GIANT,6,3.48979,2808
TIC 397881836,397881836,100,100,7.07,219.2623,-62.5086,3,4,5070.0,10.9298,,280.939,GIANT,6,3.491224,2809
TIC 330722436,330722436,100,100,8.04,212.0157,-64.5397,3,4,10821.0,8.7467,,857.472,GIANT,6,3.491688,2810
TIC 93096525,93096525,100,100,8.62,174.6491,-51.214,2,1,4917.0,7.66871,,401.04,GIANT,6,3.493445,2811
TIC 342497524,342497524,100,100,8.19,204.648,-69.2943,3,3,9094.0,8.47702,,831.379,GIANT,6,3.494486,2812
TIC 334762072,334762072,100,100,9.32,213.9718,-61.1908,3,4,7895.0,6.55042,,1016.87,GIANT,6,3.496538,2813
TIC 423264337,423264337,100,100,8.23,297.6577,-75.835,4,3,4668.4,8.42802,,322.035,GIANT,6,3.497451,2814
TIC 447337801,447337801,100,100,8.31,251.6882,-62.3399,4,4,4503.0,8.35224,,308.372,GIANT,6,3.505606,2815
TIC 286982258,286982258,100,100,8.23,187.2184,-69.9066,3,3,4769.0,8.51103,,339.002,GIANT,6,3.505964,2816
TIC 82940156,82940156,100,100,8.03,170.2215,-52.2254,2,1,4619.9,8.91497,,300.284,GIANT,6,3.50624,2817
TIC 339309679,339309679,100,100,8.03,199.8787,-68.7951,3,3,4850.0,8.92385,,325.907,GIANT,6,3.507105,2818
TIC 403069041,403069041,100,100,8.29,226.7976,-72.5407,4,2,4632.0,8.41292,,331.095,GIANT,6,3.507894,2819
TIC 467238921,467238921,100,100,9.49,167.9238,-61.0375,3,2,8155.0,6.39834,,1109.28,GIANT,6,3.510135,2820
TIC 245169643,245169643,100,100,9.36,198.8302,-50.3433,3,1,5023.0,6.66069,,488.587,GIANT,6,3.519038,2821
TIC 309734408,309734408,100,100,8.52,248.7187,-76.6311,4,2,5106.0,8.09364,,428.474,GIANT,6,3.520288,2822
TIC 324426174,324426174,100,100,8.12,285.5453,-76.5951,4,3,5018.0,8.88401,,380.723,GIANT,6,3.521218,2823
TIC 22560169,22560169,100,100,8.39,184.6425,-46.638,2,2,4776.84,8.45126,,373.656,GIANT,6,3.531843,2824
TIC 448726386,448726386,100,100,8.72,213.0075,-70.5872,3,3,5159.0,7.85555,,446.542,GIANT,6,3.534353,2825
TIC 402615104,402615104,100,100,8.11,223.4776,-72.6483,4,2,4884.16,9.08642,,371.332,GIANT,6,3.538786,2826
TIC 411257840,411257840,100,100,8.09,179.0818,-69.6988,3,3,4767.0,9.16356,,343.803,GIANT,6,3.542128,2827
TIC 424989326,424989326,100,100,8.18,237.4242,-65.1032,4,1,4942.0,8.97841,,382.169,GIANT,6,3.542399,2828
TIC 272797514,272797514,100,100,8.12,161.7761,-53.7223,2,1,5102.0,9.14374,,405.816,GIANT,6,3.546248,2829
TIC 147321342,147321342,100,100,8.01,162.7531,-45.6811,2,1,5090.0,9.41948,,394.956,GIANT,6,3.550054,2830
TIC 144427252,144427252,100,100,8.23,190.205,-41.0469,2,2,5134.0,8.96114,,407.376,GIANT,6,3.550727,2831
TIC 422583128,422583128,100,100,8.01,233.9051,-60.7435,4,1,5104.0,9.46047,,373.256,GIANT,6,3.553825,2832
TIC 455266581,455266581,100,100,8.16,228.6234,-61.9524,4,1,5654.0,9.23818,,420.565,GIANT,6,3.563173,2833
TIC 339025682,339025682,100,100,9.25,190.3214,-60.123,3,2,4851.0,7.23322,,448.752,GIANT,6,3.568663,2834
TIC 380661408,380661408,100,100,8.1,268.9964,-61.9486,4,4,4939.0,9.49422,,393.661,GIANT,6,3.574919,2835
TIC 306521411,306521411,100,100,8.11,265.458,-63.7628,4,4,4798.0,9.49817,,375.34,GIANT,6,3.57728,2836
TIC 314632352,314632352,100,100,9.01,185.1251,-66.3084,3,3,9850.0,7.73312,,1093.52,GIANT,6,3.578709,2837
TIC 413953023,413953023,100,100,8.45,215.5921,-59.6414,3,4,4672.0,8.83918,,334.126,GIANT,6,3.582824,2838
TIC 423429280,423429280,100,100,8.2,235.0684,-63.3782,4,1,4917.0,9.36411,,387.961,GIANT,6,3.582933,2839
TIC 457366233,457366233,100,100,8.4,206.141,-58.8236,3,4,5046.0,8.95342,,395.492,GIANT,6,3.583978,2840
TIC 178536753,178536753,100,100,8.11,165.1303,-44.18,2,1,5110.0,9.62749,,412.519,GIANT,6,3.589026,2841
TIC 406945246,406945246,100,100,8.06,229.809,-79.0134,4,2,5160.0,9.76089,,426.206,GIANT,6,3.590979,2842
TIC 365557279,365557279,100,100,8.01,274.0116,-63.2875,4,4,4838.0,9.90821,,381.299,GIANT,6,3.59399,2843
TIC 303697641,303697641,100,100,8.23,272.2147,-64.6176,4,4,4984.0,9.42068,,427.378,GIANT,6,3.594165,2844
TIC 343407671,343407671,100,100,8.33,268.2683,-77.8968,4,3,4520.0,9.23579,,333.593,GIANT,6,3.596948,2845
TIC 134832204,134832204,100,100,8.06,183.4099,-38.7992,2,2,4695.0,9.83941,,360.831,GIANT,6,3.597938,2846
TIC 447326454,447326454,100,100,8.44,251.4399,-65.8902,4,4,4920.0,9.07716,,436.998,GIANT,6,3.6039,2847
TIC 305200869,305200869,100,100,8.01,178.3804,-64.7884,3,2,5806.0,10.053,,467.078,GIANT,6,3.606591,2848
TIC 363269442,363269442,100,100,8.07,248.6477,-71.3018,4,2,4766.89,9.91765,,379.493,GIANT,6,3.606818,2849
TIC 409882724,409882724,100,100,8.34,293.8367,-70.999,4,3,4460.0,9.32891,,342.484,GIANT,6,3.607662,2850
TIC 461048274,461048274,100,100,8.57,232.2815,-65.4985,4,1,4959.0,8.85036,,452.348,GIANT,6,3.607922,2851
TIC 461061671,461061671,100,100,8.42,232.5636,-64.0196,4,1,4894.0,9.1731,,422.376,GIANT,6,3.609032,2852
TIC 400810093,400810093,100,100,8.01,178.2231,-48.2689,2,2,4849.0,10.139,,391.558,GIANT,6,3.61399,2853
TIC 256009956,256009956,100,100,8.21,198.666,-54.5423,3,1,5053.0,9.70306,,410.271,GIANT,6,3.615817,2854
TIC 311560002,311560002,100,100,8.02,260.2229,-74.3569,4,3,4860.0,10.1564,,393.736,GIANT,6,3.61748,2855
TIC 395400225,395400225,100,100,8.05,207.0972,-75.795,4,2,4820.0,10.1271,,378.187,GIANT,6,3.62097,2856
TIC 76522780,76522780,100,100,8.03,270.0604,-59.8058,4,4,4749.98,10.1957,,379.927,GIANT,6,3.622834,2857
TIC 72185751,72185751,100,100,8.22,186.4572,-42.8272,2,2,5154.0,9.77228,,463.496,GIANT,6,3.623992,2858
TIC 168171246,168171246,100,100,10.23,193.4847,-50.5045,3,1,5747.71,6.17163,,830.769,GIANT,6,3.6268,2859
TIC 466687708,466687708,100,100,8.58,295.9053,-73.8148,4,3,4558.0,9.04038,,385.709,GIANT,6,3.628373,2860
TIC 294705038,294705038,100,100,8.74,222.8127,-62.2894,3,4,5202.0,8.72079,,479.973,GIANT,6,3.629112,2861
TIC 384425937,384425937,100,100,8.59,250.3855,-82.2956,4,2,5161.0,9.0352,,502.92,GIANT,6,3.629876,2862
TIC 360481810,360481810,100,100,8.12,188.8917,-76.5004,3,3,4714.0,10.0708,,327.0,GIANT,6,3.630128,2863
TIC 71719908,71719908,100,100,8.05,156.7327,-34.0284,2,4,4963.0,10.2898,,420.79,GIANT,6,3.634814,2864
TIC 406775547,406775547,100,100,8.47,223.3988,-80.5892,4,2,4776.0,9.37269,,398.168,GIANT,6,3.637729,2865
TIC 296850462,296850462,100,100,8.29,176.6987,-70.4147,3,3,4820.0,9.77249,,394.432,GIANT,6,3.63801,2866
TIC 332531383,332531383,100,100,8.05,180.0351,-48.7714,2,2,4814.0,10.3287,,400.376,GIANT,6,3.638091,2867
TIC 268750437,268750437,100,100,8.04,280.2097,-71.3655,4,3,4673.0,10.3698,,374.785,GIANT,6,3.639541,2868
TIC 257463588,257463588,100,100,8.03,287.7538,-69.2182,4,3,5043.7,10.395,,439.576,GIANT,6,3.639649,2869
TIC 447180982,447180982,100,100,8.62,250.2117,-60.1119,4,4,5101.0,9.08308,,477.988,GIANT,6,3.640466,2870
TIC 367670848,367670848,100,100,8.02,260.4034,-59.1709,4,4,4509.1,10.4353,,341.901,GIANT,6,3.64101,2871
TIC 92906059,92906059,100,100,8.02,174.2445,-51.9705,2,1,4998.0,10.4657,,422.231,GIANT,6,3.643537,2872
TIC 92571745,92571745,100,100,8.02,173.0956,-50.9324,2,1,4836.0,10.4684,,398.987,GIANT,6,3.643761,2873
TIC 381238513,381238513,100,100,8.11,254.582,-66.5036,4,4,4627.0,10.2576,,373.498,GIANT,6,3.644092,2874
TIC 439479316,439479316,100,100,8.23,195.8928,-62.9696,3,3,4057.0,9.97981,,279.483,GIANT,6,3.644245,2875
TIC 105915234,105915234,100,100,8.01,157.4098,-39.0387,2,4,4766.0,10.5352,,394.068,GIANT,6,3.647286,2876
TIC 406176618,406176618,100,100,8.09,197.6391,-56.8441,3,1,5106.0,10.3536,,424.989,GIANT,6,3.648183,2877
TIC 387064975,387064975,100,100,8.05,273.2807,-71.5716,4,3,4712.0,10.4641,,377.561,GIANT,6,3.649404,2878
TIC 61877025,61877025,100,100,8.0,177.7018,-44.9578,2,2,4915.0,10.6235,,414.877,GIANT,6,3.652535,2879
TIC 134634767,134634767,100,100,8.04,182.1615,-37.7394,2,2,4900.0,10.54,,418.653,GIANT,6,3.653681,2880
TIC 382037803,382037803,100,100,8.48,284.5539,-69.6126,4,3,4781.0,9.52756,,449.456,GIANT,6,3.653963,2881
TIC 315805684,315805684,100,100,8.14,203.0234,-60.1133,3,4,4686.0,10.3126,,365.995,GIANT,6,3.654736,2882
TIC 165292746,165292746,100,100,8.24,179.1545,-40.6542,2,2,4966.0,10.0878,,436.706,GIANT,6,3.655593,2883
TIC 163143363,163143363,100,100,8.01,172.4442,-45.4907,2,1,4923.0,10.6416,,411.094,GIANT,6,3.656014,2884
TIC 72677338,72677338,100,100,8.11,188.3066,-44.4367,2,2,4801.0,10.4116,,409.617,GIANT,6,3.657035,2885
TIC 22512580,22512580,100,100,8.01,184.6956,-43.0237,2,2,4733.0,10.6702,,382.764,GIANT,6,3.658345,2886
TIC 452283444,452283444,100,100,8.21,174.1651,-56.1415,3,2,5020.0,10.1941,,419.946,GIANT,6,3.658698,2887
TIC 344131894,344131894,100,100,8.03,279.5271,-76.783,4,3,4808.0,10.6386,,383.262,GIANT,6,3.659769,2888
TIC 303591615,303591615,100,100,8.41,160.1098,-52.3623,2,1,5085.0,9.74797,,460.436,GIANT,6,3.659828,2889
TIC 429233688,429233688,100,100,8.03,184.142,-49.1636,2,2,4686.37,10.6416,,382.937,GIANT,6,3.660014,2890
TIC 379725706,379725706,100,100,8.09,256.7952,-67.3127,4,4,4610.0,10.5078,,379.039,GIANT,6,3.661024,2891
TIC 306743678,306743678,100,100,8.04,166.7557,-55.0587,2,1,5012.0,10.6591,,429.074,GIANT,6,3.663441,2892
TIC 162799334,162799334,100,100,8.11,171.0807,-44.2617,2,1,4784.0,10.5176,,413.118,GIANT,6,3.665833,2893
TIC 106502915,106502915,100,100,8.23,159.9363,-36.5365,2,4,4702.0,10.2353,,406.579,GIANT,6,3.666201,2894
TIC 73385238,73385238,100,100,9.12,154.3318,-36.3404,2,4,5219.0,8.36234,,613.699,GIANT,6,3.668656,2895
TIC 181061572,181061572,100,100,8.11,173.4685,-41.582,2,2,4784.0,10.5843,,414.166,GIANT,6,3.671324,2896
TIC 158547617,158547617,100,100,8.01,164.3639,-40.3808,2,4,4949.0,10.8345,,432.648,GIANT,6,3.671618,2897
TIC 429307624,429307624,100,100,8.2,241.5825,-58.8095,4,1,4940.0,10.3708,,435.437,GIANT,6,3.671625,2898
TIC 72568000,72568000,100,100,8.03,187.7521,-42.8948,2,2,4873.7,10.791,,423.507,GIANT,6,3.672123,2899
TIC 313514331,313514331,100,100,12.75,202.2196,-62.303,3,4,4846.0,3.64013,,1107.78,GIANT,6,3.672234,2900
TIC 421356478,421356478,100,100,8.1,262.0097,-59.6982,4,4,4694.18,10.6552,,404.446,GIANT,6,3.675123,2901
TIC 303105722,303105722,100,100,8.37,159.1181,-50.6402,2,1,5235.0,10.0286,,479.443,GIANT,6,3.676481,2902
TIC 279310031,279310031,100,100,8.47,235.4784,-58.4668,4,1,4908.0,9.81151,,421.315,GIANT,6,3.677472,2903
TIC 303516186,303516186,100,100,8.02,164.2779,-59.8011,3,2,4611.0,10.9005,,390.38,GIANT,6,3.678893,2904
TIC 271209031,271209031,100,100,10.11,186.5479,-55.3479,3,1,8823.0,6.73867,,1383.76,GIANT,6,3.679148,2905
TIC 272170840,272170840,100,100,8.28,187.4614,-58.8684,3,2,4736.0,10.2786,,384.509,GIANT,6,3.679868,2906
TIC 378687599,378687599,100,100,8.15,180.5621,-63.8024,3,2,5129.0,10.6038,,417.193,GIANT,6,3.680923,2907
TIC 22757937,22757937,100,100,8.02,185.6879,-44.3808,2,2,5209.0,10.9525,,484.335,GIANT,6,3.683027,2908
TIC 451950526,451950526,100,100,8.32,173.0254,-58.2056,3,2,5030.0,10.2299,,472.432,GIANT,6,3.683743,2909
TIC 71547807,71547807,100,100,8.3,155.6492,-32.3755,1,1,4901.0,10.2939,,466.055,GIANT,6,3.68516,2910
TIC 455598880,455598880,100,100,8.17,229.4445,-65.7767,4,1,4733.0,10.6102,,404.415,GIANT,6,3.685447,2911
TIC 179198279,179198279,100,100,8.6,158.1951,-21.7696,1,1,4704.0,9.61123,,460.178,GIANT,6,3.685558,2912
TIC 449351401,449351401,100,100,8.52,191.2257,-44.785,2,2,4978.0,9.81724,,501.755,GIANT,6,3.687979,2913
TIC 359396836,359396836,100,100,8.59,201.2713,-54.6461,3,1,5258.0,9.67297,,519.976,GIANT,6,3.68912,2914
TIC 192542489,192542489,100,100,8.18,154.5853,-23.7292,1,1,5016.0,10.6318,,483.105,GIANT,6,3.689214,2915
TIC 106144393,106144393,100,100,8.13,158.1127,-40.6418,2,4,4628.0,10.7775,,393.494,GIANT,6,3.691036,2916
TIC 103553523,103553523,100,100,8.22,157.4628,-42.3467,2,4,4837.0,10.5645,,440.909,GIANT,6,3.691698,2917
TIC 456059585,456059585,100,100,8.2,230.8706,-60.4578,4,1,5042.0,10.6136,,415.211,GIANT,6,3.691725,2918
TIC 106193956,106193956,100,100,8.34,158.4773,-37.1537,2,4,4831.0,10.2969,,455.484,GIANT,6,3.693413,2919
TIC 70675805,70675805,100,100,8.05,151.484,-31.1998,1,1,4576.0,11.0103,,383.817,GIANT,6,3.693598,2920
TIC 73388245,73388245,100,100,8.98,154.5478,-38.5934,2,4,5200.0,8.89564,,608.8,GIANT,6,3.694354,2921
TIC 407773481,407773481,100,100,8.11,274.6563,-70.7327,4,3,4607.0,10.8743,,382.047,GIANT,6,3.694803,2922
TIC 292291029,292291029,100,100,8.02,278.6567,-67.6404,4,3,4534.0,11.1088,,370.134,GIANT,6,3.695334,2923
TIC 403762821,403762821,100,100,8.12,179.9131,-43.1199,2,2,4783.0,10.8628,,411.733,GIANT,6,3.695884,2924
TIC 193192746,193192746,100,100,8.57,157.624,-27.0375,1,1,4910.0,9.79376,,510.071,GIANT,6,3.695899,2925
TIC 284513795,284513795,100,100,8.45,233.5754,-58.4759,4,1,5040.0,10.0829,,445.543,GIANT,6,3.697171,2926
TIC 82252218,82252218,100,100,8.19,168.9075,-50.3034,2,1,4901.0,10.7056,,444.935,GIANT,6,3.697222,2927
TIC 453491157,453491157,100,100,8.11,195.3526,-47.2859,3,1,5017.0,10.921,,461.281,GIANT,6,3.698525,2928
TIC 342365421,342365421,100,100,9.16,239.9468,-62.1637,4,1,4745.0,8.57715,,498.241,GIANT,6,3.698686,2929
TIC 72816291,72816291,100,100,8.3,188.6402,-45.7613,2,2,4806.1,10.46,,451.827,GIANT,6,3.699063,2930
TIC 292777606,292777606,100,100,8.16,274.7061,-79.29,4,3,4783.0,10.8032,,410.607,GIANT,6,3.699105,2931
TIC 288379636,288379636,100,100,8.36,192.6156,-43.9478,2,2,4821.0,10.3173,,459.452,GIANT,6,3.699132,2932
TIC 54114594,54114594,100,100,8.28,160.5212,-34.9309,2,4,5018.0,10.5165,,488.097,GIANT,6,3.699742,2933
TIC 308900121,308900121,100,100,8.6,184.5212,-64.4991,3,2,5213.0,9.77583,,502.107,GIANT,6,3.700307,2934
TIC 294297441,294297441,100,100,8.41,265.2957,-71.004,4,3,4965.0,10.217,,498.962,GIANT,6,3.700647,2935
TIC 401184301,401184301,100,100,8.11,186.0333,-54.9491,3,1,4857.0,10.9575,,419.868,GIANT,6,3.701423,2936
TIC 304405981,304405981,100,100,8.22,276.3766,-68.3935,4,3,4832.0,10.705,,446.089,GIANT,6,3.703173,2937
TIC 272115411,272115411,100,100,8.23,233.5062,-61.5892,4,1,4833.0,10.6886,,418.719,GIANT,6,3.703842,2938
TIC 73229004,73229004,100,100,8.02,190.1747,-44.0058,2,2,4763.0,11.2274,,410.137,GIANT,6,3.704558,2939
TIC 394577535,394577535,100,100,8.28,201.2084,-75.7809,3,3,4849.0,10.5756,,438.57,GIANT,6,3.70461,2940
TIC 158201886,158201886,100,100,8.13,162.5754,-36.5072,2,4,4897.0,10.949,,457.843,GIANT,6,3.704749,2941
TIC 120514265,120514265,100,100,8.9,163.5469,-52.015,2,1,5642.0,9.18589,,620.593,GIANT,6,3.706242,2942
TIC 382274223,382274223,100,100,8.05,287.4695,-71.204,4,3,4854.0,11.2006,,439.941,GIANT,6,3.708483,2943
TIC 135366441,135366441,100,100,8.08,186.8436,-39.3622,2,2,4862.0,11.1249,,440.568,GIANT,6,3.708592,2944
TIC 48826262,48826262,100,100,8.5,162.7218,-34.1831,2,4,5099.0,10.1008,,537.575,GIANT,6,3.708712,2945
TIC 253395069,253395069,100,100,8.24,196.6793,-54.6169,3,1,4745.0,10.7504,,409.97,GIANT,6,3.710849,2946
TIC 300529213,300529213,100,100,8.31,245.1149,-63.372,4,1,5008.0,10.5945,,495.548,GIANT,6,3.712161,2947
TIC 209973778,209973778,100,100,8.14,211.4277,-55.0667,3,4,4574.0,11.0247,,378.582,GIANT,6,3.712734,2948
TIC 318825863,318825863,100,100,8.55,173.2714,-60.3418,3,2,4961.0,10.0358,,507.933,GIANT,6,3.713104,2949
TIC 306892385,306892385,100,100,8.04,266.7654,-61.5858,4,4,4662.0,11.2874,,403.034,GIANT,6,3.713188,2950
TIC 53859027,53859027,100,100,8.13,158.9243,-35.5718,2,4,4890.0,11.0591,,455.487,GIANT,6,3.71344,2951
TIC 76809451,76809451,100,100,8.16,270.9175,-57.8748,4,4,4904.0,10.9923,,455.329,GIANT,6,3.714177,2952
TIC 48784515,48784515,100,100,8.08,162.5777,-30.5386,1,1,4563.0,11.2319,,393.255,GIANT,6,3.716906,2953
TIC 181201448,181201448,100,100,8.06,174.516,-41.053,2,2,4965.0,11.2846,,462.322,GIANT,6,3.716972,2954
TIC 263951758,263951758,100,100,8.03,231.8603,-70.4708,4,2,4775.0,11.3668,,428.677,GIANT,6,3.717276,2955
TIC 382036911,382036911,100,100,8.12,284.5957,-70.8121,4,3,4910.0,11.1396,,467.331,GIANT,6,3.717739,2956
TIC 147539780,147539780,100,100,8.04,163.5489,-43.6806,2,4,5317.0,11.3605,,471.349,GIANT,6,3.718795,2957
TIC 432183805,432183805,100,100,8.25,153.7397,-22.2218,1,1,4772.0,10.8328,,458.386,GIANT,6,3.719481,2958
TIC 349247495,349247495,100,100,8.32,271.1446,-69.6004,4,3,4740.0,10.7076,,445.117,GIANT,6,3.723384,2959
TIC 105799467,105799467,100,100,8.28,156.6988,-39.9018,2,4,4956.0,10.8123,,489.645,GIANT,6,3.723836,2960
TIC 146425843,146425843,100,100,8.7,158.5457,-44.6988,2,4,5162.0,9.81921,,574.954,GIANT,6,3.724153,2961
TIC 163587977,163587977,100,100,8.27,174.3726,-46.9401,2,1,4876.0,10.8483,,468.799,GIANT,6,3.724723,2962
TIC 404235138,404235138,100,100,8.09,195.4229,-49.0144,3,1,4986.0,11.3143,,457.829,GIANT,6,3.725255,2963
TIC 343995519,343995519,100,100,8.18,276.9912,-77.8847,4,3,4647.0,11.0889,,406.417,GIANT,6,3.725777,2964
TIC 71093270,71093270,100,100,8.66,153.3356,-31.4377,1,1,5003.3,9.95059,,557.32,GIANT,6,3.727698,2965
TIC 135370187,135370187,100,100,8.09,187.0699,-37.8416,2,2,4715.0,11.3559,,425.854,GIANT,6,3.728443,2966
TIC 447731633,447731633,100,100,8.25,255.3312,-63.4051,4,4,4842.0,10.9603,,461.62,GIANT,6,3.729645,2967
TIC 401982149,401982149,100,100,8.39,218.7924,-77.2172,4,2,4798.0,10.6156,,473.158,GIANT,6,3.729889,2968
TIC 395404732,395404732,100,100,8.24,207.0849,-73.5633,3,3,4667.78,10.9953,,406.314,GIANT,6,3.730414,2969
TIC 292779649,292779649,100,100,8.46,218.5813,-59.7991,3,4,4944.0,10.4631,,443.103,GIANT,6,3.731321,2970
TIC 411539955,411539955,100,100,8.06,185.4442,-59.7665,3,2,4463.0,11.499,,335.683,GIANT,6,3.73332,2971
TIC 91786999,91786999,100,100,8.17,171.5938,-51.6399,2,1,5260.0,11.2321,,512.468,GIANT,6,3.734922,2972
TIC 22564687,22564687,100,100,8.41,184.9012,-45.76,2,2,4740.0,10.6329,,461.964,GIANT,6,3.735303,2973
TIC 293655750,293655750,100,100,8.26,262.5522,-68.1384,4,4,4622.0,11.0285,,425.684,GIANT,6,3.737033,2974
TIC 54254220,54254220,100,100,8.38,161.1837,-35.6671,2,4,4724.0,10.7304,,467.902,GIANT,6,3.737232,2975
TIC 75532698,75532698,100,100,8.85,267.379,-56.1249,4,4,5069.0,9.63072,,584.672,GIANT,6,3.737318,2976
TIC 245335532,245335532,100,100,8.19,199.7012,-52.239,3,1,4742.0,11.2121,,421.689,GIANT,6,3.737374,2977
TIC 290523979,290523979,100,100,10.37,173.8131,-61.6999,3,2,9850.0,6.78806,,2049.08,GIANT,6,3.737491,2978
TIC 390940468,390940468,100,100,8.5,217.8426,-61.9894,3,4,6175.0,10.4525,,569.328,GIANT,6,3.73844,2979
TIC 454105013,454105013,100,100,8.52,176.7986,-37.1312,2,3,4938.0,10.4045,,517.53,GIANT,6,3.738442,2980
TIC 165904466,165904466,100,100,8.02,192.6335,-50.1627,3,1,4713.03,11.6978,,407.966,GIANT,6,3.740208,2981
TIC 259223081,259223081,100,100,8.38,223.0666,-70.7247,4,2,4788.4,10.7997,,468.358,GIANT,6,3.742823,2982
TIC 467126883,467126883,100,100,8.1,167.5912,-62.7292,3,2,4466.0,11.5256,,357.086,GIANT,6,3.743327,2983
TIC 57694511,57694511,100,100,8.34,174.2258,-31.7544,2,3,4910.0,10.9099,,498.714,GIANT,6,3.743642,2984
TIC 5508287,5508287,100,100,8.43,155.511,-23.338,1,1,4595.0,10.6866,,453.636,GIANT,6,3.743679,2985
TIC 342236867,342236867,100,100,8.29,240.0111,-65.0236,4,1,4995.0,11.038,,512.773,GIANT,6,3.743781,2986
TIC 340727509,340727509,100,100,8.33,201.9798,-68.2994,3,3,4567.0,10.9409,,401.068,GIANT,6,3.744106,2987
TIC 398774132,398774132,100,100,8.07,180.2608,-55.2408,3,2,5018.0,11.6216,,470.19,GIANT,6,3.744532,2988
TIC 341970174,341970174,100,100,8.2,203.7587,-67.2958,3,3,4845.0,11.3013,,436.344,GIANT,6,3.746257,2989
TIC 89721127,89721127,100,100,8.55,204.0861,-57.53,3,4,4745.0,10.4418,,446.031,GIANT,6,3.747551,2990
TIC 74980139,74980139,100,100,8.2,266.2376,-56.8281,4,4,4780.0,11.3241,,454.383,GIANT,6,3.748007,2991
TIC 299260790,299260790,100,100,8.51,243.6769,-65.2496,4,1,4752.0,10.5535,,481.976,GIANT,6,3.748793,2992
TIC 265731141,265731141,100,100,8.47,174.7271,-54.1246,3,2,4775.0,10.6588,,472.004,GIANT,6,3.749417,2993
TIC 293333590,293333590,100,100,8.48,261.4944,-67.2516,4,4,4846.0,10.6493,,511.218,GIANT,6,3.750642,2994
TIC 48940792,48940792,100,100,8.52,163.4938,-30.6346,1,1,4757.0,10.5527,,489.043,GIANT,6,3.750727,2995
TIC 305175645,305175645,100,100,8.41,261.5492,-63.3122,4,4,4848.91,10.8362,,506.391,GIANT,6,3.751754,2996
TIC 434486482,434486482,100,100,8.91,156.7265,-23.3467,1,1,4535.4,9.66368,,489.474,GIANT,6,3.752285,2997
TIC 467244707,467244707,100,100,10.43,167.9034,-60.4876,3,2,8726.0,6.81722,,2066.87,GIANT,6,3.753215,2998
TIC 360215980,360215980,100,100,8.64,187.191,-75.8735,3,3,4779.1,10.3063,,458.494,GIANT,6,3.754206,2999
TIC 261580883,261580883,100,100,8.01,227.3622,-70.4218,4,2,4550.0,11.9214,,400.06,GIANT,6,3.754655,3000
TIC 446346728,446346728,100,100,8.24,221.8723,-81.2174,4,2,4419.0,11.3137,,360.881,GIANT,6,3.755209,3001
TIC 433447507,433447507,100,100,8.46,182.9084,-57.8261,3,2,4762.0,10.7573,,456.664,GIANT,6,3.755407,3002
TIC 76309721,76309721,100,100,8.51,269.5121,-55.8922,4,4,4636.0,10.6432,,458.674,GIANT,6,3.756144,3003
TIC 447258369,447258369,100,100,8.21,251.0082,-63.4813,4,4,4850.75,11.4067,,478.853,GIANT,6,3.75632,3004
TIC 71339606,71339606,100,100,8.17,154.7271,-32.9732,1,1,5076.0,11.5128,,524.32,GIANT,6,3.756362,3005
TIC 382408934,382408934,100,100,8.31,183.2327,-64.9754,3,2,4830.0,11.1547,,442.668,GIANT,6,3.756916,3006
TIC 187992252,187992252,100,100,8.38,159.8874,-27.2531,1,1,4802.0,10.9798,,488.059,GIANT,6,3.757189,3007
TIC 106632776,106632776,100,100,8.51,160.559,-39.1136,2,4,4917.0,10.6595,,530.108,GIANT,6,3.757474,3008
TIC 292704158,292704158,100,100,8.45,275.0317,-72.6154,4,3,4689.0,10.8199,,457.552,GIANT,6,3.758446,3009
TIC 15530655,15530655,100,100,8.08,185.4387,-52.4343,3,1,4865.0,11.7954,,457.58,GIANT,6,3.759425,3010
TIC 382668364,382668364,100,100,9.07,215.8918,-61.6571,3,4,6011.0,9.39394,,611.619,GIANT,6,3.759696,3011
TIC 207785729,207785729,100,100,8.66,207.1529,-53.9186,3,4,4964.0,10.3691,,487.202,GIANT,6,3.763482,3012
TIC 134759722,134759722,100,100,8.62,182.8361,-41.2065,2,2,4957.0,10.4713,,538.254,GIANT,6,3.764001,3013
TIC 395302534,395302534,100,100,8.78,205.6472,-74.7417,3,3,4813.0,10.0934,,516.313,GIANT,6,3.764075,3014
TIC 455607487,455607487,100,100,8.12,229.5,-64.2826,4,1,5364.0,11.7837,,530.925,GIANT,6,3.766563,3015
TIC 193091290,193091290,100,100,8.03,156.57,-29.8633,1,1,5063.0,12.0424,,526.556,GIANT,6,3.767426,3016
TIC 146589816,146589816,100,100,8.11,159.291,-42.6856,2,4,4814.4,11.8347,,455.634,GIANT,6,3.768315,3017
TIC 219515124,219515124,100,100,8.56,174.6725,-20.498,1,2,4992.0,10.6766,,564.656,GIANT,6,3.768866,3018
TIC 73768564,73768564,100,100,8.37,155.9534,-38.5065,2,4,4826.0,11.1591,,498.633,GIANT,6,3.769258,3019
TIC 80784605,80784605,100,100,8.09,166.1636,-50.3162,2,1,5196.0,11.9122,,502.886,GIANT,6,3.769984,3020
TIC 147143741,147143741,100,100,8.11,162.0498,-46.7005,2,1,4710.84,11.8977,,428.69,GIANT,6,3.772926,3021
TIC 107113098,107113098,100,100,8.72,183.0072,-33.1317,2,3,4786.0,10.3507,,534.339,GIANT,6,3.773939,3022
TIC 413367354,413367354,100,100,8.47,160.6537,-22.2189,1,1,4783.0,10.9835,,507.742,GIANT,6,3.775482,3023
TIC 454136240,454136240,100,100,8.53,225.5928,-60.1128,4,1,5590.0,10.8439,,539.291,GIANT,6,3.776371,3024
TIC 342616282,342616282,100,100,8.41,240.138,-62.3322,4,1,5057.0,11.1539,,522.955,GIANT,6,3.776853,3025
TIC 290681684,290681684,100,100,9.18,174.0422,-61.6277,3,2,9200.0,9.34274,,1668.67,GIANT,6,3.776949,3026
TIC 325585386,325585386,100,100,9.29,209.5794,-61.8023,3,4,4829.0,9.12096,,620.918,GIANT,6,3.778081,3027
TIC 454421278,454421278,100,100,8.67,226.4422,-64.9542,4,1,4753.0,10.5296,,463.418,GIANT,6,3.778824,3028
TIC 93620374,93620374,100,100,8.74,175.7776,-53.2166,2,1,4767.0,10.3818,,519.687,GIANT,6,3.780545,3029
TIC 400911489,400911489,100,100,8.26,178.6502,-53.7292,3,2,4842.0,11.603,,486.793,GIANT,6,3.781141,3030
TIC 401278539,401278539,100,100,8.42,187.8618,-48.7046,3,1,4720.2,11.1984,,481.129,GIANT,6,3.782312,3031
TIC 362826283,362826283,100,100,8.68,247.1639,-66.3431,4,1,4918.92,10.5497,,562.931,GIANT,6,3.78248,3032
TIC 173196846,173196846,100,100,8.87,257.3719,-58.8035,4,4,4779.0,10.1092,,542.757,GIANT,6,3.783434,3033
TIC 410426857,410426857,100,100,8.37,167.2933,-18.8558,1,2,4842.0,11.3445,,519.255,GIANT,6,3.783571,3034
TIC 427039495,427039495,100,100,8.24,237.4761,-66.2823,4,1,4727.51,11.6906,,477.593,GIANT,6,3.783674,3035
TIC 57511458,57511458,100,100,8.45,172.8533,-34.337,2,3,4639.0,11.1515,,473.693,GIANT,6,3.784667,3036
TIC 403133480,403133480,100,100,9.55,227.7814,-73.1384,4,2,6745.08,8.65707,,975.262,GIANT,6,3.784742,3037
TIC 295615371,295615371,100,100,8.27,223.444,-65.5682,4,1,4876.0,11.6423,,466.074,GIANT,6,3.786078,3038
TIC 334118524,334118524,100,100,8.53,182.7879,-49.61,2,2,4911.1,10.9667,,526.501,GIANT,6,3.786152,3039
TIC 452697707,452697707,100,100,8.55,172.0842,-27.6666,1,2,4778.1,10.9488,,527.387,GIANT,6,3.788733,3040
TIC 57154910,57154910,100,100,8.76,170.4405,-31.1229,2,3,4699.7,10.4442,,531.188,GIANT,6,3.78975,3041
TIC 384295753,384295753,100,100,8.68,246.5782,-78.0901,4,2,4789.0,10.6396,,526.552,GIANT,6,3.789851,3042
TIC 20428266,20428266,100,100,8.69,168.3308,-29.2328,1,2,4876.0,10.6565,,570.143,GIANT,6,3.793229,3043
TIC 300499348,300499348,100,100,8.07,173.3097,-52.7169,2,1,4754.0,12.303,,448.093,GIANT,6,3.794022,3044
TIC 157256755,157256755,100,100,8.55,176.3551,-31.7113,2,3,5066.0,11.0214,,593.292,GIANT,6,3.794474,3045
TIC 71674289,71674289,100,100,8.94,156.4255,-32.9279,1,1,4716.0,10.0853,,552.843,GIANT,6,3.795378,3046
TIC 35539623,35539623,100,100,8.63,224.8139,-59.1043,3,4,4792.0,10.8467,,486.219,GIANT,6,3.796595,3047
TIC 5484946,5484946,100,100,8.41,149.7467,-23.7391,1,1,4802.2,11.4117,,520.328,GIANT,6,3.796701,3048
TIC 387112405,387112405,100,100,8.25,286.4332,-74.0293,4,3,4807.0,11.8511,,480.09,GIANT,6,3.797517,3049
TIC 53732495,53732495,100,100,8.72,158.0306,-32.1759,1,1,4935.0,10.6456,,584.734,GIANT,6,3.79834,3050
TIC 32658162,32658162,100,100,8.79,176.3306,-24.3823,1,2,4989.0,10.497,,611.464,GIANT,6,3.80013,3051
TIC 290681465,290681465,100,100,10.53,174.0909,-61.6083,3,2,9564.0,7.03408,,2450.92,GIANT,6,3.800415,3052
TIC 449786679,449786679,100,100,8.08,201.0641,-62.2586,3,4,4343.0,12.3848,,350.617,GIANT,6,3.801778,3053
TIC 304550604,304550604,100,100,8.26,277.2153,-71.2002,4,3,4887.0,11.8893,,507.284,GIANT,6,3.802313,3054
TIC 103112809,103112809,100,100,8.39,156.5423,-44.4727,2,4,4852.69,11.5418,,515.565,GIANT,6,3.802547,3055
TIC 457017274,457017274,100,100,8.2,201.7803,-56.236,3,1,4767.0,12.0588,,441.025,GIANT,6,3.802608,3056
TIC 292477666,292477666,100,100,8.77,281.616,-67.8972,4,3,4820.0,10.5827,,568.34,GIANT,6,3.803193,3057
TIC 448415401,448415401,100,100,8.08,165.7963,-35.821,2,4,4734.0,12.4143,,458.976,GIANT,6,3.803844,3058
TIC 219581340,219581340,100,100,8.24,175.0661,-22.102,1,2,4541.0,11.9829,,444.163,GIANT,6,3.805124,3059
TIC 429234518,429234518,100,100,8.73,184.109,-49.6819,2,2,4734.94,10.707,,534.399,GIANT,6,3.805336,3060
TIC 188038208,188038208,100,100,8.46,160.662,-29.517,1,1,4621.0,11.3967,,492.099,GIANT,6,3.805558,3061
TIC 73720438,73720438,100,100,8.76,155.6625,-37.7499,2,4,4878.0,10.6437,,592.303,GIANT,6,3.806185,3062
TIC 219701501,219701501,100,100,8.63,175.4343,-22.7077,1,2,4852.0,10.9709,,558.104,GIANT,6,3.806485,3063
TIC 270263948,270263948,100,100,8.74,175.3093,-27.839,2,3,4565.6,10.7296,,492.757,GIANT,6,3.809167,3064
TIC 343598771,343598771,100,100,9.18,271.6948,-75.7081,4,3,4505.0,9.71065,,493.837,GIANT,6,3.810497,3065
TIC 57373959,57373959,100,100,8.78,171.983,-31.4007,2,3,4911.0,10.657,,601.536,GIANT,6,3.81127,3066
TIC 268662860,268662860,100,100,8.28,177.0799,-56.4468,3,2,4783.0,11.9801,,482.636,GIANT,6,3.812921,3067
TIC 293715876,293715876,100,100,7.89,222.3647,-60.6386,3,4,5131.0,13.1144,,472.737,GIANT,6,3.813497,3068
TIC 335439608,335439608,100,100,8.22,170.6367,-16.3768,1,2,4726.0,12.2282,,498.721,GIANT,6,3.818725,3069
TIC 163042602,163042602,100,100,8.81,191.1879,-49.9624,3,1,4933.0,10.6796,,590.823,GIANT,6,3.81911,3070
TIC 72627820,72627820,100,100,10.2,188.0065,-45.393,2,2,5309.7,7.77707,,986.892,GIANT,6,3.821632,3071
TIC 459403926,459403926,100,100,8.65,162.5949,-55.8433,2,1,5081.0,11.131,,568.98,GIANT,6,3.823068,3072
TIC 54084732,54084732,100,100,8.5,160.2445,-32.558,2,4,5027.0,11.5258,,595.929,GIANT,6,3.823342,3073
TIC 394053515,394053515,100,100,8.06,218.6483,-64.8274,3,4,4527.0,12.7776,,413.384,GIANT,6,3.824899,3074
TIC 451393581,451393581,100,100,8.2,239.8141,-72.4095,4,2,5082.0,12.3747,,560.877,GIANT,6,3.825069,3075
TIC 395609561,395609561,100,100,8.29,208.3265,-74.2832,4,2,4755.28,12.123,,481.369,GIANT,6,3.82522,3076
TIC 158719651,158719651,100,100,8.94,165.3747,-40.5151,2,4,5005.0,10.4456,,631.763,GIANT,6,3.825867,3077
TIC 361598043,361598043,100,100,8.37,194.2213,-75.3938,3,3,4446.0,11.952,,402.453,GIANT,6,3.828881,3078
TIC 248096949,248096949,100,100,8.04,193.3423,-44.6624,2,2,4782.0,12.8963,,483.114,GIANT,6,3.82893,3079
TIC 360453460,360453460,100,100,9.01,240.3261,-69.4865,4,1,4796.98,10.3209,,605.014,GIANT,6,3.829435,3080
TIC 432168980,432168980,100,100,8.08,153.5585,-17.9008,1,4,4795.0,12.7979,,503.997,GIANT,6,3.830277,3081
TIC 304341198,304341198,100,100,8.82,275.9889,-66.6813,4,4,4917.0,10.8018,,611.171,GIANT,6,3.830992,3082
TIC 22030608,22030608,100,100,8.48,182.8431,-46.0247,2,2,4458.5,11.6956,,451.693,GIANT,6,3.832045,3083
TIC 401826612,401826612,100,100,8.79,217.6958,-72.9209,4,2,4799.2,10.8919,,559.335,GIANT,6,3.832207,3084
TIC 152147367,152147367,100,100,8.44,170.0012,-39.6164,2,4,4859.0,11.8152,,541.334,GIANT,6,3.832882,3085
TIC 73495813,73495813,100,100,8.01,154.7529,-39.3532,2,4,4816.0,13.0665,,483.222,GIANT,6,3.834319,3086
TIC 300804509,300804509,100,100,8.16,177.7842,-57.2596,3,2,5078.0,12.6327,,543.31,GIANT,6,3.834992,3087
TIC 322734707,322734707,100,100,8.59,165.8729,-29.7931,1,2,4954.0,11.4764,,614.951,GIANT,6,3.837611,3088
TIC 369422631,369422631,100,100,8.79,192.0517,-61.5751,3,2,4560.0,10.9604,,429.976,GIANT,6,3.837653,3089
TIC 80146330,80146330,100,100,8.28,164.8557,-53.0018,2,1,5236.0,12.3388,,575.899,GIANT,6,3.838546,3090
TIC 422137585,422137585,100,100,8.07,280.6847,-72.4839,4,3,4897.69,12.9583,,518.535,GIANT,6,3.839096,3091
TIC 134832811,134832811,100,100,8.58,183.4251,-39.5906,2,2,4700.0,11.5265,,534.173,GIANT,6,3.839395,3092
TIC 347624674,347624674,100,100,8.71,168.9448,-13.9516,1,3,4800.0,11.1919,,589.498,GIANT,6,3.839808,3093
TIC 245124842,245124842,100,100,8.85,198.1377,-51.4834,3,1,4805.0,10.8914,,557.607,GIANT,6,3.844167,3094
TIC 49174290,49174290,100,100,8.05,165.3199,-33.5384,2,4,4727.0,13.0958,,481.44,GIANT,6,3.844264,3095
TIC 437269250,437269250,100,100,8.44,174.1026,-23.6375,1,2,4923.0,11.9805,,588.854,GIANT,6,3.84495,3096
TIC 365554284,365554284,100,100,9.1,273.8375,-65.6219,4,4,4681.5,10.3118,,605.331,GIANT,6,3.846669,3097
TIC 162096886,162096886,100,100,8.35,168.278,-47.6727,2,1,4788.54,12.2638,,529.849,GIANT,6,3.84725,3098
TIC 290681621,290681621,100,100,9.99,174.0045,-61.6218,3,2,9296.0,8.41529,,2189.49,GIANT,6,3.848138,3099
TIC 414475823,414475823,100,100,11.79,224.2112,-57.6859,3,4,7796.0,5.56672,,1651.55,GIANT,6,3.849199,3100
TIC 23609933,23609933,100,100,8.66,169.5734,-30.6007,2,3,4700.0,11.4499,,554.911,GIANT,6,3.849603,3101
TIC 398383513,398383513,100,100,9.15,284.0472,-79.9947,4,3,5000.49,10.2328,,630.064,GIANT,6,3.849989,3102
TIC 23438361,23438361,100,100,9.42,168.3034,-32.196,2,3,4482.3,9.6173,,568.665,GIANT,6,3.850106,3103
TIC 273279154,273279154,100,100,8.9,188.5331,-56.6249,3,1,5022.0,10.8449,,579.698,GIANT,6,3.850451,3104
TIC 193091873,193091873,100,100,8.72,156.8253,-28.9817,1,1,4631.2,11.3042,,542.467,GIANT,6,3.85048,3105
TIC 403515235,403515235,100,100,8.02,230.9333,-72.4769,4,2,4502.0,13.3049,,431.008,GIANT,6,3.852023,3106
TIC 22217618,22217618,100,100,8.53,183.5767,-45.4229,2,2,4923.0,11.8353,,574.533,GIANT,6,3.852359,3107
TIC 106369012,106369012,100,100,9.22,159.0625,-41.8452,2,4,5009.0,10.1224,,719.654,GIANT,6,3.854567,3108
TIC 361596590,361596590,100,100,9.0,194.2411,-74.7276,3,3,4942.0,10.6646,,617.598,GIANT,6,3.855889,3109
TIC 423394553,423394553,100,100,8.51,157.3099,-18.5799,1,4,4944.0,11.9421,,613.5,GIANT,6,3.856161,3110
TIC 397366908,397366908,100,100,9.2,175.2829,-47.8221,2,1,4877.0,10.1968,,648.029,GIANT,6,3.856928,3111
TIC 395129300,395129300,100,100,9.16,204.5933,-75.5843,4,2,4968.9,10.2941,,678.141,GIANT,6,3.857177,3112
TIC 452698339,452698339,100,100,8.06,172.0261,-26.2617,1,2,5005.0,13.2805,,553.372,GIANT,6,3.858429,3113
TIC 457390382,457390382,100,100,8.26,206.0126,-59.7111,3,4,5199.0,12.6887,,519.123,GIANT,6,3.858834,3114
TIC 379548996,379548996,100,100,8.7,181.341,-61.3345,3,2,4963.0,11.4706,,564.618,GIANT,6,3.859172,3115
TIC 343402190,343402190,100,100,8.17,267.9767,-72.6682,4,3,4610.0,12.9597,,479.001,GIANT,6,3.85919,3116
TIC 433007023,433007023,100,100,8.74,170.3964,-28.7336,2,3,4800.1,11.3815,,595.998,GIANT,6,3.860399,3117
TIC 403598982,403598982,100,100,8.67,231.624,-73.5036,4,2,4801.93,11.6073,,581.854,GIANT,6,3.863462,3118
TIC 92575788,92575788,100,100,8.3,173.1311,-48.8148,2,1,4494.16,12.69,,446.231,GIANT,6,3.866923,3119
TIC 57184625,57184625,100,100,8.04,170.6349,-34.4549,2,3,4646.0,13.5032,,480.856,GIANT,6,3.868873,3120
TIC 310099038,310099038,100,100,8.13,250.5858,-74.3037,4,2,4951.4,13.2633,,555.908,GIANT,6,3.871303,3121
TIC 178355612,178355612,100,100,9.01,164.4462,-47.5688,2,1,4916.0,10.8319,,646.224,GIANT,6,3.871409,3122
TIC 167208958,167208958,100,100,8.95,193.0746,-51.3857,3,1,4553.3,10.9906,,531.709,GIANT,6,3.872043,3123
TIC 425852301,425852301,100,100,8.3,234.7078,-75.5668,4,2,4892.0,12.7914,,560.761,GIANT,6,3.873836,3124
TIC 103311321,103311321,100,100,8.24,156.7928,-46.7082,2,1,4825.0,12.9724,,528.126,GIANT,6,3.874041,3125
TIC 292239287,292239287,100,100,8.42,221.3762,-63.4376,3,4,5052.0,12.4488,,539.289,GIANT,6,3.874255,3126
TIC 181205079,181205079,100,100,8.18,174.5966,-38.4777,2,3,5015.0,13.1574,,567.26,GIANT,6,3.87434,3127
TIC 20324259,20324259,100,100,8.97,167.3948,-27.8524,1,2,4908.0,10.981,,673.042,GIANT,6,3.875284,3128
TIC 158714829,158714829,100,100,8.25,165.3562,-38.2995,2,4,4540.0,12.9711,,469.985,GIANT,6,3.875954,3129
TIC 147143214,147143214,100,100,9.5,161.9517,-46.3934,2,1,7305.65,9.72752,,1192.88,GIANT,6,3.876004,3130
TIC 384743604,384743604,100,100,9.05,258.9962,-78.222,4,3,4620.0,10.7944,,579.35,GIANT,6,3.876397,3131
TIC 193031803,193031803,100,100,8.78,155.8888,-29.5716,1,1,4622.0,11.4883,,581.533,GIANT,6,3.876512,3132
TIC 181063793,181063793,100,100,8.02,173.4457,-38.8985,2,3,4721.0,13.6884,,480.033,GIANT,6,3.876705,3133
TIC 26171361,26171361,100,100,8.21,152.3542,-9.9286,1,4,5099.0,13.104,,612.479,GIANT,6,3.876808,3134
TIC 295247790,295247790,100,100,8.24,270.3044,-66.4116,4,4,4721.0,13.0169,,526.867,GIANT,6,3.877015,3135
TIC 54257454,54257454,100,100,8.98,161.2742,-31.2036,1,1,4930.0,11.0018,,680.088,GIANT,6,3.878927,3136
TIC 315305808,315305808,100,100,9.58,171.1713,-61.0568,3,2,9028.0,9.60063,,1988.94,GIANT,6,3.880599,3137
TIC 384514327,384514327,100,100,8.71,253.1709,-80.5274,4,2,4826.75,11.7374,,569.676,GIANT,6,3.881144,3138
TIC 333015696,333015696,100,100,8.18,180.9366,-49.8123,2,2,5040.65,13.2758,,587.475,GIANT,6,3.882121,3139
TIC 304688593,304688593,100,100,9.0,278.0237,-66.0026,4,4,4735.0,10.9919,,619.478,GIANT,6,3.882146,3140
TIC 289857307,289857307,100,100,8.1,205.1457,-58.201,3,4,5184.0,13.5388,,512.083,GIANT,6,3.88316,3141
TIC 107015964,107015964,100,100,8.99,182.6804,-32.3478,2,3,4777.4,11.0869,,634.755,GIANT,6,3.88762,3142
TIC 422169110,422169110,100,100,8.96,150.8065,-13.2873,1,4,4685.38,11.1968,,602.338,GIANT,6,3.890188,3143
TIC 397269862,397269862,100,100,9.12,174.7651,-46.758,2,1,4952.8,10.8044,,700.104,GIANT,6,3.891201,3144
TIC 343809119,343809119,100,100,8.14,241.5555,-60.6123,4,1,4973.0,13.5562,,556.928,GIANT,6,3.892276,3145
TIC 245436305,245436305,100,100,8.89,200.2401,-51.2284,3,1,4972.0,11.4189,,648.863,GIANT,6,3.893249,3146
TIC 134764385,134764385,100,100,9.17,183.0629,-36.8967,2,2,4842.1,10.7096,,685.781,GIANT,6,3.893547,3147
TIC 381036825,381036825,100,100,8.21,270.5053,-61.1886,4,4,4561.0,13.3609,,486.111,GIANT,6,3.893671,3148
TIC 23385193,23385193,100,100,9.05,168.0131,-32.9809,2,3,4874.0,11.0127,,691.139,GIANT,6,3.893788,3149
TIC 21110758,21110758,100,100,8.63,186.8431,-50.4843,3,1,4924.0,12.1316,,598.765,GIANT,6,3.893836,3150
TIC 54420286,54420286,100,100,9.27,162.1298,-31.8489,2,4,4857.0,10.4852,,714.826,GIANT,6,3.895153,3151
TIC 70905267,70905267,100,100,9.69,152.5703,-34.2506,1,1,5107.0,9.52483,,849.938,GIANT,6,3.895714,3152
TIC 392029675,392029675,100,100,8.03,174.3321,-70.4797,3,3,4380.0,13.9712,,404.02,GIANT,6,3.896467,3153
TIC 364280391,364280391,100,100,8.87,252.4469,-69.45,4,4,4869.0,11.5304,,648.318,GIANT,6,3.897689,3154
TIC 423492648,423492648,100,100,9.22,168.8566,-22.9463,1,2,4782.0,10.6537,,702.11,GIANT,6,3.899001,3155
TIC 334443373,334443373,100,100,9.36,213.7366,-61.2385,3,4,8367.0,10.3355,,1686.22,GIANT,6,3.900663,3156
TIC 276905630,276905630,100,100,8.46,275.4435,-80.9989,4,3,4768.0,12.7444,,549.52,GIANT,6,3.902639,3157
TIC 92391785,92391785,100,100,8.34,172.8218,-49.6713,2,1,4961.0,13.1333,,581.07,GIANT,6,3.904748,3158
TIC 306377134,306377134,100,100,9.28,166.6634,-57.6326,3,2,5083.0,10.5781,,748.894,GIANT,6,3.904815,3159
TIC 135349272,135349272,100,100,9.22,186.7355,-37.466,2,2,4811.0,10.7564,,695.132,GIANT,6,3.907334,3160
TIC 142985749,142985749,100,100,9.11,166.5326,-7.3447,1,3,4319.76,11.0427,,545.791,GIANT,6,3.908151,3161
TIC 134833652,134833652,100,100,8.47,183.4841,-40.5809,2,2,5083.0,12.7963,,647.203,GIANT,6,3.908169,3162
TIC 305568254,305568254,100,100,9.94,163.6588,-17.7796,1,3,4909.0,9.13365,,890.266,GIANT,6,3.909289,3163
TIC 219248818,219248818,100,100,9.16,171.4609,-22.1361,1,2,4657.0,10.9325,,668.543,GIANT,6,3.909439,3164
TIC 49175225,49175225,100,100,8.89,165.334,-31.7063,2,4,4877.0,11.6447,,667.813,GIANT,6,3.910257,3165
TIC 73669870,73669870,100,100,8.13,155.4354,-41.8732,2,4,5548.0,13.8907,,725.245,GIANT,6,3.911448,3166
TIC 367666917,367666917,100,100,8.2,260.3176,-57.8863,4,4,4858.5,13.67,,564.952,GIANT,6,3.911537,3167
TIC 338981469,338981469,100,100,8.15,199.3597,-70.858,3,3,5008.0,13.8639,,576.338,GIANT,6,3.913771,3168
TIC 142041009,142041009,100,100,9.39,178.6296,-31.2976,2,3,4925.0,10.4226,,777.017,GIANT,6,3.913952,3169
TIC 93709814,93709814,100,100,8.19,175.9223,-48.6656,2,1,4631.0,13.7397,,501.382,GIANT,6,3.913955,3170
TIC 73501699,73501699,100,100,9.07,154.9317,-39.6645,2,4,5237.0,11.2265,,790.636,GIANT,6,3.914489,3171
TIC 376001429,376001429,100,100,9.24,179.107,-57.1216,3,2,6881.0,10.8367,,1133.76,GIANT,6,3.917794,3172
TIC 305453691,305453691,100,100,10.47,166.0858,-59.6811,3,2,9659.0,8.19337,,2451.56,GIANT,6,3.920925,3173
TIC 192931530,192931530,100,100,8.58,154.7017,-26.2272,1,1,4456.4,12.6791,,520.501,GIANT,6,3.922177,3174
TIC 334222474,334222474,100,100,8.81,183.037,-50.2572,2,2,4687.7,12.0589,,598.745,GIANT,6,3.924615,3175
TIC 312104861,312104861,100,100,9.13,181.9227,-67.297,3,3,4415.0,11.2429,,531.533,GIANT,6,3.927757,3176
TIC 253141415,253141415,100,100,8.05,194.6871,-55.1873,3,1,4929.0,14.4193,,539.448,GIANT,6,3.927888,3177
TIC 94382737,94382737,100,100,8.42,177.4125,-50.248,2,1,5003.55,13.2483,,641.048,GIANT,6,3.92832,3178
TIC 120305053,120305053,100,100,8.56,163.1346,-50.7962,2,1,5684.0,12.8759,,733.451,GIANT,6,3.931555,3179
TIC 394100668,394100668,100,100,8.76,198.1575,-76.0269,3,3,4476.0,12.3005,,499.119,GIANT,6,3.931846,3180
TIC 188130030,188130030,100,100,9.18,162.229,-28.2445,1,1,4775.7,11.1687,,705.769,GIANT,6,3.932005,3181
TIC 424195396,424195396,100,100,8.03,236.0677,-61.1399,4,1,4583.0,14.5947,,455.525,GIANT,6,3.93439,3182
TIC 15365585,15365585,100,100,8.27,185.1193,-50.7791,3,1,4667.45,13.8214,,531.144,GIANT,6,3.935104,3183
TIC 267173680,267173680,100,100,8.51,175.794,-55.1727,3,2,4751.0,13.0867,,561.152,GIANT,6,3.93566,3184
TIC 333735816,333735816,100,100,8.27,170.3376,-25.0628,1,2,4687.0,13.834,,568.052,GIANT,6,3.935896,3185
TIC 361992659,361992659,100,100,8.05,196.524,-72.1626,3,3,4356.2,14.5866,,428.798,GIANT,6,3.937908,3186
TIC 209620284,209620284,100,100,8.13,210.5258,-59.7229,3,4,5350.0,14.3544,,588.222,GIANT,6,3.93997,3187
TIC 290682353,290682353,100,100,9.43,174.0389,-61.6949,3,2,10778.0,10.6505,,2319.64,GIANT,6,3.94074,3188
TIC 105995540,105995540,100,100,8.87,157.7137,-41.4182,2,4,4585.0,12.151,,599.455,GIANT,6,3.943224,3189
TIC 48878151,48878151,100,100,9.2,163.1577,-34.8271,2,4,4758.0,11.2749,,717.952,GIANT,6,3.944225,3190
TIC 297956668,297956668,100,100,9.41,242.2773,-63.6235,4,1,4788.0,10.7511,,738.756,GIANT,6,3.944906,3191
TIC 1522726,1522726,100,100,8.3,149.3879,-13.2135,1,4,4561.0,13.9383,,542.61,GIANT,6,3.94842,3192
TIC 343483380,343483380,100,100,9.1,268.9316,-75.3579,4,3,4820.0,11.5937,,696.235,GIANT,6,3.948444,3193
TIC 422269591,422269591,100,100,8.64,162.9708,-13.0213,1,3,4565.0,12.9167,,581.082,GIANT,6,3.950303,3194
TIC 143033813,143033813,100,100,8.22,167.4098,-6.1668,1,3,4319.8,14.2388,,473.548,GIANT,6,3.950947,3195
TIC 413373352,413373352,100,100,9.5,160.8713,-17.9943,1,3,4867.4,10.6065,,818.288,GIANT,6,3.951144,3196
TIC 33355798,33355798,100,100,8.25,150.2815,-11.0822,1,4,4943.0,14.1625,,629.757,GIANT,6,3.95228,3197
TIC 268352382,268352382,100,100,8.53,176.7943,-59.2103,3,2,5378.0,13.3016,,691.918,GIANT,6,3.953808,3198
TIC 333390927,333390927,100,100,9.28,181.5591,-48.9312,2,2,4848.36,11.2296,,731.794,GIANT,6,3.956729,3199
TIC 275541981,275541981,100,100,8.29,178.879,-42.3259,2,2,4508.0,14.112,,497.177,GIANT,6,3.957177,3200
TIC 165295412,165295412,100,100,8.14,179.1716,-36.496,2,3,4600.0,14.6272,,525.919,GIANT,6,3.958322,3201
TIC 461134345,461134345,100,100,9.38,165.3684,-28.8589,1,2,4742.3,11.035,,754.294,GIANT,6,3.961545,3202
TIC 23498749,23498749,100,100,8.04,168.888,-30.1072,2,3,4473.0,15.0505,,495.279,GIANT,6,3.963102,3203
TIC 169780487,169780487,100,100,8.71,194.166,-49.8791,3,1,4504.4,12.8998,,537.757,GIANT,6,3.963166,3204
TIC 248090118,248090118,100,100,8.37,193.198,-46.6272,3,1,5043.0,13.9598,,672.153,GIANT,6,3.963758,3205
TIC 340722337,340722337,100,100,8.65,202.0454,-69.4356,3,3,4230.0,13.095,,457.728,GIANT,6,3.964211,3206
TIC 290681675,290681675,100,100,9.89,174.0584,-61.6266,3,2,9537.0,9.84307,,2500.34,GIANT,6,3.964261,3207
TIC 97849485,97849485,100,100,9.78,171.1748,-28.276,1,2,4523.0,10.1029,,759.438,GIANT,6,3.964892,3208
TIC 142279151,142279151,100,100,8.19,180.8273,-31.2685,2,3,4527.0,14.5762,,522.207,GIANT,6,3.965289,3209
TIC 450941920,450941920,100,100,8.46,187.4059,-63.2724,3,2,4838.0,13.7078,,575.446,GIANT,6,3.965936,3210
TIC 410931340,410931340,100,100,8.07,178.1733,-68.4913,3,3,4440.0,15.0608,,471.369,GIANT,6,3.969696,3211
TIC 193096221,193096221,100,100,8.3,156.8574,-27.237,1,1,4515.4,14.2875,,544.979,GIANT,6,3.969912,3212
TIC 270396914,270396914,100,100,8.61,176.8629,-24.8313,1,2,4619.0,13.3185,,612.057,GIANT,6,3.970911,3213
TIC 390257518,390257518,100,100,8.26,217.6475,-60.8652,3,4,5336.0,14.44,,617.391,GIANT,6,3.971134,3214
TIC 304958470,304958470,100,100,9.75,178.4819,-61.9181,3,2,9571.0,10.2506,,2281.3,GIANT,6,3.971499,3215
TIC 341221664,341221664,100,100,9.91,238.7494,-65.7048,4,1,5050.0,9.90225,,971.153,GIANT,6,3.973468,3216
TIC 467054144,467054144,100,100,10.05,167.4534,-60.5792,3,2,8446.0,9.59373,,2241.73,GIANT,6,3.973975,3217
TIC 73007221,73007221,100,100,9.19,153.2872,-35.9329,2,4,4756.2,11.7114,,707.512,GIANT,6,3.975218,3218
TIC 56604070,56604070,100,100,9.99,148.3423,-11.0265,1,4,4983.0,9.74334,,979.834,GIANT,6,3.975416,3219
TIC 256092067,256092067,100,100,8.06,266.6087,-74.854,4,3,4280.0,15.209,,447.612,GIANT,6,3.976201,3220
TIC 467883897,467883897,100,100,10.19,169.6238,-60.9252,3,2,9340.0,9.33298,,2721.21,GIANT,6,3.978041,3221
TIC 293400567,293400567,100,100,8.29,261.6729,-71.4145,4,3,4429.0,14.4786,,515.779,GIANT,6,3.979453,3222
TIC 382039293,382039293,100,100,8.59,284.5019,-67.7495,4,3,5069.0,13.5363,,747.829,GIANT,6,3.981,3223
TIC 384244709,384244709,100,100,8.18,216.4719,-62.7981,3,4,6803.0,15.0764,,819.589,GIANT,6,3.992595,3224
TIC 394442296,394442296,100,100,9.49,200.1099,-73.0835,3,3,4813.0,11.1522,,749.565,GIANT,6,3.992721,3225
TIC 211446675,211446675,100,100,8.66,165.8284,-10.8667,1,3,4444.4,13.5128,,570.89,GIANT,6,3.993491,3226
TIC 35674219,35674219,100,100,12.89,225.0917,-58.6825,3,4,4704.0,5.11625,,1574.18,GIANT,6,3.995904,3227
TIC 36824921,36824921,100,100,8.68,155.5458,-11.1822,1,4,4250.0,13.4937,,522.893,GIANT,6,3.996262,3228
TIC 73627257,73627257,100,100,8.14,155.2091,-40.3862,2,4,4793.8,15.346,,577.667,GIANT,6,3.99999,3229
TIC 340878553,340878553,100,100,9.72,238.441,-61.664,4,1,9391.0,10.7314,,2041.62,GIANT,6,4.005313,3230
TIC 244905251,244905251,100,100,8.85,196.7106,-48.7841,3,1,4647.0,13.1368,,641.188,GIANT,6,4.006979,3231
TIC 375571487,375571487,100,100,8.43,178.5562,-55.638,3,2,4900.8,14.4929,,625.645,GIANT,6,4.008311,3232
TIC 144186847,144186847,100,100,8.61,188.7946,-39.8855,2,2,4580.0,13.9492,,609.857,GIANT,6,4.011099,3233
TIC 425435089,425435089,100,100,8.26,200.8327,-48.9063,3,1,4722.67,15.1355,,581.123,GIANT,6,4.011994,3234
TIC 146846951,146846951,100,100,9.0,160.944,-44.3533,2,4,5532.0,12.7907,,901.34,GIANT,6,4.013789,3235
TIC 49091738,49091738,100,100,8.33,164.8079,-29.9381,1,1,4602.0,14.9259,,594.498,GIANT,6,4.013881,3236
TIC 310733587,310733587,100,100,8.1,254.5901,-73.5868,4,3,4471.0,15.7409,,526.614,GIANT,6,4.014059,3237
TIC 81855426,81855426,100,100,9.52,168.0731,-48.5309,2,1,4560.9,11.3589,,733.614,GIANT,6,4.014673,3238
TIC 467067108,467067108,100,100,10.63,167.5922,-60.5189,3,2,7841.0,8.79797,,2578.64,GIANT,6,4.014765,3239
TIC 309029591,309029591,100,100,8.21,151.1702,-24.021,1,1,4578.0,15.4154,,587.336,GIANT,6,4.01791,3240
TIC 106059167,106059167,100,100,8.13,157.7825,-39.9058,2,4,4547.0,15.7245,,549.524,GIANT,6,4.019154,3241
TIC 452167742,452167742,100,100,9.01,173.9749,-54.7659,3,2,6424.0,12.8603,,1173.79,GIANT,6,4.020502,3242
TIC 306922791,306922791,100,100,11.0,167.0257,-59.695,3,2,9213.0,8.13346,,2850.04,GIANT,6,4.020551,3243
TIC 411073848,411073848,100,100,8.27,160.7707,-50.6913,2,1,4857.6,15.2598,,557.305,GIANT,6,4.021098,3244
TIC 422134110,422134110,100,100,9.5,188.9513,-52.712,3,1,5033.0,11.5059,,881.558,GIANT,6,4.021841,3245
TIC 70872241,70872241,100,100,8.39,152.3384,-32.1366,1,1,4431.0,14.9087,,548.785,GIANT,6,4.02488,3246
TIC 407047520,407047520,100,100,8.07,232.156,-80.9979,4,2,5050.6,16.0642,,595.732,GIANT,6,4.025718,3247
TIC 390596947,390596947,100,100,9.99,217.5685,-60.3866,3,4,10866.0,10.3491,,1877.75,GIANT,6,4.027805,3248
TIC 135432931,135432931,100,100,9.24,187.4714,-40.9189,2,2,4564.0,12.3236,,710.604,GIANT,6,4.029475,3249
TIC 120371200,120371200,100,100,8.15,163.4463,-53.9191,2,1,5912.0,15.8822,,807.723,GIANT,6,4.031821,3250
TIC 151641253,151641253,100,100,9.36,166.9137,-37.2154,2,4,4594.0,12.0282,,743.943,GIANT,6,4.032401,3251
TIC 263622131,263622131,100,100,9.33,231.2793,-67.3264,4,1,4697.0,12.1216,,773.069,GIANT,6,4.03312,3252
TIC 467051976,467051976,100,100,8.31,167.5576,-60.7812,3,2,4229.0,15.3502,,506.483,GIANT,6,4.034228,3253
TIC 322810819,322810819,100,100,9.2,174.9016,-25.5723,1,2,4608.48,12.527,,747.82,GIANT,6,4.035694,3254
TIC 443516590,443516590,100,100,11.4,199.5393,-62.6819,3,4,6189.0,7.55147,,2114.06,GIANT,6,4.036063,3255
TIC 322913507,322913507,100,100,8.29,206.5593,-64.2835,3,4,5231.0,15.5255,,645.405,GIANT,6,4.040091,3256
TIC 57515696,57515696,100,100,8.11,172.8817,-30.5597,2,3,4676.25,16.1875,,597.13,GIANT,6,4.04036,3257
TIC 72442141,72442141,100,100,8.56,187.4117,-45.2981,2,2,4656.7,14.5957,,648.41,GIANT,6,4.04045,3258
TIC 396592713,396592713,100,100,9.11,214.2242,-72.7023,4,2,4839.8,12.8747,,753.52,GIANT,6,4.041474,3259
TIC 143057918,143057918,100,100,8.38,167.7705,-8.243,1,3,4375.0,15.2868,,560.037,GIANT,6,4.044633,3260
TIC 280377962,280377962,100,100,9.4,170.8917,-61.4807,3,2,4566.0,12.1018,,728.772,GIANT,6,4.0457,3261
TIC 209198293,209198293,100,100,10.82,210.0533,-57.9897,3,4,7690.0,8.83476,,1936.7,GIANT,6,4.05639,3262
TIC 446800214,446800214,100,100,9.27,218.3778,-67.5537,3,4,4839.7,12.657,,767.943,GIANT,6,4.058662,3263
TIC 336812093,336812093,100,100,9.35,196.6883,-69.623,3,3,4777.0,12.4542,,735.284,GIANT,6,4.060632,3264
TIC 453465872,453465872,100,100,8.38,169.9844,-10.2429,1,3,4493.0,15.5796,,609.853,GIANT,6,4.061113,3265
TIC 452148591,452148591,100,100,8.02,173.5852,-57.4749,3,2,4757.0,16.9273,,596.181,GIANT,6,4.061175,3266
TIC 168066864,168066864,100,100,9.46,152.4401,-29.3664,1,1,4714.9,12.1677,,863.433,GIANT,6,4.062417,3267
TIC 405632563,405632563,100,100,8.32,191.8753,-57.4412,3,1,5393.0,15.8463,,759.559,GIANT,6,4.063856,3268
TIC 192545587,192545587,100,100,8.85,154.6719,-20.1449,1,4,4415.14,14.0347,,648.226,GIANT,6,4.064406,3269
TIC 333788907,333788907,100,100,9.69,169.1085,-7.8002,1,3,4521.0,11.5861,,842.705,GIANT,6,4.065875,3270
TIC 290681317,290681317,100,100,9.17,174.0397,-61.5939,3,2,9159.0,13.0828,,2345.98,GIANT,6,4.067401,3271
TIC 152173304,152173304,100,100,8.15,170.1001,-37.643,2,3,4697.0,16.5707,,610.935,GIANT,6,4.068682,3272
TIC 49097976,49097976,100,100,9.76,165.2496,-30.699,2,4,4516.0,11.4462,,846.366,GIANT,6,4.069323,3273
TIC 333735407,333735407,100,100,9.0,170.211,-24.1389,1,2,4604.0,13.6592,,748.272,GIANT,6,4.070851,3274
TIC 73648167,73648167,100,100,8.39,192.0529,-46.6552,3,1,4952.0,15.7549,,737.78,GIANT,6,4.072831,3275
TIC 422641277,422641277,100,100,11.02,233.9795,-62.585,4,1,6224.0,8.60641,,1592.62,GIANT,6,4.073644,3276
TIC 380838154,380838154,100,100,8.54,270.1162,-64.7614,4,4,4459.0,15.2693,,619.196,GIANT,6,4.075638,3277
TIC 335380632,335380632,100,100,8.16,170.1059,-17.475,1,2,4319.0,16.6702,,530.808,GIANT,6,4.075882,3278
TIC 447488713,447488713,100,100,8.15,253.1324,-65.5703,4,4,4687.0,16.7232,,625.984,GIANT,6,4.076639,3279
TIC 467880293,467880293,100,100,9.35,169.5858,-60.5982,3,2,10032.0,12.8255,,2678.63,GIANT,6,4.086149,3280
TIC 308081885,308081885,100,100,8.29,168.0909,-12.8331,1,3,4425.0,16.4594,,580.424,GIANT,6,4.090828,3281
TIC 162694853,162694853,100,100,9.0,190.7524,-52.5964,3,1,5251.0,14.0279,,952.602,GIANT,6,4.093985,3282
TIC 340610965,340610965,100,100,8.5,201.9321,-71.7917,3,3,5049.0,15.7458,,742.591,GIANT,6,4.094329,3283
TIC 451355765,451355765,100,100,8.23,171.3423,-55.162,3,2,4446.0,16.7636,,531.121,GIANT,6,4.094735,3284
TIC 49003973,49003973,100,100,8.62,164.253,-35.772,2,4,4500.0,15.3296,,656.004,GIANT,6,4.095062,3285
TIC 181207198,181207198,100,100,8.24,174.7564,-36.2424,2,3,4665.0,16.7456,,634.881,GIANT,6,4.095801,3286
TIC 22101829,22101829,100,100,9.17,182.9268,-44.7492,2,2,4799.1,13.5305,,819.841,GIANT,6,4.096628,3287
TIC 348882312,348882312,100,100,8.43,148.3252,-15.9602,1,4,4667.0,16.0539,,699.352,GIANT,6,4.097161,3288
TIC 328691275,328691275,100,100,8.27,211.1768,-53.2326,3,4,5522.0,16.6767,,785.117,GIANT,6,4.09822,3289
TIC 270265299,270265299,100,100,8.12,175.3018,-24.3545,1,2,4557.0,17.3416,,613.627,GIANT,6,4.102178,3290
TIC 193255660,193255660,100,100,8.17,158.2058,-24.3225,1,1,4603.0,17.1631,,641.104,GIANT,6,4.103191,3291
TIC 157140338,157140338,100,100,9.5,175.4207,-31.9224,2,3,4431.0,12.7011,,790.051,GIANT,6,4.107683,3292
TIC 334934733,334934733,100,100,8.12,193.8651,-70.5195,3,3,4353.0,17.4814,,527.121,GIANT,6,4.109152,3293
TIC 311838560,311838560,100,100,8.15,181.8183,-70.3912,3,3,4302.0,17.3865,,509.086,GIANT,6,4.110424,3294
TIC 406437902,406437902,100,100,8.1,198.034,-57.7875,3,1,4988.0,17.6293,,667.497,GIANT,6,4.11247,3295
TIC 467066902,467066902,100,100,10.91,167.8118,-60.4975,3,2,8052.0,9.26483,,3245.14,GIANT,6,4.115675,3296
TIC 406774654,406774654,100,100,8.05,223.4229,-79.623,4,2,4550.0,17.9136,,585.82,GIANT,6,4.116366,3297
TIC 258838111,258838111,100,100,8.55,197.7732,-47.1975,3,1,4905.0,15.9998,,777.866,GIANT,6,4.118229,3298
TIC 360542991,360542991,100,100,8.11,240.4888,-66.4141,4,1,4279.1,17.7601,,533.478,GIANT,6,4.120891,3299
TIC 454021446,454021446,100,100,8.19,175.6916,-37.3982,2,3,4391.0,17.4368,,565.007,GIANT,6,4.120934,3300
TIC 438731990,438731990,100,100,8.14,201.5019,-51.9191,3,1,4660.0,17.6587,,611.62,GIANT,6,4.121917,3301
TIC 396825882,396825882,100,100,9.7,148.2682,-15.1297,1,4,4943.1,12.3316,,1094.9,GIANT,6,4.122039,3302
TIC 23501224,23501224,100,100,8.93,168.8148,-34.9647,2,3,4589.0,14.7426,,751.087,GIANT,6,4.123148,3303
TIC 44424560,44424560,100,100,8.87,229.5796,-58.2174,4,1,5384.0,14.9581,,842.81,GIANT,6,4.123753,3304
TIC 94457992,94457992,100,100,8.02,177.3436,-52.1094,2,1,4683.0,18.2618,,630.106,GIANT,6,4.127087,3305
TIC 413207041,413207041,100,100,8.04,222.722,-56.8834,3,4,4436.0,18.1987,,506.137,GIANT,6,4.128081,3306
TIC 157332840,157332840,100,100,8.6,177.1346,-35.4195,2,3,4546.0,16.0059,,678.827,GIANT,6,4.12856,3307
TIC 298728705,298728705,100,100,8.16,243.0383,-65.8797,4,1,4656.8,17.7342,,658.873,GIANT,6,4.129623,3308
TIC 352023040,352023040,100,100,8.34,284.3252,-73.533,4,3,4335.0,17.0301,,579.214,GIANT,6,4.130434,3309
TIC 418352251,418352251,100,100,8.55,199.1589,-79.2254,4,2,4614.7,16.2284,,657.247,GIANT,6,4.130551,3310
TIC 305644218,305644218,100,100,9.1,164.1839,-14.2193,1,3,4807.0,14.3223,,902.801,GIANT,6,4.132026,3311
TIC 281874197,281874197,100,100,8.24,186.2772,-69.2152,3,3,4329.0,17.4677,,556.921,GIANT,6,4.132471,3312
TIC 332829242,332829242,100,100,8.36,165.2254,-15.357,1,3,4427.0,17.0086,,626.461,GIANT,6,4.133337,3313
TIC 289980678,289980678,100,100,8.16,205.0853,-53.9958,3,1,4510.0,17.8233,,529.093,GIANT,6,4.133976,3314
TIC 299962330,299962330,100,100,10.31,208.2685,-61.9891,3,4,8679.0,10.8779,,2911.47,GIANT,6,4.13509,3315
TIC 467283255,467283255,100,100,9.43,168.2803,-61.1139,3,2,10101.0,13.3808,,2585.37,GIANT,6,4.138964,3316
TIC 332655814,332655814,100,100,8.44,149.9308,-14.5703,1,4,4519.0,16.8221,,679.905,GIANT,6,4.13976,3317
TIC 54963253,54963253,100,100,9.18,160.2759,-7.2883,1,3,4569.8,14.2061,,835.618,GIANT,6,4.14095,3318
TIC 378802697,378802697,100,100,7.25,180.6013,-62.4134,3,2,9680.0,22.1666,,1633.43,GIANT,6,4.141398,3319
TIC 406589745,406589745,100,100,8.4,198.1595,-56.1183,3,1,5146.0,17.0193,,744.818,GIANT,6,4.141883,3320
TIC 146723975,146723975,100,100,8.4,160.3214,-42.2726,2,4,4655.0,17.054,,701.113,GIANT,6,4.143653,3321
TIC 208137739,208137739,100,100,8.09,207.869,-56.2242,3,4,4716.0,18.3715,,599.726,GIANT,6,4.146289,3322
TIC 396795464,396795464,100,100,8.01,147.6762,-12.3056,1,4,4445.0,18.7258,,605.916,GIANT,6,4.146881,3323
TIC 448644600,448644600,100,100,8.48,177.468,-33.0456,2,3,4530.0,16.8331,,685.22,GIANT,6,4.148328,3324
TIC 443410211,443410211,100,100,8.06,199.1478,-61.1065,3,4,6440.0,18.5634,,705.122,GIANT,6,4.149315,3325
TIC 343997418,343997418,100,100,8.24,277.1944,-75.0143,4,3,4521.0,17.8909,,623.369,GIANT,6,4.153264,3326
TIC 451205400,451205400,100,100,8.88,170.8377,-56.0666,3,2,4800.0,15.461,,792.376,GIANT,6,4.154475,3327
TIC 81550238,81550238,100,100,8.12,167.6423,-49.2734,2,1,4788.53,18.4324,,653.974,GIANT,6,4.155164,3328
TIC 181158297,181158297,100,100,8.58,174.3155,-39.7313,2,3,4630.0,16.593,,716.478,GIANT,6,4.15585,3329
TIC 135432046,135432046,100,100,8.1,187.3653,-41.94,2,2,4492.0,18.5503,,611.086,GIANT,6,4.156702,3330
TIC 276675653,276675653,100,100,8.01,269.812,-80.3712,4,3,4156.0,18.9442,,456.909,GIANT,6,4.156953,3331
TIC 384819836,384819836,100,100,8.61,261.6647,-80.0372,4,3,4451.0,16.5777,,661.858,GIANT,6,4.161049,3332
TIC 211442372,211442372,100,100,8.37,165.4209,-9.9702,1,3,4475.0,17.5226,,677.306,GIANT,6,4.161197,3333
TIC 73080557,73080557,100,100,8.86,153.5778,-37.0835,2,4,4426.0,15.6586,,716.367,GIANT,6,4.161506,3334
TIC 416206244,416206244,100,100,8.12,223.4518,-58.2152,3,4,4199.0,18.6115,,487.414,GIANT,6,4.163563,3335
TIC 447299092,447299092,100,100,8.3,251.044,-60.7362,4,4,4621.0,17.8567,,654.291,GIANT,6,4.163602,3336
TIC 1530726,1530726,100,100,9.86,156.5342,-14.8042,1,4,4476.3,12.482,,880.494,GIANT,6,4.164568,3337
TIC 54041061,54041061,100,100,8.96,159.6958,-34.3389,2,4,4584.0,15.4139,,803.841,GIANT,6,4.167825,3338
TIC 304279911,304279911,100,100,9.26,177.8272,-61.9961,3,2,10239.0,14.3886,,2865.11,GIANT,6,4.168037,3339
TIC 457206968,457206968,100,100,9.91,203.303,-55.3998,3,1,4804.9,12.401,,895.598,GIANT,6,4.168913,3340
TIC 92240496,92240496,100,100,10.22,172.372,-48.5276,2,1,4942.9,11.6019,,1192.18,GIANT,6,4.173058,3341
TIC 424614883,424614883,100,100,8.06,236.8233,-61.7361,4,1,4520.0,19.0845,,584.443,GIANT,6,4.173362,3342
TIC 306832872,306832872,100,100,8.78,167.1203,-56.4852,3,2,11669.0,16.1895,,2276.48,GIANT,6,4.174467,3343
TIC 435322339,435322339,100,100,12.72,192.6147,-64.3082,3,3,8037.0,6.53828,,2313.78,GIANT,6,4.174927,3344
TIC 72813530,72813530,100,100,8.21,188.6297,-43.405,2,2,4609.0,18.542,,690.999,GIANT,6,4.178313,3345
TIC 287669279,287669279,100,100,8.03,198.6575,-47.6346,3,1,4690.0,19.3555,,665.101,GIANT,6,4.179609,3346
TIC 447551565,447551565,100,100,8.49,253.5091,-63.5497,4,4,4530.55,17.4684,,701.619,GIANT,6,4.182506,3347
TIC 287220661,287220661,100,100,8.12,165.0039,-25.7433,1,2,4329.0,19.0355,,592.681,GIANT,6,4.183129,3348
TIC 208876438,208876438,100,100,8.28,209.4313,-57.9043,3,4,5476.0,18.4107,,876.591,GIANT,6,4.186141,3349
TIC 316144493,316144493,100,100,8.7,203.4041,-62.3177,3,4,9389.0,16.7698,,2012.05,GIANT,6,4.189056,3350
TIC 361593944,361593944,100,100,8.01,194.2987,-73.6909,3,3,4337.0,19.669,,543.8,GIANT,6,4.189565,3351
TIC 305921876,305921876,100,100,10.0,166.4177,-59.7037,3,2,10592.0,12.5421,,3176.57,GIANT,6,4.196741,3352
TIC 142988464,142988464,100,100,8.61,166.8472,-8.3516,1,3,4505.0,17.282,,750.171,GIANT,6,4.197188,3353
TIC 467279937,467279937,100,100,10.03,168.1316,-60.7932,3,2,9498.0,12.4858,,2632.78,GIANT,6,4.198833,3354
TIC 142282993,142282993,100,100,9.79,180.8535,-35.5681,2,3,4865.72,13.2007,,1116.5,GIANT,6,4.199194,3355
TIC 93315865,93315865,100,100,8.15,174.9993,-50.4376,2,1,4383.51,19.2865,,619.119,GIANT,6,4.200507,3356
TIC 410322559,410322559,100,100,8.25,150.2284,-21.3948,1,4,4498.0,18.853,,692.576,GIANT,6,4.200761,3357
TIC 44278790,44278790,100,100,8.18,229.4937,-59.2328,4,1,5831.0,19.1658,,648.362,GIANT,6,4.201054,3358
TIC 449368489,449368489,100,100,8.13,200.0093,-60.5265,3,4,4554.0,19.4565,,593.28,GIANT,6,4.204129,3359
TIC 380458062,380458062,100,100,8.04,268.3739,-60.4801,4,4,4555.0,19.9002,,663.707,GIANT,6,4.205715,3360
TIC 373013799,373013799,100,100,12.09,263.7453,-75.6184,4,3,4668.0,7.89509,,1748.19,GIANT,6,4.212714,3361
TIC 193067087,193067087,100,100,8.27,156.1968,-25.4161,1,1,5010.0,19.1195,,903.561,GIANT,6,4.216953,3362
TIC 119918024,119918024,100,100,8.36,162.2829,-48.7001,2,1,4901.0,18.7636,,783.327,GIANT,6,4.218632,3363
TIC 305838525,305838525,100,100,8.04,263.2217,-64.9151,4,4,4437.0,20.2453,,645.152,GIANT,6,4.220648,3364
TIC 364114903,364114903,100,100,8.12,289.2854,-75.5672,4,3,4383.0,19.8927,,630.544,GIANT,6,4.221387,3365
TIC 376276556,376276556,100,100,8.02,179.3941,-54.8148,3,2,4635.0,20.3999,,674.572,GIANT,6,4.223256,3366
TIC 446864616,446864616,100,100,8.56,232.2506,-68.3018,4,1,4355.01,18.0359,,698.937,GIANT,6,4.224276,3367
TIC 148564129,148564129,100,100,8.16,164.718,-8.8533,1,3,4490.0,19.7761,,692.404,GIANT,6,4.224281,3368
TIC 167805509,167805509,100,100,8.12,162.6072,-20.1933,1,2,4385.5,19.967,,648.168,GIANT,6,4.224626,3369
TIC 450776760,450776760,100,100,8.25,169.4614,-55.7011,3,2,4708.0,19.3789,,676.012,GIANT,6,4.224658,3370
TIC 409945931,409945931,100,100,8.28,145.3371,-12.3085,1,4,4674.0,19.2534,,778.796,GIANT,6,4.225015,3371
TIC 306247066,306247066,100,100,8.32,166.6697,-54.2488,2,1,4730.0,19.0863,,763.177,GIANT,6,4.225443,3372
TIC 404327246,404327246,100,100,8.06,220.7943,-65.7191,4,1,4752.0,20.296,,689.002,GIANT,6,4.226821,3373
TIC 308050385,308050385,100,100,8.0,167.728,-17.6937,1,2,4136.0,20.6002,,548.294,GIANT,6,4.227743,3374
TIC 418723250,418723250,100,100,8.22,211.679,-79.8202,4,2,4484.2,19.5857,,653.484,GIANT,6,4.227878,3375
TIC 277125572,277125572,100,100,8.16,282.1422,-78.4537,4,3,4515.0,19.8609,,670.978,GIANT,6,4.227998,3376
TIC 146656091,146656091,100,100,8.74,159.7671,-46.4364,2,1,4358.48,17.4074,,701.366,GIANT,6,4.229468,3377
TIC 304660206,304660206,100,100,8.07,260.3221,-62.2647,4,4,4419.08,20.3814,,644.998,GIANT,6,4.232468,3378
TIC 345194731,345194731,100,100,8.76,177.4318,-36.6326,2,3,4869.0,17.4401,,930.008,GIANT,6,4.235098,3379
TIC 164917437,164917437,100,100,8.14,192.0365,-52.1187,3,1,4535.0,20.1228,,673.558,GIANT,6,4.235377,3380
TIC 467279878,467279878,100,100,10.14,168.2441,-60.7895,3,2,8946.0,12.7149,,2741.78,GIANT,6,4.236626,3381
TIC 309090983,309090983,100,100,8.92,151.2615,-29.5524,1,1,4714.0,16.8633,,937.767,GIANT,6,4.237885,3382
TIC 158644810,158644810,100,100,8.39,164.8546,-36.2928,2,4,4498.0,19.053,,732.495,GIANT,6,4.237927,3383
TIC 253212775,253212775,100,100,9.14,195.395,-56.0919,3,1,5806.0,16.0952,,1283.94,GIANT,6,4.241393,3384
TIC 451829276,451829276,100,100,8.08,172.5924,-59.1711,3,2,4366.0,20.5917,,595.328,GIANT,6,4.243384,3385
TIC 412547448,412547448,100,100,8.16,193.0468,-57.742,3,1,4425.0,20.2165,,614.195,GIANT,6,4.243412,3386
TIC 405691004,405691004,100,100,8.23,192.0191,-54.0437,3,1,4518.0,19.9004,,660.27,GIANT,6,4.243724,3387
TIC 397341795,397341795,100,100,8.02,175.1611,-44.886,2,2,4366.8,20.8905,,625.091,GIANT,6,4.243898,3388
TIC 152019744,152019744,100,100,8.11,169.1351,-41.4941,2,4,4575.0,20.4859,,698.483,GIANT,6,4.24491,3389
TIC 376754473,376754473,100,100,8.23,180.9579,-59.5414,3,2,4772.0,19.959,,712.903,GIANT,6,4.246278,3390
TIC 165556341,165556341,100,100,8.31,180.7336,-41.5596,2,2,4584.0,19.6003,,728.88,GIANT,6,4.246525,3391
TIC 178413629,178413629,100,100,8.44,164.6674,-44.9034,2,1,4322.0,19.1208,,647.424,GIANT,6,4.251012,3392
TIC 461164774,461164774,100,100,8.4,171.7046,-28.8161,2,3,4491.4,19.3319,,751.552,GIANT,6,4.252549,3393
TIC 396544264,396544264,100,100,8.28,213.8753,-75.0751,4,2,4448.0,19.9052,,667.844,GIANT,6,4.253933,3394
TIC 311289093,311289093,100,100,8.42,258.2733,-72.2785,4,3,4711.0,19.2738,,835.09,GIANT,6,4.253935,3395
TIC 306834625,306834625,100,100,9.63,167.002,-56.7877,3,2,10575.0,14.5877,,2753.14,GIANT,6,4.253974,3396
TIC 304551402,304551402,100,100,8.12,277.0544,-70.2803,4,3,4300.0,20.6586,,596.339,GIANT,6,4.254202,3397
TIC 432190622,432190622,100,100,8.11,153.9959,-18.6686,1,4,4329.0,20.7467,,657.487,GIANT,6,4.255898,3398
TIC 151829264,151829264,100,100,8.13,168.1814,-37.3817,2,4,4542.0,20.6702,,699.997,GIANT,6,4.256689,3399
TIC 22026413,22026413,100,100,8.01,182.6771,-42.0314,2,2,4754.0,21.2889,,703.318,GIANT,6,4.258306,3400
TIC 327900949,327900949,100,100,8.52,210.8103,-65.2894,3,4,4651.0,18.9772,,718.061,GIANT,6,4.260464,3401
TIC 467276601,467276601,100,100,10.95,168.0752,-60.5037,3,2,6723.0,10.8588,,2965.77,GIANT,6,4.261564,3402
TIC 135161278,135161278,100,100,8.46,185.4783,-40.0234,2,2,4541.0,19.2862,,771.314,GIANT,6,4.262493,3403
TIC 466845856,466845856,100,100,8.03,166.918,-60.6633,3,2,4288.0,21.4033,,620.322,GIANT,6,4.266961,3404
TIC 423352731,423352731,100,100,8.2,234.901,-65.2684,4,1,4349.0,20.5924,,657.973,GIANT,6,4.267414,3405
TIC 365959130,365959130,100,100,8.03,276.4515,-65.727,4,4,4195.0,21.468,,582.308,GIANT,6,4.269583,3406
TIC 454414096,454414096,100,100,8.02,226.3174,-63.8391,4,1,4849.0,21.5249,,638.852,GIANT,6,4.269882,3407
TIC 306052346,306052346,100,100,8.13,166.4526,-58.031,3,2,5189.0,21.0178,,868.856,GIANT,6,4.271175,3408
TIC 389935770,389935770,100,100,8.5,182.6387,-54.8945,3,2,4578.3,19.305,,757.841,GIANT,6,4.27134,3409
TIC 275589659,275589659,100,100,8.36,178.9508,-47.3556,2,2,4212.37,19.9546,,636.18,GIANT,6,4.272086,3410
TIC 142156210,142156210,100,100,8.22,179.7231,-30.9886,2,3,4430.0,20.6445,,719.957,GIANT,6,4.273609,3411
TIC 275468579,275468579,100,100,8.01,178.6499,-46.0433,2,2,4505.0,21.6998,,693.639,GIANT,6,4.274911,3412
TIC 304864222,304864222,100,100,8.59,280.3579,-69.6014,4,3,4533.0,19.0382,,814.625,GIANT,6,4.277252,3413
TIC 454848200,454848200,100,100,8.37,177.4658,-72.7294,3,3,4328.7,20.0759,,624.02,GIANT,6,4.27935,3414
TIC 411501819,411501819,100,100,8.95,183.3957,-56.7752,3,2,5336.0,17.6093,,1076.53,GIANT,6,4.281484,3415
TIC 167925952,167925952,100,100,8.32,151.7473,-24.594,1,1,4197.0,20.4039,,651.899,GIANT,6,4.283426,3416
TIC 148560541,148560541,100,100,9.12,164.3896,-11.6401,1,3,4543.0,17.0108,,962.176,GIANT,6,4.285449,3417
TIC 74600313,74600313,100,100,7.78,265.2474,-57.8936,4,4,4143.0,23.2167,,546.225,GIANT,6,4.287601,3418
TIC 208718542,208718542,100,100,9.29,245.1975,-59.6375,4,1,5119.0,16.406,,1172.46,GIANT,6,4.288005,3419
TIC 407262906,407262906,100,100,8.19,238.7793,-79.9529,4,2,4325.0,21.1755,,574.462,GIANT,6,4.289667,3420
TIC 261485576,261485576,100,100,8.08,209.7397,-53.417,3,4,4299.0,21.7219,,575.961,GIANT,6,4.289796,3421
TIC 319501215,319501215,100,100,8.44,174.1314,-61.5738,3,2,8747.0,20.0093,,2453.28,GIANT,6,4.290464,3422
TIC 448504404,448504404,100,100,8.98,211.2458,-71.145,3,3,4375.6,17.6699,,763.677,GIANT,6,4.290468,3423
TIC 380451826,380451826,100,100,9.24,182.0464,-64.9569,3,2,4440.0,16.6437,,730.587,GIANT,6,4.2905,3424
TIC 347626517,347626517,100,100,9.97,169.1369,-15.4524,1,3,4702.3,14.1083,,1252.9,GIANT,6,4.292949,3425
TIC 467456980,467456980,100,100,10.34,168.6848,-60.3695,3,2,7115.0,12.9655,,2816.71,GIANT,6,4.293579,3426
TIC 1542611,1542611,100,100,9.04,169.551,-17.9724,1,2,4536.0,17.5538,,947.712,GIANT,6,4.296742,3427
TIC 425923664,425923664,100,100,8.22,235.5547,-73.188,4,2,4376.2,21.2167,,692.401,GIANT,6,4.297356,3428
TIC 416509538,416509538,100,100,8.2,223.3546,-59.057,3,4,4006.0,21.3233,,527.258,GIANT,6,4.297709,3429
TIC 420007634,420007634,100,100,8.47,202.9517,-53.5588,3,1,4300.0,20.0847,,636.295,GIANT,6,4.299731,3430
TIC 455190351,455190351,100,100,11.47,228.4457,-63.5635,4,1,7555.0,10.1097,,2288.21,GIANT,6,4.303477,3431
TIC 263665748,263665748,100,100,8.81,231.1724,-71.6213,4,2,4344.0,18.6972,,789.318,GIANT,6,4.305553,3432
TIC 447414292,447414292,100,100,8.4,252.2778,-61.3027,4,4,5277.0,20.6068,,1010.94,GIANT,6,4.308021,3433
TIC 363797900,363797900,100,100,9.64,250.3344,-70.7031,4,2,4542.4,15.503,,1059.97,GIANT,6,4.308831,3434
TIC 281643864,281643864,100,100,9.59,170.4948,-61.0294,3,2,8720.0,15.7152,,3208.58,GIANT,6,4.31064,3435
TIC 97852103,97852103,100,100,9.27,171.3065,-25.0183,1,2,4618.8,16.9418,,1053.1,GIANT,6,4.311919,3436
TIC 342586542,342586542,100,100,8.38,204.9719,-71.1472,3,3,4345.0,20.8468,,640.207,GIANT,6,4.314079,3437
TIC 407088926,407088926,100,100,8.39,233.9057,-78.5526,4,2,4434.0,20.9165,,755.406,GIANT,6,4.318978,3438
TIC 303232110,303232110,100,100,8.34,163.9996,-56.9409,3,2,4753.0,21.2103,,772.372,GIANT,6,4.321094,3439
TIC 54964080,54964080,100,100,8.53,160.1864,-10.3141,1,3,4735.0,20.32,,948.828,GIANT,6,4.321847,3440
TIC 390161224,390161224,100,100,8.08,183.5873,-55.8044,3,2,4551.6,22.5662,,680.292,GIANT,6,4.322917,3441
TIC 396589662,396589662,100,100,8.15,214.0161,-73.7231,4,2,4209.0,22.2446,,629.57,GIANT,6,4.324449,3442
TIC 261869591,261869591,100,100,8.11,227.8412,-71.6448,4,2,4401.95,22.5325,,715.911,GIANT,6,4.327619,3443
TIC 23324532,23324532,100,100,8.2,167.3177,-32.2462,2,3,4422.0,22.1268,,734.375,GIANT,6,4.329837,3444
TIC 293626053,293626053,100,100,8.64,156.7735,-13.529,1,4,4279.0,20.0362,,766.961,GIANT,6,4.331631,3445
TIC 276672668,276672668,100,100,8.62,268.5236,-81.5552,4,3,4539.0,20.1665,,794.128,GIANT,6,4.333261,3446
TIC 292542560,292542560,100,100,8.34,282.003,-68.9673,4,3,4355.0,21.5592,,757.903,GIANT,6,4.335265,3447
TIC 270374787,270374787,100,100,8.58,176.6224,-29.8586,2,3,4442.0,20.4022,,843.229,GIANT,6,4.335354,3448
TIC 434478160,434478160,100,100,8.44,156.2602,-22.4995,1,1,4347.0,21.0752,,781.716,GIANT,6,4.335543,3449
TIC 300302024,300302024,100,100,8.23,160.235,-49.3955,2,1,4413.0,22.1332,,675.688,GIANT,6,4.336088,3450
TIC 162480442,162480442,100,100,8.23,169.6771,-42.7844,2,1,4676.0,22.1685,,848.345,GIANT,6,4.337473,3451
TIC 396813735,396813735,100,100,8.04,148.0896,-14.5869,1,4,4599.0,23.3472,,816.45,GIANT,6,4.34447,3452
TIC 429235101,429235101,100,100,10.9,183.9772,-49.9837,2,2,4825.73,12.0931,,1592.61,GIANT,6,4.345075,3453
TIC 219641516,219641516,100,100,8.72,175.2671,-21.3781,1,2,4459.01,19.98,,865.639,GIANT,6,4.345191,3454
TIC 361533372,361533372,100,100,8.39,194.0468,-71.8957,3,3,4604.0,21.6674,,807.709,GIANT,6,4.349614,3455
TIC 297830203,297830203,100,100,7.38,241.8292,-62.9106,4,1,6021.0,27.3745,,1106.69,GIANT,6,4.350692,3456
TIC 187930104,187930104,100,100,8.06,159.3495,-25.0638,1,1,4254.8,23.4594,,679.329,GIANT,6,4.352634,3457
TIC 305918859,305918859,100,100,9.76,166.286,-59.8216,3,2,10049.0,15.8879,,3513.31,GIANT,6,4.354133,3458
TIC 376103504,376103504,100,100,8.43,179.3496,-58.5319,3,2,4278.0,21.5863,,680.835,GIANT,6,4.354356,3459
TIC 134971317,134971317,100,100,8.65,184.4198,-40.2188,2,2,4531.0,20.5467,,883.055,GIANT,6,4.355484,3460
TIC 135144081,135144081,100,100,8.19,185.1944,-41.0048,2,2,4612.0,22.9439,,839.76,GIANT,6,4.359334,3461
TIC 142037922,142037922,100,100,8.4,178.4983,-34.5112,2,3,4373.65,21.9072,,773.625,GIANT,6,4.361174,3462
TIC 400692763,400692763,100,100,8.37,220.1638,-64.4049,3,4,4581.0,22.0768,,737.198,GIANT,6,4.361872,3463
TIC 349859612,349859612,100,100,8.18,245.5863,-64.4798,4,1,4392.0,23.1411,,744.703,GIANT,6,4.364768,3464
TIC 424422242,424422242,100,100,8.23,236.6327,-64.0359,4,1,4578.0,22.911,,807.045,GIANT,6,4.366088,3465
TIC 152516260,152516260,100,100,8.82,172.1921,-40.7749,2,3,4496.5,20.0027,,881.08,GIANT,6,4.366177,3466
TIC 338409865,338409865,100,100,9.62,189.4488,-62.323,3,2,9537.0,16.6572,,2277.56,GIANT,6,4.367204,3467
TIC 311565247,311565247,100,100,8.45,260.7221,-73.2258,4,3,4638.0,21.8514,,922.952,GIANT,6,4.368959,3468
TIC 433448904,433448904,100,100,9.04,183.0116,-59.8301,3,2,5061.0,19.0942,,969.173,GIANT,6,4.369803,3469
TIC 467448794,467448794,100,100,9.8,168.3988,-60.2935,3,2,6701.0,16.0401,,2397.17,GIANT,6,4.370414,3470
TIC 297218411,297218411,100,100,8.2,179.8196,-68.1543,3,3,4220.0,23.1862,,663.609,GIANT,6,4.370459,3471
TIC 407145939,407145939,100,100,8.33,235.0022,-80.5254,4,2,4116.0,22.5173,,550.315,GIANT,6,4.371033,3472
TIC 289801172,289801172,100,100,8.2,160.9704,-13.8731,1,3,4499.0,23.2631,,826.888,GIANT,6,4.373335,3473
TIC 420013710,420013710,100,100,8.52,202.8455,-51.284,3,1,4588.0,21.6475,,836.873,GIANT,6,4.374815,3474
TIC 402596940,402596940,100,100,8.77,248.2454,-63.4977,4,1,4661.0,20.502,,985.401,GIANT,6,4.377592,3475
TIC 262859209,262859209,100,100,10.68,215.9403,-58.4903,3,4,8613.0,13.2297,,2055.25,GIANT,6,4.3791,3476
TIC 296843652,296843652,100,100,8.11,158.1771,-14.5023,1,4,4335.0,23.9427,,733.841,GIANT,6,4.380346,3477
TIC 277069417,277069417,100,100,9.12,279.2519,-80.5351,4,3,4629.81,18.9769,,967.296,GIANT,6,4.380451,3478
TIC 457086680,457086680,100,100,9.49,203.0798,-58.7214,3,4,5106.0,17.4707,,1104.69,GIANT,6,4.382621,3479
TIC 466494558,466494558,100,100,8.47,165.9394,-60.5795,3,2,11826.0,22.1523,,2902.83,GIANT,6,4.384838,3480
TIC 303420063,303420063,100,100,9.51,164.1489,-56.4778,2,1,4682.0,17.4529,,1083.71,GIANT,6,4.385735,3481
TIC 106497631,106497631,100,100,8.26,159.7719,-41.2094,2,4,4540.0,23.3104,,858.712,GIANT,6,4.387099,3482
TIC 49099006,49099006,100,100,8.19,165.252,-31.8011,2,4,4438.0,23.6982,,789.412,GIANT,6,4.387431,3483
TIC 32722353,32722353,100,100,9.49,176.5745,-26.1256,2,3,4538.9,17.5733,,1177.18,GIANT,6,4.387707,3484
TIC 146942882,146942882,100,100,8.63,161.2047,-41.9107,2,4,4790.0,21.4292,,1039.95,GIANT,6,4.388012,3485
TIC 337706541,337706541,100,100,8.23,197.7196,-70.8087,3,3,9560.0,23.5125,,2403.78,GIANT,6,4.388598,3486
TIC 461237766,461237766,100,100,7.06,232.7075,-65.5994,4,1,5943.0,30.8007,,1091.42,GIANT,6,4.389121,3487
TIC 449114791,449114791,100,100,8.15,216.5855,-71.511,4,2,4669.0,23.9972,,824.214,GIANT,6,4.390321,3488
TIC 281643356,281643356,100,100,8.75,170.5821,-61.0735,3,2,7772.0,20.9072,,2459.86,GIANT,6,4.390592,3489
TIC 57259750,57259750,100,100,8.38,171.1473,-33.408,2,3,4281.0,22.7883,,779.514,GIANT,6,4.391424,3490
TIC 413371148,413371148,100,100,8.5,160.9571,-23.9246,1,1,4232.0,22.3446,,777.446,GIANT,6,4.398345,3491
TIC 365436935,365436935,100,100,8.33,273.4796,-62.5182,4,4,4390.0,23.2828,,818.118,GIANT,6,4.40007,3492
TIC 297959800,297959800,100,100,8.27,242.2508,-62.919,4,1,4482.0,23.6611,,829.78,GIANT,6,4.40207,3493
TIC 304039341,304039341,100,100,8.84,164.882,-59.6291,3,2,11546.0,20.7962,,3450.76,GIANT,6,4.403968,3494
TIC 450798682,450798682,100,100,9.35,187.0904,-62.9775,3,2,4958.0,18.5301,,1061.64,GIANT,6,4.405756,3495
TIC 308097570,308097570,100,100,8.38,168.3893,-15.1822,1,3,4489.7,23.206,,884.346,GIANT,6,4.407201,3496
TIC 404063914,404063914,100,100,8.19,194.889,-51.8378,3,1,4361.9,24.2619,,705.099,GIANT,6,4.40785,3497
TIC 179245814,179245814,100,100,8.71,159.1715,-22.7707,1,1,5151.0,21.5288,,1315.86,GIANT,6,4.40804,3498
TIC 467027607,467027607,100,100,9.79,167.3325,-61.1015,3,2,8942.0,16.8067,,3062.19,GIANT,6,4.408965,3499
TIC 340844505,340844505,100,100,8.2,292.7716,-73.1441,4,3,4090.0,24.263,,668.151,GIANT,6,4.409889,3500
TIC 448086981,448086981,100,100,9.41,207.9228,-67.5838,3,3,4765.6,18.3669,,1150.6,GIANT,6,4.410072,3501
TIC 406435729,406435729,100,100,7.11,198.0406,-57.3767,3,1,4549.0,31.2005,,619.938,GIANT,6,4.410323,3502
TIC 391285357,391285357,100,100,8.01,217.9693,-62.9309,3,4,4834.0,25.371,,704.994,GIANT,6,4.410675,3503
TIC 376203828,376203828,100,100,8.23,179.2552,-57.8735,3,2,4580.0,24.277,,800.347,GIANT,6,4.41639,3504
TIC 389252937,389252937,100,100,8.29,179.8296,-44.1494,2,2,4521.0,23.9804,,822.785,GIANT,6,4.417713,3505
TIC 67624131,67624131,100,100,8.76,182.2793,-55.8064,3,2,4578.8,21.5408,,860.894,GIANT,6,4.418524,3506
TIC 315830698,315830698,100,100,8.83,171.3072,-61.2769,3,2,9826.0,21.2119,,3086.09,GIANT,6,4.419159,3507
TIC 57694912,57694912,100,100,8.74,174.1526,-32.4952,2,3,4494.0,21.6863,,982.985,GIANT,6,4.420371,3508
TIC 161156379,161156379,100,100,8.98,189.8757,-49.1094,3,1,4742.0,20.5594,,1127.63,GIANT,6,4.422021,3509
TIC 402720452,402720452,100,100,8.1,224.0455,-73.5253,4,2,4229.94,25.2428,,710.157,GIANT,6,4.424275,3510
TIC 384070369,384070369,100,100,8.43,241.5554,-79.4911,4,2,4353.0,23.4836,,776.63,GIANT,6,4.427529,3511
TIC 76672850,76672850,100,100,8.33,270.231,-58.5279,4,4,4221.0,24.1216,,761.424,GIANT,6,4.430812,3512
TIC 157270619,157270619,100,100,8.31,176.6714,-34.3486,2,3,4234.0,24.2699,,760.512,GIANT,6,4.432136,3513
TIC 450973745,450973745,100,100,8.43,170.0922,-58.1976,3,2,4711.0,23.6945,,910.945,GIANT,6,4.435295,3514
TIC 284070255,284070255,100,100,8.07,152.5295,-23.6506,1,1,4490.0,25.8196,,867.016,GIANT,6,4.437899,3515
TIC 418639707,418639707,100,100,8.73,208.7424,-79.2916,4,2,4212.0,22.2242,,815.987,GIANT,6,4.439652,3516
TIC 304080187,304080187,100,100,9.15,258.729,-61.9299,4,4,4419.0,20.2079,,1039.53,GIANT,6,4.441042,3517
TIC 317386263,317386263,100,100,12.75,172.6138,-60.0415,3,2,5435.0,8.82252,,2931.87,GIANT,6,4.441185,3518
TIC 438804128,438804128,100,100,8.56,202.0385,-49.8379,3,1,4388.45,23.2175,,850.981,GIANT,6,4.443631,3519
TIC 306925929,306925929,100,100,7.54,178.5576,-37.6002,2,3,4592.0,29.3667,,782.167,GIANT,6,4.44371,3520
TIC 358947394,358947394,100,100,8.06,199.3431,-55.8473,3,1,4914.0,26.0689,,792.814,GIANT,6,4.444245,3521
TIC 293573408,293573408,100,100,8.43,262.2582,-68.9395,4,4,4395.0,23.9421,,882.712,GIANT,6,4.444324,3522
TIC 451280762,451280762,100,100,7.81,170.9706,-59.3048,3,2,9170.0,27.6352,,2050.55,GIANT,6,4.444925,3523
TIC 157733424,157733424,100,100,8.74,172.3842,-16.7575,1,2,4329.0,22.3296,,939.175,GIANT,6,4.445762,3524
TIC 449608602,449608602,100,100,11.28,200.7577,-63.575,3,4,9570.0,12.46,,3784.72,GIANT,6,4.447036,3525
TIC 422498526,422498526,100,100,8.41,239.8534,-59.9391,4,1,4199.0,24.1995,,732.644,GIANT,6,4.449613,3526
TIC 173895463,173895463,100,100,8.08,258.3616,-58.2902,4,4,4125.0,26.1359,,681.42,GIANT,6,4.450475,3527
TIC 448922221,448922221,100,100,8.66,214.3628,-69.9686,3,3,4326.0,22.8852,,816.564,GIANT,6,4.451109,3528
TIC 181791994,181791994,100,100,8.07,165.6485,-12.3826,1,3,4404.5,26.2169,,854.032,GIANT,6,4.451163,3529
TIC 451704013,451704013,100,100,9.9,172.1777,-59.4287,3,2,6860.0,17.2096,,2149.69,GIANT,6,4.451542,3530
TIC 101135072,101135072,100,100,8.65,152.7673,-12.0465,1,4,3984.0,23.0301,,728.529,GIANT,6,4.454592,3531
TIC 219512801,219512801,100,100,8.02,174.537,-19.7591,1,2,4205.0,26.6691,,733.554,GIANT,6,4.456017,3532
TIC 107020548,107020548,100,100,8.16,182.9484,-35.6564,2,3,4257.05,25.922,,770.846,GIANT,6,4.459337,3533
TIC 421178874,421178874,100,100,8.66,261.7409,-59.0398,4,4,4393.77,23.2637,,922.648,GIANT,6,4.465358,3534
TIC 291537714,291537714,100,100,8.62,217.8693,-55.4982,3,4,4989.0,23.4803,,947.113,GIANT,6,4.465407,3535
TIC 143069261,143069261,100,100,8.49,168.1798,-11.7299,1,3,4192.0,24.2097,,837.103,GIANT,6,4.465979,3536
TIC 324268119,324268119,100,100,8.38,177.0,-62.2069,3,2,8079.0,24.8625,,2228.15,GIANT,6,4.46709,3537
TIC 309277678,309277678,100,100,8.2,168.1889,-54.9716,2,1,4800.0,25.9849,,952.355,GIANT,6,4.469442,3538
TIC 332701748,332701748,100,100,8.28,150.1589,-12.1446,1,4,4535.0,25.5458,,941.98,GIANT,6,4.470639,3539
TIC 384388480,384388480,100,100,8.33,250.0561,-78.4749,4,2,4225.0,25.2827,,774.453,GIANT,6,4.471647,3540
TIC 333772273,333772273,100,100,8.14,181.9862,-52.2646,3,1,4416.0,26.4378,,837.95,GIANT,6,4.472451,3541
TIC 102077060,102077060,100,100,8.08,182.0064,-39.29,2,2,4297.0,26.9413,,797.987,GIANT,6,4.476837,3542
TIC 23382882,23382882,100,100,8.09,167.8595,-31.3888,2,3,4165.0,26.9363,,739.755,GIANT,6,4.478676,3543
TIC 384486894,384486894,100,100,8.36,252.3462,-79.755,4,2,4489.0,25.3727,,904.149,GIANT,6,4.480733,3544
TIC 301891909,301891909,100,100,9.02,259.4308,-70.6963,4,3,4494.5,21.8815,,1111.56,GIANT,6,4.484154,3545
TIC 389879225,389879225,100,100,8.11,173.3901,-25.8144,1,2,4145.0,27.0531,,739.75,GIANT,6,4.486434,3546
TIC 423023295,423023295,100,100,8.99,234.457,-64.491,4,1,4397.0,22.1007,,993.337,GIANT,6,4.486812,3547
TIC 365654743,365654743,100,100,8.74,274.3895,-60.6745,4,4,4404.0,23.4639,,966.568,GIANT,6,4.4888,3548
TIC 437267652,437267652,100,100,9.12,173.9986,-18.7023,1,2,4551.0,21.5156,,1205.44,GIANT,6,4.489507,3549
TIC 262982976,262982976,100,100,8.88,216.0604,-57.7623,3,4,5687.0,22.8754,,1022.22,GIANT,6,4.494737,3550
TIC 32635526,32635526,100,100,8.13,176.0727,-27.4285,2,3,4528.0,27.1974,,916.38,GIANT,6,4.495055,3551
TIC 165904267,165904267,100,100,8.02,192.6322,-49.7181,3,1,4047.0,27.8966,,672.058,GIANT,6,4.495103,3552
TIC 281298122,281298122,100,100,8.71,151.0889,-19.8178,1,4,4292.28,23.7989,,973.235,GIANT,6,4.495114,3553
TIC 105916697,105916697,100,100,8.02,157.3924,-37.5001,2,4,4291.0,27.9789,,809.858,GIANT,6,4.497661,3554
TIC 118190632,118190632,100,100,9.19,271.8738,-58.4031,4,4,4615.0,21.3826,,1236.83,GIANT,6,4.498121,3555
TIC 165491448,165491448,100,100,8.15,180.236,-38.4836,2,2,4283.0,27.1743,,813.515,GIANT,6,4.498317,3556
TIC 328477565,328477565,100,100,12.44,190.5578,-69.7284,3,3,5104.0,10.1203,,2710.92,GIANT,6,4.498387,3557
TIC 270375483,270375483,100,100,8.34,176.7669,-28.2107,2,3,4092.0,26.0721,,764.817,GIANT,6,4.500352,3558
TIC 35681188,35681188,100,100,8.4,225.068,-58.0009,3,4,4768.0,25.8804,,867.242,GIANT,6,4.505942,3559
TIC 395613469,395613469,100,100,9.17,208.088,-76.467,4,2,4182.58,21.7407,,933.964,GIANT,6,4.508547,3560
TIC 317410210,317410210,100,100,8.19,172.4322,-61.67,3,2,4385.0,27.2797,,853.877,GIANT,6,4.509679,3561
TIC 386613958,386613958,100,100,9.28,159.6312,-15.1036,1,3,4686.0,21.2293,,1373.4,GIANT,6,4.509871,3562
TIC 469827520,469827520,100,100,8.09,302.2867,-75.3661,4,3,4362.0,27.9328,,855.478,GIANT,6,4.510229,3563
TIC 407232341,407232341,100,100,8.51,213.3852,-54.0289,3,4,4529.5,25.4059,,796.775,GIANT,6,4.511869,3564
TIC 166557662,166557662,100,100,7.92,192.7232,-48.7179,3,1,4257.0,29.2227,,765.748,GIANT,6,4.515441,3565
TIC 406773217,406773217,100,100,8.16,223.561,-78.2965,4,2,4261.6,27.8185,,796.808,GIANT,6,4.520667,3566
TIC 410066548,410066548,100,100,9.32,162.3307,-16.51,1,3,4279.7,21.3262,,1103.81,GIANT,6,4.521827,3567
TIC 384629457,384629457,100,100,9.27,255.7144,-79.1427,4,2,4506.3,21.601,,1172.62,GIANT,6,4.522948,3568
TIC 162079738,162079738,100,100,8.21,190.3908,-53.3151,3,1,4253.0,27.7392,,822.183,GIANT,6,4.528188,3569
TIC 92460686,92460686,100,100,12.12,173.0252,-53.1822,2,1,4789.0,11.2796,,2393.64,GIANT,6,4.528587,3570
TIC 454512163,454512163,100,100,8.63,226.5626,-61.4409,4,1,4679.0,25.3902,,963.034,GIANT,6,4.535332,3571
TIC 1595409,1595409,100,100,8.17,170.9517,-13.5763,1,3,4094.0,28.2562,,795.903,GIANT,6,4.536228,3572
TIC 70779215,70779215,100,100,8.73,151.9293,-30.0555,1,1,4231.0,24.9306,,967.178,GIANT,6,4.539465,3573
TIC 426001948,426001948,100,100,8.39,236.5506,-73.9807,4,2,4368.0,26.974,,953.774,GIANT,6,4.539891,3574
TIC 294689037,294689037,100,100,8.8,267.3968,-67.8554,4,4,4314.0,24.5621,,1027.03,GIANT,6,4.540531,3575
TIC 468074636,468074636,100,100,9.32,170.023,-61.2334,3,2,7526.0,21.8227,,2801.52,GIANT,6,4.541817,3576
TIC 163488707,163488707,100,100,9.14,173.9404,-45.4254,2,1,4358.0,22.7673,,1136.78,GIANT,6,4.542623,3577
TIC 189504782,189504782,100,100,10.0,221.2026,-59.7702,3,4,7076.0,18.7147,,2469.63,GIANT,6,4.544366,3578
TIC 468062925,468062925,100,100,7.75,170.2385,-60.1615,3,2,8598.0,31.4504,,2534.46,GIANT,6,4.545252,3579
TIC 327431223,327431223,100,100,8.11,189.4511,-67.0714,3,3,4819.0,29.0497,,1029.3,GIANT,6,4.548283,3580
TIC 171295897,171295897,100,100,8.08,254.7663,-58.6037,4,4,3976.0,29.4157,,680.014,GIANT,6,4.553158,3581
TIC 437237609,437237609,100,100,8.93,165.1185,-21.5522,1,2,4479.0,24.1967,,1183.94,GIANT,6,4.553512,3582
TIC 303416677,303416677,100,100,10.83,164.167,-55.8207,2,1,7977.0,15.6954,,3179.67,GIANT,6,4.557545,3583
TIC 448689422,448689422,100,100,8.12,212.8722,-66.5493,3,4,4372.0,29.4026,,786.556,GIANT,6,4.560771,3584
TIC 192932518,192932518,100,100,9.5,154.6746,-24.4682,1,1,4524.2,21.4067,,1414.54,GIANT,6,4.561099,3585
TIC 328468304,328468304,100,100,8.18,190.6523,-67.8424,3,3,4596.0,29.066,,894.549,GIANT,6,4.562771,3586
TIC 54042261,54042261,100,100,8.76,159.8629,-35.7765,2,4,4340.0,25.4396,,1063.07,GIANT,6,4.563021,3587
TIC 321164489,321164489,100,100,8.03,175.2438,-62.6925,3,2,7327.0,30.1411,,1540.97,GIANT,6,4.564318,3588
TIC 429210508,429210508,100,100,10.54,183.9009,-48.4282,2,2,4469.07,16.9209,,1627.04,GIANT,6,4.564847,3589
TIC 245231230,245231230,100,100,8.54,199.1015,-49.6262,3,1,4350.0,26.8762,,949.381,GIANT,6,4.566736,3590
TIC 219382905,219382905,100,100,8.28,171.9907,-19.2496,1,2,4265.0,28.5665,,933.014,GIANT,6,4.567714,3591
TIC 71342915,71342915,100,100,8.44,154.7933,-34.8054,2,4,4353.0,27.6306,,972.995,GIANT,6,4.570781,3592
TIC 420660080,420660080,100,100,8.12,239.6567,-58.5281,4,1,4412.0,29.7955,,806.008,GIANT,6,4.572301,3593
TIC 437248187,437248187,100,100,9.26,169.5191,-20.0375,1,2,4377.0,22.9597,,1263.2,GIANT,6,4.573932,3594
TIC 241585690,241585690,100,100,8.2,206.9986,-52.0691,3,1,4349.0,29.3209,,814.863,GIANT,6,4.574355,3595
TIC 383233709,383233709,100,100,11.24,183.8725,-61.2964,3,2,9340.0,14.6209,,3705.76,GIANT,6,4.577948,3596
TIC 309089515,309089515,100,100,8.27,151.3418,-27.1138,1,1,4193.0,29.0015,,896.645,GIANT,6,4.578841,3597
TIC 327017634,327017634,100,100,8.39,210.4274,-63.8526,3,4,4827.0,28.3379,,818.829,GIANT,6,4.582735,3598
TIC 426838533,426838533,100,100,8.4,236.4694,-67.3852,4,1,4387.0,28.2842,,1012.84,GIANT,6,4.583088,3599
TIC 36831862,36831862,100,100,8.15,155.6035,-8.9194,1,4,4328.0,30.0496,,966.457,GIANT,6,4.585677,3600
TIC 168141647,168141647,100,100,8.9,152.9793,-27.7262,1,1,4423.0,25.307,,1197.55,GIANT,6,4.586481,3601
TIC 436077712,436077712,100,100,10.46,193.3278,-64.0233,3,3,8422.0,17.7304,,2213.38,GIANT,6,4.589437,3602
TIC 384270147,384270147,100,100,8.19,245.0935,-82.0357,4,2,4275.0,30.0016,,882.861,GIANT,6,4.592289,3603
TIC 163648606,163648606,100,100,8.27,191.2596,-51.1043,3,1,4454.0,29.5465,,973.634,GIANT,6,4.595012,3604
TIC 15520413,15520413,100,100,8.62,185.3532,-49.0089,2,2,4481.0,27.3194,,1107.64,GIANT,6,4.596942,3605
TIC 426660686,426660686,100,100,7.69,235.5898,-66.8468,4,1,4314.0,33.8727,,832.358,GIANT,6,4.5977,3606
TIC 219310941,219310941,100,100,8.07,171.8391,-21.0643,1,2,4025.0,31.0783,,790.142,GIANT,6,4.598915,3607
TIC 401507851,401507851,100,100,8.09,215.7852,-72.1857,4,2,4341.0,31.0765,,879.937,GIANT,6,4.602864,3608
TIC 105762468,105762468,100,100,8.61,156.6623,-37.9077,2,4,4389.0,27.6859,,1121.74,GIANT,6,4.606517,3609
TIC 413113843,413113843,100,100,8.42,204.7765,-55.9426,3,4,4358.2,28.9791,,846.421,GIANT,6,4.60817,3610
TIC 324664178,324664178,100,100,12.58,177.1866,-62.8028,3,2,8716.0,11.1212,,3459.8,GIANT,6,4.608303,3611
TIC 338781361,338781361,100,100,10.91,199.3073,-66.0832,3,3,7350.0,16.3629,,2878.26,GIANT,6,4.609721,3612
TIC 207615434,207615434,100,100,8.24,243.7481,-58.5088,4,1,4371.0,30.5688,,927.106,GIANT,6,4.618557,3613
TIC 293729227,293729227,100,100,8.13,263.0181,-70.3859,4,3,4380.0,31.4479,,1017.52,GIANT,6,4.621183,3614
TIC 255776753,255776753,100,100,8.06,186.1413,-49.9143,3,1,4295.37,31.9786,,907.899,GIANT,6,4.621719,3615
TIC 188208289,188208289,100,100,9.22,162.5603,-25.5883,1,1,4186.0,24.4911,,1135.44,GIANT,6,4.622017,3616
TIC 306491594,306491594,100,100,8.11,166.8866,-59.9635,3,2,10196.0,31.6244,,3254.05,GIANT,6,4.622045,3617
TIC 170773719,170773719,100,100,8.4,253.9617,-59.7625,4,4,4290.0,29.5979,,984.63,GIANT,6,4.622522,3618
TIC 315836258,315836258,100,100,7.86,171.2739,-60.7346,3,2,5933.0,33.5417,,1733.16,GIANT,6,4.62317,3619
TIC 381307807,381307807,100,100,8.43,207.2843,-60.9537,3,4,4993.0,29.5113,,944.031,GIANT,6,4.625977,3620
TIC 448944461,448944461,100,100,8.07,214.6759,-68.5431,3,3,4224.0,32.2032,,791.037,GIANT,6,4.629798,3621
TIC 241424997,241424997,100,100,8.46,205.2728,-52.7758,3,1,4386.0,29.519,,919.758,GIANT,6,4.632203,3622
TIC 425658925,425658925,100,100,8.08,232.7577,-74.124,4,2,4151.28,32.2259,,853.864,GIANT,6,4.63241,3623
TIC 48766203,48766203,100,100,8.31,162.2662,-35.8165,2,4,4280.9,30.5744,,1020.15,GIANT,6,4.632716,3624
TIC 5528085,5528085,100,100,9.75,155.4201,-20.6165,1,4,4269.0,21.9769,,1432.45,GIANT,6,4.633933,3625
TIC 91534584,91534584,100,100,8.05,170.9771,-50.2277,2,1,4288.0,32.6131,,895.649,GIANT,6,4.636784,3626
TIC 61418436,61418436,100,100,8.57,175.8334,-45.5324,2,2,4403.0,28.9728,,1146.27,GIANT,6,4.637981,3627
TIC 362625985,362625985,100,100,8.21,246.5602,-66.9797,4,1,4095.37,31.7481,,1087.05,GIANT,6,4.645435,3628
TIC 281301129,281301129,100,100,9.1,151.2665,-23.1016,1,1,4184.0,25.9917,,1179.85,GIANT,6,4.649669,3629
TIC 48831846,48831846,100,100,8.36,162.8236,-33.0119,2,4,4321.0,30.9089,,1052.86,GIANT,6,4.652167,3630
TIC 448859483,448859483,100,100,8.09,213.949,-70.9965,4,2,4313.0,32.8951,,877.16,GIANT,6,4.652262,3631
TIC 106633826,106633826,100,100,8.38,160.4336,-40.2061,2,4,4567.0,30.9878,,1197.3,GIANT,6,4.658381,3632
TIC 260825037,260825037,100,100,8.31,225.7116,-67.4179,4,1,4513.0,31.6653,,1080.16,GIANT,6,4.663167,3633
TIC 164594379,164594379,100,100,8.08,191.885,-53.1225,3,1,4316.0,33.4043,,929.826,GIANT,6,4.663605,3634
TIC 343887624,343887624,100,100,8.38,276.0077,-75.8468,4,3,4262.0,31.2135,,938.222,GIANT,6,4.664685,3635
TIC 210246124,210246124,100,100,11.85,211.8787,-56.6986,3,4,7023.0,14.0525,,3556.41,GIANT,6,4.665507,3636
TIC 411127335,411127335,100,100,8.07,178.2952,-67.3741,3,3,4213.0,33.6501,,836.5,GIANT,6,4.667973,3637
TIC 245099522,245099522,100,100,8.21,198.0294,-53.4266,3,1,4465.0,32.5941,,905.811,GIANT,6,4.668278,3638
TIC 168348086,168348086,100,100,8.59,166.0665,-27.1905,1,2,3930.0,29.8689,,918.271,GIANT,6,4.668438,3639
TIC 467231845,467231845,100,100,7.18,168.0421,-61.7549,3,2,5794.0,41.3491,,1367.42,GIANT,6,4.668932,3640
TIC 162624374,162624374,100,100,8.21,170.5097,-43.2006,2,1,4102.0,32.6823,,903.159,GIANT,6,4.670625,3641
TIC 334584888,334584888,100,100,8.18,213.8664,-60.3465,3,4,4395.0,33.0113,,773.002,GIANT,6,4.673325,3642
TIC 412480140,412480140,100,100,9.02,192.8857,-55.438,3,1,4262.8,27.2128,,1033.13,GIANT,6,4.673546,3643
TIC 143060213,143060213,100,100,8.26,168.0716,-10.0196,1,3,4160.0,32.574,,988.051,GIANT,6,4.677742,3644
TIC 364420518,364420518,100,100,7.31,252.8877,-67.5611,4,4,4017.0,40.5861,,711.549,GIANT,6,4.678755,3645
TIC 452107892,452107892,100,100,7.7,173.5001,-59.5607,3,2,4946.0,37.1406,,1119.12,GIANT,6,4.679698,3646
TIC 57141628,57141628,100,100,8.21,170.201,-31.3083,2,3,4280.0,33.1338,,1045.64,GIANT,6,4.682542,3647
TIC 80779606,80779606,100,100,8.11,165.9652,-47.9938,2,1,4193.0,34.0273,,922.491,GIANT,6,4.685655,3648
TIC 48875158,48875158,100,100,8.62,162.9376,-31.9396,2,4,4184.0,30.3098,,1064.09,GIANT,6,4.687166,3649
TIC 142115666,142115666,100,100,8.54,179.3075,-30.0112,2,3,4130.0,30.964,,1033.37,GIANT,6,4.689714,3650
TIC 295421564,295421564,100,100,8.26,272.3333,-68.7562,4,3,4550.0,33.1015,,1195.5,GIANT,6,4.691695,3651
TIC 380996021,380996021,100,100,8.46,270.4475,-65.6711,4,4,4205.0,31.6568,,1066.56,GIANT,6,4.692934,3652
TIC 276674747,276674747,100,100,8.09,269.4935,-79.1061,4,3,4278.0,34.5068,,938.83,GIANT,6,4.693809,3653
TIC 365836278,365836278,100,100,8.13,275.3007,-61.577,4,4,3769.0,34.2992,,742.739,GIANT,6,4.696568,3654
TIC 169768539,169768539,100,100,8.01,252.2171,-59.8401,4,4,4171.0,35.4669,,903.52,GIANT,6,4.701646,3655
TIC 61371073,61371073,100,100,8.24,175.6105,-43.3017,2,2,4153.0,33.6841,,969.445,GIANT,6,4.70285,3656
TIC 73086487,73086487,100,100,9.66,189.8056,-47.3592,2,2,4299.0,24.3044,,1470.33,GIANT,6,4.70337,3657
TIC 467238286,467238286,100,100,8.06,168.0187,-61.0953,3,2,8286.0,35.1413,,2760.45,GIANT,6,4.703636,3658
TIC 23189694,23189694,100,100,8.17,166.7746,-35.5158,2,4,4039.0,34.4849,,907.718,GIANT,6,4.709258,3659
TIC 467090540,467090540,100,100,8.21,167.6857,-60.7503,3,2,6336.0,34.1869,,2608.04,GIANT,6,4.709719,3660
TIC 363595879,363595879,100,100,8.72,249.668,-68.1117,4,1,4607.0,30.5137,,1416.29,GIANT,6,4.71299,3661
TIC 378803253,378803253,100,100,12.95,180.5637,-62.3621,3,2,4138.0,11.6025,,2966.47,GIANT,6,4.719103,3662
TIC 340853376,340853376,100,100,9.23,201.9542,-66.3385,3,3,5410.0,27.3562,,1654.91,GIANT,6,4.720112,3663
TIC 14661267,14661267,100,100,8.1,174.0382,-29.1778,2,3,4042.0,35.577,,910.055,GIANT,6,4.722339,3664
TIC 338531807,338531807,100,100,8.18,189.4894,-61.2779,3,2,3650.0,34.9444,,660.303,GIANT,6,4.722755,3665
TIC 360157793,360157793,100,100,8.26,186.7802,-72.0412,3,3,3883.0,34.3366,,678.517,GIANT,6,4.723515,3666
TIC 292749561,292749561,100,100,8.28,274.7357,-77.0144,4,3,4123.0,34.2092,,889.286,GIANT,6,4.724286,3667
TIC 443567988,443567988,100,100,8.2,199.3622,-65.2255,3,3,4359.0,34.847,,929.898,GIANT,6,4.724331,3668
TIC 146270921,146270921,100,100,9.86,157.8828,-41.9528,2,4,5083.0,23.7811,,2250.14,GIANT,6,4.724464,3669
TIC 401858453,401858453,100,100,8.21,217.8316,-74.1858,4,2,3950.0,34.9327,,860.958,GIANT,6,4.728464,3670
TIC 72060477,72060477,100,100,8.93,167.4374,-42.5304,2,4,4357.0,29.6616,,1308.3,GIANT,6,4.730389,3671
TIC 423450848,423450848,100,100,9.97,168.4325,-20.7797,1,2,4416.0,23.3621,,1797.88,GIANT,6,4.731024,3672
TIC 289821134,289821134,100,100,8.04,161.3114,-12.9022,1,3,3878.0,36.4725,,827.5,GIANT,6,4.731931,3673
TIC 151789661,151789661,100,100,8.77,167.8058,-36.1815,2,4,4305.0,30.9679,,1248.6,GIANT,6,4.735824,3674
TIC 166882294,166882294,100,100,8.14,192.8745,-48.7841,3,1,4132.0,35.8686,,957.591,GIANT,6,4.737429,3675
TIC 147277230,147277230,100,100,8.14,162.5686,-44.9203,2,1,4419.0,35.8747,,1096.14,GIANT,6,4.737577,3676
TIC 193221784,193221784,100,100,8.11,158.0231,-26.0711,1,1,4189.0,36.1985,,1025.06,GIANT,6,4.739381,3677
TIC 292798116,292798116,100,100,8.18,218.6622,-58.2686,3,4,4470.0,35.8339,,868.16,GIANT,6,4.744588,3678
TIC 22908615,22908615,100,100,8.14,185.9486,-47.5458,2,2,4355.0,36.4303,,1099.29,GIANT,6,4.750925,3679
TIC 316930101,316930101,100,100,9.61,172.2026,-65.2425,3,2,4403.0,25.9944,,1173.72,GIANT,6,4.75176,3680
TIC 364898211,364898211,100,100,9.43,177.333,-66.0107,3,2,8781.0,27.1471,,2782.18,GIANT,6,4.753447,3681
TIC 343406986,343406986,100,100,8.34,268.089,-76.8644,4,3,4278.0,34.9822,,1084.07,GIANT,6,4.755694,3682
TIC 403325811,403325811,100,100,8.82,229.3584,-74.5053,4,2,4340.2,31.368,,1286.86,GIANT,6,4.756974,3683
TIC 260945227,260945227,100,100,8.78,201.5552,-53.0694,3,1,4066.0,31.7026,,949.635,GIANT,6,4.75819,3684
TIC 449461507,449461507,100,100,8.07,200.1018,-63.2219,3,4,4238.0,37.3783,,893.199,GIANT,6,4.759239,3685
TIC 53731665,53731665,100,100,8.4,158.1046,-30.7954,1,1,4271.0,34.6666,,1190.92,GIANT,6,4.759822,3686
TIC 419575761,419575761,100,100,9.33,191.157,-57.4239,3,1,4653.0,28.0517,,1479.78,GIANT,6,4.761918,3687
TIC 426540399,426540399,100,100,8.03,245.1533,-72.6922,4,2,4152.22,37.8801,,987.802,GIANT,6,4.762822,3688
TIC 303840909,303840909,100,100,8.33,277.7442,-64.2997,4,4,4220.0,35.5301,,1121.93,GIANT,6,4.767193,3689
TIC 324122633,324122633,100,100,12.88,176.8587,-61.9394,3,2,4197.0,12.5855,,3398.26,GIANT,6,4.775741,3690
TIC 331966070,331966070,100,100,9.13,212.9343,-65.3268,3,4,4562.0,29.8504,,1281.22,GIANT,6,4.7759,3691
TIC 257777271,257777271,100,100,9.47,220.421,-71.1648,4,2,4102.0,27.6031,,1251.26,GIANT,6,4.775916,3692
TIC 429141928,429141928,100,100,8.4,174.5387,-44.1001,2,2,4137.0,35.395,,1096.65,GIANT,6,4.777884,3693
TIC 382291660,382291660,100,100,8.09,183.1046,-62.804,3,2,4719.0,38.0765,,1077.8,GIANT,6,4.779314,3694
TIC 70981399,70981399,100,100,8.72,152.82,-32.839,1,1,4296.0,33.0018,,1311.02,GIANT,6,4.781075,3695
TIC 290527351,290527351,100,100,8.41,173.7071,-61.3797,3,2,4042.0,35.5007,,1054.0,GIANT,6,4.782474,3696
TIC 192992073,192992073,100,100,8.74,155.4143,-27.9872,1,1,4175.0,33.2669,,1245.56,GIANT,6,4.792025,3697
TIC 307080375,307080375,100,100,8.06,166.2634,-46.6939,2,1,4154.0,38.9122,,978.298,GIANT,6,4.792172,3698
TIC 315717614,315717614,100,100,7.92,171.304,-61.3691,3,2,6425.0,40.1975,,2210.27,GIANT,6,4.792398,3699
TIC 314273581,314273581,100,100,8.27,202.4371,-65.5974,3,3,4374.0,37.0988,,990.055,GIANT,6,4.79272,3700
TIC 192978702,192978702,100,100,8.07,155.2178,-26.8696,1,1,3962.0,38.8878,,952.323,GIANT,6,4.793627,3701
TIC 22323830,22323830,100,100,8.81,183.9822,-42.5202,2,2,4048.0,32.8014,,1114.6,GIANT,6,4.793785,3702
TIC 434502793,434502793,100,100,8.73,173.4016,-22.8342,1,2,4296.0,33.4205,,1356.91,GIANT,6,4.794026,3703
TIC 21167907,21167907,100,100,8.32,187.0449,-51.7259,3,1,4256.3,36.9219,,1119.52,GIANT,6,4.798568,3704
TIC 423240973,423240973,100,100,8.23,297.2437,-72.1886,4,3,4183.0,37.782,,1096.1,GIANT,6,4.80057,3705
TIC 283514356,283514356,100,100,11.38,233.1396,-58.7102,4,1,7545.0,18.322,,2788.45,GIANT,6,4.801946,3706
TIC 209880727,209880727,100,100,8.08,211.2153,-58.8182,3,4,3991.0,39.263,,748.891,GIANT,6,4.803967,3707
TIC 364486973,364486973,100,100,8.01,253.3316,-67.6624,4,4,3998.0,40.0053,,948.172,GIANT,6,4.806235,3708
TIC 147022963,147022963,100,100,8.48,161.5818,-43.5919,2,4,4119.0,36.0978,,1070.59,GIANT,6,4.810961,3709
TIC 73332436,73332436,100,100,8.99,190.5937,-42.0612,2,2,4376.0,32.1724,,1476.62,GIANT,6,4.812967,3710
TIC 76059072,76059072,100,100,8.75,268.691,-56.9536,4,4,4316.0,34.0609,,1358.93,GIANT,6,4.814512,3711
TIC 71216609,71216609,100,100,8.36,153.934,-35.0575,2,4,4051.0,37.3443,,1054.46,GIANT,6,4.816449,3712
TIC 433084210,433084210,100,100,8.4,181.152,-58.6523,3,2,4247.0,37.1182,,964.254,GIANT,6,4.819174,3713
TIC 310182523,310182523,100,100,8.16,251.5046,-75.1883,4,2,4257.3,39.2549,,1173.61,GIANT,6,4.819788,3714
TIC 157227714,157227714,100,100,9.88,176.1137,-30.6678,2,3,4460.8,26.4214,,1947.0,GIANT,6,4.819912,3715
TIC 263172398,263172398,100,100,8.2,216.5268,-56.1897,3,4,3917.0,39.0244,,782.59,GIANT,6,4.822672,3716
TIC 47721352,47721352,100,100,8.51,158.9194,-27.4788,1,1,4103.0,36.4808,,1164.19,GIANT,6,4.826129,3717
TIC 147572433,147572433,100,100,8.04,163.6632,-46.6652,2,1,3998.0,40.8057,,935.085,GIANT,6,4.829442,3718
TIC 311889311,311889311,100,100,8.29,263.0586,-74.9933,4,3,3934.0,38.5269,,1005.27,GIANT,6,4.829528,3719
TIC 186827894,186827894,100,100,8.03,220.1434,-58.6226,3,4,4022.0,41.1064,,816.859,GIANT,6,4.833819,3720
TIC 248069159,248069159,100,100,8.78,192.8293,-47.8084,3,1,3958.0,34.6221,,1096.54,GIANT,6,4.834707,3721
TIC 71222058,71222058,100,100,8.12,154.1231,-30.4134,1,1,4245.0,40.3169,,1200.52,GIANT,6,4.834974,3722
TIC 262990535,262990535,100,100,8.05,216.0143,-56.8303,3,4,4121.0,41.0566,,825.357,GIANT,6,4.836766,3723
TIC 317787249,317787249,100,100,8.12,172.6925,-64.1319,3,2,4251.0,40.4889,,838.07,GIANT,6,4.838672,3724
TIC 394712255,394712255,100,100,8.42,201.8807,-77.3683,4,2,4247.0,37.8192,,1119.79,GIANT,6,4.839425,3725
TIC 88746313,88746313,100,100,8.36,239.155,-59.1973,4,1,4294.0,38.5014,,1107.43,GIANT,6,4.842953,3726
TIC 394829667,394829667,100,100,9.01,202.6036,-75.2411,3,3,3809.0,33.3083,,1064.74,GIANT,6,4.847105,3727
TIC 382284273,382284273,100,100,9.7,183.2485,-62.0968,3,2,6000.0,28.424,,3117.76,GIANT,6,4.84737,3728
TIC 262452631,262452631,100,100,8.31,228.7309,-68.9238,4,1,3975.0,39.1724,,1025.92,GIANT,6,4.84796,3729
TIC 468095832,468095832,100,100,10.83,170.2381,-61.9167,3,2,7002.0,22.0268,,2925.15,GIANT,6,4.851903,3730
TIC 181816816,181816816,100,100,8.16,166.0252,-13.599,1,3,4258.0,40.7681,,1267.0,GIANT,6,4.852641,3731
TIC 454074098,454074098,100,100,9.66,176.3936,-40.1277,2,2,4214.0,28.9162,,1616.09,GIANT,6,4.854282,3732
TIC 157225862,157225862,100,100,8.5,175.9619,-32.9543,2,3,4002.0,37.7926,,1136.75,GIANT,6,4.854814,3733
TIC 340778548,340778548,100,100,8.96,291.6992,-74.1371,4,3,3972.0,34.0931,,1239.4,GIANT,6,4.857333,3734
TIC 467905411,467905411,100,100,8.01,275.5435,-73.6076,4,3,4111.0,42.4321,,1043.07,GIANT,6,4.857389,3735
TIC 262115655,262115655,100,100,8.55,199.6914,-59.6442,3,4,4355.0,37.4863,,1081.2,GIANT,6,4.857745,3736
TIC 385266562,385266562,100,100,8.3,167.3562,-12.0552,1,3,4026.0,39.8712,,1117.82,GIANT,6,4.861319,3737
TIC 455404454,455404454,100,100,8.04,229.0267,-65.7281,4,1,3991.0,42.3329,,930.804,GIANT,6,4.861356,3738
TIC 410425401,410425401,100,100,8.47,167.2387,-21.8281,1,2,4299.0,38.4351,,1372.9,GIANT,6,4.863456,3739
TIC 361576492,361576492,100,100,8.02,243.5566,-67.8877,4,1,4016.0,42.7127,,1018.84,GIANT,6,4.865114,3740
TIC 450463355,450463355,100,100,9.15,186.297,-61.3482,3,2,6753.0,32.9436,,2357.61,GIANT,6,4.865542,3741
TIC 337109866,337109866,100,100,8.53,267.8419,-58.3306,4,4,4203.0,38.2308,,1285.62,GIANT,6,4.870827,3742
TIC 381034656,381034656,100,100,8.22,270.5624,-61.9383,4,4,3666.0,41.0922,,846.154,GIANT,6,4.871519,3743
TIC 81013336,81013336,100,100,8.1,166.4715,-52.9605,2,1,4376.0,42.3413,,1185.36,GIANT,6,4.873528,3744
TIC 293798108,293798108,100,100,8.18,263.3766,-66.7542,4,4,4088.0,41.6423,,1135.32,GIANT,6,4.875069,3745
TIC 144112138,144112138,100,100,8.22,188.2032,-39.2304,2,2,4047.0,41.3261,,1111.08,GIANT,6,4.876449,3746
TIC 308658047,308658047,100,100,7.37,167.8348,-54.557,2,1,6805.0,50.3117,,2233.36,GIANT,6,4.877338,3747
TIC 320297485,320297485,100,100,11.56,205.2284,-62.1044,3,4,5951.0,19.1969,,3321.31,GIANT,6,4.878462,3748
TIC 362985235,362985235,100,100,8.52,247.5973,-69.746,4,1,3907.78,38.7393,,1052.7,GIANT,6,4.880304,3749
TIC 179644015,179644015,100,100,8.14,188.2424,-65.702,3,3,4358.0,42.2881,,1046.73,GIANT,6,4.880436,3750
TIC 329538966,329538966,100,100,8.04,191.8832,-70.7079,3,3,3970.0,43.295,,932.766,GIANT,6,4.880875,3751
TIC 437237850,437237850,100,100,8.0,165.168,-22.3342,1,2,3866.0,43.7255,,969.373,GIANT,6,4.88147,3752
TIC 407261690,407261690,100,100,8.05,238.732,-78.8322,4,2,3913.0,43.4187,,961.422,GIANT,6,4.885354,3753
TIC 270262946,270262946,100,100,8.01,175.2738,-29.729,2,3,4167.0,44.0582,,1174.72,GIANT,6,4.890054,3754
TIC 365439024,365439024,100,100,8.12,273.3982,-61.2159,4,4,3879.0,42.9702,,997.536,GIANT,6,4.890335,3755
TIC 447027197,447027197,100,100,8.13,233.9322,-67.7939,4,1,3952.97,42.9126,,1052.34,GIANT,6,4.89117,3756
TIC 393938817,393938817,100,100,8.24,197.2795,-73.7298,3,3,4129.0,41.8441,,1079.01,GIANT,6,4.891268,3757
TIC 384663358,384663358,100,100,8.71,256.2643,-81.4013,4,2,4026.0,37.576,,1102.53,GIANT,6,4.891821,3758
TIC 37000206,37000206,100,100,8.06,157.7001,-7.8946,1,3,3960.0,43.6847,,1070.7,GIANT,6,4.892659,3759
TIC 423647287,423647287,100,100,8.19,235.278,-62.3069,4,1,3832.0,42.4585,,873.352,GIANT,6,4.893929,3760
TIC 443665153,443665153,100,100,7.37,199.7428,-62.3824,3,4,6184.0,51.3245,,1712.9,GIANT,6,4.894649,3761
TIC 450620496,450620496,100,100,8.15,169.1937,-57.8211,3,2,3992.0,42.9323,,965.066,GIANT,6,4.895568,3762
TIC 170317926,170317926,100,100,8.01,194.6288,-50.6303,3,1,4075.37,44.408,,1024.74,GIANT,6,4.896922,3763
TIC 460680743,460680743,100,100,8.11,191.5216,-60.8887,3,2,3849.0,43.5686,,809.53,GIANT,6,4.900347,3764
TIC 419500655,419500655,100,100,8.07,191.15,-54.5517,3,1,4012.0,44.0883,,947.823,GIANT,6,4.902647,3765
TIC 407218660,407218660,100,100,8.09,237.2209,-82.0286,4,2,4077.0,43.9004,,1064.1,GIANT,6,4.902937,3766
TIC 105654234,105654234,100,100,8.02,156.1724,-36.3435,2,4,3954.0,44.7608,,1059.88,GIANT,6,4.905796,3767
TIC 391808671,391808671,100,100,9.67,160.0153,-16.4675,1,3,4276.0,30.6439,,1930.63,GIANT,6,4.906688,3768
TIC 410092815,410092815,100,100,8.37,162.5415,-17.3276,1,3,4005.0,41.3905,,1192.48,GIANT,6,4.907801,3769
TIC 219246859,219246859,100,100,8.69,171.5023,-18.1958,1,2,4292.0,38.5136,,1560.65,GIANT,6,4.909228,3770
TIC 57064355,57064355,100,100,8.35,169.8789,-32.7513,2,3,4059.0,41.7059,,1201.5,GIANT,6,4.910395,3771
TIC 57649863,57649863,100,100,8.42,173.6952,-35.8599,2,3,4326.0,41.1669,,1426.23,GIANT,6,4.913096,3772
TIC 336728769,336728769,100,100,8.28,196.2476,-70.3454,3,3,4138.0,42.5864,,1076.74,GIANT,6,4.914542,3773
TIC 267630142,267630142,100,100,8.22,176.1709,-57.0961,3,2,4192.0,43.2092,,1143.56,GIANT,6,4.915152,3774
TIC 461213537,461213537,100,100,8.18,232.6781,-63.0517,4,1,4704.0,43.62,,1373.91,GIANT,6,4.915371,3775
TIC 208342243,208342243,100,100,8.05,208.3601,-57.2283,3,4,4022.0,45.0092,,946.612,GIANT,6,4.916603,3776
TIC 404013383,404013383,100,100,8.16,194.9559,-48.0753,3,1,4013.0,43.9848,,1038.12,GIANT,6,4.918605,3777
TIC 334122915,334122915,100,100,9.26,182.8032,-51.5948,3,1,4175.05,34.1927,,1543.4,GIANT,6,4.919867,3778
TIC 443367158,443367158,100,100,12.15,199.1499,-62.7195,3,4,4545.0,17.6131,,3825.35,GIANT,6,4.921672,3779
TIC 360273439,360273439,100,100,9.54,217.5761,-66.8797,3,4,3767.0,32.1563,,1097.76,GIANT,6,4.922532,3780
TIC 208387943,208387943,100,100,8.03,208.4685,-55.1928,3,4,4040.0,45.5562,,1007.61,GIANT,6,4.923095,3781
TIC 168277191,168277191,100,100,8.53,154.1334,-29.5241,1,1,4227.0,40.6173,,1445.07,GIANT,6,4.923422,3782
TIC 340220922,340220922,100,100,8.67,201.0555,-70.1848,3,3,3927.0,39.3341,,1106.33,GIANT,6,4.923538,3783
TIC 20424443,20424443,100,100,8.76,168.2111,-28.3069,1,2,3932.0,38.5747,,1249.29,GIANT,6,4.924605,3784
TIC 306492084,306492084,100,100,7.23,166.808,-59.8731,3,2,9617.0,55.1868,,3577.17,GIANT,6,4.92967,3785
TIC 334680572,334680572,100,100,8.39,183.632,-52.6654,3,1,3913.0,42.5299,,1109.87,GIANT,6,4.935389,3786
TIC 303431906,303431906,100,100,9.13,164.2529,-58.4334,3,2,4880.0,35.9106,,1666.61,GIANT,6,4.936445,3787
TIC 426207514,426207514,100,100,9.04,240.9659,-59.5486,4,1,4105.0,36.7398,,1349.28,GIANT,6,4.938274,3788
TIC 73227968,73227968,100,100,9.08,190.1716,-44.8638,2,2,3748.0,36.5816,,1198.72,GIANT,6,4.942525,3789
TIC 220900807,220900807,100,100,8.34,246.4598,-59.0835,4,1,4124.0,43.4414,,1189.68,GIANT,6,4.943808,3790
TIC 308034948,308034948,100,100,8.6,180.3257,-60.2004,3,2,5202.0,40.9369,,1698.55,GIANT,6,4.94423,3791
TIC 340396870,340396870,100,100,8.15,238.3599,-59.9026,4,1,4002.0,45.427,,997.433,GIANT,6,4.944628,3792
TIC 415023317,415023317,100,100,8.31,188.9587,-62.0351,3,2,4834.0,43.7958,,1310.05,GIANT,6,4.944865,3793
TIC 434497514,434497514,100,100,8.42,173.1317,-18.333,1,2,3860.0,42.7767,,1172.19,GIANT,6,4.946415,3794
TIC 288218261,288218261,100,100,8.06,187.2794,-53.6241,3,1,3988.0,46.6282,,1081.18,GIANT,6,4.949297,3795
TIC 54045341,54045341,100,100,8.45,159.9038,-31.0057,1,1,3971.0,42.6322,,1249.56,GIANT,6,4.949475,3796
TIC 144155716,144155716,100,100,8.59,188.7481,-41.4427,2,2,4007.0,41.3495,,1243.36,GIANT,6,4.950941,3797
TIC 276874981,276874981,100,100,8.03,274.2727,-78.4905,4,3,4111.0,47.1884,,1093.2,GIANT,6,4.953671,3798
TIC 339905180,339905180,100,100,8.52,200.7261,-67.7229,3,3,4592.0,42.1738,,1432.98,GIANT,6,4.954085,3799
TIC 343715636,343715636,100,100,8.23,206.9116,-68.6002,3,3,4061.0,45.1211,,1117.77,GIANT,6,4.954759,3800
TIC 382076457,382076457,100,100,8.12,285.3942,-68.9154,4,3,3969.0,46.2786,,1163.82,GIANT,6,4.95476,3801
TIC 434923432,434923432,100,100,9.24,192.539,-62.7472,3,3,4941.0,35.7628,,1904.59,GIANT,6,4.954863,3802
TIC 441980982,441980982,100,100,8.2,197.7364,-64.401,3,3,4048.0,45.462,,993.172,GIANT,6,4.955297,3803
TIC 321509550,321509550,100,100,9.09,205.753,-62.7281,3,4,7059.0,37.1074,,1494.54,GIANT,6,4.956921,3804
TIC 390010899,390010899,100,100,8.94,182.5658,-57.6737,3,2,4019.0,38.4627,,1214.13,GIANT,6,4.95808,3805
TIC 402420157,402420157,100,100,8.13,222.3767,-76.6491,4,2,3964.34,46.3986,,1105.65,GIANT,6,4.95901,3806
TIC 331961696,331961696,100,100,8.43,212.7557,-65.8865,3,4,4528.0,43.3387,,1344.58,GIANT,6,4.959752,3807
TIC 390067546,390067546,100,100,8.04,182.5701,-59.7842,3,2,4458.0,47.4198,,1083.07,GIANT,6,4.959919,3808
TIC 438248180,438248180,100,100,8.65,194.7626,-60.4829,3,1,5237.0,41.2803,,1350.37,GIANT,6,4.961486,3809
TIC 313266126,313266126,100,100,8.15,183.1424,-71.0752,3,3,3612.0,46.6158,,808.991,GIANT,6,4.967066,3810
TIC 334467188,334467188,100,100,9.02,193.4053,-68.8868,3,3,4255.0,38.2159,,1509.96,GIANT,6,4.968488,3811
TIC 341712930,341712930,100,100,8.25,239.1654,-63.1156,4,1,3774.0,45.697,,956.016,GIANT,6,4.969775,3812
TIC 162143209,162143209,100,100,8.7,168.3379,-45.5746,2,1,3945.0,41.2107,,1213.89,GIANT,6,4.97002,3813
TIC 82317363,82317363,100,100,8.31,168.9526,-52.6123,2,1,4064.0,45.1076,,1185.2,GIANT,6,4.970499,3814
TIC 391843498,391843498,100,100,8.16,160.4078,-14.6048,1,3,4049.0,46.7374,,1261.5,GIANT,6,4.971329,3815
TIC 404387237,404387237,100,100,8.07,195.988,-49.9723,3,1,3976.3,47.7824,,1083.71,GIANT,6,4.972536,3816
TIC 447083622,447083622,100,100,8.26,238.5315,-66.979,4,1,3877.0,45.7432,,1129.43,GIANT,6,4.972653,3817
TIC 453749336,453749336,100,100,8.33,196.3134,-46.1074,3,1,4085.0,45.2235,,1289.32,GIANT,6,4.976728,3818
TIC 290902830,290902830,100,100,8.32,256.5492,-64.5191,4,4,3915.85,45.3682,,1266.43,GIANT,6,4.977503,3819
TIC 300467781,300467781,100,100,9.62,208.5078,-64.271,3,4,4888.0,33.6484,,1670.77,GIANT,6,4.977929,3820
TIC 321293235,321293235,100,100,8.11,159.5203,-9.2536,1,3,3763.0,47.7568,,1055.02,GIANT,6,4.98007,3821
TIC 451650073,451650073,100,100,8.4,172.2677,-56.0017,3,2,4037.0,44.6984,,1111.78,GIANT,6,4.980584,3822
TIC 293109262,293109262,100,100,8.38,178.29,-26.7236,2,3,3974.0,44.9168,,1274.78,GIANT,6,4.980818,3823
TIC 107011443,107011443,100,100,8.46,161.9667,-39.2825,2,4,4670.0,44.1507,,1892.06,GIANT,6,4.981875,3824
TIC 75216795,75216795,100,100,9.12,266.481,-58.6631,4,4,4108.0,37.9499,,1583.97,GIANT,6,4.982421,3825
TIC 419855341,419855341,100,100,7.45,191.5927,-59.1247,3,1,5948.0,55.7565,,1817.73,GIANT,6,4.982591,3826
TIC 57608784,57608784,100,100,9.12,173.4358,-31.3352,2,3,4106.0,37.9715,,1620.04,GIANT,6,4.982916,3827
TIC 418459440,418459440,100,100,8.24,204.5424,-78.4453,4,2,3947.0,46.5516,,1125.29,GIANT,6,4.983869,3828
TIC 385209855,385209855,100,100,8.39,154.4264,-12.818,1,4,3953.0,45.0032,,1242.11,GIANT,6,4.984487,3829
TIC 303476775,303476775,100,100,8.03,256.9568,-60.1898,4,4,3890.0,48.8998,,1066.82,GIANT,6,4.984614,3830
TIC 300359610,300359610,100,100,8.08,208.3903,-61.8385,3,4,4865.0,48.3503,,1478.05,GIANT,6,4.984798,3831
TIC 260328850,260328850,100,100,8.51,224.8456,-68.5468,4,1,3867.0,43.886,,1148.93,GIANT,6,4.986652,3832
TIC 394601458,394601458,100,100,9.02,201.6375,-76.5885,4,2,4198.0,39.1375,,1496.14,GIANT,6,4.989186,3833
TIC 160522200,160522200,100,100,8.23,189.5121,-48.4558,3,1,3894.0,46.9478,,1121.6,GIANT,6,4.98923,3834
TIC 44178141,44178141,100,100,11.57,229.4537,-58.5553,4,1,8920.0,21.8333,,3637.77,GIANT,6,4.992239,3835
TIC 276977013,276977013,100,100,9.14,278.0249,-78.8366,4,3,4006.0,38.342,,1453.34,GIANT,6,4.99535,3836
TIC 53785316,53785316,100,100,8.27,158.2172,-29.9773,1,1,4020.0,46.8797,,1307.51,GIANT,6,4.99597,3837
TIC 52065148,52065148,100,100,8.27,152.8953,-19.1202,1,4,4016.0,46.971,,1300.14,GIANT,6,4.99766,3838
TIC 457264385,457264385,100,100,8.07,158.7734,-48.8931,2,1,3881.0,49.3629,,1021.28,GIANT,6,5.000801,3839
TIC 162816840,162816840,100,100,8.77,171.345,-42.0956,2,1,3983.0,42.0735,,1376.22,GIANT,6,5.002017,3840
TIC 410281514,410281514,100,100,8.04,214.0089,-56.3147,3,4,4291.0,49.8017,,1125.79,GIANT,6,5.002488,3841
TIC 305179578,305179578,100,100,8.41,261.6947,-61.6891,4,4,4091.0,45.9467,,1369.64,GIANT,6,5.006509,3842
TIC 348881873,348881873,100,100,8.19,148.3758,-17.13,1,4,4084.0,48.3433,,1337.07,GIANT,6,5.006673,3843
TIC 259918160,259918160,100,100,8.25,224.2989,-69.8565,4,2,4030.0,47.7624,,1215.43,GIANT,6,5.008172,3844
TIC 429516602,429516602,100,100,8.01,207.4497,-70.5091,3,3,4080.0,50.4857,,1138.77,GIANT,6,5.008337,3845
TIC 454040583,454040583,100,100,8.04,175.7559,-41.3281,2,2,4025.0,50.4144,,1164.2,GIANT,6,5.013109,3846
TIC 174179250,174179250,100,100,8.58,258.7244,-57.6432,4,4,3970.0,44.5538,,1262.77,GIANT,6,5.01377,3847
TIC 413325612,413325612,100,100,8.15,160.3673,-22.9098,1,1,4033.0,49.2042,,1297.71,GIANT,6,5.014004,3848
TIC 21112838,21112838,100,100,8.05,186.7313,-49.2839,3,1,3890.98,50.3881,,1181.48,GIANT,6,5.014656,3849
TIC 57795100,57795100,100,100,7.79,174.7024,-35.9522,2,3,3607.0,53.4974,,875.57,GIANT,6,5.014665,3850
TIC 432186595,432186595,100,100,8.3,153.8762,-20.4001,1,4,3991.0,47.5749,,1327.13,GIANT,6,5.014756,3851
TIC 425642204,425642204,100,100,9.28,232.4795,-73.3981,4,2,4196.0,37.9909,,1758.75,GIANT,6,5.015359,3852
TIC 307263979,307263979,100,100,8.52,179.7431,-61.7122,3,2,4957.0,45.3607,,1869.46,GIANT,6,5.017359,3853
TIC 334303004,334303004,100,100,8.48,183.0279,-48.3183,2,2,3963.48,45.7935,,1455.4,GIANT,6,5.017608,3854
TIC 467453639,467453639,100,100,8.59,168.5883,-60.0529,3,2,5905.0,44.9269,,3056.41,GIANT,6,5.023013,3855
TIC 403200290,403200290,100,100,8.56,228.1624,-73.7684,4,2,3879.43,45.3915,,1364.84,GIANT,6,5.025949,3856
TIC 255842788,255842788,100,100,8.06,258.5957,-66.6364,4,4,3974.0,51.0483,,1232.54,GIANT,6,5.027963,3857
TIC 319622517,319622517,100,100,9.82,174.1971,-60.4933,3,2,5647.0,34.0697,,2798.02,GIANT,6,5.028737,3858
TIC 407883882,407883882,100,100,8.07,290.1368,-72.7236,4,3,3860.0,50.9971,,1144.37,GIANT,6,5.029091,3859
TIC 283374564,283374564,100,100,7.94,232.9691,-59.2498,4,1,7116.0,52.6745,,2041.34,GIANT,6,5.031201,3860
TIC 241500787,241500787,100,100,8.07,206.1302,-51.5409,3,1,3947.0,51.1621,,1015.08,GIANT,6,5.031897,3861
TIC 57690839,57690839,100,100,8.08,174.0066,-34.7253,2,3,3744.0,51.0988,,1068.32,GIANT,6,5.032821,3862
TIC 101172103,101172103,100,100,8.01,153.1598,-16.2829,1,4,3337.0,51.9669,,795.351,GIANT,6,5.033454,3863
TIC 385212033,385212033,100,100,9.52,154.611,-16.6098,1,4,3968.0,36.8164,,1727.85,GIANT,6,5.036083,3864
TIC 158378363,158378363,100,100,8.32,163.3234,-39.5061,2,4,3486.0,48.6056,,941.239,GIANT,6,5.037373,3865
TIC 56665695,56665695,100,100,8.72,158.7249,-8.4276,1,3,3983.0,44.4143,,1492.25,GIANT,6,5.039046,3866
TIC 53608263,53608263,100,100,8.15,157.3004,-35.3147,2,4,3952.0,50.8558,,1241.77,GIANT,6,5.042681,3867
TIC 53733727,53733727,100,100,8.77,158.0387,-34.0281,2,4,4082.0,44.1586,,1575.46,GIANT,6,5.044031,3868
TIC 448341593,448341593,100,100,8.19,210.0583,-71.8569,3,3,3869.0,50.5171,,1055.37,GIANT,6,5.044877,3869
TIC 367744662,367744662,100,100,9.87,260.6005,-58.5294,4,4,3991.0,34.347,,1860.4,GIANT,6,5.045778,3870
TIC 101110335,101110335,100,100,8.11,152.5565,-16.8895,1,4,3958.0,51.5719,,1288.74,GIANT,6,5.046826,3871
TIC 1588852,1588852,100,100,8.76,170.7327,-12.7817,1,3,4156.0,44.4122,,1667.93,GIANT,6,5.047005,3872
TIC 206778051,206778051,100,100,9.65,242.4068,-58.8567,4,1,4202.0,36.5465,,1819.78,GIANT,6,5.055692,3873
TIC 163074512,163074512,100,100,8.17,172.318,-46.2124,2,1,3970.0,51.7033,,1247.09,GIANT,6,5.061037,3874
TIC 94345274,94345274,100,100,9.32,177.1244,-52.8774,2,1,4011.0,39.7308,,1621.64,GIANT,6,5.062255,3875
TIC 343599693,343599693,100,100,8.04,271.6893,-74.6173,4,3,3906.0,53.4021,,1175.78,GIANT,6,5.063117,3876
TIC 20500188,20500188,100,100,8.04,169.1549,-24.4939,1,2,3900.0,53.4067,,1231.37,GIANT,6,5.063191,3877
TIC 448596162,448596162,100,100,8.61,211.9367,-68.2718,3,3,3940.0,46.8519,,1209.01,GIANT,6,5.063454,3878
TIC 412032557,412032557,100,100,8.86,219.2315,-58.2615,3,4,6185.0,44.3565,,2106.95,GIANT,6,5.065915,3879
TIC 80303363,80303363,100,100,8.53,165.0754,-52.0584,2,1,4113.0,47.987,,1261.18,GIANT,6,5.068247,3880
TIC 120303110,120303110,100,100,8.02,163.1588,-49.982,2,1,4074.0,53.9939,,1169.0,GIANT,6,5.068689,3881
TIC 455836765,455836765,100,100,8.97,230.0189,-61.4666,4,1,4093.0,43.4863,,1274.24,GIANT,6,5.070705,3882
TIC 319384943,319384943,100,100,8.71,204.788,-64.0187,3,4,4446.0,46.2177,,1298.31,GIANT,6,5.071617,3883
TIC 324113376,324113376,100,100,8.29,176.8256,-61.4844,3,2,6599.0,50.9872,,2830.63,GIANT,6,5.072922,3884
TIC 106053461,106053461,100,100,8.82,157.7042,-38.2656,2,4,4128.0,45.2539,,1700.23,GIANT,6,5.075312,3885
TIC 343798568,343798568,100,100,8.12,241.3751,-62.3255,4,1,3656.0,53.2193,,1002.17,GIANT,6,5.076138,3886
TIC 458929318,458929318,100,100,8.14,161.2028,-54.8908,2,1,4415.0,53.1096,,1457.17,GIANT,6,5.078346,3887
TIC 42615015,42615015,100,100,9.73,228.5949,-59.6302,4,1,7356.0,36.8584,,3556.23,GIANT,6,5.079073,3888
TIC 304234502,304234502,100,100,9.13,164.9361,-56.1323,2,1,4344.0,42.3373,,1754.33,GIANT,6,5.079446,3889
TIC 29933752,29933752,100,100,8.13,166.3955,-38.886,2,4,3625.0,53.3551,,1027.68,GIANT,6,5.080352,3890
TIC 434928341,434928341,100,100,8.23,192.3617,-64.2028,3,3,10486.0,52.1465,,2607.63,GIANT,6,5.08045,3891
TIC 287281006,287281006,100,100,9.7,165.0872,-30.6541,1,1,4156.0,37.2586,,2160.31,GIANT,6,5.082453,3892
TIC 384742492,384742492,100,100,8.07,258.3974,-82.176,4,2,3959.0,54.2328,,1250.54,GIANT,6,5.082524,3893
TIC 350795078,350795078,100,100,8.79,246.7319,-60.5556,4,1,3828.0,45.9718,,1324.55,GIANT,6,5.082983,3894
TIC 324897451,324897451,100,100,8.46,282.1826,-66.8397,4,3,3649.0,49.8261,,1189.83,GIANT,6,5.086914,3895
TIC 305210764,305210764,100,100,8.02,178.6727,-65.5273,3,2,4816.0,55.4363,,1392.33,GIANT,6,5.091588,3896
TIC 307318831,307318831,100,100,9.21,267.8084,-64.1718,4,4,3969.0,42.238,,1733.58,GIANT,6,5.093407,3897
TIC 291321562,291321562,100,100,8.94,260.9812,-57.213,4,4,3897.0,44.9893,,1494.15,GIANT,6,5.094218,3898
TIC 20326643,20326643,100,100,8.47,167.4725,-26.6732,1,2,3636.0,50.1369,,1196.46,GIANT,6,5.094315,3899
TIC 193196584,193196584,100,100,8.52,157.7474,-28.7946,1,1,3953.0,49.6335,,1491.66,GIANT,6,5.09555,3900
TIC 408437893,408437893,100,100,8.2,161.4069,-22.6274,1,1,4093.0,53.725,,1503.58,GIANT,6,5.100353,3901
TIC 262866088,262866088,100,100,8.12,217.7351,-80.7505,4,2,3717.0,54.9724,,1008.6,GIANT,6,5.104289,3902
TIC 273148868,273148868,100,100,8.16,188.6038,-59.5891,3,2,5238.0,54.8197,,1705.34,GIANT,6,5.109873,3903
TIC 36822088,36822088,100,100,9.22,155.3342,-10.2383,1,4,4075.0,43.167,,1934.66,GIANT,6,5.114304,3904
TIC 188246035,188246035,100,100,8.99,163.1207,-28.6542,1,1,4062.0,45.6412,,1791.73,GIANT,6,5.116714,3905
TIC 318265232,318265232,100,100,8.14,173.0161,-62.3576,3,2,4242.0,55.5155,,867.657,GIANT,6,5.116829,3906
TIC 340091616,340091616,100,100,8.2,237.8291,-62.4586,4,1,4319.0,54.7547,,1517.07,GIANT,6,5.116843,3907
TIC 325165079,325165079,100,100,8.36,177.4194,-63.2121,3,2,5261.0,52.8865,,1402.81,GIANT,6,5.11869,3908
TIC 32613431,32613431,100,100,9.77,175.92,-28.4204,2,3,4128.0,38.2389,,2231.52,GIANT,6,5.119011,3909
TIC 304187967,304187967,100,100,9.17,259.1032,-64.8867,4,4,4033.0,43.9075,,1812.6,GIANT,6,5.119077,3910
TIC 320286239,320286239,100,100,8.28,205.4109,-61.2072,3,4,5021.0,53.922,,1592.38,GIANT,6,5.119532,3911
TIC 316749170,316749170,100,100,8.56,203.5499,-62.4172,3,4,6460.0,50.5941,,3817.25,GIANT,6,5.1202,3912
TIC 22221279,22221279,100,100,8.4,148.9198,-23.9268,1,1,3894.0,52.5347,,1445.41,GIANT,6,5.120893,3913
TIC 447766105,447766105,100,100,8.46,255.6301,-61.0435,4,4,3975.0,51.9422,,1412.33,GIANT,6,5.123041,3914
TIC 61834025,61834025,100,100,8.12,177.5358,-45.8473,2,2,3934.0,56.2475,,1322.81,GIANT,6,5.124206,3915
TIC 23439310,23439310,100,100,8.97,168.2879,-33.961,2,3,3745.0,46.2509,,1454.15,GIANT,6,5.12424,3916
TIC 385268732,385268732,100,100,8.88,167.436,-15.687,1,3,3998.0,47.3179,,1669.83,GIANT,6,5.126051,3917
TIC 448695678,448695678,100,100,8.01,181.9771,-34.7905,2,3,3793.0,57.8343,,1207.96,GIANT,6,5.126371,3918
TIC 71093939,71093939,100,100,8.28,153.3663,-32.3936,1,1,3899.0,54.3574,,1374.95,GIANT,6,5.126517,3919
TIC 294255225,294255225,100,100,8.06,159.4848,-47.6318,2,1,4013.0,57.2743,,1278.29,GIANT,6,5.12792,3920
TIC 263212392,263212392,100,100,8.0,230.7022,-66.4175,4,1,3998.0,58.077,,1307.42,GIANT,6,5.128008,3921
TIC 107222252,107222252,100,100,8.08,183.6946,-35.1465,2,3,3898.0,57.4122,,1342.72,GIANT,6,5.134008,3922
TIC 379544326,379544326,100,100,8.27,181.2701,-60.7519,3,2,4004.0,55.1493,,1087.47,GIANT,6,5.13708,3923
TIC 73598454,73598454,100,100,8.6,191.728,-47.3444,3,1,3960.0,51.1417,,1507.06,GIANT,6,5.13755,3924
TIC 263906382,263906382,100,100,9.06,231.6909,-69.1191,4,1,3918.07,46.1158,,1766.92,GIANT,6,5.139699,3925
TIC 253538014,253538014,100,100,8.9,197.3404,-58.5513,3,1,3915.0,48.3864,,1311.76,GIANT,6,5.149447,3926
TIC 339752267,339752267,100,100,7.67,200.4723,-69.3605,3,3,3842.0,64.2304,,1038.33,GIANT,6,5.149481,3927
TIC 105708638,105708638,100,100,8.42,156.2879,-41.3791,2,4,3997.0,54.1884,,1510.89,GIANT,6,5.151813,3928
TIC 458634630,458634630,100,100,8.54,160.5833,-53.8929,2,1,3714.0,52.9671,,1184.52,GIANT,6,5.156012,3929
TIC 106313540,106313540,100,100,8.23,159.0667,-36.5829,2,4,3944.0,56.9395,,1463.85,GIANT,6,5.156827,3930
TIC 42748763,42748763,100,100,8.08,228.8048,-58.5749,4,1,6496.0,59.0928,,1831.16,GIANT,6,5.159069,3931
TIC 245304182,245304182,100,100,8.54,199.4092,-53.038,3,1,3974.0,53.3418,,1291.66,GIANT,6,5.162135,3932
TIC 338654173,338654173,100,100,9.61,199.0359,-70.0571,3,3,4090.0,41.6936,,1875.36,GIANT,6,5.162139,3933
TIC 300872489,300872489,100,100,8.03,245.2915,-62.2299,4,1,3748.0,60.3034,,1196.37,GIANT,6,5.166684,3934
TIC 468100709,468100709,100,100,8.05,170.0376,-62.4221,3,2,5396.0,60.2731,,1342.76,GIANT,6,5.170247,3935
TIC 383993384,383993384,100,100,8.34,239.9593,-81.2214,4,2,3808.0,56.3913,,1204.26,GIANT,6,5.170424,3936
TIC 163449169,163449169,100,100,8.42,173.7054,-47.0566,2,1,3936.0,55.5757,,1458.84,GIANT,6,5.17377,3937
TIC 385212956,385212956,100,100,8.54,154.5316,-13.7914,1,4,3552.0,54.1439,,1209.88,GIANT,6,5.175099,3938
TIC 362621554,362621554,100,100,8.04,246.3053,-68.4683,4,1,3889.53,60.8286,,1364.28,GIANT,6,5.176216,3939
TIC 464285010,464285010,100,100,9.19,279.896,-65.3728,4,4,3987.0,46.8365,,1909.75,GIANT,6,5.179169,3940
TIC 36894060,36894060,100,100,8.69,156.7066,-10.7759,1,4,3871.0,52.659,,1621.09,GIANT,6,5.180945,3941
TIC 157772180,157772180,100,100,8.03,172.9628,-17.4065,1,2,3679.0,61.3251,,1240.92,GIANT,6,5.181277,3942
TIC 442891414,442891414,100,100,8.96,198.477,-61.7928,3,4,4988.0,49.6037,,2092.48,GIANT,6,5.183028,3943
TIC 292108885,292108885,100,100,8.41,221.2006,-61.3749,3,4,5126.0,56.3918,,1555.96,GIANT,6,5.184432,3944
TIC 53575889,53575889,100,100,8.19,157.1731,-31.72,1,1,3483.0,59.5831,,1112.88,GIANT,6,5.188246,3945
TIC 440404423,440404423,100,100,8.43,196.4831,-61.3647,3,4,7779.0,56.3797,,2124.19,GIANT,6,5.188246,3946
TIC 336616775,336616775,100,100,9.17,196.456,-66.7827,3,3,4821.0,47.5835,,2085.12,GIANT,6,5.188913,3947
TIC 263867827,263867827,100,100,8.13,235.3125,-69.3821,4,1,3708.0,60.5357,,1271.25,GIANT,6,5.190023,3948
TIC 323490403,323490403,100,100,8.81,176.4089,-65.6298,3,2,5846.0,51.7797,,1486.65,GIANT,6,5.190319,3949
TIC 304588703,304588703,100,100,8.47,260.2857,-60.5806,4,4,3852.0,56.0589,,1483.46,GIANT,6,5.191289,3950
TIC 79902202,79902202,100,100,8.26,237.7568,-59.3293,4,1,4551.0,58.8661,,1715.26,GIANT,6,5.191731,3951
TIC 452158749,452158749,100,100,8.04,173.5959,-55.4588,3,2,3931.0,61.9522,,1292.11,GIANT,6,5.192113,3952
TIC 334588318,334588318,100,100,9.03,213.8088,-60.0642,3,4,5963.0,49.3685,,1832.23,GIANT,6,5.1929,3953
TIC 241277569,241277569,100,100,8.1,203.4034,-50.4104,3,1,3356.0,61.2221,,920.443,GIANT,6,5.193816,3954
TIC 446934844,446934844,100,100,8.28,233.0288,-66.0927,4,1,3871.0,58.7986,,1414.33,GIANT,6,5.194734,3955
TIC 412863597,412863597,100,100,7.54,231.4527,-59.9504,4,1,4223.0,69.747,,1030.49,GIANT,6,5.195051,3956
TIC 461206006,461206006,100,100,8.74,181.6498,-41.7934,2,2,3892.0,52.9549,,1522.05,GIANT,6,5.195812,3957
TIC 101365484,101365484,100,100,8.19,148.4918,-21.1261,1,4,3774.0,60.2591,,1384.86,GIANT,6,5.198045,3958
TIC 158675248,158675248,100,100,8.52,165.165,-39.3432,2,4,3816.0,55.9197,,1453.89,GIANT,6,5.19913,3959
TIC 324849364,324849364,100,100,8.0,248.6094,-65.837,4,1,3869.68,63.5963,,1511.7,GIANT,6,5.206864,3960
TIC 245004014,245004014,100,100,8.68,197.4508,-50.7722,3,1,3740.0,54.4196,,1362.28,GIANT,6,5.207511,3961
TIC 426226898,426226898,100,100,8.36,239.332,-77.3035,4,2,3714.0,58.6222,,1340.42,GIANT,6,5.208124,3962
TIC 450203043,450203043,100,100,7.58,168.5001,-57.9109,3,2,6782.0,70.2959,,3013.09,GIANT,6,5.20986,3963
TIC 67213949,67213949,100,100,8.15,181.9003,-54.4269,3,2,3564.0,61.6935,,1107.25,GIANT,6,5.210479,3964
TIC 402645539,402645539,100,100,8.16,248.2868,-61.1721,4,1,3943.0,61.7153,,1426.48,GIANT,6,5.212786,3965
TIC 33283409,33283409,100,100,8.32,149.5189,-10.7279,1,4,3982.0,59.8753,,1642.81,GIANT,6,5.218495,3966
TIC 266514825,266514825,100,100,8.0,175.221,-58.4443,3,2,3921.0,64.7864,,1211.23,GIANT,6,5.222968,3967
TIC 426481552,426481552,100,100,8.95,244.1418,-77.3803,4,2,3979.0,52.1124,,1872.53,GIANT,6,5.223882,3968
TIC 135093848,135093848,100,100,8.19,185.1043,-38.3077,2,2,3604.0,62.1059,,1240.67,GIANT,6,5.224266,3969
TIC 292623716,292623716,100,100,8.02,271.0485,-72.314,4,3,3928.0,64.6045,,1483.72,GIANT,6,5.224526,3970
TIC 447997909,447997909,100,100,8.38,185.2478,-70.2901,3,3,3501.0,59.8677,,1082.03,GIANT,6,5.230385,3971
TIC 421251299,421251299,100,100,8.37,216.3873,-78.0238,4,2,3778.0,60.0841,,1409.0,GIANT,6,5.231519,3972
TIC 361634522,361634522,100,100,9.71,243.3093,-66.5581,4,1,3810.0,44.153,,2018.73,GIANT,6,5.23192,3973
TIC 320555115,320555115,100,100,8.07,205.251,-64.307,3,4,5756.0,64.4488,,1920.02,GIANT,6,5.23243,3974
TIC 253068000,253068000,100,100,8.04,194.3163,-58.3371,3,1,3456.0,64.95,,952.891,GIANT,6,5.233158,3975
TIC 327924327,327924327,100,100,8.14,190.2074,-66.3614,3,3,3929.0,63.57,,1323.32,GIANT,6,5.234504,3976
TIC 261396272,261396272,100,100,9.02,304.0692,-74.8792,4,3,3728.0,51.9832,,1670.33,GIANT,6,5.235726,3977
TIC 337508497,337508497,100,100,8.08,197.5532,-66.8453,3,3,3950.0,64.6414,,1284.24,GIANT,6,5.237022,3978
TIC 53857844,53857844,100,100,8.49,158.9398,-34.0049,2,4,3941.0,59.1274,,1712.97,GIANT,6,5.241578,3979
TIC 340780670,340780670,100,100,9.39,292.2031,-72.4381,4,3,4016.0,48.5115,,2136.92,GIANT,6,5.249689,3980
TIC 382512369,382512369,100,100,11.71,183.389,-64.6454,3,2,7503.0,28.4939,,5660.25,GIANT,6,5.251504,3981
TIC 257279021,257279021,100,100,9.22,219.4476,-66.29,3,4,4096.0,50.6623,,1831.68,GIANT,6,5.25337,3982
TIC 345182054,345182054,100,100,8.46,177.4201,-40.5505,2,2,3352.0,60.4354,,1049.43,GIANT,6,5.254583,3983
TIC 466618474,466618474,100,100,9.22,166.4409,-63.0727,3,2,6799.0,50.8593,,2619.22,GIANT,6,5.256741,3984
TIC 162403678,162403678,100,100,8.57,190.796,-48.5441,3,1,4226.0,59.3185,,1989.25,GIANT,6,5.26038,3985
TIC 292227381,292227381,100,100,8.35,221.3102,-62.1897,3,4,3864.0,62.4876,,1239.85,GIANT,6,5.261588,3986
TIC 451797322,451797322,100,100,7.39,172.7267,-56.8988,3,2,6276.0,78.0101,,2812.17,GIANT,6,5.262302,3987
TIC 448638207,448638207,100,100,8.72,212.1879,-69.73,3,3,3831.0,57.752,,1444.76,GIANT,6,5.267134,3988
TIC 438648278,438648278,100,100,8.04,195.4526,-64.7957,3,3,3905.0,67.6216,,1111.18,GIANT,6,5.268171,3989
TIC 257594953,257594953,100,100,8.08,220.1571,-66.3243,4,1,3637.0,67.3026,,1147.41,GIANT,6,5.272064,3990
TIC 276533856,276533856,100,100,8.12,263.8389,-78.0657,4,3,3378.0,66.8148,,1044.17,GIANT,6,5.273745,3991
TIC 394804861,394804861,100,100,8.07,202.7441,-72.7006,3,3,3694.0,67.6071,,1212.29,GIANT,6,5.273985,3992
TIC 157217943,157217943,100,100,9.11,176.06,-33.7288,2,3,3713.0,53.3383,,1736.15,GIANT,6,5.276078,3993
TIC 384297060,384297060,100,100,8.05,246.5081,-79.1877,4,2,3679.0,68.4742,,1261.09,GIANT,6,5.281054,3994
TIC 57512251,57512251,100,100,8.37,172.7283,-35.5431,2,3,3885.0,63.6163,,1675.55,GIANT,6,5.281137,3995
TIC 71716646,71716646,100,100,8.18,156.5103,-30.8472,1,1,3398.0,66.5571,,1169.0,GIANT,6,5.282389,3996
TIC 406104550,406104550,100,100,8.23,193.8623,-54.2534,3,1,3680.0,65.8137,,1199.91,GIANT,6,5.282633,3997
TIC 384819118,384819118,100,100,8.06,261.3721,-79.0712,4,3,3886.0,68.6647,,1388.89,GIANT,6,5.285467,3998
TIC 394571902,394571902,100,100,8.13,200.8839,-73.1582,3,3,3852.0,67.7254,,1383.88,GIANT,6,5.287503,3999
TIC 162091779,162091779,100,100,9.99,168.3132,-43.3548,2,1,3822.07,44.2353,,2263.3,GIANT,6,5.289538,4000
TIC 309960398,309960398,100,100,8.84,249.7234,-75.9938,4,2,3754.0,57.8246,,1717.73,GIANT,6,5.292225,4001
TIC 76310780,76310780,100,100,8.73,269.4026,-56.3427,4,4,3635.0,59.5362,,1512.21,GIANT,6,5.295562,4002
TIC 265734433,265734433,100,100,8.32,174.7365,-54.959,3,2,3735.0,65.5565,,1362.61,GIANT,6,5.297232,4003
TIC 142139204,142139204,100,100,8.16,179.6245,-34.8332,2,3,3650.0,68.019,,1382.75,GIANT,6,5.29726,4004
TIC 81246622,81246622,100,100,8.21,167.103,-52.0645,2,1,3751.0,67.2533,,1310.39,GIANT,6,5.297427,4005
TIC 418427131,418427131,100,100,8.08,203.9794,-79.7304,4,2,3684.0,69.5094,,1345.93,GIANT,6,5.300087,4006
TIC 168206242,168206242,100,100,8.14,153.4879,-28.9923,1,1,4007.0,69.1572,,1786.73,GIANT,6,5.307675,4007
TIC 382105856,382105856,100,100,10.43,208.7554,-64.032,3,4,6888.0,40.8962,,3474.23,GIANT,6,5.309366,4008
TIC 310961046,310961046,100,100,8.09,255.8745,-75.5077,4,3,3464.0,70.3961,,1210.99,GIANT,6,5.313097,4009
TIC 395829815,395829815,100,100,8.19,209.4671,-75.0416,4,2,3995.0,68.9291,,1619.87,GIANT,6,5.314805,4010
TIC 141969667,141969667,100,100,8.61,178.0408,-30.2722,2,3,3895.0,62.7717,,1901.28,GIANT,6,5.317528,4011
TIC 407011988,407011988,100,100,8.49,231.0551,-79.9211,4,2,3883.0,64.9767,,1652.41,GIANT,6,5.323515,4012
TIC 426158940,426158940,100,100,8.03,238.6482,-75.6745,4,2,3909.81,72.472,,1668.31,GIANT,6,5.32634,4013
TIC 332523164,332523164,100,100,8.67,180.1308,-52.6821,3,2,3860.0,62.5761,,1787.71,GIANT,6,5.326817,4014
TIC 454998160,454998160,100,100,8.36,227.9779,-63.8579,4,1,3512.0,67.2567,,1069.27,GIANT,6,5.327471,4015
TIC 405440378,405440378,100,100,9.27,184.1524,-54.1443,3,1,4002.0,54.6794,,2098.45,GIANT,6,5.329647,4016
TIC 297225297,297225297,100,100,8.36,179.9385,-66.939,3,3,3876.0,67.9395,,1450.93,GIANT,6,5.336245,4017
TIC 54419822,54419822,100,100,8.55,162.1019,-32.6498,2,4,3896.0,65.1042,,1875.07,GIANT,6,5.337218,4018
TIC 81392724,81392724,100,100,8.19,167.1959,-50.8142,2,1,3627.0,71.1382,,1235.29,GIANT,6,5.342206,4019
TIC 310104134,310104134,100,100,9.06,250.9471,-77.3901,4,2,4214.0,58.4246,,2526.38,GIANT,6,5.345191,4020
TIC 308019528,308019528,100,100,8.27,155.1523,-14.9864,1,4,3979.0,70.1437,,1869.79,GIANT,6,5.345977,4021
TIC 23436800,23436800,100,100,8.04,168.223,-30.6983,2,3,3947.0,73.9668,,1751.56,GIANT,6,5.346074,4022
TIC 456984116,456984116,100,100,8.59,201.6864,-59.5688,3,4,4039.0,65.1786,,1565.34,GIANT,6,5.34621,4023
TIC 403275212,403275212,100,100,8.73,229.0176,-73.0542,4,2,3827.62,63.2198,,1952.77,GIANT,6,5.347706,4024
TIC 449085342,449085342,100,100,8.2,216.1888,-66.3606,3,4,3843.0,71.4561,,1304.49,GIANT,6,5.348079,4025
TIC 73442184,73442184,100,100,8.03,154.7895,-37.0165,2,4,3812.0,74.5162,,1605.38,GIANT,6,5.350501,4026
TIC 208166492,208166492,100,100,8.2,208.1472,-54.2786,3,4,3743.0,71.7228,,1276.99,GIANT,6,5.351314,4027
TIC 454037605,454037605,100,100,8.13,175.7106,-38.5803,2,3,3773.0,72.9235,,1540.17,GIANT,6,5.351735,4028
TIC 455367166,455367166,100,100,9.42,228.8624,-63.9395,4,1,4092.0,54.3693,,1935.29,GIANT,6,5.354707,4029
TIC 406849533,406849533,100,100,8.49,226.0758,-81.8623,4,2,3769.0,67.3763,,1525.44,GIANT,6,5.355014,4030
TIC 287800304,287800304,100,100,8.07,184.8188,-58.6575,3,2,3878.0,74.3153,,1342.88,GIANT,6,5.356156,4031
TIC 442171400,442171400,100,100,10.03,197.7685,-61.6271,3,4,4147.0,47.3794,,1885.53,GIANT,6,5.357179,4032
TIC 207875237,207875237,100,100,9.36,207.264,-59.3915,3,4,6668.0,56.0577,,2694.2,GIANT,6,5.369271,4033
TIC 451210411,451210411,100,100,8.99,170.7483,-54.8708,2,1,4235.0,61.1021,,1912.15,GIANT,6,5.370112,4034
TIC 421252572,421252572,100,100,8.15,216.553,-78.8928,4,2,3643.0,74.2336,,1451.1,GIANT,6,5.371201,4035
TIC 323148296,323148296,100,100,8.04,176.4195,-60.1217,3,2,4564.0,76.4847,,1926.96,GIANT,6,5.375149,4036
TIC 403486012,403486012,100,100,8.41,220.9168,-60.1279,3,4,6198.0,70.3231,,1988.17,GIANT,6,5.376196,4037
TIC 168402774,168402774,100,100,9.24,166.5102,-28.7731,1,2,3685.0,58.1684,,2045.34,GIANT,6,5.377374,4038
TIC 61608206,61608206,100,100,8.76,176.5559,-42.4897,2,2,3780.0,65.0667,,1796.55,GIANT,6,5.378718,4039
TIC 283994290,283994290,100,100,8.02,152.1419,-20.5708,1,4,3683.0,77.392,,1550.07,GIANT,6,5.381392,4040
TIC 82015313,82015313,100,100,8.74,168.425,-53.785,2,1,3645.0,65.9767,,1575.28,GIANT,6,5.386781,4041
TIC 221309153,221309153,100,100,8.39,247.8689,-59.2725,4,1,3593.0,71.8126,,1407.23,GIANT,6,5.390401,4042
TIC 401404914,401404914,100,100,8.26,200.631,-53.9221,3,1,3489.0,74.0075,,1177.14,GIANT,6,5.390551,4043
TIC 299305848,299305848,100,100,8.38,207.8744,-60.1784,3,4,3650.0,72.1318,,1103.22,GIANT,6,5.392254,4044
TIC 263615701,263615701,100,100,8.11,234.6991,-66.8136,4,1,3576.0,77.3779,,1392.71,GIANT,6,5.399234,4045
TIC 142314056,142314056,100,100,8.6,181.2164,-33.8376,2,3,3340.0,69.3367,,1349.02,GIANT,6,5.401926,4046
TIC 304335692,304335692,100,100,8.23,275.5837,-71.8842,4,3,3651.0,75.5142,,1560.95,GIANT,6,5.402057,4047
TIC 380922828,380922828,100,100,8.24,182.3676,-61.3471,3,2,3974.0,75.3908,,1475.74,GIANT,6,5.402637,4048
TIC 448482634,448482634,100,100,8.2,210.8338,-67.6299,3,3,3558.0,76.2166,,1300.91,GIANT,6,5.404099,4049
TIC 301753722,301753722,100,100,9.3,259.0432,-68.2545,4,4,3858.0,59.2339,,2351.11,GIANT,6,5.405141,4050
TIC 466116029,466116029,100,100,10.31,165.3098,-60.1166,3,2,4458.0,47.0593,,3986.72,GIANT,6,5.407291,4051
TIC 396226328,396226328,100,100,8.53,211.9197,-72.2853,4,2,4001.0,70.9329,,1867.48,GIANT,6,5.407695,4052
TIC 455124438,455124438,100,100,8.26,228.2268,-60.013,4,1,3922.0,75.6677,,1107.6,GIANT,6,5.409821,4053
TIC 208843438,208843438,100,100,8.03,209.3027,-55.9417,3,4,3761.0,79.8855,,1343.04,GIANT,6,5.410936,4054
TIC 396258487,396258487,100,100,8.96,211.9043,-76.9288,4,2,3649.0,64.8966,,1794.2,GIANT,6,5.416444,4055
TIC 207932034,207932034,100,100,8.86,207.459,-57.874,3,4,3931.0,66.4907,,1736.28,GIANT,6,5.417522,4056
TIC 465935419,465935419,100,100,10.85,164.7704,-60.2788,3,2,4900.0,42.0921,,4093.77,GIANT,6,5.418401,4057
TIC 466463101,466463101,100,100,7.44,166.056,-60.9799,3,2,6170.0,92.6726,,2215.73,GIANT,6,5.421903,4058
TIC 361723333,361723333,100,100,8.07,195.2146,-72.7742,3,3,3871.0,80.325,,1546.81,GIANT,6,5.423701,4059
TIC 72817189,72817189,100,100,8.81,188.5864,-46.4445,2,2,3806.0,68.2,,2032.47,GIANT,6,5.429569,4060
TIC 358998677,358998677,100,100,8.7,180.5568,-73.8736,3,3,3729.0,70.0072,,1682.23,GIANT,6,5.430285,4061
TIC 295871497,295871497,100,100,8.23,223.4702,-61.0062,3,4,7634.0,78.051,,3209.38,GIANT,6,5.430757,4062
TIC 189241492,189241492,100,100,9.02,220.9026,-59.6931,3,4,4083.0,65.4148,,1792.62,GIANT,6,5.435352,4063
TIC 467344316,467344316,100,100,8.6,168.1833,-64.6364,3,2,4026.0,72.2901,,1455.59,GIANT,6,5.438158,4064
TIC 120925652,120925652,100,100,8.1,164.516,-51.1648,2,1,3883.0,81.5171,,1594.94,GIANT,6,5.442497,4065
TIC 380605494,380605494,100,100,8.35,206.7407,-60.3163,3,4,5566.0,77.1675,,1890.31,GIANT,6,5.444869,4066
TIC 295675339,295675339,100,100,8.05,171.6522,-68.8622,3,3,3895.0,82.8335,,1580.55,GIANT,6,5.446412,4067
TIC 359146906,359146906,100,100,8.15,181.5805,-72.3026,3,3,3780.0,81.0829,,1458.22,GIANT,6,5.447859,4068
TIC 93090582,93090582,100,100,8.82,174.5838,-52.9327,2,1,3534.0,69.5284,,1644.88,GIANT,6,5.448324,4069
TIC 80217578,80217578,100,100,8.03,165.0178,-49.7816,2,1,3770.0,83.4351,,1440.02,GIANT,6,5.448698,4070
TIC 306622070,306622070,100,100,9.26,166.9497,-57.0461,3,2,3722.0,63.0185,,1757.42,GIANT,6,5.450936,4071
TIC 342494655,342494655,100,100,8.12,204.647,-68.5986,3,3,3363.0,82.1869,,1117.73,GIANT,6,5.453605,4072
TIC 366004532,366004532,100,100,8.45,276.4974,-62.474,4,4,3936.0,76.2131,,2121.02,GIANT,6,5.454059,4073
TIC 311893557,311893557,100,100,8.48,263.5981,-75.7984,4,3,3709.0,76.2729,,1816.27,GIANT,6,5.460741,4074
TIC 305752784,305752784,100,100,8.36,178.8262,-62.7143,3,2,4193.0,78.8666,,1638.5,GIANT,6,5.465786,4075
TIC 337917222,337917222,100,100,8.49,198.1838,-66.0015,3,3,3924.0,76.5823,,1501.25,GIANT,6,5.466257,4076
TIC 21730286,21730286,100,100,8.13,181.314,-47.6005,2,2,3670.0,83.3489,,1671.45,GIANT,6,5.4678,4077
TIC 451004619,451004619,100,100,9.3,170.445,-59.8633,3,2,7600.0,63.6858,,6468.27,GIANT,6,5.468085,4078
TIC 21709407,21709407,100,100,8.88,180.6433,-45.5606,2,2,3903.0,70.5849,,2293.3,GIANT,6,5.473424,4079
TIC 335595719,335595719,100,100,12.81,194.7514,-68.5785,3,3,6038.0,28.5684,,12563.1,GIANT,6,5.473772,4080
TIC 451420615,451420615,100,100,9.27,237.7305,-70.7577,4,2,3903.09,64.6715,,2583.72,GIANT,6,5.475426,4081
TIC 446879443,446879443,100,100,9.7,232.2801,-66.802,4,1,3968.0,58.8167,,2840.48,GIANT,6,5.479001,4082
TIC 468240308,468240308,100,100,12.08,170.3128,-60.6238,3,2,4632.0,34.102,,6368.54,GIANT,6,5.48156,4083
TIC 399645302,399645302,100,100,12.39,219.9654,-60.8898,3,4,4450.0,31.7628,,2351.83,GIANT,6,5.481838,4084
TIC 447694948,447694948,100,100,8.24,254.7994,-64.5889,4,4,3535.0,82.594,,1521.21,GIANT,6,5.481897,4085
TIC 178342132,178342132,100,100,8.49,164.2384,-42.9035,2,4,3635.0,78.0545,,1641.18,GIANT,6,5.482796,4086
TIC 412071421,412071421,100,100,8.03,190.0284,-58.4698,3,1,3923.0,86.8481,,1410.77,GIANT,6,5.483521,4087
TIC 298638642,298638642,100,100,9.22,242.9762,-61.805,4,1,3890.0,66.2362,,2397.82,GIANT,6,5.486191,4088
TIC 72862404,72862404,100,100,8.27,188.7666,-42.4292,2,2,3408.0,82.4674,,1437.35,GIANT,6,5.486565,4089
TIC 53791961,53791961,100,100,8.55,158.5192,-32.1036,1,1,3866.0,77.5111,,2147.63,GIANT,6,5.488728,4090
TIC 305493196,305493196,100,100,12.48,178.6684,-62.2892,3,2,3773.0,31.368,,4543.91,GIANT,6,5.488974,4091
TIC 300763064,300763064,100,100,9.17,245.3023,-61.9365,4,1,3918.0,67.2404,,2401.01,GIANT,6,5.489261,4092
TIC 23557234,23557234,100,100,8.75,169.1313,-31.8398,2,3,3478.0,74.2473,,1771.49,GIANT,6,5.491361,4093
TIC 448336596,448336596,100,100,8.2,209.8797,-70.4163,3,3,3627.0,84.3205,,1555.76,GIANT,6,5.491866,4094
TIC 290538541,290538541,100,100,7.98,173.8833,-60.2146,3,2,4131.0,88.7915,,1865.97,GIANT,6,5.492743,4095
TIC 308471350,308471350,100,100,8.2,184.1146,-60.8917,3,2,3657.0,85.1525,,1396.09,GIANT,6,5.500395,4096
TIC 306265826,306265826,100,100,8.38,264.5501,-61.2761,4,4,3854.0,81.7531,,2113.29,GIANT,6,5.501008,4097
TIC 394101730,394101730,100,100,8.05,198.3339,-75.3526,3,3,3669.0,88.2491,,1553.24,GIANT,6,5.501421,4098
TIC 296167336,296167336,100,100,8.32,172.57,-66.9765,3,2,3558.0,83.3538,,1478.96,GIANT,6,5.505851,4099
TIC 258414689,258414689,100,100,8.85,221.6963,-69.8445,4,2,3470.0,74.0688,,1633.53,GIANT,6,5.509271,4100
TIC 340028951,340028951,100,100,9.01,200.8711,-66.4488,3,3,3675.0,71.8913,,1605.21,GIANT,6,5.515353,4101
TIC 299075690,299075690,100,100,8.3,243.3897,-60.981,4,1,3670.0,84.6712,,1726.88,GIANT,6,5.515471,4102
TIC 259731936,259731936,100,100,8.28,224.0107,-67.3628,4,1,3775.0,87.2524,,1772.15,GIANT,6,5.537555,4103
TIC 386006783,386006783,100,100,8.13,216.7634,-60.4504,3,4,3938.0,90.3212,,1391.63,GIANT,6,5.537579,4104
TIC 268808677,268808677,100,100,8.91,280.1754,-67.2373,4,3,3341.0,75.6905,,1705.0,GIANT,6,5.540083,4105
TIC 466493869,466493869,100,100,9.15,165.9383,-60.6423,3,2,6018.0,71.6966,,4488.31,GIANT,6,5.540997,4106
TIC 436598674,436598674,100,100,8.11,193.5766,-65.5115,3,3,3998.0,91.2579,,1602.14,GIANT,6,5.542541,4107
TIC 222009825,222009825,100,100,8.51,249.8837,-58.7277,4,4,3657.0,83.3311,,1715.14,GIANT,6,5.543614,4108
TIC 165382405,165382405,100,100,8.84,179.6978,-37.4456,2,3,3876.0,77.3807,,2486.7,GIANT,6,5.545265,4109
TIC 451449267,451449267,100,100,12.18,171.6965,-58.8195,3,2,6791.0,36.0927,,9424.85,GIANT,6,5.550839,4110
TIC 187934753,187934753,100,100,8.15,159.4117,-25.8626,1,1,3600.0,91.2924,,1834.14,GIANT,6,5.550869,4111
TIC 306968848,306968848,100,100,10.57,179.4738,-62.6461,3,2,5031.0,52.42,,4085.36,GIANT,6,5.552994,4112
TIC 208220042,208220042,100,100,8.77,208.2279,-57.239,3,4,3732.0,79.3929,,1768.99,GIANT,6,5.553563,4113
TIC 447630626,447630626,100,100,8.59,254.2943,-61.7147,4,4,3443.0,83.1668,,1677.83,GIANT,6,5.5579,4114
TIC 174189647,174189647,100,100,8.02,258.8669,-58.9502,4,4,3406.0,95.9628,,1499.61,GIANT,6,5.568206,4115
TIC 45245892,45245892,100,100,9.75,230.0887,-58.1223,4,1,3830.0,64.7115,,1685.92,GIANT,6,5.571963,4116
TIC 258522080,258522080,100,100,8.12,196.679,-47.5267,3,1,5097.0,94.7778,,4017.23,GIANT,6,5.577413,4117
TIC 210371752,210371752,100,100,8.03,212.0903,-56.4647,3,4,3742.0,97.1763,,1585.19,GIANT,6,5.581121,4118
TIC 324927039,324927039,100,100,8.31,282.2432,-70.203,4,3,3693.0,91.8841,,2114.01,GIANT,6,5.588481,4119
TIC 80310118,80310118,100,100,8.19,165.114,-53.9818,2,1,3409.0,94.9767,,1405.67,GIANT,6,5.593234,4120
TIC 402172484,402172484,100,100,8.51,219.7387,-72.0519,4,2,3301.0,88.5941,,1419.72,GIANT,6,5.59681,4121
TIC 466320147,466320147,100,100,8.04,165.7852,-60.3851,3,2,4307.0,98.9103,,2716.66,GIANT,6,5.598483,4122
TIC 338938729,338938729,100,100,8.31,189.6786,-64.6979,3,3,3851.0,93.6453,,1570.25,GIANT,6,5.604972,4123
TIC 306730672,306730672,100,100,9.62,265.8933,-60.9404,4,4,3616.0,69.2905,,2691.41,GIANT,6,5.605347,4124
TIC 257274925,257274925,100,100,8.65,219.6978,-66.9914,4,1,3774.0,86.8284,,2056.24,GIANT,6,5.607324,4125
TIC 319784245,319784245,100,100,11.08,204.9595,-63.6805,3,4,4744.0,49.8416,,2945.39,GIANT,6,5.611184,4126
TIC 395429459,395429459,100,100,8.81,218.7993,-60.998,3,4,6948.0,84.2459,,2685.11,GIANT,6,5.613098,4127
TIC 451913795,451913795,100,100,8.17,173.1373,-54.779,3,2,3836.0,97.6559,,1919.59,GIANT,6,5.613397,4128
TIC 303739136,303739136,100,100,10.26,177.735,-65.1407,3,2,6346.79,60.395,,4253.5,GIANT,6,5.614002,4129
TIC 291286841,291286841,100,100,8.5,217.6605,-59.6929,3,4,4439.0,90.7653,,1659.18,GIANT,6,5.61584,4130
TIC 299684236,299684236,100,100,8.38,208.0322,-65.5428,3,4,3601.0,93.3156,,1509.24,GIANT,6,5.615909,4131
TIC 317491151,317491151,100,100,8.29,204.1585,-65.8954,3,3,3703.0,95.9712,,1484.9,GIANT,6,5.622282,4132
TIC 304523301,304523301,100,100,8.61,178.0737,-65.4042,3,2,6175.0,90.0131,,3415.37,GIANT,6,5.630611,4133
TIC 442941569,442941569,100,100,10.64,198.5006,-62.4985,3,4,10170.0,56.8119,,3814.36,GIANT,6,5.636879,4134
TIC 142391849,142391849,100,100,8.07,181.8376,-32.0573,2,3,3373.0,103.151,,1636.69,GIANT,6,5.640947,4135
TIC 331019469,331019469,100,100,8.63,212.4524,-63.85,3,4,4397.0,90.8196,,1750.53,GIANT,6,5.642359,4136
TIC 390072759,390072759,100,100,8.1,183.5875,-59.2596,3,2,4060.0,102.887,,1758.93,GIANT,6,5.644721,4137
TIC 437106044,437106044,100,100,8.26,194.0975,-62.4499,3,3,3778.0,99.2947,,1605.77,GIANT,6,5.645852,4138
TIC 329977837,329977837,100,100,10.52,211.925,-63.2543,3,4,7480.0,59.8021,,3483.7,GIANT,6,5.657433,4139
TIC 210506381,210506381,100,100,7.25,212.2782,-59.7235,3,4,5186.0,127.697,,1835.78,GIANT,6,5.662361,4140
TIC 338789155,338789155,100,100,11.78,189.8903,-62.108,3,2,3635.0,45.174,,2181.16,GIANT,6,5.665777,4141
TIC 20322001,20322001,100,100,9.68,167.3114,-26.4654,1,2,3644.0,73.6911,,3064.61,GIANT,6,5.67083,4142
TIC 185556695,185556695,100,100,8.45,219.7826,-59.836,3,4,4006.0,98.0441,,1838.13,GIANT,6,5.672843,4143
TIC 350362857,350362857,100,100,9.47,246.346,-61.404,4,1,4017.0,77.882,,3386.01,GIANT,6,5.676874,4144
TIC 259312865,259312865,100,100,9.21,223.1556,-66.2239,4,1,3824.0,82.7976,,2512.2,GIANT,6,5.678035,4145
TIC 319787712,319787712,100,100,10.98,205.1581,-63.375,3,4,8410.0,55.2415,,3614.11,GIANT,6,5.680531,4146
TIC 449861118,449861118,100,100,11.27,201.3847,-63.3206,3,4,7552.0,53.1703,,6808.6,GIANT,6,5.705338,4147
TIC 438031597,438031597,100,100,11.81,194.7503,-64.0834,3,3,5987.0,47.0587,,4215.07,GIANT,6,5.70728,4148
TIC 316568384,316568384,100,100,8.93,203.4959,-64.0556,3,4,6004.0,91.576,,3983.61,GIANT,6,5.709563,4149
TIC 380236953,380236953,100,100,11.12,181.6676,-62.5968,3,2,4236.0,56.3082,,5269.24,GIANT,6,5.725143,4150
TIC 341023339,341023339,100,100,9.51,238.5819,-60.366,4,1,3815.0,81.5801,,2591.53,GIANT,6,5.725168,4151
TIC 448243394,448243394,100,100,8.11,209.2701,-67.6698,3,3,3793.0,113.26,,2043.33,GIANT,6,5.730153,4152
TIC 336189097,336189097,100,100,9.04,195.7114,-67.5088,3,3,3740.0,92.4394,,2310.87,GIANT,6,5.739714,4153
TIC 456991467,456991467,100,100,9.61,201.6817,-58.6571,3,4,3836.0,82.2206,,2595.86,GIANT,6,5.751961,4154
TIC 398595797,398595797,100,100,8.27,219.6134,-63.3014,3,4,3513.0,112.235,,1418.95,GIANT,6,5.754257,4155
TIC 451049858,451049858,100,100,11.0,187.4863,-62.4468,3,2,4021.0,59.9689,,3207.36,GIANT,6,5.755852,4156
TIC 467314149,467314149,100,100,8.24,168.133,-63.5052,3,2,7798.0,114.199,,3883.75,GIANT,6,5.763325,4157
TIC 36979700,36979700,100,100,9.24,157.4969,-9.9067,1,3,3760.0,91.6112,,3386.52,GIANT,6,5.771897,4158
TIC 306630197,306630197,100,100,9.25,166.808,-55.4441,2,1,3981.0,91.4789,,3120.41,GIANT,6,5.772642,4159
TIC 467626646,467626646,100,100,8.27,169.0228,-61.4143,3,2,5015.0,115.161,,1978.88,GIANT,6,5.776611,4160
TIC 367906326,367906326,100,100,9.58,260.7894,-58.6302,4,4,3398.0,85.8031,,2704.62,GIANT,6,5.783006,4161
TIC 172894215,172894215,100,100,8.49,256.7612,-58.2844,4,4,3442.0,110.38,,2032.79,GIANT,6,5.783781,4162
TIC 341694198,341694198,100,100,12.73,203.6027,-66.5764,3,3,3792.0,41.5949,,4266.05,GIANT,6,5.78408,4163
TIC 296120063,296120063,100,100,8.27,223.6313,-62.27,4,1,3367.0,117.454,,1337.43,GIANT,6,5.793736,4164
TIC 280864176,280864176,100,100,8.47,173.3785,-66.2046,3,2,3918.0,112.767,,2260.57,GIANT,6,5.798364,4165
TIC 411946994,411946994,100,100,12.12,189.7801,-58.2846,3,1,6266.0,48.6704,,12638.0,GIANT,6,5.79853,4166
TIC 382611958,382611958,100,100,10.81,183.5812,-63.6636,3,2,4259.0,66.5713,,4481.96,GIANT,6,5.808574,4167
TIC 450737371,450737371,100,100,11.74,169.5894,-59.238,3,2,5369.0,54.6034,,9338.49,GIANT,6,5.822439,4168
TIC 313490388,313490388,100,100,12.54,202.1792,-63.5836,3,4,7429.0,45.6374,,9430.69,GIANT,6,5.826642,4169
TIC 293714209,293714209,100,100,10.09,222.163,-60.5107,3,4,3496.0,80.7342,,1837.34,GIANT,6,5.832115,4170
TIC 327749964,327749964,100,100,9.02,210.6047,-65.703,3,4,3638.0,103.43,,2353.44,GIANT,6,5.833293,4171
TIC 364545901,364545901,100,100,8.1,253.6677,-71.838,4,3,3399.0,129.32,,2067.44,GIANT,6,5.843331,4172
TIC 258094384,258094384,100,100,12.11,221.2138,-69.393,4,2,4624.0,51.4245,,9866.63,GIANT,6,5.84434,4173
TIC 305617737,305617737,100,100,8.02,178.5378,-60.9347,3,2,3819.0,133.008,,2114.69,GIANT,6,5.851756,4174
TIC 187477819,187477819,100,100,8.37,220.459,-56.7211,3,4,3362.0,126.145,,1488.22,GIANT,6,5.87574,4175
TIC 241687276,241687276,100,100,8.93,208.144,-52.763,3,4,3699.0,111.057,,2629.72,GIANT,6,5.877092,4176
TIC 209123417,209123417,100,100,10.74,209.7723,-58.7863,3,4,5058.0,73.3255,,5335.28,GIANT,6,5.87851,4177
TIC 388851968,388851968,100,100,10.56,217.5151,-61.7196,3,4,4906.0,76.914,,2554.03,GIANT,6,5.884011,4178
TIC 468095045,468095045,100,100,10.57,170.1629,-61.8312,3,2,4603.0,77.204,,3538.89,GIANT,6,5.88928,4179
TIC 465905231,465905231,100,100,8.98,164.461,-60.7421,3,2,6042.0,111.445,,2485.62,GIANT,6,5.890121,4180
TIC 440710376,440710376,100,100,12.9,196.8246,-63.7786,3,3,11306.0,45.4903,,5634.4,GIANT,6,5.895838,4181
TIC 316645517,316645517,100,100,12.71,172.1579,-60.8729,3,2,4494.0,47.6467,,8515.88,GIANT,6,5.898066,4182
TIC 334291313,334291313,100,100,8.65,213.7081,-62.7745,3,4,5166.0,123.13,,2440.9,GIANT,6,5.910728,4183
TIC 315493670,315493670,100,100,8.24,203.085,-63.5296,3,4,4569.0,135.809,,2428.54,GIANT,6,5.913857,4184
TIC 266943354,266943354,100,100,10.11,175.7008,-58.9934,3,2,5894.0,89.0627,,6765.52,GIANT,6,5.921392,4185
TIC 442974642,442974642,100,100,9.92,198.5069,-64.3249,3,3,5816.0,93.6436,,5534.76,GIANT,6,5.926956,4186
TIC 309531489,309531489,100,100,12.77,184.589,-63.4249,3,2,5806.0,48.6168,,7224.18,GIANT,6,5.927573,4187
TIC 321168683,321168683,100,100,10.64,175.331,-62.2648,3,2,5638.0,80.5266,,4912.31,GIANT,6,5.939879,4188
TIC 40190544,40190544,100,100,8.54,227.3761,-58.8684,4,1,4570.0,130.792,,1841.7,GIANT,6,5.941162,4189
TIC 310889486,310889486,100,100,8.07,185.2877,-61.7043,3,2,4676.0,146.196,,2987.34,GIANT,6,5.943871,4190
TIC 465935803,465935803,100,100,12.06,164.8002,-60.3118,3,2,4714.0,58.3538,,6805.95,GIANT,6,5.944138,4191
TIC 296005608,296005608,100,100,12.51,223.74,-60.3444,3,4,3509.0,53.1768,,2999.44,GIANT,6,5.953444,4192
TIC 468091607,468091607,100,100,12.05,170.0544,-61.5043,3,2,4702.0,59.5219,,5767.53,GIANT,6,5.959354,4193
TIC 293719075,293719075,100,100,10.52,222.3691,-60.911,3,4,4899.0,85.0309,,3794.58,GIANT,6,5.963154,4194
TIC 44426764,44426764,100,100,10.22,229.6353,-58.0246,4,1,4418.0,91.8196,,2954.73,GIANT,6,5.969871,4195
TIC 300895041,300895041,100,100,9.13,177.8179,-55.041,3,2,3781.0,118.596,,3530.33,GIANT,6,5.97414,4196
TIC 313078874,313078874,100,100,10.71,201.8399,-63.0196,3,4,4943.0,82.9072,,4083.31,GIANT,6,5.979184,4197
TIC 303737573,303737573,100,100,8.84,177.5265,-65.3714,3,2,3809.0,127.577,,2433.89,GIANT,6,5.979545,4198
TIC 307413248,307413248,100,100,11.18,179.9288,-63.9994,3,2,8546.0,76.6801,,6423.96,GIANT,6,6.005365,4199
TIC 312452616,312452616,100,100,10.05,201.6252,-63.1626,3,4,7763.0,99.6463,,5473.0,GIANT,6,6.006922,4200
TIC 390263233,390263233,100,100,11.31,217.6124,-62.1227,3,4,4719.0,74.921,,2992.3,GIANT,6,6.011207,4201
TIC 399645136,399645136,100,100,11.01,219.9684,-60.5611,3,4,5175.0,80.3369,,2494.74,GIANT,6,6.01183,4202
TIC 323949881,323949881,100,100,12.13,176.6338,-61.641,3,2,3959.0,62.2022,,6161.07,GIANT,6,6.013611,4203
TIC 437106039,437106039,100,100,11.42,194.1358,-62.4158,3,3,3644.0,74.2137,,3069.86,GIANT,6,6.024968,4204
TIC 342607729,342607729,100,100,9.14,240.2284,-61.1362,4,1,3400.0,126.262,,2721.54,GIANT,6,6.030545,4205
TIC 311202867,311202867,100,100,10.03,185.6671,-62.1599,3,2,4623.0,103.388,,3821.09,GIANT,6,6.03494,4206
TIC 450896422,450896422,100,100,8.36,170.0422,-57.3783,3,2,3435.0,153.203,,2316.45,GIANT,6,6.042535,4207
TIC 310874217,310874217,100,100,12.23,185.3377,-63.1852,3,2,4716.0,62.9278,,6125.73,GIANT,6,6.043685,4208
TIC 318107835,318107835,100,100,12.38,172.9283,-60.7345,3,2,6909.0,60.8321,,15643.1,GIANT,6,6.044266,4209
TIC 467051259,467051259,100,100,10.19,167.5535,-60.8475,3,2,3989.0,100.868,,5579.3,GIANT,6,6.045507,4210
TIC 390945430,390945430,100,100,10.79,217.8552,-61.2528,3,4,4769.0,87.9737,,2688.77,GIANT,6,6.046706,4211
TIC 450572050,450572050,100,100,8.66,186.6564,-62.7704,3,2,3724.0,143.782,,3532.36,GIANT,6,6.047409,4212
TIC 309986086,309986086,100,100,8.14,184.8306,-62.9541,3,2,4148.0,163.698,,2718.01,GIANT,6,6.056087,4213
TIC 430692848,430692848,100,100,12.31,242.0548,-58.9526,4,1,3695.0,63.9003,,7125.21,GIANT,6,6.073006,4214
TIC 466256561,466256561,100,100,11.31,165.3926,-62.2102,3,2,5637.0,80.5732,,10082.3,GIANT,6,6.074381,4215
TIC 295141601,295141601,100,100,9.68,170.3911,-67.82,3,2,3469.0,117.773,,3361.49,GIANT,6,6.078091,4216
TIC 467842082,467842082,100,100,12.43,169.4869,-60.6885,3,2,3333.0,62.8954,,7375.28,GIANT,6,6.083238,4217
TIC 383077935,383077935,100,100,8.08,183.6184,-61.6806,3,2,3560.0,174.834,,2457.59,GIANT,6,6.101252,4218
TIC 309044486,309044486,100,100,11.25,184.3307,-62.5051,3,2,4523.0,85.8272,,6831.97,GIANT,6,6.11725,4219
TIC 319234321,319234321,100,100,8.07,204.8682,-62.1777,3,4,4879.0,179.914,,4713.53,GIANT,6,6.12413,4220
TIC 295238403,295238403,100,100,9.2,170.7981,-66.5736,3,2,3521.0,138.769,,2774.76,GIANT,6,6.124585,4221
TIC 314402104,314402104,100,100,8.11,202.5952,-64.1923,3,4,3946.0,179.194,,2581.7,GIANT,6,6.128647,4222
TIC 330562168,330562168,100,100,9.37,212.0713,-61.7364,3,4,6205.0,137.725,,2854.03,GIANT,6,6.152026,4223
TIC 179867579,179867579,100,100,10.17,188.5972,-61.2376,3,2,4823.0,114.912,,6219.2,GIANT,6,6.154731,4224
TIC 306547523,306547523,100,100,10.84,179.2521,-62.3118,3,2,3601.0,98.5724,,6087.65,GIANT,6,6.155511,4225
TIC 324122933,324122933,100,100,11.32,176.8689,-61.9537,3,2,3821.0,89.7431,,9100.12,GIANT,6,6.170002,4226
TIC 334291756,334291756,100,100,11.04,213.7602,-62.7359,3,4,4283.0,97.3276,,3023.24,GIANT,6,6.184472,4227
TIC 435986720,435986720,100,100,11.16,193.4328,-65.8997,3,3,6071.0,96.9836,,13730.2,GIANT,6,6.205397,4228
TIC 465934856,465934856,100,100,11.09,164.8088,-60.2253,3,2,3848.0,99.0867,,5953.69,GIANT,6,6.210031,4229
TIC 396868090,396868090,100,100,8.46,219.1672,-61.3878,3,4,3633.0,184.466,,1935.57,GIANT,6,6.223833,4230
TIC 305108041,305108041,100,100,9.13,178.3896,-62.8522,3,2,6202.0,158.115,,3783.19,GIANT,6,6.223946,4231
TIC 379010411,379010411,100,100,12.45,180.7435,-62.4967,3,2,3907.0,74.1069,,7273.51,GIANT,6,6.229717,4232
TIC 466500589,466500589,100,100,12.97,166.0088,-59.9942,3,2,3508.0,66.8409,,9634.94,GIANT,6,6.244085,4233
TIC 304040681,304040681,100,100,11.12,164.8585,-59.4864,3,2,4455.0,105.611,,9438.68,GIANT,6,6.271418,4234
TIC 295994747,295994747,100,100,10.66,223.5974,-60.4578,3,4,3989.0,118.307,,3526.21,GIANT,6,6.278021,4235
TIC 323785964,323785964,100,100,12.99,176.7937,-62.1649,3,2,4370.0,69.9677,,10936.4,GIANT,6,6.287795,4236
TIC 324667995,324667995,100,100,11.55,177.2457,-62.4288,3,2,4282.0,98.8007,,7141.61,GIANT,6,6.29952,4237
TIC 468238873,468238873,100,100,12.28,170.338,-60.7518,3,2,3820.0,84.5024,,10166.8,GIANT,6,6.309738,4238
TIC 438756152,438756152,100,100,11.8,195.3957,-63.3728,3,3,3726.0,100.139,,3056.34,GIANT,6,6.361207,4239
TIC 294650203,294650203,100,100,8.61,169.5389,-66.1657,3,2,3423.0,212.272,,2692.8,GIANT,6,6.375785,4240
TIC 317210786,317210786,100,100,11.56,203.9311,-62.6675,3,4,3990.0,107.765,,4648.44,GIANT,6,6.376955,4241
TIC 318093617,318093617,100,100,12.15,172.8473,-60.5834,3,2,6301.0,94.9973,,17295.2,GIANT,6,6.385423,4242
TIC 440501899,440501899,100,100,8.11,196.5784,-63.6164,3,3,4623.0,242.398,,2917.64,GIANT,6,6.391058,4243
TIC 467672955,467672955,100,100,12.07,169.1204,-61.204,3,2,9146.0,98.5628,,7376.77,GIANT,6,6.401426,4244
TIC 436597977,436597977,100,100,9.81,193.6131,-63.9353,3,3,6252.0,170.352,,4429.43,GIANT,6,6.424694,4245
TIC 334814404,334814404,100,100,8.52,193.5549,-66.2781,3,3,3472.0,246.237,,3665.34,GIANT,6,6.486707,4246
TIC 443532874,443532874,100,100,12.94,199.4103,-64.0914,3,3,3422.0,92.5672,,5025.95,GIANT,6,6.520914,4247
TIC 314536840,314536840,100,100,12.81,202.6104,-63.5237,3,4,4489.0,97.9608,,8275.42,GIANT,6,6.544105,4248
TIC 321060007,321060007,100,100,12.49,205.5103,-61.2057,3,4,4751.0,105.79,,6329.94,GIANT,6,6.546889,4249
TIC 449628477,449628477,100,100,12.61,200.5961,-62.8528,3,4,3857.0,112.075,,8002.7,GIANT,6,6.621017,4250
TIC 442975794,442975794,100,100,11.81,198.4606,-64.4412,3,3,4229.0,136.384,,8079.25,GIANT,6,6.631527,4251
TIC 413407624,413407624,100,100,8.09,215.0438,-59.0034,3,4,3342.0,340.779,,1935.51,GIANT,6,6.682946,4252
TIC 317502464,317502464,100,100,8.24,204.1536,-64.5583,3,4,4870.0,353.71,,4489.32,GIANT,6,6.745295,4253
TIC 309528923,309528923,100,100,12.26,184.7048,-63.1675,3,2,4575.0,161.928,,10481.0,GIANT,6,6.870644,4254
TIC 38642998,38642998,100,100,11.9,226.5654,-59.6958,4,1,4149.0,179.616,,5626.21,GIANT,6,6.88869,4255
TIC 329522644,329522644,100,100,11.78,211.7048,-61.7314,3,4,4634.0,242.583,,6440.52,GIANT,6,7.125721,4256
TIC 97815168,97815168,100,100,7.62,170.5213,-24.7777,1,2,,,,,GIANT,6,999.0,4257
TIC 337713834,337713834,100,100,7.97,215.4522,-61.5497,3,4,5923.0,,,2852.92139,GIANT,6,999.0,4258
TIC 295601685,295601685,100,100,8.02,223.3552,-63.9094,4,1,,,,431.0345,GIANT,6,999.0,4259
TIC 400805829,400805829,100,100,8.02,178.2943,-50.8601,2,1,4102.39,,,,GIANT,6,999.0,4260
TIC 36955732,36955732,100,100,8.03,157.1771,-8.9306,1,3,,,,314.4654,GIANT,6,999.0,4261
TIC 461198437,461198437,100,100,8.09,181.4279,-40.8146,2,2,,,,613.496948,GIANT,6,999.0,4262
TIC 451390982,451390982,100,100,8.12,171.3331,-57.9751,3,2,,,,,GIANT,6,999.0,4263
TIC 306723157,306723157,100,100,8.16,265.8429,-65.2309,4,4,,,,,GIANT,6,999.0,4264
TIC 360560518,360560518,100,100,8.24,189.2047,-73.0397,3,3,,,,,GIANT,6,999.0,4265
TIC 92168731,92168731,100,100,8.31,172.5375,-53.5058,2,1,4853.7,,,,GIANT,6,999.0,4266
TIC 72064165,72064165,100,100,8.51,167.6543,-44.7052,2,1,,,,5105.144,GIANT,6,999.0,4267
TIC 272736645,272736645,100,100,8.55,161.36,-49.3008,2,1,,,,,GIANT,6,999.0,4268
TIC 73948013,73948013,100,100,8.85,263.6541,-58.1554,4,4,,,,,GIANT,6,999.0,4269
TIC 256716325,256716325,100,100,8.89,200.3789,-56.8584,3,1,,,,,GIANT,6,999.0,4270
TIC 94643001,94643001,100,100,8.9,177.647,-53.7115,3,2,,,,,GIANT,6,999.0,4271
TIC 54361390,54361390,100,100,8.91,161.8658,-31.716,1,1,,,,,GIANT,6,999.0,4272
TIC 403280175,403280175,100,100,8.91,229.0877,-75.6563,4,2,4601.5,,,,GIANT,6,999.0,4273
TIC 23325655,23325655,100,100,9.19,167.3067,-30.0279,2,3,,,,,GIANT,6,999.0,4274
TIC 423061968,423061968,100,100,9.31,234.7153,-65.2361,4,1,,,,,GIANT,6,999.0,4275
TIC 207672769,207672769,100,100,9.44,206.9781,-57.8932,3,4,,,,,GIANT,6,999.0,4276
TIC 161738745,161738745,100,100,9.62,190.158,-48.1407,3,1,5007.5,,,,GIANT,6,999.0,4277
TIC 359110060,359110060,100,100,9.67,201.1777,-59.5661,3,4,,,,134.357422,GIANT,6,999.0,4278
TIC 287485553,287485553,100,100,9.76,184.6148,-59.7204,3,2,,,,,GIANT,6,999.0,4279
TIC 256156754,256156754,100,100,9.91,266.9195,-72.2338,4,3,,,,,GIANT,6,999.0,4280
TIC 382288432,382288432,100,100,9.95,183.2032,-62.5089,3,2,,,,,GIANT,6,999.0,4281
TIC 450679859,450679859,100,100,9.96,169.404,-58.1458,3,2,,,,,GIANT,6,999.0,4282
TIC 383407636,383407636,100,100,9.97,183.979,-64.2327,3,2,,,,,GIANT,6,999.0,4283
TIC 134837162,134837162,100,100,10.18,183.6461,-39.1998,2,2,,,,,GIANT,6,999.0,4284
TIC 382407397,382407397,100,100,10.21,183.3312,-64.7973,3,2,,,,,GIANT,6,999.0,4285
TIC 448472109,448472109,100,100,10.28,165.8667,-32.7585,2,4,,,,,GIANT,6,999.0,4286
TIC 334930665,334930665,100,100,10.31,194.0338,-69.4484,3,3,,,,,GIANT,6,999.0,4287
TIC 405692410,405692410,100,100,10.31,191.9506,-54.5253,3,1,,,,,GIANT,6,999.0,4288
TIC 384422486,384422486,100,100,10.33,250.4795,-78.1731,4,2,,,,2152.35156,GIANT,6,999.0,4289
TIC 94178492,94178492,100,100,10.45,176.8356,-49.8846,2,1,,,,,GIANT,6,999.0,4290
TIC 360000758,360000758,100,100,10.7,186.3895,-72.4634,3,3,,,,,GIANT,6,999.0,4291
TIC 401952328,401952328,100,100,10.72,220.3266,-61.6118,3,4,,,,,GIANT,6,999.0,4292
TIC 455359641,455359641,100,100,10.79,228.7761,-62.763,4,1,,,,4229.883,GIANT,6,999.0,4293
TIC 364426177,364426177,100,100,10.86,161.2718,-48.1454,2,1,,,,,GIANT,6,999.0,4294
TIC 359997747,359997747,100,100,10.9,186.2955,-72.4511,3,3,,,,,GIANT,6,999.0,4295
TIC 412491257,412491257,100,100,10.94,193.061,-55.8938,3,1,,,,,GIANT,6,999.0,4296
TIC 359767082,359767082,100,100,10.95,185.0898,-74.1277,3,3,,,,,GIANT,6,999.0,4297
TIC 72316429,72316429,100,100,11.03,186.8551,-45.6686,2,2,,,,,GIANT,6,999.0,4298
TIC 322615310,322615310,100,100,11.13,206.3088,-63.571,3,4,,,,8514.12,GIANT,6,999.0,4299
TIC 92169451,92169451,100,100,11.2,172.4335,-53.2333,2,1,,,,,GIANT,6,999.0,4300
TIC 256461348,256461348,100,100,11.22,200.0364,-54.1009,3,1,,,,,GIANT,6,999.0,4301
TIC 328702100,328702100,100,100,11.32,191.0598,-69.0433,3,3,,,,,GIANT,6,999.0,4302
TIC 253228981,253228981,100,100,11.4,195.2852,-59.0316,3,1,,,,,GIANT,6,999.0,4303
TIC 241658021,241658021,100,100,11.46,207.9469,-53.4576,3,4,,,,,GIANT,6,999.0,4304
TIC 290889135,290889135,100,100,11.7,173.9841,-65.5035,3,2,,,,,GIANT,6,999.0,4305
TIC 335287811,335287811,100,100,11.71,194.4238,-66.8603,3,3,,,,,GIANT,6,999.0,4306
TIC 273460338,273460338,100,100,11.84,186.2558,-52.2708,3,1,,,,,GIANT,6,999.0,4307
TIC 358843795,358843795,100,100,11.84,199.2128,-54.2046,3,1,,,,,GIANT,6,999.0,4308
TIC 157172274,157172274,100,100,11.93,175.5216,-31.0177,2,3,,,,,GIANT,6,999.0,4309
TIC 316155848,316155848,100,100,12.0,203.4034,-63.2401,3,4,,,,,GIANT,6,999.0,4310
TIC 329921262,329921262,100,100,12.0,192.3284,-68.7505,3,3,,,,,GIANT,6,999.0,4311
TIC 334790064,334790064,100,100,12.03,184.4183,-50.0075,2,2,,,,,GIANT,6,999.0,4312
TIC 311853656,311853656,100,100,12.05,185.8655,-60.2375,3,2,,,,,GIANT,6,999.0,4313
TIC 92858906,92858906,100,100,12.13,174.079,-52.5151,2,1,,,,,GIANT,6,999.0,4314
TIC 398768350,398768350,100,100,12.22,180.3323,-56.8175,3,2,,,,,GIANT,6,999.0,4315
TIC 335346121,335346121,100,100,12.28,214.3662,-62.4095,3,4,,,,,GIANT,6,999.0,4316
TIC 381981516,381981516,100,100,12.39,284.0295,-71.4896,4,3,,,,,GIANT,6,999.0,4317
TIC 329093980,329093980,100,100,12.46,191.4011,-70.8957,3,3,,,,,GIANT,6,999.0,4318
TIC 437193674,437193674,100,100,12.46,194.1633,-64.5756,3,3,,,,,GIANT,6,999.0,4319
TIC 93952051,93952051,100,100,12.49,176.5301,-52.2916,2,1,,,,,GIANT,6,999.0,4320
TIC 119869388,119869388,100,100,12.6,162.3563,-51.1232,2,1,,,,,GIANT,6,999.0,4321
TIC 241360022,241360022,100,100,12.63,204.4534,-51.0364,3,1,,,,,GIANT,6,999.0,4322
TIC 261005173,261005173,100,100,12.65,203.1081,-50.4985,3,1,,,,,GIANT,6,999.0,4323
TIC 401231600,401231600,100,100,12.66,187.7537,-53.7319,3,1,,,,,GIANT,6,999.0,4324
TIC 403911753,403911753,100,100,12.68,188.3818,-50.7825,3,1,,,,,GIANT,6,999.0,4325
TIC 179551663,179551663,100,100,12.72,188.0147,-64.4502,3,3,,,,,GIANT,6,999.0,4326
TIC 81013880,81013880,100,100,12.94,166.479,-53.1382,2,1,,,,,GIANT,6,999.0,4327
