target,tic_id,sector,sectors,tmag,ra_deg,dec_deg,camera,ccd,teff_k,stellar_radius_solar,stellar_mass_solar,distance_pc,luminosity_class,stellar_selection_tier,small_planet_merit,selection_rank
TIC 54354699,54354699,100,100,14.59,161.5166,-30.8117,1,1,2864.0,0.148871,0.121337,34.0791,DWARF,0,1.26362,1
TIC 20491383,20491383,100,100,14.11,168.9077,-25.8721,1,2,3142.0,0.280108,0.254094,68.6876,DWARF,0,1.716651,2
TIC 335439938,335439938,100,100,15.17,170.5284,-15.1859,1,3,3910.0,0.206165,0.175124,529.1545,DWARF,0,1.66243,3
TIC 415678624,415678624,100,100,14.1,148.0906,-19.4097,1,4,2824.0,0.169309,0.139733,5324.28,DWARF,0,1.27736,4
TIC 91624888,91624888,100,100,16.0,171.2724,-50.454,2,1,3135.0,0.193542,0.162668,107.27,DWARF,0,1.77355,5
TIC 333289147,333289147,100,100,14.29,181.3536,-49.7953,2,2,3136.0,0.186252,0.155633,47.9795,DWARF,0,1.398202,6
TIC 14715718,14715718,100,100,14.34,174.7089,-28.7074,2,3,2841.0,0.139999,0.113553,,DWARF,0,1.16025,7
TIC 158328237,158328237,100,100,14.47,163.0743,-38.2058,2,4,2915.0,0.153173,0.125148,35.6648,DWARF,0,1.264364,8
TIC 334217994,334217994,100,100,14.18,183.0042,-52.242,3,1,2888.0,0.176446,0.146354,35.9057,DWARF,0,1.329224,9
TIC 287895933,287895933,100,100,14.22,184.8064,-59.5841,3,2,3794.0,0.251141,0.222096,75.2979,DWARF,0,1.643835,10
TIC 448568236,448568236,100,100,15.31,211.5516,-69.9551,3,3,2825.0,0.126976,0.102143,35.9456,DWARF,0,1.269443,11
TIC 327015315,327015315,100,100,14.94,210.4222,-64.0815,3,4,3170.0,0.211619,0.180611,76.1736,DWARF,0,1.639109,12
TIC 455055150,455055150,100,100,14.13,228.0902,-63.3836,4,1,2960.0,0.171083,0.141369,34.8229,DWARF,0,1.292414,13
TIC 309898261,309898261,100,100,15.23,249.4697,-73.8093,4,2,2877.0,0.170844,0.141148,55.6584,DWARF,0,1.511199,14
TIC 295317497,295317497,100,100,14.2,271.3436,-69.8642,4,3,3075.0,0.216797,0.185878,50.1933,DWARF,0,1.512107,15
TIC 365997088,365997088,100,100,14.46,276.3419,-62.6309,4,4,2997.0,0.228206,0.19767,59.7079,DWARF,0,1.608654,16
TIC 193030464,193030464,100,100,14.23,155.7954,-28.5034,1,1,2922.0,0.167227,0.137822,34.8228,DWARF,0,1.292613,17
TIC 219439154,219439154,100,100,15.0,172.2946,-22.5645,1,2,2991.0,0.24857,0.219314,84.6686,DWARF,0,1.790897,18
TIC 143032776,143032776,100,100,14.67,167.2551,-10.1883,1,3,3473.0,0.44667,0.442985,184.734,DWARF,0,2.233974,19
TIC 281298307,281298307,100,100,14.04,151.1565,-19.4405,1,4,3183.0,0.368677,0.355748,100.103,DWARF,0,1.941292,20
TIC 162727353,162727353,100,100,14.58,170.8515,-43.7855,2,1,3109.0,0.269627,0.24239,85.6445,DWARF,0,1.777527,21
TIC 333011055,333011055,100,100,15.11,180.8163,-48.5566,2,2,3051.0,0.180245,0.149924,63.1818,DWARF,0,1.533726,22
TIC 454112557,454112557,100,100,14.14,176.9283,-36.503,2,3,2892.0,0.148338,0.120867,29.4751,DWARF,0,1.170505,23
TIC 158668763,158668763,100,100,15.5,165.0601,-37.4756,2,4,2918.0,0.147977,0.120549,55.1406,DWARF,0,1.440388,24
TIC 273313069,273313069,100,100,14.73,185.7737,-51.598,3,1,2986.0,0.321071,0.30079,100.586,DWARF,0,1.959202,25
TIC 466500329,466500329,100,100,14.62,165.9443,-60.02,3,2,2979.0,0.275542,0.248979,,DWARF,0,1.804376,26
TIC 448658346,448658346,100,100,15.41,212.275,-70.0744,3,3,3026.0,0.208818,0.177786,81.5184,DWARF,0,1.721536,27
TIC 383884413,383884413,100,100,15.36,216.4509,-60.2574,3,4,3204.0,0.218811,0.187941,95.5716,DWARF,0,1.752138,28
TIC 343247642,343247642,100,100,15.47,240.8683,-65.8711,4,1,3267.0,0.247488,0.218146,119.535,DWARF,0,1.881108,29
TIC 426540179,426540179,100,100,15.9,245.1232,-72.8132,4,2,3111.0,0.192361,0.161521,102.131,DWARF,0,1.748234,30
TIC 343246818,343246818,100,100,14.68,265.6152,-77.1757,4,3,2825.0,0.220336,0.189508,51.9093,DWARF,0,1.622171,31
TIC 407767359,407767359,100,100,15.36,273.0325,-66.84,4,4,3240.0,0.193485,0.162612,86.1245,DWARF,0,1.645295,32
TIC 188173172,188173172,100,100,14.1,162.334,-24.6699,1,1,3101.0,0.184084,0.153564,42.0772,DWARF,0,1.350032,33
TIC 322776994,322776994,100,100,15.92,169.2907,-25.3833,1,2,3182.0,0.218658,0.187783,122.51,DWARF,0,1.863531,34
TIC 148577779,148577779,100,100,15.77,165.0714,-11.9239,1,3,3727.0,0.621443,0.605242,520.66,DWARF,0,2.740803,35
TIC 348902952,348902952,100,100,15.01,148.7868,-16.0053,1,4,3543.0,0.447045,0.443388,234.662,DWARF,0,2.302702,36
TIC 82256386,82256386,100,100,14.44,168.8626,-48.2448,2,1,3269.0,0.283914,0.258375,89.2714,DWARF,0,1.794374,37
TIC 165318168,165318168,100,100,14.98,179.3157,-39.4131,2,2,2924.0,0.224826,0.19415,70.0593,DWARF,0,1.699693,38
TIC 142277868,142277868,100,100,14.31,180.7628,-33.6656,2,3,3003.0,0.205056,0.174017,48.4666,DWARF,0,1.485745,39
TIC 106315632,106315632,100,100,14.66,159.0595,-38.9065,2,4,2871.0,0.181701,0.1513,,DWARF,0,1.450715,40
TIC 260773390,260773390,100,100,14.7,189.2256,-50.8161,3,1,3021.0,0.330957,0.312197,105.794,DWARF,0,1.979543,41
TIC 310888517,310888517,100,100,14.1,185.4252,-61.7973,3,2,3428.0,0.322905,0.302904,94.4482,DWARF,0,1.83815,42
TIC 360260204,360260204,100,100,15.64,187.8706,-72.8305,3,3,2945.0,0.253379,0.224528,101.234,DWARF,0,1.935541,43
TIC 334104357,334104357,100,100,14.34,213.8671,-65.3371,3,4,3322.0,0.296394,0.272508,89.5066,DWARF,0,1.811739,44
TIC 341721909,341721909,100,100,15.83,239.2577,-64.9556,4,1,3223.0,0.269132,0.241841,146.943,DWARF,0,2.025931,45
TIC 418639847,418639847,100,100,14.43,208.9136,-79.4184,4,2,3007.0,0.297072,0.27328,82.1597,DWARF,0,1.831723,46
TIC 382041286,382041286,100,100,14.74,285.2783,-71.2575,4,3,2953.0,0.228361,0.197832,65.5807,DWARF,0,1.665244,47
TIC 304579262,304579262,100,100,15.82,260.1018,-62.806,4,4,3120.0,0.190974,0.160177,94.3333,DWARF,0,1.725948,48
TIC 168205635,168205635,100,100,14.31,153.427,-27.9999,1,1,2915.0,0.193344,0.162476,,DWARF,0,1.434661,49
TIC 219189017,219189017,100,100,15.5,171.1674,-19.3397,1,2,3210.0,0.241033,0.21122,114.082,DWARF,0,1.864153,50
TIC 55004890,55004890,100,100,15.35,160.8986,-11.7601,1,3,3994.0,0.691525,0.657451,532.083,DWARF,0,2.749616,51
TIC 293605548,293605548,100,100,15.73,149.6566,-15.5516,1,4,3351.0,0.381514,0.370471,239.554,DWARF,0,2.309021,52
TIC 162258746,162258746,100,100,14.34,169.1082,-47.0628,2,1,3309.0,0.311397,0.289662,94.0572,DWARF,0,1.854629,53
TIC 258322275,258322275,100,100,14.55,182.3771,-46.1645,2,2,2972.0,0.248788,0.21955,,DWARF,0,1.701659,54
TIC 454037959,454037959,100,100,14.27,175.61,-39.0728,2,3,2947.0,0.234254,0.204022,,DWARF,0,1.593374,55
TIC 105915853,105915853,100,100,14.74,157.3691,-38.3941,2,4,3055.0,0.206776,0.175736,,DWARF,0,1.579,56
TIC 405848960,405848960,100,100,14.49,192.2511,-55.9776,3,1,3110.0,0.351505,0.335946,107.269,DWARF,0,1.989863,57
TIC 271106312,271106312,100,100,15.44,186.3956,-57.7867,3,2,2905.0,0.254198,0.225418,95.4503,DWARF,0,1.898344,58
TIC 410981161,410981161,100,100,14.7,178.049,-70.6989,3,3,2949.0,0.329727,0.310777,98.5033,DWARF,0,1.976309,59
TIC 397894107,397894107,100,100,14.69,219.3166,-62.8774,3,4,3234.0,0.300152,0.276791,100.995,DWARF,0,1.892682,60
TIC 363274545,363274545,100,100,14.98,248.8933,-69.7276,4,1,3511.0,0.345497,0.329003,163.09,DWARF,0,2.072889,61
TIC 395510283,395510283,100,100,14.76,207.2785,-75.8314,4,2,2979.0,0.275849,0.249322,82.7399,DWARF,0,1.833343,62
TIC 256055669,256055669,100,100,15.49,266.1491,-72.9931,4,3,3405.0,0.203962,0.172925,,DWARF,0,1.717099,63
TIC 305273332,305273332,100,100,15.72,261.7312,-63.5926,4,4,3166.0,0.202667,0.171638,104.4,DWARF,0,1.757566,64
TIC 188084200,188084200,100,100,14.96,161.4689,-28.3252,1,1,2868.0,0.27498,0.248352,83.8068,DWARF,0,1.870602,65
TIC 322776453,322776453,100,100,14.19,165.9111,-24.0345,1,2,3234.0,0.338399,0.320797,96.2306,DWARF,0,1.896858,66
TIC 1539914,1539914,100,100,14.08,166.7345,-12.7339,1,3,,0.128,0.096,,DWARF,2,1.03042,67
TIC 348884388,348884388,100,100,16.0,148.5409,-14.0517,1,4,3213.0,0.365086,0.351615,238.895,DWARF,0,2.32479,68
TIC 82765492,82765492,100,100,15.39,169.9996,-49.9338,2,1,3045.0,0.250595,0.221505,106.677,DWARF,0,1.875945,69
TIC 72323503,72323503,100,100,14.81,186.9748,-44.728,2,2,3117.0,0.236682,0.206591,77.7945,DWARF,0,1.71033,70
TIC 157229933,157229933,100,100,14.24,176.1647,-34.9175,2,3,3219.0,0.254274,0.225501,68.9177,DWARF,0,1.658604,71
TIC 29979567,29979567,100,100,14.21,166.6082,-40.3258,2,4,3170.0,0.254884,0.226166,65.9111,DWARF,0,1.654685,72
TIC 162400263,162400263,100,100,14.26,190.8591,-50.1814,3,1,3281.0,0.372909,0.360611,111.793,DWARF,0,1.995206,73
TIC 266842406,266842406,100,100,14.23,175.5708,-57.1341,3,2,3008.0,0.351357,0.335776,99.5963,DWARF,0,1.937497,74
TIC 327039106,327039106,100,100,14.18,188.8131,-70.7189,3,3,2952.0,0.375218,0.363262,93.168,DWARF,0,1.984567,75
TIC 410876128,410876128,100,100,14.54,214.047,-57.5151,3,4,3024.0,0.364224,0.350622,112.123,DWARF,0,2.030737,76
TIC 423765614,423765614,100,100,15.17,235.5052,-65.1001,4,1,3743.0,0.335683,0.317658,,DWARF,0,2.085859,77
TIC 395398706,395398706,100,100,14.05,206.9243,-76.8595,4,2,3109.0,0.354652,0.339582,89.1612,DWARF,0,1.909605,78
TIC 304476020,304476020,100,100,14.93,276.9201,-67.8411,4,3,3167.0,0.249416,0.220229,87.8737,DWARF,0,1.779849,79
TIC 303917010,303917010,100,100,14.55,278.1841,-65.5329,4,4,3290.0,0.276715,0.250291,93.7438,DWARF,0,1.794065,80
TIC 168160336,168160336,100,100,14.09,153.3596,-27.9681,1,1,3294.0,0.343619,0.326832,95.2031,DWARF,0,1.890154,81
TIC 219190787,219190787,100,100,15.39,171.1986,-22.047,1,2,3190.0,0.259664,0.231393,115.636,DWARF,0,1.906823,82
TIC 55224097,55224097,100,100,14.38,163.3602,-6.7708,1,3,34501.0,0.16,0.47,887.248,DWARF,2,1.28424,83
TIC 396807424,396807424,100,100,14.94,147.6596,-15.1125,1,4,3539.0,0.487831,0.485901,245.204,DWARF,0,2.364539,84
TIC 82586255,82586255,100,100,14.29,169.5018,-51.8464,2,1,3280.0,0.339992,0.322639,103.055,DWARF,0,1.920937,85
TIC 181242805,181242805,100,100,14.49,175.1177,-41.4025,2,2,3160.0,0.255528,0.226868,74.2084,DWARF,0,1.712877,86
TIC 181063703,181063703,100,100,14.63,173.428,-39.0209,2,3,3225.0,0.258943,0.230602,85.8354,DWARF,0,1.752408,87
TIC 151859499,151859499,100,100,14.16,168.1483,-40.4309,2,4,3282.0,0.312218,0.290605,86.6951,DWARF,0,1.820916,88
TIC 258386265,258386265,100,100,15.45,192.7675,-45.8951,3,1,2925.0,0.285909,0.260624,112.194,DWARF,0,2.002456,89
TIC 301431046,301431046,100,100,14.75,178.4473,-57.739,3,2,2951.0,0.329839,0.310906,103.094,DWARF,0,1.986604,90
TIC 340221485,340221485,100,100,14.7,201.1457,-70.3407,3,3,2883.0,0.334563,0.316363,96.1448,DWARF,0,1.988956,91
TIC 326884740,326884740,100,100,14.91,210.3783,-64.2167,3,4,2986.0,0.335133,0.317022,115.305,DWARF,0,2.032434,92
TIC 299509036,299509036,100,100,15.72,243.9719,-62.1958,4,1,3189.0,0.319676,0.299183,170.453,DWARF,0,2.15342,93
TIC 384274480,384274480,100,100,14.67,245.6354,-81.1554,4,2,3280.0,0.309462,0.287442,109.566,DWARF,0,1.915215,94
TIC 343946899,343946899,100,100,15.57,276.4613,-73.7871,4,3,3125.0,0.216129,0.185196,102.208,DWARF,0,1.783426,95
TIC 290641863,290641863,100,100,14.92,256.0898,-65.2433,4,4,3244.0,0.266797,0.239253,101.17,DWARF,0,1.836362,96
TIC 168078233,168078233,100,100,14.48,152.8579,-24.037,1,1,3311.0,0.337494,0.319751,111.959,DWARF,0,1.952532,97
TIC 380091518,380091518,100,100,15.87,172.7026,-25.193,1,2,3212.0,0.238311,0.20832,132.751,DWARF,0,1.928288,98
TIC 143058705,143058705,100,100,14.12,167.9011,-7.3091,1,3,31000.0,0.18,0.47,1113.94,DWARF,2,1.334545,99
TIC 410299178,410299178,100,100,15.92,149.7711,-21.815,1,4,3464.0,0.504029,0.502023,577.696838,DWARF,0,2.588911,100
TIC 80296886,80296886,100,100,15.43,164.9819,-50.545,2,1,3214.0,0.263579,0.235698,122.855,DWARF,0,1.927822,101
TIC 102076870,102076870,100,100,15.66,181.8888,-39.5485,2,2,2825.0,0.21887,0.188001,64.308,DWARF,0,1.812372,102
TIC 142387735,142387735,100,100,15.11,181.795,-32.5151,2,3,3379.0,0.249126,0.219915,80.9217,DWARF,0,1.814838,103
TIC 152149810,152149810,100,100,14.53,170.1324,-41.5338,2,4,3272.0,0.289302,0.264459,92.2443,DWARF,0,1.828703,104
TIC 253317750,253317750,100,100,14.75,195.9209,-56.9627,3,1,2953.0,0.33783,0.32014,106.365,DWARF,0,2.007396,105
TIC 300807295,300807295,100,100,15.15,177.7879,-56.608,3,2,2909.0,0.301034,0.277797,107.213,DWARF,0,1.987231,106
TIC 360626787,360626787,100,100,15.71,189.6512,-73.0283,3,3,3521.0,0.266788,0.239243,,DWARF,0,1.994333,107
TIC 442875567,442875567,100,100,14.75,198.4855,-60.2811,3,4,2960.0,0.348525,0.332503,108.694,DWARF,0,2.034468,108
TIC 402591310,402591310,100,100,15.82,248.3368,-65.4028,4,1,3339.0,0.32549,0.305886,193.767,DWARF,0,2.189075,109
TIC 426494404,426494404,100,100,14.78,244.7405,-72.7123,4,2,3279.0,0.334021,0.315738,124.695,DWARF,0,2.003548,110
TIC 311564475,311564475,100,100,15.63,260.9354,-72.7063,4,3,3198.0,0.218372,0.18749,112.801,DWARF,0,1.804394,111
TIC 290895626,290895626,100,100,15.89,256.3153,-64.409,4,4,3022.0,0.21398,0.183006,112.57,DWARF,0,1.838746,112
TIC 168006334,168006334,100,100,15.49,152.4357,-28.2828,1,1,3831.0,0.592557,0.581973,,DWARF,0,2.64346,113
TIC 52161249,52161249,100,100,15.4,163.3578,-20.8032,1,2,3245.0,0.271257,0.244201,132.622,DWARF,0,1.946762,114
TIC 410063172,410063172,100,100,14.36,161.9907,-17.046,1,3,31000.0,0.18,0.47,5229.44,DWARF,2,1.382545,115
TIC 415644181,415644181,100,100,15.09,147.8099,-18.1988,1,4,3859.0,0.67767,0.647489,,DWARF,0,2.680037,116
TIC 162731723,162731723,100,100,14.71,170.9264,-47.1804,2,1,2897.0,0.313538,0.292121,88.2353,DWARF,0,1.93458,117
TIC 61369188,61369188,100,100,15.27,175.6013,-45.1854,2,2,3160.0,0.240406,0.21055,98.9215,DWARF,0,1.815891,118
TIC 390495250,390495250,100,100,15.82,184.1797,-34.1862,2,3,3051.0,0.213487,0.182505,106.281,DWARF,0,1.822743,119
TIC 448415791,448415791,100,100,14.15,165.5888,-31.5818,2,4,3150.0,0.322762,0.30274,,DWARF,0,1.847765,120
TIC 245360635,245360635,100,100,14.32,199.8097,-49.7422,3,1,3020.0,0.373625,0.361434,100.945,DWARF,0,2.008872,121
TIC 405235910,405235910,100,100,14.81,184.0193,-55.854,3,2,2998.0,0.325628,0.306045,106.196,DWARF,0,1.987443,122
TIC 325559992,325559992,100,100,14.51,186.3938,-71.9172,3,3,2916.0,0.353365,0.338095,94.5313,DWARF,0,1.998447,123
TIC 446278074,446278074,100,100,14.51,206.4337,-59.1313,3,4,3153.0,0.368669,0.355739,117.662,DWARF,0,2.035273,124
TIC 207037854,207037854,100,100,15.91,242.6264,-59.5773,4,1,3263.0,0.326683,0.307262,196.72,DWARF,0,2.210253,125
TIC 460130305,460130305,100,100,14.25,206.6084,-75.9561,4,2,3083.0,0.382057,0.371091,102.708,DWARF,0,2.014256,126
TIC 292547119,292547119,100,100,14.52,270.4467,-75.4359,4,3,3382.0,0.290478,0.265791,101.313,DWARF,0,1.830226,127
TIC 303918930,303918930,100,100,15.99,278.2502,-64.6355,4,4,3110.0,0.211314,0.180302,119.749,DWARF,0,1.847857,128
TIC 168275403,168275403,100,100,15.47,154.0246,-27.4235,1,1,4016.0,0.624021,0.607261,483.2,DWARF,0,2.684398,129
TIC 423492628,423492628,100,100,14.38,168.8679,-22.8696,1,2,3421.0,0.347583,0.331415,119.432,DWARF,0,1.958117,130
TIC 289737935,289737935,100,100,14.62,160.7511,-14.0597,1,3,31000.0,0.18,0.47,1762.85,DWARF,2,1.434545,131
TIC 284040942,284040942,100,100,15.85,152.401,-17.8996,1,4,3902.0,0.659666,0.634322,,DWARF,0,2.808648,132
TIC 300306169,300306169,100,100,14.01,170.8388,-48.4967,2,1,3229.0,0.378431,0.366943,101.122,DWARF,0,1.957973,133
TIC 72817681,72817681,100,100,14.06,188.5837,-46.7951,2,2,3254.0,0.330183,0.311303,87.0154,DWARF,0,1.849509,134
TIC 181063549,181063549,100,100,15.42,173.3889,-39.2191,2,3,3197.0,0.254258,0.225483,118.168,DWARF,0,1.894549,135
TIC 49046625,49046625,100,100,15.47,164.3192,-35.2153,2,4,2855.0,0.250527,0.221431,94.7397,DWARF,0,1.891709,136
TIC 411684478,411684478,100,100,14.71,189.3761,-56.6163,3,1,3023.0,0.341625,0.324526,109.063,DWARF,0,2.009099,137
TIC 338529949,338529949,100,100,14.49,189.63,-61.476,3,2,2983.0,0.357027,0.342323,103.289,DWARF,0,2.003402,138
TIC 341448790,341448790,100,100,14.29,203.0479,-71.7941,3,3,2954.0,0.376715,0.364977,98.3321,DWARF,0,2.010026,139
TIC 208170106,208170106,100,100,15.41,208.1033,-55.0339,3,4,2921.0,0.304739,0.282031,118.882,DWARF,0,2.049856,140
TIC 260023402,260023402,100,100,15.47,224.5425,-66.2409,4,1,3539.0,0.362063,0.348132,178.729,DWARF,0,2.211568,141
TIC 310055130,310055130,100,100,14.36,250.3805,-72.0118,4,2,3356.0,0.395923,0.386869,132.122,DWARF,0,2.067221,142
TIC 384818441,384818441,100,100,15.06,261.7207,-78.1754,4,3,2957.0,0.271879,0.244893,93.2827,DWARF,0,1.880751,143
TIC 307057457,307057457,100,100,15.67,267.1252,-62.7047,4,4,3196.0,0.232533,0.202208,116.725,DWARF,0,1.866969,144
TIC 434486077,434486077,100,100,14.39,156.5725,-23.5081,1,1,4966.0,0.824288,0.82,638.972,DWARF,0,2.710158,145
TIC 437288021,437288021,100,100,14.96,174.1919,-19.6142,1,2,3224.0,0.306798,0.284388,118.983,DWARF,0,1.965705,146
TIC 391825813,391825813,100,100,15.98,160.2204,-13.2928,1,3,34000.0,0.143,0.47,2461.53,DWARF,2,1.506672,147
TIC 410301418,410301418,100,100,15.14,149.9988,-19.021,1,4,6191.0,1.00901,1.19,1671.34,DWARF,0,3.035791,148
TIC 82104938,82104938,100,100,14.62,168.6929,-48.4846,2,1,3415.0,0.350513,0.334801,132.289,DWARF,0,2.013408,149
TIC 288096435,288096435,100,100,14.02,187.089,-48.6522,2,2,3313.0,0.363853,0.350195,98.34,DWARF,0,1.925852,150
TIC 181239372,181239372,100,100,15.99,175.0722,-37.1781,2,3,3126.0,0.223768,0.193052,129.144,DWARF,0,1.897596,151
TIC 29847084,29847084,100,100,14.39,165.9646,-37.1967,2,4,2996.0,0.322599,0.302552,84.7393,DWARF,0,1.895326,152
TIC 253465344,253465344,100,100,14.77,197.0566,-56.9732,3,1,2982.0,0.338121,0.320476,105.99,DWARF,0,2.012144,153
TIC 309663845,309663845,100,100,15.4,184.7831,-64.0603,3,2,2916.0,0.29237,0.267936,108.861,DWARF,0,2.011866,154
TIC 281742840,281742840,100,100,14.48,186.2698,-65.9951,3,3,3028.0,0.361653,0.34766,103.269,DWARF,0,2.012584,155
TIC 325586784,325586784,100,100,15.64,209.6496,-61.9147,3,4,3215.0,0.289942,0.265183,148.969,DWARF,0,2.052622,156
TIC 298388996,298388996,100,100,14.12,242.7789,-63.9934,4,1,3537.0,0.507162,0.505089,175.153,DWARF,0,2.234293,157
TIC 406941990,406941990,100,100,15.84,229.4522,-80.9249,4,2,3103.0,0.284952,0.259545,153.68,DWARF,0,2.077543,158
TIC 422138213,422138213,100,100,14.05,280.8779,-73.1198,4,3,3395.0,0.346269,0.329896,99.0488,DWARF,0,1.888827,159
TIC 381048393,381048393,100,100,15.9,270.8759,-62.1762,4,4,3298.0,0.220996,0.190188,135.632,DWARF,0,1.868769,160
TIC 71494700,71494700,100,100,15.45,155.5685,-31.9934,1,1,5502.0,0.841553,0.97,1271.48,DWARF,0,2.940163,161
TIC 1590837,1590837,100,100,15.16,170.8347,-16.751,1,2,3171.0,0.293788,0.269546,122.239,DWARF,0,1.968068,162
TIC 289818817,289818817,100,100,15.21,161.0126,-17.4144,1,3,31000.0,0.18,0.47,1356.78,DWARF,2,1.552545,163
TIC 358930371,358930371,100,100,15.19,151.6716,-18.4162,1,4,5691.0,1.16266,1.01,1685.32,DWARF,0,3.168905,164
TIC 92692990,92692990,100,100,14.27,173.6949,-48.922,2,1,3342.0,0.386234,0.375859,122.386,DWARF,0,2.027701,165
TIC 21615680,21615680,100,100,14.8,180.3036,-47.5787,2,2,3292.0,0.309622,0.287625,116.991,DWARF,0,1.941664,166
TIC 107112659,107112659,100,100,15.71,182.9493,-33.9166,2,3,3146.0,0.244992,0.21546,126.044,DWARF,0,1.920304,167
TIC 448589888,448589888,100,100,14.41,166.3016,-35.6967,2,4,3349.0,0.347212,0.330986,115.063,DWARF,0,1.963189,168
TIC 406376196,406376196,100,100,14.55,198.0092,-54.5575,3,1,3086.0,0.357855,0.343279,112.702,DWARF,0,2.017414,169
TIC 466713984,466713984,100,100,14.55,166.7506,-61.9079,3,2,3049.0,0.35641,0.341612,103.825,DWARF,0,2.0139,170
TIC 405142856,405142856,100,100,15.45,185.6336,-66.5856,3,3,2941.0,0.290032,0.265286,112.735,DWARF,0,2.014892,171
TIC 208575791,208575791,100,100,14.24,208.7988,-54.5111,3,4,3215.0,0.400801,0.392384,119.002,DWARF,0,2.053858,172
TIC 362829950,362829950,100,100,15.61,247.2648,-66.4953,4,1,3306.0,0.364944,0.351452,200.72,DWARF,0,2.246452,173
TIC 384514862,384514862,100,100,14.26,253.1595,-81.2252,4,2,3423.0,0.410437,0.403212,135.137,DWARF,0,2.078493,174
TIC 382150493,382150493,100,100,15.04,285.91,-69.5654,4,3,3210.0,0.277564,0.251241,108.027,DWARF,0,1.894726,175
TIC 304582148,304582148,100,100,14.83,260.0723,-61.6292,4,4,3371.0,0.285666,0.26035,113.533,DWARF,0,1.877717,176
TIC 308934436,308934436,100,100,15.51,150.6116,-25.3589,1,1,5195.0,0.906082,0.88,1275.73,DWARF,0,3.016335,177
TIC 461166758,461166758,100,100,14.91,171.8977,-24.2537,1,2,3293.0,0.311699,0.290009,124.712,DWARF,0,1.969471,178
TIC 385307168,385307168,100,100,15.65,167.6657,-14.8665,1,3,31000.0,0.18,0.47,1090.65,DWARF,2,1.640545,179
TIC 36879659,36879659,100,100,15.47,156.3222,-9.3447,1,4,33500.0,0.113,0.47,1695.24,DWARF,2,1.200157,180
TIC 162208589,162208589,100,100,14.71,168.762,-43.9745,2,1,3383.0,0.352573,0.337181,137.829,DWARF,0,2.036498,181
TIC 72987984,72987984,100,100,14.14,189.2705,-44.3222,2,2,2937.0,0.364701,0.351172,87.8662,DWARF,0,1.951874,182
TIC 157267002,157267002,100,100,15.52,176.507,-33.2311,2,3,3188.0,0.258947,0.230607,121.752,DWARF,0,1.930422,183
TIC 106369570,106369570,100,100,14.85,159.0857,-41.5167,2,4,2994.0,0.318043,0.297303,104.921,DWARF,0,1.974972,184
TIC 333573299,333573299,100,100,14.24,181.9682,-52.5552,3,1,3168.0,0.384532,0.373918,108.004,DWARF,0,2.017865,185
TIC 450561772,450561772,100,100,14.36,186.5478,-63.7634,3,2,2937.0,0.378679,0.367227,102.332,DWARF,0,2.028542,186
TIC 179985405,179985405,100,100,14.67,188.6662,-65.7209,3,3,2988.0,0.348361,0.332313,107.04,DWARF,0,2.018059,187
TIC 256703709,256703709,100,100,14.55,200.3121,-59.1184,3,4,2987.0,0.374603,0.362555,109.736,DWARF,0,2.057143,188
TIC 423673786,423673786,100,100,15.13,235.367,-64.0767,4,1,3250.0,0.41601,0.409432,176.504,DWARF,0,2.264208,189
TIC 426266623,426266623,100,100,15.0,240.1768,-75.5228,4,2,3390.0,0.352804,0.337447,158.089,DWARF,0,2.095067,190
TIC 304732716,304732716,100,100,15.26,278.9086,-67.2427,4,3,3149.0,0.268134,0.240733,109.756,DWARF,0,1.908704,191
TIC 304341456,304341456,100,100,15.27,275.8824,-66.4875,4,4,3217.0,0.258841,0.230491,112.219,DWARF,0,1.880066,192
TIC 71222742,71222742,100,100,15.76,154.1462,-31.4669,1,1,5893.0,0.859142,1.07,1684.76,DWARF,0,3.02013,193
TIC 20491438,20491438,100,100,15.15,168.8043,-26.0515,1,2,3284.0,0.296698,0.272855,127.937,DWARF,0,1.974629,194
TIC 181804209,181804209,100,100,15.79,165.7664,-14.4243,1,3,31000.0,0.18,0.47,1836.15,DWARF,2,1.668545,195
TIC 293603085,293603085,100,100,14.51,149.5444,-16.0978,1,4,50000.0,0.147,0.5,1457.32,DWARF,2,1.236635,196
TIC 94175577,94175577,100,100,14.57,176.7643,-51.1695,2,1,3047.0,0.369738,0.356968,114.512,DWARF,0,2.049788,197
TIC 73484573,73484573,100,100,14.5,191.1578,-43.5276,2,2,3301.0,0.336707,0.318841,112.148,DWARF,0,1.954504,198
TIC 142278120,142278120,100,100,15.88,180.725,-33.2292,2,3,3160.0,0.239441,0.209522,133.182,DWARF,0,1.934397,199
TIC 158150879,158150879,100,100,15.81,162.1282,-38.6134,2,4,3263.0,0.256193,0.227594,141.119,DWARF,0,1.979135,200
TIC 273384330,273384330,100,100,14.35,185.8615,-52.7123,3,1,3021.0,0.378275,0.366765,102.427,DWARF,0,2.025615,201
TIC 405378236,405378236,100,100,14.28,184.1628,-58.4761,3,2,3076.0,0.386764,0.376463,109.826,DWARF,0,2.030892,202
TIC 360765786,360765786,100,100,14.79,190.2204,-72.6052,3,3,3102.0,0.339205,0.321729,116.254,DWARF,0,2.018924,203
TIC 289973652,289973652,100,100,14.55,205.0389,-55.5949,3,4,3083.0,0.380068,0.368817,,DWARF,0,2.069723,204
TIC 298530700,298530700,100,100,15.84,242.6071,-60.4189,4,1,3206.0,0.354708,0.339646,203.171,DWARF,0,2.267742,205
TIC 426609898,426609898,100,100,15.63,235.6554,-71.0853,4,2,3375.0,0.307884,0.285633,174.326,DWARF,0,2.102774,206
TIC 343720622,343720622,100,100,15.56,272.7428,-76.3372,4,3,3178.0,0.258459,0.230072,123.967,DWARF,0,1.936783,207
TIC 304069867,304069867,100,100,15.82,258.3872,-64.7281,4,4,3156.0,0.237105,0.207039,126.315,DWARF,0,1.913881,208
TIC 168067190,168067190,100,100,14.12,152.3457,-29.8531,1,1,,0.14,0.104,,DWARF,2,1.116256,209
TIC 437242604,437242604,100,100,15.02,165.3599,-23.7559,1,2,3305.0,0.305736,0.283173,126.954,DWARF,0,1.974693,210
TIC 55146754,55146754,100,100,14.66,162.6199,-6.8906,1,3,60650.0,0.37,0.5,3515.7,DWARF,2,2.068403,211
TIC 348886305,348886305,100,100,14.76,148.6909,-16.6915,1,4,50000.0,0.147,0.5,1987.89,DWARF,2,1.286635,212
TIC 93763678,93763678,100,100,14.03,175.8432,-53.4532,2,1,3123.0,0.430612,0.42556,112.308,DWARF,0,2.074172,213
TIC 72985716,72985716,100,100,14.71,189.2808,-42.3092,2,2,3103.0,0.326276,0.306793,107.493,DWARF,0,1.96917,214
TIC 142264644,142264644,100,100,15.91,180.6776,-34.4057,2,3,2986.0,0.240079,0.210202,123.595,DWARF,0,1.942708,215
TIC 151790016,151790016,100,100,14.81,167.9144,-36.7161,2,4,3360.0,0.357177,0.342497,146.787,DWARF,0,2.067767,216
TIC 412079965,412079965,100,100,14.45,190.0554,-56.7235,3,1,3002.0,0.370854,0.358251,102.36,DWARF,0,2.028406,217
TIC 398766845,398766845,100,100,14.19,180.1842,-57.1733,3,2,3058.0,0.395156,0.386001,106.726,DWARF,0,2.031537,218
TIC 180036828,180036828,100,100,14.55,188.6949,-65.499,3,3,2944.0,0.358901,0.344486,103.835,DWARF,0,2.019949,219
TIC 208317834,208317834,100,100,14.73,208.3507,-57.775,3,4,2942.0,0.365065,0.351591,114.492,DWARF,0,2.07074,220
TIC 362623064,362623064,100,100,15.89,246.3955,-67.9313,4,1,3226.0,0.351942,0.336452,217.549,DWARF,0,2.270942,221
TIC 310269624,310269624,100,100,14.9,251.8042,-76.5596,4,2,3402.0,0.365691,0.4,143.313,DWARF,0,2.106229,222
TIC 382071782,382071782,100,100,14.9,285.1287,-68.4757,4,3,3287.0,0.301828,0.278704,118.806,DWARF,0,1.939519,223
TIC 307145990,307145990,100,100,15.72,267.1975,-64.8887,4,4,3217.0,0.250864,0.221797,128.89,DWARF,0,1.942877,224
TIC 188207457,188207457,100,100,14.03,162.5765,-27.5104,1,1,50000.0,0.147,0.5,1208.51,DWARF,2,1.140635,225
TIC 434496168,434496168,100,100,15.44,173.1022,-22.2426,1,2,3154.0,0.281976,0.256192,130.539,DWARF,0,1.988424,226
TIC 54986420,54986420,100,100,11.98,160.4533,-7.5087,1,3,,,,256.331,DWARF,2,999.0,227
TIC 422149668,422149668,100,100,14.13,150.6583,-13.4607,1,4,31000.0,0.18,0.47,1825.32,DWARF,2,1.336545,228
TIC 300302581,300302581,100,100,14.56,160.3561,-49.1382,2,1,3134.0,0.386837,0.376547,130.021,DWARF,0,2.087056,229
TIC 333825919,333825919,100,100,14.89,182.2599,-49.9979,2,2,3286.0,0.317688,0.296894,120.855,DWARF,0,1.982002,230
TIC 57404235,57404235,100,100,15.31,172.0622,-33.966,2,3,3228.0,0.277431,0.251093,125.223,DWARF,0,1.94831,231
TIC 106609564,106609564,100,100,14.08,160.2658,-40.4217,2,4,3578.0,0.44628,0.442566,148.604,DWARF,0,2.115215,232
TIC 419582887,419582887,100,100,14.39,191.2107,-58.7759,3,1,3086.0,0.376567,0.364808,108.662,DWARF,0,2.029685,233
TIC 376742279,376742279,100,100,14.26,180.7953,-57.3896,3,2,3223.0,0.389825,0.379948,104.752,DWARF,0,2.033739,234
TIC 327666194,327666194,100,100,15.03,189.6901,-68.9666,3,3,2941.0,0.321892,0.301736,107.425,DWARF,0,2.02142,235
TIC 409655294,409655294,100,100,14.9,213.7228,-59.0172,3,4,3139.0,0.359259,0.344899,134.492,DWARF,0,2.090815,236
TIC 350170452,350170452,100,100,14.81,245.8728,-63.8131,4,1,3223.0,0.452441,0.44916,180.701,DWARF,0,2.273124,237
TIC 383942078,383942078,100,100,15.05,239.0895,-79.3299,4,2,3160.0,0.357706,0.343107,,DWARF,0,2.117052,238
TIC 379806005,379806005,100,100,14.94,257.0052,-70.6336,4,3,3217.0,0.306053,0.283535,114.287,DWARF,0,1.959593,239
TIC 307146019,307146019,100,100,14.46,267.1532,-64.9119,4,4,3399.0,0.337454,0.319705,115.132,DWARF,0,1.948429,240
TIC 179278778,179278778,100,100,14.64,159.225,-20.6736,1,1,31000.0,0.18,0.47,2587.1,DWARF,2,1.438545,241
TIC 219187835,219187835,100,100,14.69,171.3232,-18.7549,1,2,3235.0,0.335408,0.31734,117.623,DWARF,0,1.989147,242
TIC 148559577,148559577,100,100,14.04,164.3904,-7.5224,1,3,,,,12.2712,DWARF,2,999.0,243
TIC 36736263,36736263,100,100,14.55,155.0603,-8.8962,1,4,30300.0,0.18,0.47,1074.54,DWARF,2,1.420545,244
TIC 92574021,92574021,100,100,14.49,173.2049,-49.8188,2,1,3007.0,0.396,0.386957,118.218,DWARF,0,2.09339,245
TIC 61765848,61765848,100,100,15.85,177.2015,-45.1077,2,2,2924.0,0.257116,0.228602,126.891,DWARF,0,1.990258,246
TIC 152232571,152232571,100,100,14.85,170.5974,-37.3431,2,3,3165.0,0.317265,0.296407,117.423,DWARF,0,1.972844,247
TIC 23166588,23166588,100,100,15.42,166.5499,-35.8351,2,4,3324.0,0.349032,0.33309,182.726,DWARF,0,2.16973,248
TIC 253352347,253352347,100,100,14.29,196.1432,-58.6627,3,1,2934.0,0.387303,0.377078,100.901,DWARF,0,2.034102,249
TIC 381495826,381495826,100,100,14.61,182.7875,-60.2836,3,2,3064.0,0.35972,0.345431,104.089,DWARF,0,2.033929,250
TIC 326538701,326538701,100,100,14.21,188.3527,-68.8155,3,3,2971.0,0.388866,0.378858,99.1222,DWARF,0,2.0216,251
TIC 291439458,291439458,100,100,14.26,217.8456,-57.8593,3,4,3075.0,0.419558,0.413373,117.943,DWARF,0,2.097584,252
TIC 39398280,39398280,100,100,15.29,226.862,-58.5527,4,1,3281.0,0.405685,0.397884,194.754,DWARF,0,2.274378,253
TIC 426287072,426287072,100,100,15.72,241.6867,-72.8838,4,2,3097.0,0.334747,0.316576,176.289,DWARF,0,2.193433,254
TIC 343652400,343652400,100,100,15.55,272.3877,-73.8889,4,3,3351.0,0.268672,0.24133,144.699,DWARF,0,1.968445,255
TIC 381049631,381049631,100,100,15.05,270.8777,-62.6081,4,4,3189.0,0.304607,0.281881,,DWARF,0,1.97748,256
TIC 193092806,193092806,100,100,14.7,156.7353,-27.3826,1,1,28900.0,0.18,0.47,1081.85,DWARF,2,1.450545,257
TIC 429164685,429164685,100,100,14.71,177.1767,-25.2635,1,2,3250.0,0.341442,0.324315,123.704,DWARF,0,2.008634,258
TIC 148498031,148498031,100,100,13.05,163.9408,-6.11,1,3,,0.364,0.372,89.58361,UNKNOWN,3,1.732203,259
TIC 33318760,33318760,100,100,15.46,150.1742,-11.8597,1,4,34805.0,0.147,0.485,1471.95,DWARF,2,1.426635,260
TIC 374094625,374094625,100,100,14.48,160.0387,-49.387,2,1,3200.0,0.398757,0.390077,133.733,DWARF,0,2.097417,261
TIC 73592024,73592024,100,100,14.77,191.6323,-43.5092,2,2,3026.0,0.330769,0.311981,107.983,DWARF,0,1.99305,262
TIC 57450595,57450595,100,100,15.71,172.3166,-33.0357,2,3,3138.0,0.262195,0.234173,134.178,DWARF,0,1.979249,263
TIC 146172582,146172582,100,100,15.46,157.7864,-42.4367,2,4,3245.0,0.346275,0.329903,177.361,DWARF,0,2.170842,264
TIC 165911097,165911097,100,100,14.27,192.6375,-48.2538,3,1,2961.0,0.389671,0.379774,101.051,DWARF,0,2.035396,265
TIC 268995360,268995360,100,100,14.43,177.4318,-56.4896,3,2,3542.0,0.377991,0.366439,140.343,DWARF,0,2.040963,266
TIC 326929172,326929172,100,100,14.62,188.7758,-65.9848,3,3,2981.0,0.356194,0.341362,106.455,DWARF,0,2.027373,267
TIC 420204743,420204743,100,100,14.14,198.7734,-59.7286,3,4,3107.0,0.431402,0.426426,116.381,DWARF,0,2.097764,268
TIC 342466161,342466161,100,100,15.56,240.0949,-60.4548,4,1,3436.0,0.381762,0.370754,214.372,DWARF,0,2.275585,269
TIC 395517558,395517558,100,100,14.36,207.8131,-75.1071,4,2,3059.0,0.462898,0.460222,138.867,DWARF,0,2.202971,270
TIC 310803736,310803736,100,100,15.39,255.264,-73.2972,4,3,3219.0,0.282511,0.256795,129.637,DWARF,0,1.980071,271
TIC 447498324,447498324,100,100,15.42,253.1979,-62.4715,4,4,3170.0,0.282668,0.256971,131.892,DWARF,0,1.986553,272
TIC 413324579,413324579,100,100,14.92,160.2345,-22.5255,1,1,31000.0,0.18,0.47,3346.28,DWARF,2,1.494545,273
TIC 452699536,452699536,100,100,14.9,172.1957,-24.6731,1,2,3308.0,0.334784,0.316619,134.488,DWARF,0,2.029529,274
TIC 396902064,396902064,100,100,10.91,168.8428,-7.8249,1,3,,,,2410.91,UNKNOWN,5,999.0,275
TIC 281286488,281286488,100,100,15.51,151.0036,-19.6295,1,4,50000.0,0.147,0.5,2221.66,DWARF,2,1.436635,276
TIC 91719657,91719657,100,100,14.04,171.3734,-52.8684,2,1,2950.0,0.443395,0.43946,106.855,DWARF,0,2.101582,277
TIC 134976179,134976179,100,100,14.8,184.4446,-38.0711,2,2,3028.0,0.336337,0.318414,,DWARF,0,2.013549,278
TIC 181229149,181229149,100,100,14.8,174.9374,-37.4854,2,3,2984.0,0.327079,0.30772,107.523,DWARF,0,1.989305,279
TIC 158296367,158296367,100,100,14.48,162.9966,-39.6818,2,4,3420.0,0.43499,0.430345,160.669,DWARF,0,2.172959,280
TIC 272913163,272913163,100,100,14.79,188.2348,-55.9491,3,1,2974.0,0.346569,0.330242,113.847,DWARF,0,2.037579,281
TIC 311043132,311043132,100,100,14.55,185.4964,-60.6878,3,2,2944.0,0.367899,0.354853,106.481,DWARF,0,2.041457,282
TIC 328480578,328480578,100,100,14.42,190.7318,-70.5725,3,3,2902.0,0.376197,0.364384,99.1119,DWARF,0,2.034831,283
TIC 413498850,413498850,100,100,14.62,214.8725,-56.2505,3,4,3063.0,0.391918,0.382327,117.057,DWARF,0,2.11039,284
TIC 422187701,422187701,100,100,14.01,239.9809,-58.779,4,1,3672.0,0.546957,0.542509,188.991,DWARF,0,2.277906,285
TIC 384152961,384152961,100,100,14.22,243.6408,-80.069,4,2,3291.0,0.478153,0.476054,152.595,DWARF,0,2.203134,286
TIC 352078542,352078542,100,100,15.59,284.1326,-77.1497,4,3,3284.0,0.273981,0.247236,143.943,DWARF,0,1.993441,287
TIC 173735185,173735185,100,100,15.67,258.1019,-59.0422,4,4,3281.0,0.26774,0.240297,141.407,DWARF,0,1.989427,288
TIC 188086093,188086093,100,100,15.03,161.5932,-27.7815,1,1,31000.0,0.18,0.47,1224.19,DWARF,2,1.516545,289
TIC 363443435,363443435,100,100,14.96,164.6178,-27.2043,1,2,3234.0,0.341852,0.324789,138.624,DWARF,0,2.059676,290
TIC 55099399,55099399,100,100,11.34,162.0569,-11.3471,1,3,,,,4.5632,UNKNOWN,5,999.0,291
TIC 101110659,101110659,100,100,14.81,152.5453,-15.8702,1,4,31000.0,0.18,0.47,1552.46,DWARF,2,1.472545,292
TIC 162992257,162992257,100,100,14.49,171.909,-42.7694,2,1,3417.0,0.403455,0.395376,153.295,DWARF,0,2.10959,293
TIC 21869128,21869128,100,100,14.68,181.7665,-47.7063,2,2,2911.0,0.346776,0.330482,102.106,DWARF,0,2.016098,294
TIC 142323500,142323500,100,100,15.6,181.3849,-35.8344,2,3,3232.0,0.280461,0.25449,140.066,DWARF,0,2.015745,295
TIC 151766620,151766620,100,100,15.27,167.5856,-39.5757,2,4,3427.0,0.366892,0.353695,187.046,DWARF,0,2.183076,296
TIC 21109023,21109023,100,100,14.6,186.8064,-51.4121,3,1,3060.0,0.362769,0.348946,111.706,DWARF,0,2.03926,297
TIC 381487856,381487856,100,100,14.62,182.4197,-60.5612,3,2,2966.0,0.364075,0.350451,105.067,DWARF,0,2.046382,298
TIC 369638111,369638111,100,100,14.07,192.2885,-63.505,3,3,3097.0,0.411614,0.404528,107.951,DWARF,0,2.04298,299
TIC 449793142,449793142,100,100,14.29,201.0844,-61.7215,3,4,2967.0,0.423397,0.417622,113.857,DWARF,0,2.111496,300
TIC 454209220,454209220,100,100,15.88,225.9374,-62.6328,4,1,3098.0,0.357539,0.342915,203.725,DWARF,0,2.282647,301
TIC 361970796,361970796,100,100,14.43,244.7436,-71.5148,4,2,3305.0,0.456585,0.453563,162.701,DWARF,0,2.205043,302
TIC 304268981,304268981,100,100,15.87,275.4717,-68.4519,4,3,3278.0,0.261314,0.233205,153.303,DWARF,0,2.008325,303
TIC 306196553,306196553,100,100,14.04,264.5301,-65.51,4,4,3388.0,0.39317,0.383749,113.765,DWARF,0,1.997161,304
TIC 423433528,423433528,100,100,15.21,157.5016,-23.801,1,1,31000.0,0.18,0.47,760.582,DWARF,2,1.552545,305
TIC 461134028,461134028,100,100,14.31,165.3381,-28.1273,1,2,3454.0,0.425247,0.419664,150.763,DWARF,0,2.119283,306
TIC 471012416,471012416,100,100,11.82,160.7473,-9.2087,1,3,,,,12.281,UNKNOWN,5,999.0,307
TIC 332701732,332701732,100,100,14.22,150.1774,-12.0998,1,4,44125.0,0.208,0.5,1490.36,DWARF,2,1.480127,308
TIC 163146711,163146711,100,100,14.71,172.4447,-47.8502,2,1,3175.0,0.38654,0.376208,136.578,DWARF,0,2.116389,309
TIC 134631370,134631370,100,100,14.03,182.0671,-41.9472,2,2,3030.0,0.404505,0.396557,97.8625,DWARF,0,2.019848,310
TIC 57063699,57063699,100,100,15.82,169.7833,-34.0199,2,3,3092.0,0.26698,0.239456,139.896,DWARF,0,2.016957,311
TIC 106193775,106193775,100,100,14.14,158.3898,-36.9683,2,4,3894.0,0.493944,0.6,193.564,DWARF,0,2.215355,312
TIC 334217893,334217893,100,100,14.42,182.8878,-52.2895,3,1,3107.0,0.37824,0.366725,111.779,DWARF,0,2.039535,313
TIC 380927020,380927020,100,100,14.25,182.3126,-61.7835,3,2,3045.0,0.396531,0.387558,108.455,DWARF,0,2.046554,314
TIC 410986249,410986249,100,100,14.08,178.323,-71.1435,3,3,3072.0,0.412277,0.40527,106.06,DWARF,0,2.046378,315
TIC 312512826,312512826,100,100,14.15,210.803,-53.7053,3,4,3123.0,0.440452,0.436279,121.246,DWARF,0,2.117797,316
TIC 43464343,43464343,100,100,15.13,229.0885,-59.7831,4,1,3327.0,0.425564,0.420013,198.211,DWARF,0,2.28393,317
TIC 406860269,406860269,100,100,14.61,226.9599,-78.0833,4,2,3486.0,0.447847,0.444248,180.096,DWARF,0,2.224259,318
TIC 352287526,352287526,100,100,15.47,288.5913,-73.5263,4,3,3070.0,0.289556,0.264746,131.22,DWARF,0,2.017465,319
TIC 303793006,303793006,100,100,14.86,257.7727,-63.8902,4,4,3116.0,0.328558,0.309426,118.395,DWARF,0,2.005224,320
TIC 179198304,179198304,100,100,15.52,158.1987,-21.7192,1,1,31000.0,0.18,0.47,2320.18,DWARF,2,1.614545,321
TIC 415745352,415745352,100,100,15.12,164.4632,-21.9503,1,2,3484.0,0.357048,0.342348,176.314,DWARF,0,2.129453,322
TIC 413373646,413373646,100,100,11.86,161.1166,-18.6383,1,3,3191.0,,,12.9368,UNKNOWN,5,999.0,323
TIC 434456672,434456672,100,100,15.14,155.9035,-19.8497,1,4,31000.0,0.18,0.47,2453.53,DWARF,2,1.538545,324
TIC 163376745,163376745,100,100,14.21,173.5169,-46.1272,2,1,3211.0,0.435652,0.431066,134.284,DWARF,0,2.120279,325
TIC 248078069,248078069,100,100,14.69,193.0851,-45.2653,2,2,3295.0,0.348265,0.332202,129.001,DWARF,0,2.02182,326
TIC 107020742,107020742,100,100,14.76,183.0001,-35.3288,2,3,3104.0,0.350203,0.334442,121.685,DWARF,0,2.04064,327
TIC 146172601,146172601,100,100,14.85,157.849,-42.4525,2,4,3345.0,0.426058,0.420557,181.136,DWARF,0,2.228937,328
TIC 73399040,73399040,100,100,14.9,190.7918,-47.0371,3,1,3330.0,0.338892,0.321367,140.963,DWARF,0,2.040123,329
TIC 376564658,376564658,100,100,14.28,180.7742,-54.9985,3,2,3038.0,0.394772,0.385566,108.823,DWARF,0,2.048693,330
TIC 312197475,312197475,100,100,14.44,181.9068,-69.2043,3,3,2934.0,0.380651,0.369484,106.348,DWARF,0,2.049054,331
TIC 208101943,208101943,100,100,14.34,207.9585,-58.5312,3,4,2936.0,0.422451,0.416577,115.148,DWARF,0,2.119553,332
TIC 404325184,404325184,100,100,14.63,220.7567,-65.7951,4,1,3317.0,0.482049,0.480037,178.84,DWARF,0,2.292182,333
TIC 262869610,262869610,100,100,14.79,218.2471,-78.7078,4,2,3193.0,0.434365,0.429664,163.189,DWARF,0,2.23371,334
TIC 344044087,344044087,100,100,15.64,278.191,-74.5849,4,3,3009.0,0.279373,0.253269,130.23,DWARF,0,2.020369,335
TIC 447487390,447487390,100,100,15.28,252.8476,-65.7964,4,4,3388.0,0.298366,0.274755,150.505,DWARF,0,2.005499,336
TIC 413300076,413300076,100,100,15.39,160.1535,-23.711,1,1,30573.0,0.285,0.47,,DWARF,2,1.98769,337
TIC 20416138,20416138,100,100,14.76,167.9878,-24.2679,1,2,3718.0,0.50617,0.50412,232.597,DWARF,0,2.360593,338
TIC 148576168,148576168,100,100,12.65,164.9583,-6.8797,1,3,3295.0,,,30.8685,UNKNOWN,5,999.0,339
TIC 308842594,308842594,100,100,15.24,152.3458,-14.7175,1,4,31000.0,0.18,0.47,1200.86,DWARF,2,1.558545,340
TIC 92389967,92389967,100,100,14.29,172.7343,-50.5332,2,1,2954.0,0.429312,0.424135,116.585,DWARF,0,2.123546,341
TIC 333826642,333826642,100,100,14.33,182.3186,-49.6581,2,2,3048.0,0.378905,0.367486,104.315,DWARF,0,2.023061,342
TIC 165492317,165492317,100,100,14.64,180.3236,-37.2092,2,3,3058.0,0.383811,0.373095,126.643,DWARF,0,2.096235,343
TIC 106735888,106735888,100,100,15.86,160.6029,-38.5788,2,4,3332.0,0.343338,0.326508,217.373,DWARF,0,2.243444,344
TIC 411815659,411815659,100,100,14.54,189.6125,-57.5226,3,1,3004.0,0.369677,0.356899,112.346,DWARF,0,2.043645,345
TIC 67144011,67144011,100,100,14.15,181.7756,-57.333,3,2,3098.0,0.407336,0.399737,110.158,DWARF,0,2.049906,346
TIC 435888597,435888597,100,100,14.84,193.0885,-63.6172,3,3,3014.0,0.348053,0.331957,115.947,DWARF,0,2.051291,347
TIC 207618700,207618700,100,100,14.51,206.8833,-54.9995,3,4,3126.0,0.406251,0.39852,127.728,DWARF,0,2.119589,348
TIC 412236102,412236102,100,100,14.39,231.2613,-59.784,4,1,3565.0,0.511961,0.509752,200.659,DWARF,0,2.296474,349
TIC 310357478,310357478,100,100,14.79,252.0123,-74.0789,4,2,3544.0,0.436191,0.431653,197.129,DWARF,0,2.237353,350
TIC 255916493,255916493,100,100,15.18,258.7392,-71.402,4,3,3240.0,0.312095,0.290463,142.884,DWARF,0,2.024574,351
TIC 304660214,304660214,100,100,14.67,260.3653,-62.267,4,4,3395.0,0.344477,0.327824,129.245,DWARF,0,2.00832,352
TIC 192990023,192990023,100,100,10.87,155.3451,-28.6944,1,1,7378.0,1.8076,1.68,540.074,DWARF,2,2.688205,353
TIC 437242648,437242648,100,100,15.47,165.4039,-23.8902,1,2,3718.0,0.46473,0.462143,299.48,DWARF,0,2.428401,354
TIC 422247088,422247088,100,100,13.0,162.6347,-13.4366,1,3,,,,42.1014,UNKNOWN,5,999.0,355
TIC 471013466,471013466,100,100,15.63,154.96,-20.8663,1,4,31000.0,0.18,0.47,,DWARF,2,1.636545,356
TIC 273213037,273213037,100,100,14.39,178.9965,-51.5292,2,1,3130.0,0.422323,0.416436,130.401,DWARF,0,2.129289,357
TIC 73308877,73308877,100,100,14.03,190.3728,-46.6874,2,2,2930.0,0.414249,0.40747,95.8747,DWARF,0,2.040523,358
TIC 454068464,454068464,100,100,14.59,176.2562,-36.1472,2,3,3190.0,0.390696,0.380939,130.867,DWARF,0,2.101678,359
TIC 106906779,106906779,100,100,14.64,161.7279,-36.9423,2,4,3507.0,0.46006,0.457236,190.685,DWARF,0,2.253629,360
TIC 261267740,261267740,100,100,14.55,203.8222,-51.4568,3,1,3172.0,0.369296,0.35646,120.388,DWARF,0,2.044749,361
TIC 308761438,308761438,100,100,14.77,184.2978,-64.6642,3,2,2956.0,0.353281,0.337998,107.558,DWARF,0,2.050241,362
TIC 360906004,360906004,100,100,14.12,190.9053,-71.9976,3,3,2979.0,0.412778,0.405829,101.824,DWARF,0,2.055433,363
TIC 440988599,440988599,100,100,14.49,196.9431,-62.0039,3,4,2944.0,0.408363,0.400889,117.236,DWARF,0,2.120093,364
TIC 343043860,343043860,100,100,14.32,240.6445,-61.7391,4,1,3641.0,0.523994,0.521262,206.896,DWARF,0,2.302653,365
TIC 426407155,426407155,100,100,14.63,243.0546,-73.9944,4,2,3649.0,0.461181,0.458417,207.383,DWARF,0,2.253743,366
TIC 294060644,294060644,100,100,15.87,264.3784,-71.3763,4,3,3068.0,0.266257,0.238655,138.741,DWARF,0,2.024602,367
TIC 464316251,464316251,100,100,15.81,280.1484,-65.5003,4,4,3222.0,0.2778,0.251505,161.352,DWARF,0,2.049464,368
TIC 188084909,188084909,100,100,11.02,161.3672,-29.6787,1,1,6668.0,2.40631,1.41,661.315,DWARF,2,2.966703,369
TIC 219189765,219189765,100,100,14.76,171.0147,-19.5568,1,2,3470.0,0.615219,0.600332,299.389,DWARF,0,2.530059,370
TIC 347593105,347593105,100,100,13.19,168.7226,-13.6704,1,3,,,,,UNKNOWN,5,999.0,371
TIC 283993815,283993815,100,100,15.8,152.1123,-21.614,1,4,31000.0,0.18,0.47,1587.14,DWARF,2,1.670545,372
TIC 162093746,162093746,100,100,14.54,168.2741,-45.1732,2,1,2972.0,0.408157,0.400658,122.567,DWARF,0,2.129654,373
TIC 72985091,72985091,100,100,14.35,189.2117,-42.2223,2,2,3079.0,0.390857,0.381122,110.934,DWARF,0,2.054036,374
TIC 157174429,157174429,100,100,14.6,175.6531,-33.6654,2,3,3283.0,0.398749,0.390067,142.503,DWARF,0,2.121399,375
TIC 158292282,158292282,100,100,14.99,162.8532,-40.076,2,4,3390.0,0.428975,0.423764,194.618,DWARF,0,2.262864,376
TIC 404390913,404390913,100,100,14.94,196.0869,-51.5604,3,1,3064.0,0.337833,0.320143,121.844,DWARF,0,2.045404,377
TIC 460578395,460578395,100,100,14.7,189.9376,-61.0285,3,2,2858.0,0.359333,0.344984,102.52,DWARF,0,2.050994,378
TIC 448325900,448325900,100,100,15.33,209.6627,-68.1876,3,3,3340.0,0.312414,0.29083,151.75,DWARF,0,2.055461,379
TIC 210252850,210252850,100,100,14.81,211.9573,-57.5262,3,4,3072.0,0.379757,0.368462,132.987,DWARF,0,2.121012,380
TIC 350469169,350469169,100,100,15.95,246.2722,-63.8956,4,1,3415.0,0.36297,0.349178,255.613,DWARF,0,2.309741,381
TIC 384386013,384386013,100,100,14.18,249.0309,-80.8989,4,2,3395.0,0.512057,0.509844,172.971,DWARF,0,2.254637,382
TIC 465765802,465765802,100,100,14.26,282.6687,-70.3228,4,3,3520.0,0.390949,0.381227,139.443,DWARF,0,2.03624,383
TIC 302060598,302060598,100,100,14.92,260.5942,-67.3149,4,4,3232.0,0.343805,0.327048,132.114,DWARF,0,2.056624,384
TIC 167983141,167983141,100,100,10.43,152.1397,-29.5993,1,1,7404.0,3.18793,1.69,774.052,DWARF,2,3.093018,385
TIC 333797074,333797074,100,100,15.38,176.0403,-23.4572,1,2,3796.0,0.703268,0.665809,,DWARF,0,2.770242,386
TIC 53211451,53211451,100,100,13.27,166.9994,-5.1604,1,3,,,,24.808,UNKNOWN,5,999.0,387
TIC 332654913,332654913,100,100,15.81,149.7777,-11.9873,1,4,31000.0,0.18,0.47,1428.82,DWARF,2,1.672545,388
TIC 163380065,163380065,100,100,14.86,173.6807,-47.5064,2,1,3038.0,0.39539,0.386266,136.022,DWARF,0,2.166051,389
TIC 22755400,22755400,100,100,14.64,185.5232,-41.9993,2,2,3355.0,0.371202,0.35865,,DWARF,0,2.067221,390
TIC 152173900,152173900,100,100,14.84,170.1469,-36.8559,2,3,3272.0,0.386274,0.375905,156.816,DWARF,0,2.141791,391
TIC 151962240,151962240,100,100,14.87,169.1078,-40.511,2,4,3245.0,0.448047,0.444463,179.048,DWARF,0,2.276647,392
TIC 256827620,256827620,100,100,14.86,200.3898,-54.0295,3,1,3007.0,0.344758,0.328149,114.514,DWARF,0,2.047029,393
TIC 308756703,308756703,100,100,14.08,184.0923,-64.1262,3,2,3034.0,0.416864,0.410382,109.734,DWARF,0,2.055989,394
TIC 433556991,433556991,100,100,14.36,190.5467,-64.0517,3,3,2923.0,0.395853,0.386791,104.683,DWARF,0,2.067068,395
TIC 241624056,241624056,100,100,14.78,207.6485,-53.2814,3,4,2952.0,0.384203,0.373543,126.112,DWARF,0,2.125122,396
TIC 350276688,350276688,100,100,14.64,245.9353,-64.1564,4,1,3816.0,0.491008,0.489098,,DWARF,0,2.310177,397
TIC 396360052,396360052,100,100,14.22,212.9486,-72.4149,4,2,3805.0,0.523768,0.521048,206.197,DWARF,0,2.282278,398
TIC 255991168,255991168,100,100,14.19,264.83,-74.5575,4,3,3585.0,0.402672,0.394494,139.257,DWARF,0,2.047903,399
TIC 303708133,303708133,100,100,14.43,257.4039,-63.3586,4,4,3387.0,0.39482,0.385621,136.958,DWARF,0,2.078798,400
TIC 71159672,71159672,100,100,10.59,153.811,-31.094,1,1,9472.0,3.59285,2.41,1253.69,DWARF,2,3.228878,401
TIC 167800877,167800877,100,100,15.43,162.3581,-21.7934,1,2,4895.0,0.717171,0.8,859.171,DWARF,0,2.797245,402
TIC 56651942,56651942,100,100,13.33,158.4256,-11.6942,1,3,,,,35.7958,UNKNOWN,5,999.0,403
TIC 289709680,289709680,100,100,10.02,146.4005,-16.3713,1,4,7773.0,2.72412,1.84,591.304,DWARF,2,2.874452,404
TIC 82110499,82110499,100,100,14.65,168.702,-51.0491,2,1,3172.0,0.422808,0.416972,154.01,DWARF,0,2.182286,405
TIC 334791374,334791374,100,100,14.12,184.4484,-49.2637,2,2,3116.0,0.419785,0.413625,113.34,DWARF,0,2.070054,406
TIC 152394150,152394150,100,100,14.94,171.4467,-36.6636,2,3,3224.0,0.378653,0.367197,155.444,DWARF,0,2.144483,407
TIC 106081014,106081014,100,100,14.86,157.8878,-40.2478,2,4,3200.0,0.449691,0.446223,182.364,DWARF,0,2.277828,408
TIC 406377366,406377366,100,100,14.41,197.9981,-54.9106,3,1,3129.0,0.382495,0.371592,115.517,DWARF,0,2.047252,409
TIC 376213274,376213274,100,100,14.27,179.2978,-55.8083,3,2,3043.0,0.39946,0.390871,109.004,DWARF,0,2.056947,410
TIC 359892714,359892714,100,100,14.53,185.7015,-74.1724,3,3,2842.0,0.383258,0.372464,94.0525,DWARF,0,2.072982,411
TIC 453663972,453663972,100,100,14.58,205.8094,-55.2149,3,4,3171.0,0.403842,0.395811,133.192,DWARF,0,2.128423,412
TIC 300431185,300431185,100,100,15.6,244.8776,-62.4471,4,1,3392.0,0.396429,0.387443,,DWARF,0,2.316331,413
TIC 384064144,384064144,100,100,14.31,241.0711,-78.696,4,2,3329.0,0.518353,0.515898,178.971,DWARF,0,2.291251,414
TIC 301092651,301092651,100,100,15.11,254.6935,-71.025,4,3,3473.0,0.326239,0.306751,152.939,DWARF,0,2.049072,415
TIC 301541685,301541685,100,100,15.96,256.579,-67.216,4,4,3230.0,0.286875,0.261715,173.433,DWARF,0,2.107385,416
TIC 309025182,309025182,100,100,10.87,151.0074,-27.7072,1,1,6828.0,3.44972,1.47,918.673,DWARF,2,3.249568,417
TIC 157701872,157701872,100,100,14.42,172.1782,-16.4702,1,2,5683.0,0.978973,1.01,995.653,DWARF,0,2.865541,418
TIC 55222911,55222911,100,100,13.64,163.3267,-9.5504,1,3,,,,98.3525,UNKNOWN,5,999.0,419
TIC 293607057,293607057,100,100,10.63,153.6697,-15.6428,1,4,6736.88,2.60866,1.44,589.423,DWARF,2,2.958835,420
TIC 93627346,93627346,100,100,14.33,175.6454,-50.3766,2,1,3623.0,0.46585,0.52,166.706,DWARF,0,2.202492,421
TIC 333670205,333670205,100,100,14.42,182.0368,-50.4489,2,2,3082.0,0.395714,0.386634,115.525,DWARF,0,2.078763,422
TIC 57612854,57612854,100,100,14.85,173.6118,-35.4738,2,3,3469.0,0.388993,0.379002,171.378,DWARF,0,2.149884,423
TIC 106904613,106904613,100,100,14.77,161.4925,-37.7138,2,4,3469.0,0.460183,0.457366,203.553,DWARF,0,2.279861,424
TIC 271628871,271628871,100,100,14.55,187.1566,-55.4091,3,1,2972.0,0.37067,0.35804,109.057,DWARF,0,2.047975,425
TIC 266079454,266079454,100,100,14.22,174.8751,-59.0624,3,2,3030.0,0.404506,0.396559,102.287,DWARF,0,2.05785,426
TIC 328026058,328026058,100,100,14.28,189.933,-70.9462,3,3,3068.0,0.407596,0.400029,112.456,DWARF,0,2.07646,427
TIC 210603517,210603517,100,100,14.06,212.4628,-55.7651,3,4,3079.0,0.461385,0.458632,123.891,DWARF,0,2.140127,428
TIC 298238317,298238317,100,100,15.62,224.9366,-60.5411,4,1,3215.0,0.396834,0.387902,208.874,DWARF,0,2.321218,429
TIC 425730409,425730409,100,100,14.12,233.5112,-73.8963,4,2,3654.0,0.545525,0.541212,198.232,DWARF,0,2.297629,430
TIC 311531517,311531517,100,100,15.8,260.0295,-72.575,4,3,3266.0,0.282865,0.257193,157.246,DWARF,0,2.063158,431
TIC 302060446,302060446,100,100,15.61,260.5158,-67.2302,4,4,3278.0,0.311393,0.289657,170.053,DWARF,0,2.108618,432
TIC 192990043,192990043,100,100,12.34,155.2387,-28.7386,1,1,3683.0,,,53.174,DWARF,2,999.0,433
TIC 461157466,461157466,100,100,15.72,165.6617,-27.0798,1,2,5909.0,1.50445,1.07,2954.33,DWARF,1,3.498756,434
TIC 148574712,148574712,100,100,13.74,164.8445,-10.9203,1,3,,,,131.85,UNKNOWN,5,999.0,435
TIC 26305150,26305150,100,100,12.75,153.9104,-9.3247,1,4,5367.0,2.02385,0.93,850.137,DWARF,2,3.162357,436
TIC 448193930,448193930,100,100,14.03,158.4949,-50.1676,2,1,3256.0,0.500562,0.49861,143.657,DWARF,0,2.204916,437
TIC 278044407,278044407,100,100,14.61,178.0289,-40.3963,2,2,3353.0,0.380808,0.369664,141.306,DWARF,0,2.083412,438
TIC 57574497,57574497,100,100,15.22,173.3259,-35.3122,2,3,3428.0,0.366055,0.35273,191.02,DWARF,0,2.171093,439
TIC 107012482,107012482,100,100,15.09,161.9357,-40.3979,2,4,3710.0,0.446579,0.55,236.669,DWARF,0,2.317797,440
TIC 170661214,170661214,100,100,14.21,194.7174,-53.4991,3,1,3133.0,0.403375,0.395286,111.024,DWARF,0,2.053418,441
TIC 382752223,382752223,100,100,14.85,183.5334,-60.4355,3,2,2981.0,0.350442,0.334718,116.953,DWARF,0,2.059232,442
TIC 460488045,460488045,100,100,14.01,190.0796,-65.3336,3,3,3074.0,0.439619,0.435377,114.592,DWARF,0,2.088153,443
TIC 326462167,326462167,100,100,15.28,210.2695,-61.0711,3,4,3351.0,0.35381,0.338609,172.293,DWARF,0,2.15354,444
TIC 426793822,426793822,100,100,15.68,236.2005,-68.0981,4,1,3326.0,0.391475,0.381824,227.173,DWARF,0,2.321408,445
TIC 406858505,406858505,100,100,15.55,226.3128,-81.4877,4,2,3176.0,0.397898,0.389106,207.878,DWARF,0,2.309544,446
TIC 292547082,292547082,100,100,14.89,270.6292,-75.4559,4,3,3383.0,0.357595,0.342979,150.083,DWARF,0,2.084783,447
TIC 447648406,447648406,100,100,15.68,254.4871,-64.1262,4,4,3156.0,0.307408,0.285088,157.449,DWARF,0,2.11143,448
TIC 48899310,48899310,100,100,14.34,163.0847,-30.6368,1,1,,,,398.421,DWARF,2,999.0,449
TIC 452718256,452718256,100,100,14.19,172.5111,-25.3468,1,2,34000.0,0.143,0.47,777.792,DWARF,2,1.148672,450
TIC 143024943,143024943,100,100,13.94,166.9585,-6.1707,1,3,,,,,UNKNOWN,5,999.0,451
TIC 289711518,289711518,100,100,10.34,146.4452,-12.0039,1,4,6839.0,4.62717,1.48,980.132,DWARF,2,3.398631,452
TIC 450783613,450783613,100,100,14.46,169.4863,-54.1514,2,1,3151.0,0.461089,0.45832,152.354,DWARF,0,2.21957,453
TIC 275543257,275543257,100,100,14.71,179.0527,-42.8321,2,2,2998.0,0.374699,0.362666,120.141,DWARF,0,2.089365,454
TIC 152600309,152600309,100,100,14.73,172.6887,-37.5978,2,3,3364.0,0.410736,0.403547,164.663,DWARF,0,2.173126,455
TIC 158670651,158670651,100,100,15.34,165.0393,-39.6691,2,4,3438.0,0.427693,0.422356,237.704,DWARF,0,2.330264,456
TIC 245124723,245124723,100,100,14.89,198.1463,-51.5274,3,1,2986.0,0.345039,0.328474,118.551,DWARF,0,2.053736,457
TIC 332273207,332273207,100,100,14.11,179.5385,-53.8736,3,2,3029.0,0.418035,0.411683,107.242,DWARF,0,2.064425,458
TIC 433939123,433939123,100,100,14.09,190.6416,-63.7938,3,3,3027.0,0.434668,0.429994,112.434,DWARF,0,2.094315,459
TIC 413285374,413285374,100,100,14.13,214.7368,-56.9956,3,4,2918.0,0.463332,0.460677,115.017,DWARF,0,2.157785,460
TIC 297757753,297757753,100,100,14.85,224.5941,-63.02,4,1,3382.0,0.482577,0.480575,205.462,DWARF,0,2.337133,461
TIC 403017328,403017328,100,100,14.87,226.4604,-74.4846,4,2,3676.0,0.465939,0.54,218.609,DWARF,0,2.310658,462
TIC 294440517,294440517,100,100,14.69,265.9649,-70.9567,4,3,3527.0,0.390912,0.381184,165.098,DWARF,0,2.122158,463
TIC 304249116,304249116,100,100,15.52,259.2774,-62.0346,4,4,3313.0,0.322349,0.302263,167.289,DWARF,0,2.120653,464
TIC 363349454,363349454,100,100,15.29,163.9176,-29.3318,1,1,,,,45.1438,DWARF,2,999.0,465
TIC 14717912,14717912,100,100,14.31,174.7926,-25.3488,1,2,41381.0,0.147,0.5,1111.19,DWARF,2,1.196635,466
TIC 148611448,148611448,100,100,14.32,165.3789,-6.2024,1,3,,,,,UNKNOWN,5,999.0,467
TIC 36736203,36736203,100,100,10.62,154.9858,-8.699,1,4,9316.0,,,235.046,DWARF,2,999.0,468
TIC 162430639,162430639,100,100,14.85,169.4876,-44.7036,2,1,3304.0,0.427395,0.422028,175.319,DWARF,0,2.231659,469
TIC 22027915,22027915,100,100,15.26,182.8299,-43.5146,2,2,3066.0,0.333626,0.31528,140.477,DWARF,0,2.09852,470
TIC 152363549,152363549,100,100,14.17,171.0245,-36.6052,2,3,3311.0,0.479597,0.477533,154.799,DWARF,0,2.195753,471
TIC 106882745,106882745,100,100,14.21,161.4612,-37.9163,2,4,3711.0,0.564638,0.558232,222.239,DWARF,0,2.34554,472
TIC 244905871,244905871,100,100,15.71,196.8198,-48.4492,3,1,2892.0,0.286567,0.261367,122.962,DWARF,0,2.056452,473
TIC 451061051,451061051,100,100,14.46,187.6992,-61.3612,3,2,2984.0,0.38633,0.375969,103.484,DWARF,0,2.065917,474
TIC 341782684,341782684,100,100,14.19,203.342,-69.9563,3,3,3267.0,0.425155,0.419562,128.047,DWARF,0,2.095095,475
TIC 457150404,457150404,100,100,14.43,203.2331,-58.1198,3,4,3095.0,0.44288,0.438904,118.498,DWARF,0,2.178572,476
TIC 299270474,299270474,100,100,15.7,243.6701,-62.983,4,1,3260.0,0.402303,0.394078,233.503,DWARF,0,2.349107,477
TIC 446788459,446788459,100,100,14.9,218.5365,-70.113,4,2,3176.0,0.463294,0.460637,188.673,DWARF,0,2.311713,478
TIC 407935227,407935227,100,100,15.69,291.0542,-76.2296,4,3,2896.0,0.313782,0.292401,141.663,DWARF,0,2.131256,479
TIC 447418073,447418073,100,100,15.64,252.455,-62.1938,4,4,3245.0,0.314461,0.293183,171.006,DWARF,0,2.123134,480
TIC 179299789,179299789,100,100,15.49,159.7293,-20.6784,1,1,,,,14.1259,DWARF,2,999.0,481
TIC 429151246,429151246,100,100,14.73,173.041,-24.8042,1,2,34000.0,0.143,0.47,997.208,DWARF,2,1.256672,482
TIC 422271493,422271493,100,100,14.63,163.0844,-16.1342,1,3,,,,38.7191,UNKNOWN,5,999.0,483
TIC 52104043,52104043,100,100,15.02,153.0038,-18.726,1,4,,,,18.0819,DWARF,2,999.0,484
TIC 147618747,147618747,100,100,14.26,163.7989,-45.2832,2,1,3387.0,0.493136,0.491231,171.294,DWARF,0,2.237933,485
TIC 21616475,21616475,100,100,14.31,180.2923,-46.8709,2,2,3454.0,0.420385,0.41429,144.615,DWARF,0,2.109294,486
TIC 152600539,152600539,100,100,14.18,172.6233,-37.9391,2,3,3299.0,0.479451,0.477384,,DWARF,0,2.197488,487
TIC 151679995,151679995,100,100,14.03,166.918,-38.8556,2,4,3866.0,0.598364,0.586752,235.411,DWARF,0,2.359931,488
TIC 245056300,245056300,100,100,14.24,197.9221,-52.3837,3,1,3058.0,0.403438,0.395357,110.995,DWARF,0,2.059554,489
TIC 390319323,390319323,100,100,14.56,183.7431,-58.5618,3,2,2930.0,0.381403,0.370343,109.86,DWARF,0,2.074768,490
TIC 439062995,439062995,100,100,14.56,195.6091,-63.0954,3,3,2997.0,0.39365,0.384293,111.867,DWARF,0,2.102221,491
TIC 209826301,209826301,100,100,15.92,211.0207,-59.1463,3,4,3315.0,0.316704,0.35,176.278,DWARF,0,2.185307,492
TIC 350172725,350172725,100,100,14.07,245.734,-64.439,4,1,3273.0,0.587479,0.577751,189.222,DWARF,0,2.351985,493
TIC 407145022,407145022,100,100,15.72,235.2562,-79.6369,4,2,3173.0,0.386141,0.375754,215.376,DWARF,0,2.317492,494
TIC 301685185,301685185,100,100,14.03,258.3549,-70.3163,4,3,3636.0,0.473288,0.471045,162.312,DWARF,0,2.156251,495
TIC 303900743,303900743,100,100,14.19,258.1188,-61.1881,4,4,3503.0,0.439618,0.435375,147.894,DWARF,0,2.124151,496
TIC 187993972,187993972,100,100,10.64,160.0621,-24.3192,1,1,5342.0,,,141.348,UNKNOWN,5,999.0,497
TIC 219249015,219249015,100,100,14.66,171.5451,-20.0274,1,2,50000.0,0.147,0.5,2571.55,DWARF,2,1.266635,498
TIC 332827592,332827592,100,100,15.23,165.301,-13.2451,1,3,,,,46.8078,UNKNOWN,5,999.0,499
TIC 396796019,396796019,100,100,11.85,147.6565,-13.933,1,4,,,,,UNKNOWN,5,999.0,500
TIC 162025064,162025064,100,100,14.13,168.0676,-45.5461,2,1,3277.0,0.512223,0.510005,160.611,DWARF,0,2.244918,501
TIC 21943925,21943925,100,100,14.05,181.9975,-45.3493,2,2,3086.0,0.447631,0.444016,117.279,DWARF,0,2.11184,502
TIC 180993390,180993390,100,100,14.15,172.8356,-39.0472,2,3,3285.0,0.500346,0.498397,,DWARF,0,2.228541,503
TIC 49047002,49047002,100,100,14.89,164.4049,-35.8431,2,4,3571.0,0.501211,0.499252,246.108,DWARF,0,2.378041,504
TIC 333822056,333822056,100,100,14.34,182.225,-51.7342,3,1,2997.0,0.395507,0.386399,106.507,DWARF,0,2.062308,505
TIC 450486934,450486934,100,100,14.47,186.2686,-63.5703,3,2,2938.0,0.392035,0.382461,108.285,DWARF,0,2.08065,506
TIC 965409866,965409866,100,100,15.09,185.4339,-67.9878,3,3,3361.0,0.348995,0.38,142.614,DWARF,0,2.103638,507
TIC 413093286,413093286,100,100,14.36,204.8781,-57.7001,3,4,3088.0,0.454984,0.451865,136.489,DWARF,0,2.187992,508
TIC 1130311156,1130311156,100,100,14.79,225.6036,-60.5469,4,1,3710.0,0.506471,0.55,225.312,DWARF,0,2.367109,509
TIC 425813458,425813458,100,100,14.54,234.3756,-77.8679,4,2,3583.0,0.508743,0.506629,218.446,DWARF,0,2.320997,510
TIC 343450669,343450669,100,100,14.89,268.5725,-74.6342,4,3,3302.0,0.390239,0.380419,164.576,DWARF,0,2.160661,511
TIC 74183440,74183440,100,100,14.24,264.4857,-58.9941,4,4,4064.0,0.437473,0.64,198.116,DWARF,0,2.129903,512
TIC 71222516,71222516,100,100,10.74,154.1889,-31.1454,1,1,5094.0,,,121.954,UNKNOWN,5,999.0,513
TIC 219512715,219512715,100,100,14.12,174.6954,-21.0988,1,2,31000.0,0.18,0.47,1176.35,DWARF,2,1.334545,514
TIC 56719135,56719135,100,100,10.74,159.0448,-9.2918,1,3,5422.0,2.83507,,494.912,GIANT,6,3.053128,515
TIC 422208548,422208548,100,100,12.45,151.5456,-15.2878,1,4,,,,,UNKNOWN,5,999.0,516
TIC 82770324,82770324,100,100,14.05,170.0464,-48.275,2,1,3348.0,0.554299,0.549106,179.454,DWARF,0,2.297488,517
TIC 72625788,72625788,100,100,15.24,187.9693,-43.6941,2,2,3225.0,0.345907,0.329477,163.861,DWARF,0,2.125919,518
TIC 152510558,152510558,100,100,14.7,172.1143,-36.451,2,3,3266.0,0.44097,0.436839,,DWARF,0,2.228818,519
TIC 146883975,146883975,100,100,14.13,160.9742,-42.7148,2,4,3505.0,0.601754,0.46,179.041,DWARF,0,2.384838,520
TIC 160838312,160838312,100,100,14.3,189.7808,-51.5048,3,1,3072.0,0.399638,0.391071,114.103,DWARF,0,2.063334,521
TIC 287903310,287903310,100,100,14.04,185.0627,-59.174,3,2,3110.0,0.433932,0.429191,113.895,DWARF,0,2.082843,522
TIC 341865260,341865260,100,100,14.03,203.6808,-69.1016,3,3,3124.0,0.447687,0.444077,114.26,DWARF,0,2.107949,523
TIC 327172124,327172124,100,100,15.9,210.4994,-60.9694,3,4,3192.0,0.323051,0.303073,180.899,DWARF,0,2.198542,524
TIC 363649375,363649375,100,100,14.67,249.8731,-68.1543,4,1,3674.0,0.521001,0.518423,243.202,DWARF,0,2.367677,525
TIC 426420569,426420569,100,100,14.24,242.9827,-77.686,4,2,3781.0,0.553704,0.548574,236.955,DWARF,0,2.334555,526
TIC 257576384,257576384,100,100,14.04,292.2278,-78.4532,4,3,3282.0,0.496271,0.494358,146.363,DWARF,0,2.199438,527
TIC 447545660,447545660,100,100,15.65,253.5843,-65.6367,4,4,3419.0,0.331897,0.313283,200.445,DWARF,0,2.172007,528
TIC 942944323,942944323,100,100,11.12,160.0622,-24.3196,1,1,,,,143.041,UNKNOWN,5,999.0,529
TIC 333796807,333796807,100,100,15.4,175.9509,-22.5563,1,2,34000.0,0.143,0.47,5427.96,DWARF,2,1.390672,530
TIC 26306094,26306094,100,100,12.74,153.8875,-11.2507,1,4,,,,41.5911,UNKNOWN,5,999.0,531
TIC 272642306,272642306,100,100,14.52,161.3625,-53.5891,2,1,3313.0,0.50066,0.498708,187.003,DWARF,0,2.303086,532
TIC 275548272,275548272,100,100,14.7,178.9342,-47.0296,2,2,3126.0,0.394871,0.385678,137.614,DWARF,0,2.13291,533
TIC 181222423,181222423,100,100,15.33,174.8071,-38.3351,2,3,3335.0,0.385294,0.374788,199.415,DWARF,0,2.237584,534
TIC 105917008,105917008,100,100,15.62,157.4122,-37.1179,2,4,3521.0,0.456128,0.453078,298.946,DWARF,0,2.442173,535
TIC 405643974,405643974,100,100,14.66,191.8165,-54.4371,3,1,2903.0,0.368577,0.355634,110.128,DWARF,0,2.065056,536
TIC 450796086,450796086,100,100,14.04,187.0456,-63.2398,3,2,3067.0,0.443412,0.439478,110.871,DWARF,0,2.101615,537
TIC 329319981,329319981,100,100,14.58,191.8357,-66.7173,3,3,3157.0,0.398345,0.38961,133.367,DWARF,0,2.116519,538
TIC 448621200,448621200,100,100,14.82,212.0445,-66.8117,3,4,3544.0,0.414686,0.407957,180.765,DWARF,0,2.199439,539
TIC 361639997,361639997,100,100,15.59,243.8513,-66.613,4,1,3613.0,0.424657,0.419013,245.633,DWARF,0,2.374077,540
TIC 446852351,446852351,100,100,14.65,218.6674,-71.213,4,2,3788.0,0.509984,0.58,229.331,DWARF,0,2.345113,541
TIC 293724798,293724798,100,100,14.86,262.8872,-70.24,4,3,3429.0,0.428019,0.422715,,DWARF,0,2.234926,542
TIC 365895335,365895335,100,100,14.34,275.8372,-63.2773,4,4,3557.0,0.451364,0.448011,166.781,DWARF,0,2.177054,543
TIC 49044042,49044042,100,100,11.23,164.3338,-30.1609,1,1,13916.0,,,1809.71,UNKNOWN,5,999.0,544
TIC 52215924,52215924,100,100,15.46,176.2089,-23.4718,1,2,54718.0,0.147,0.5,2322.67,DWARF,2,1.426635,545
TIC 432164209,432164209,100,100,12.91,153.4142,-19.3655,1,4,,,,268.142,UNKNOWN,5,999.0,546
TIC 411006652,411006652,100,100,14.59,160.7209,-53.1781,2,1,3222.0,0.505452,0.503418,,DWARF,0,2.32536,547
TIC 22450573,22450573,100,100,14.3,184.4348,-44.2394,2,2,3402.0,0.434852,0.430194,148.165,DWARF,0,2.136683,548
TIC 152024022,152024022,100,100,14.13,169.2002,-36.2182,2,3,3550.0,0.507921,0.505829,177.232,DWARF,0,2.237592,549
TIC 105653881,105653881,100,100,15.18,156.1776,-36.7976,2,4,3721.0,0.505878,0.503835,305.105,DWARF,0,2.444092,550
TIC 405514195,405514195,100,100,15.19,190.3679,-58.5711,3,1,2832.0,0.328343,0.309178,96.4674,DWARF,0,2.070656,551
TIC 451704369,451704369,100,100,14.41,172.1478,-59.474,3,2,3151.0,0.407888,0.400357,126.589,DWARF,0,2.103082,552
TIC 334999132,334999132,100,100,14.02,194.3008,-71.3264,3,3,3018.0,0.455751,0.452679,102.589,DWARF,0,2.121455,553
TIC 209648162,209648162,100,100,14.15,210.8458,-59.0325,3,4,3291.0,0.491174,0.489265,,DWARF,0,2.212471,554
TIC 360790455,360790455,100,100,15.6,240.9396,-66.851,4,1,3428.0,0.425649,0.420107,256.83,DWARF,0,2.378103,555
TIC 394834541,394834541,100,100,14.01,202.8965,-77.1897,4,2,4030.0,0.594019,0.583182,239.68,DWARF,0,2.349601,556
TIC 301308530,301308530,100,100,14.89,256.0154,-70.9485,4,3,3637.0,0.463314,0.460659,235.58,DWARF,0,2.309751,557
TIC 367383437,367383437,100,100,15.57,259.8731,-59.323,4,4,3264.0,0.345362,0.328847,184.253,DWARF,0,2.190549,558
TIC 71029363,71029363,100,100,11.47,153.0371,-31.4126,1,1,,,,49.1915,UNKNOWN,5,999.0,559
TIC 461156754,461156754,100,100,14.63,165.6344,-25.374,1,2,31000.0,0.18,0.47,2193.98,DWARF,2,1.436545,560
TIC 101226649,101226649,100,100,14.13,155.664,-13.364,1,4,,,,46.891,UNKNOWN,5,999.0,561
TIC 71886202,71886202,100,100,14.04,166.9558,-46.8752,2,1,3385.0,0.574266,0.566567,191.493,DWARF,0,2.326226,562
TIC 72181216,72181216,100,100,14.82,186.4973,-46.7957,2,2,2984.0,0.386012,0.375606,131.464,DWARF,0,2.137202,563
TIC 454104578,454104578,100,100,14.62,176.8733,-36.4841,2,3,3372.0,0.463965,0.461342,177.574,DWARF,0,2.25697,564
TIC 146525556,146525556,100,100,15.19,158.8491,-42.648,2,4,3830.0,0.555296,0.549993,340.332,DWARF,0,2.527049,565
TIC 333772148,333772148,100,100,14.66,182.0051,-52.2201,3,1,2923.0,0.372109,0.359692,111.433,DWARF,0,2.07334,566
TIC 433360193,433360193,100,100,14.1,183.011,-56.6732,3,2,3095.0,0.439006,0.434712,118.777,DWARF,0,2.104941,567
TIC 333884277,333884277,100,100,14.66,192.7465,-66.3752,3,3,3052.0,0.394009,0.384701,130.924,DWARF,0,2.123012,568
TIC 241791332,241791332,100,100,14.8,209.4383,-53.7372,3,4,3075.0,0.423527,0.417766,153.864,DWARF,0,2.213762,569
TIC 343165279,343165279,100,100,15.44,240.7769,-65.2721,4,1,3163.0,0.444099,0.440218,222.706,DWARF,0,2.38296,570
TIC 407125926,407125926,100,100,14.85,234.5014,-80.2021,4,2,3295.0,0.493637,0.491732,209.684,DWARF,0,2.356815,571
TIC 292778668,292778668,100,100,15.5,274.978,-80.3353,4,3,3428.0,0.427444,0.422082,249.171,DWARF,0,2.361758,572
TIC 294146078,294146078,100,100,15.73,264.7531,-68.3557,4,4,3176.0,0.333756,0.315431,187.853,DWARF,0,2.192858,573
TIC 70826190,70826190,100,100,11.59,152.1818,-32.2195,1,1,,,,31.3587,UNKNOWN,5,999.0,574
TIC 437230991,437230991,100,100,14.73,164.7624,-21.4923,1,2,31000.0,0.18,0.47,1131.39,DWARF,2,1.456545,575
TIC 348905880,348905880,100,100,14.35,148.8384,-12.1076,1,4,,,,,UNKNOWN,5,999.0,576
TIC 272744793,272744793,100,100,14.38,161.5146,-50.6219,2,1,3620.0,0.53608,0.532562,219.129,DWARF,0,2.334459,577
TIC 275470331,275470331,100,100,14.3,178.6254,-47.3158,2,2,3165.0,0.437258,0.432814,134.087,DWARF,0,2.141476,578
TIC 152484651,152484651,100,100,14.3,171.9447,-39.7096,2,3,3526.0,0.500071,0.498126,182.525,DWARF,0,2.258063,579
TIC 106310877,106310877,100,100,15.26,158.7814,-38.359,2,4,3583.0,0.584604,0.575342,343.529,DWARF,0,2.585724,580
TIC 253249438,253249438,100,100,14.45,195.6137,-57.8801,3,1,3107.0,0.390676,0.380916,113.501,DWARF,0,2.073633,581
TIC 398775692,398775692,100,100,14.23,180.3391,-54.7596,3,2,2969.0,0.426113,0.420618,111.707,DWARF,0,2.10505,582
TIC 361991968,361991968,100,100,14.73,196.2105,-72.3606,3,3,2994.0,0.390246,0.380427,127.46,DWARF,0,2.128677,583
TIC 241790721,241790721,100,100,15.44,209.42,-53.908,3,4,3289.0,0.365604,0.352212,190.018,DWARF,0,2.214022,584
TIC 456119977,456119977,100,100,14.93,230.6961,-65.0988,4,1,3557.0,0.502265,0.50029,246.73,DWARF,0,2.387866,585
TIC 1106787470,1106787470,100,100,15.08,229.0883,-70.3055,4,2,3663.0,0.478432,0.53,247.647,DWARF,0,2.37564,586
TIC 310802947,310802947,100,100,14.44,255.3262,-72.7706,4,3,3764.0,0.551816,0.546885,249.047,DWARF,0,2.371589,587
TIC 304834163,304834163,100,100,14.06,260.8397,-59.9913,4,4,3538.0,0.493582,0.491677,161.249,DWARF,0,2.198719,588
TIC 308932824,308932824,100,100,11.8,150.6287,-28.2413,1,1,,,,,UNKNOWN,5,999.0,589
TIC 437237493,437237493,100,100,14.94,165.1946,-21.2199,1,2,31000.0,0.18,0.47,2101.11,DWARF,2,1.498545,590
TIC 307982318,307982318,100,100,14.9,154.9678,-14.1261,1,4,,,,106.743,UNKNOWN,5,999.0,591
TIC 932895055,932895055,100,100,14.23,171.6134,-54.7407,2,1,3549.0,0.565372,0.48,179.665,DWARF,0,2.350669,592
TIC 72564432,72564432,100,100,14.78,187.8789,-45.9768,2,2,3111.0,0.391851,0.382251,140.379,DWARF,0,2.142242,593
TIC 181020924,181020924,100,100,14.08,173.305,-37.1787,2,3,3505.0,0.627111,0.609668,231.547,DWARF,0,2.410689,594
TIC 49048205,49048205,100,100,15.73,164.5664,-34.0921,2,4,3974.0,0.612303,0.598012,532.688,DWARF,0,2.719933,595
TIC 333823153,333823153,100,100,14.26,182.225,-51.2657,3,1,3107.0,0.409458,0.402116,115.293,DWARF,0,2.076419,596
TIC 267846412,267846412,100,100,14.05,176.2949,-57.776,3,2,3027.0,0.44469,0.440856,112.284,DWARF,0,2.106115,597
TIC 281881505,281881505,100,100,14.26,186.0432,-70.965,3,3,3271.0,0.444334,0.440472,142.97,DWARF,0,2.147419,598
TIC 261486846,261486846,100,100,14.9,209.7442,-53.7444,3,4,3382.0,0.417185,0.410739,179.716,DWARF,0,2.220657,599
TIC 351172489,351172489,100,100,15.65,247.1698,-63.7317,4,1,3346.0,0.428197,0.42291,253.118,DWARF,0,2.393287,600
TIC 446678900,446678900,100,100,14.36,211.3507,-78.6029,4,2,3731.0,0.571824,0.564468,240.985,DWARF,0,2.386525,601
TIC 276645342,276645342,100,100,15.54,265.3512,-81.8832,4,3,3393.0,0.42851,0.423254,251.044,DWARF,0,2.371922,602
TIC 365431944,365431944,100,100,15.18,273.1151,-65.6953,4,4,3333.0,0.382284,0.371351,184.56,DWARF,0,2.200772,603
TIC 71222521,71222521,100,100,11.88,154.1911,-31.1472,1,1,,,,99.131,UNKNOWN,5,999.0,604
TIC 410427329,410427329,100,100,15.6,167.2945,-20.415,1,2,31000.0,0.18,0.47,1238.79,DWARF,2,1.630545,605
TIC 192544822,192544822,100,100,15.09,154.6863,-18.1521,1,4,,,,1125.59,UNKNOWN,5,999.0,606
TIC 80840984,80840984,100,100,14.31,166.0446,-51.4305,2,1,3784.0,0.562531,0.556387,238.898,DWARF,0,2.362293,607
TIC 73089465,73089465,100,100,14.03,189.7574,-45.1846,2,2,3046.0,0.467689,0.465234,,DWARF,0,2.145914,608
TIC 57689392,57689392,100,100,15.98,173.9502,-34.8938,2,3,3775.0,0.549378,0.544695,488.715,DWARF,0,2.675743,609
TIC 105994991,105994991,100,100,15.59,157.7042,-41.9004,2,4,3666.0,0.640597,0.620031,514.498,DWARF,0,2.73117,610
TIC 241405389,241405389,100,100,14.75,205.002,-51.8276,3,1,3051.0,0.365907,0.352561,123.269,DWARF,0,2.076741,611
TIC 316933627,316933627,100,100,14.56,172.3919,-64.6462,3,2,2900.0,0.396957,0.38804,,DWARF,0,2.109487,612
TIC 342197862,342197862,100,100,14.24,204.363,-70.9816,3,3,3239.0,0.450699,0.447301,137.997,DWARF,0,2.155773,613
TIC 292781652,292781652,100,100,14.46,218.6253,-59.6363,3,4,3673.0,0.462246,0.459537,190.263,DWARF,0,2.221746,614
TIC 350465911,350465911,100,100,15.9,246.4018,-62.9609,4,1,3332.0,0.409174,0.401798,270.024,DWARF,0,2.403816,615
TIC 446328899,446328899,100,100,15.46,216.9732,-68.9277,4,2,3194.0,0.445927,0.442186,227.489,DWARF,0,2.390528,616
TIC 404193340,404193340,100,100,14.78,298.3637,-77.0236,4,3,3624.0,0.510749,0.508578,248.305,DWARF,0,2.372415,617
TIC 364624549,364624549,100,100,14.39,254.0041,-68.7947,4,4,3517.0,0.462399,0.459698,174.563,DWARF,0,2.208034,618
TIC 193276061,193276061,100,100,12.07,158.6986,-28.6312,1,1,,,,,UNKNOWN,5,999.0,619
TIC 219382963,219382963,100,100,15.65,172.1771,-18.9722,1,2,31000.0,0.18,0.47,2254.73,DWARF,2,1.640545,620
TIC 415646477,415646477,100,100,15.33,147.7541,-21.0101,1,4,,,,1034.52,UNKNOWN,5,999.0,621
TIC 146111390,146111390,100,100,15.56,157.6525,-47.3162,2,1,3470.0,0.494697,0.492791,324.699,DWARF,0,2.500679,622
TIC 21711192,21711192,100,100,14.41,180.673,-43.7466,2,2,3172.0,0.431763,0.42682,140.014,DWARF,0,2.152491,623
TIC 403800675,403800675,100,100,14.92,179.3663,-28.0648,2,3,4944.0,0.719053,0.81,690.372,DWARF,0,2.697522,624
TIC 158152328,158152328,100,100,15.75,162.2091,-36.8,2,4,3808.0,0.687618,0.654654,626.077,DWARF,0,2.824694,625
TIC 419951878,419951878,100,100,14.44,202.7785,-51.31,3,1,2904.0,0.392997,0.383553,105.721,DWARF,0,2.076778,626
TIC 451987541,451987541,100,100,14.04,173.3367,-59.3878,3,2,2929.0,0.448804,0.445274,106.016,DWARF,0,2.112113,627
TIC 313402295,313402295,100,100,14.23,183.5796,-67.4047,3,3,3251.0,0.455419,0.452327,142.517,DWARF,0,2.162822,628
TIC 315494959,315494959,100,100,15.0,203.1729,-63.4178,3,4,3443.0,0.423024,0.417211,196.628,DWARF,0,2.25273,629
TIC 447112449,447112449,100,100,15.3,239.3901,-69.1699,4,1,3558.0,0.47006,0.467702,275.819,DWARF,0,2.404307,630
TIC 363800869,363800869,100,100,15.52,250.6267,-71.3063,4,2,3424.0,0.441249,0.437142,265.054,DWARF,0,2.393367,631
TIC 292290669,292290669,100,100,15.57,278.7727,-67.3318,4,3,3415.0,0.427975,0.422667,265.841,DWARF,0,2.376837,632
TIC 304430726,304430726,100,100,14.77,259.606,-62.905,4,4,3300.0,0.424942,0.419328,165.302,DWARF,0,2.210659,633
TIC 168067555,168067555,100,100,12.16,152.5175,-29.4536,1,1,4616.0,,,172.692,UNKNOWN,5,999.0,634
TIC 461133920,461133920,100,100,15.66,165.3535,-27.8616,1,2,40966.0,0.254,0.47,2371.71,DWARF,2,1.941667,635
TIC 96177686,96177686,100,100,15.77,147.6923,-11.5175,1,4,4015.0,,,819.107,UNKNOWN,5,999.0,636
TIC 162803640,162803640,100,100,15.52,171.0965,-43.5527,2,1,3591.0,0.503923,0.501919,,DWARF,0,2.508728,637
TIC 333825856,333825856,100,100,14.7,182.2078,-50.0302,2,2,3134.0,0.408449,0.400986,143.808,DWARF,0,2.162276,638
TIC 57154213,57154213,100,100,15.24,170.3375,-32.3881,2,3,4042.0,0.668604,0.640893,462.385,DWARF,0,2.698338,639
TIC 147136123,147136123,100,100,14.69,161.8853,-42.4664,2,4,5330.0,0.973418,0.92,929.669,DWARF,0,2.914599,640
TIC 248187285,248187285,100,100,14.68,194.4515,-47.6237,3,1,3050.0,0.372343,0.359962,118.786,DWARF,0,2.077886,641
TIC 400870031,400870031,100,100,14.12,178.3689,-53.1401,3,2,2879.0,0.446478,0.442779,105.899,DWARF,0,2.1236,642
TIC 410583732,410583732,100,100,14.27,176.9012,-67.9822,3,3,3211.0,0.45482,0.451691,140.05,DWARF,0,2.169679,643
TIC 208166000,208166000,100,100,14.45,208.1323,-54.1595,3,4,3283.0,0.480705,0.478665,167.02,DWARF,0,2.253757,644
TIC 299875183,299875183,100,100,14.03,244.1468,-60.2267,4,1,4314.0,0.630256,0.67,294.989,DWARF,0,2.405034,645
TIC 260837931,260837931,100,100,15.9,225.9352,-70.8525,4,2,3390.0,0.404962,0.397071,257.907,DWARF,0,2.394829,646
TIC 343601461,343601461,100,100,15.82,271.8142,-72.7323,4,3,3506.0,0.412468,0.405483,295.814,DWARF,0,2.394781,647
TIC 118056905,118056905,100,100,15.94,271.4171,-59.1139,4,4,3218.0,0.327109,0.307755,197.675,DWARF,0,2.217385,648
TIC 71221700,71221700,100,100,12.39,154.0486,-29.9763,1,1,,,,536.765,UNKNOWN,5,999.0,649
TIC 434496663,434496663,100,100,10.19,173.025,-20.6327,1,2,6433.0,2.10148,1.3,370.146,DWARF,2,2.683051,650
TIC 293603911,293603911,100,100,15.19,149.5253,-13.6023,1,4,,,,,GIANT,6,999.0,651
TIC 146374965,146374965,100,100,15.64,158.5191,-47.7531,2,1,3452.0,0.493216,0.491311,330.554,DWARF,0,2.514074,652
TIC 21710187,21710187,100,100,15.5,180.6888,-44.7791,2,2,2970.0,0.340117,0.322784,151.939,DWARF,0,2.163257,653
TIC 57468738,57468738,100,100,15.63,172.6383,-31.5155,2,3,3716.0,0.648638,0.626105,,DWARF,0,2.750005,654
TIC 54361278,54361278,100,100,15.19,161.863,-31.9129,2,4,3991.0,0.89447,0.62,578.183,DWARF,0,2.941132,655
TIC 334980044,334980044,100,100,14.56,184.857,-50.4527,3,1,3005.0,0.383014,0.372185,117.872,DWARF,0,2.078429,656
TIC 379229220,379229220,100,100,14.85,180.9468,-65.0405,3,2,3195.0,0.387458,0.377254,148.02,DWARF,0,2.146449,657
TIC 395177431,395177431,100,100,14.94,204.8887,-72.0744,3,3,3185.0,0.394951,0.385769,155.803,DWARF,0,2.181086,658
TIC 388120343,388120343,100,100,15.57,217.2251,-60.7816,3,4,3252.0,0.373982,0.361843,199.811,DWARF,0,2.259701,659
TIC 350848819,350848819,100,100,15.86,246.7454,-65.2778,4,1,3227.0,0.414025,0.407221,267.666,DWARF,0,2.406053,660
TIC 421261756,421261756,100,100,14.66,217.2405,-81.3549,4,2,3189.0,0.539189,0.535428,206.899,DWARF,0,2.395482,661
TIC 387114841,387114841,100,100,15.16,286.4191,-77.9679,4,3,3338.0,0.486396,0.48445,248.502,DWARF,0,2.40598,662
TIC 380165273,380165273,100,100,15.88,257.3881,-58.7434,4,4,3079.0,0.338317,0.320703,193.545,DWARF,0,2.234648,663
TIC 188035578,188035578,100,100,12.66,160.6727,-24.2667,1,1,,,,10.3978,UNKNOWN,5,999.0,664
TIC 168384036,168384036,100,100,10.36,166.4751,-25.9531,1,2,6873.0,2.87378,1.49,613.416,DWARF,2,2.988907,665
TIC 305221608,305221608,100,100,15.11,165.7482,-56.0345,2,1,3727.0,0.615325,0.600415,367.917,DWARF,0,2.600209,666
TIC 72123718,72123718,100,100,14.32,186.3301,-44.5586,2,2,3155.0,0.448778,0.445246,138.527,DWARF,0,2.168063,667
TIC 181151768,181151768,100,100,14.12,174.1907,-36.1694,2,3,5929.0,1.03763,1.08,944.349,DWARF,0,2.856085,668
TIC 54352843,54352843,100,100,15.96,161.5832,-33.971,2,4,5521.0,0.776416,0.97,1477.6,DWARF,0,2.972189,669
TIC 404226326,404226326,100,100,14.18,195.4022,-52.9989,3,1,3007.0,0.418329,0.41201,109.843,DWARF,0,2.079036,670
TIC 415108058,415108058,100,100,14.52,189.3593,-60.3051,3,2,3123.0,0.418512,0.412213,135.839,DWARF,0,2.147416,671
TIC 411459920,411459920,100,100,14.39,179.6771,-67.9402,3,3,3243.0,0.452841,0.449586,151.526,DWARF,0,2.189891,672
TIC 90153672,90153672,100,100,14.38,204.3671,-58.0661,3,4,3365.0,0.496393,0.494479,178.395,DWARF,0,2.267651,673
TIC 261954388,261954388,100,100,14.65,227.903,-68.3122,4,1,3818.0,0.547501,0.543001,271.315,DWARF,0,2.40677,674
TIC 402808001,402808001,100,100,15.23,224.9298,-76.7018,4,2,3228.0,0.474895,0.472705,223.358,DWARF,0,2.399195,675
TIC 345204514,345204514,100,100,15.86,281.9922,-72.1544,4,3,3374.0,0.416524,0.410004,274.58,DWARF,0,2.41128,676
TIC 364355149,364355149,100,100,15.89,252.6263,-67.7683,4,4,3256.0,0.337699,0.319988,202.017,DWARF,0,2.23506,677
TIC 71718925,71718925,100,100,14.64,156.6916,-32.6665,1,1,,,,786.123,UNKNOWN,5,999.0,678
TIC 168384845,168384845,100,100,12.96,166.4798,-27.7683,1,2,6382.0,2.00901,1.28,1262.02,DWARF,2,3.197964,679
TIC 303106992,303106992,100,100,15.8,159.0613,-51.1259,2,1,3865.0,0.548856,0.544225,500.322,DWARF,0,2.638917,680
TIC 400809313,400809313,100,100,14.4,178.3491,-48.8057,2,2,3069.0,0.447464,0.443838,137.024,DWARF,0,2.181516,681
TIC 181206363,181206363,100,100,16.0,174.5955,-36.7678,2,3,4566.0,0.873783,0.72,1113.9,DWARF,0,3.082807,682
TIC 54148559,54148559,100,100,14.67,160.6219,-35.2504,2,4,5879.0,1.81466,1.07,2121.0,DWARF,1,3.451591,683
TIC 334785082,334785082,100,100,14.67,184.43,-52.3428,3,1,3043.0,0.374152,0.362038,122.539,DWARF,0,2.080096,684
TIC 306297207,306297207,100,100,14.12,179.0207,-60.1976,3,2,3131.0,0.46227,0.459562,130.854,DWARF,0,2.153791,685
TIC 337363374,337363374,100,100,14.26,197.2639,-68.3445,3,3,3268.0,0.468348,0.465921,147.512,DWARF,0,2.193137,686
TIC 457451162,457451162,100,100,14.74,206.2244,-56.5884,3,4,3314.0,0.457268,0.454286,190.144,DWARF,0,2.268342,687
TIC 300762528,300762528,100,100,15.54,245.4219,-61.8399,4,1,3497.0,0.447066,0.44341,,DWARF,0,2.408743,688
TIC 425807156,425807156,100,100,15.68,234.5715,-73.5699,4,2,3350.0,0.43507,0.430432,268.931,DWARF,0,2.413118,689
TIC 343832457,343832457,100,100,15.31,273.8979,-73.6035,4,3,3548.0,0.4791,0.477025,288.097,DWARF,0,2.422852,690
TIC 294064404,294064404,100,100,15.42,264.3594,-68.7482,4,4,3154.0,0.379263,0.367895,183.517,DWARF,0,2.241881,691
TIC 71338307,71338307,100,100,14.86,154.6644,-31.1333,1,1,,,,43.8225,UNKNOWN,5,999.0,692
TIC 219187616,219187616,100,100,10.8,170.9841,-18.3639,1,2,3451.0,,,17.9707,DWARF,2,999.0,693
TIC 93843119,93843119,100,100,15.64,176.34,-48.2367,2,1,3854.0,0.576877,0.5688,482.721,DWARF,0,2.650166,694
TIC 15523450,15523450,100,100,14.13,185.4964,-48.7163,2,2,3158.0,0.482407,0.480402,139.353,DWARF,0,2.192827,695
TIC 57788453,57788453,100,100,15.29,174.5021,-35.5679,2,3,5692.0,1.13076,1.01,1643.59,DWARF,0,3.164741,696
TIC 287281529,287281529,100,100,14.54,165.066,-31.5463,2,4,34000.0,0.143,0.47,882.555,DWARF,2,1.218672,697
TIC 245266758,245266758,100,100,14.6,199.3465,-51.3716,3,1,3161.0,0.380269,0.369047,121.889,DWARF,0,2.080182,698
TIC 310289983,310289983,100,100,14.33,185.2003,-61.9601,3,2,2915.0,0.441047,0.436923,117.399,DWARF,0,2.15497,699
TIC 1008830949,1008830949,100,100,15.85,208.8278,-68.9587,3,3,3382.0,0.329515,0.39,194.928,DWARF,0,2.20575,700
TIC 386727849,386727849,100,100,15.04,216.9783,-62.7389,3,4,3407.0,0.432316,0.427425,204.418,DWARF,0,2.279603,701
TIC 208708501,208708501,100,100,15.3,245.0307,-58.7858,4,1,3550.0,0.473675,0.471445,270.673,DWARF,0,2.410961,702
TIC 446898201,446898201,100,100,14.7,232.7459,-71.2898,4,2,3781.0,0.559224,0.553477,290.017,DWARF,0,2.435172,703
TIC 292545391,292545391,100,100,15.01,270.6958,-77.5466,4,3,3597.0,0.513526,0.511264,269.25,DWARF,0,2.423125,704
TIC 301754745,301754745,100,100,14.6,258.8876,-67.6822,4,4,3506.0,0.460341,0.457532,191.727,DWARF,0,2.246159,705
TIC 188118976,188118976,100,100,14.93,161.6272,-27.8634,1,1,,,,66.174,UNKNOWN,5,999.0,706
TIC 20501510,20501510,100,100,11.14,169.1528,-27.9612,1,2,3301.0,,,14.0589,DWARF,2,999.0,707
TIC 147531988,147531988,100,100,15.94,163.2908,-47.3782,2,1,3653.0,0.541901,0.537912,438.671,DWARF,0,2.65584,708
TIC 72926394,72926394,100,100,14.21,189.1496,-47.7529,2,2,2978.0,0.474024,0.471806,,DWARF,0,2.193601,709
TIC 32660909,32660909,100,100,14.08,176.3557,-28.2076,2,3,31000.0,0.18,0.47,1780.43,DWARF,2,1.326545,710
TIC 151641999,151641999,100,100,14.74,166.9092,-37.7036,2,4,50000.0,0.147,0.5,1141.77,DWARF,2,1.282635,711
TIC 411685847,411685847,100,100,14.87,189.316,-56.9498,3,1,2947.0,0.357405,0.34276,116.584,DWARF,0,2.080321,712
TIC 390015765,390015765,100,100,14.79,182.6332,-58.6317,3,2,3102.0,0.398014,0.389236,108.887,DWARF,0,2.157797,713
TIC 392031514,392031514,100,100,14.25,174.3441,-69.8212,3,3,3208.0,0.481379,0.479354,148.19,DWARF,0,2.214974,714
TIC 421462711,421462711,100,100,15.64,219.4316,-66.3184,3,4,3283.0,0.37665,0.364903,212.911,DWARF,0,2.279876,715
TIC 423578017,423578017,100,100,15.26,235.1067,-59.9875,4,1,3377.0,0.480895,0.47886,250.616,DWARF,0,2.416101,716
TIC 403599671,403599671,100,100,14.49,231.683,-73.1691,4,2,3869.0,0.59225,0.58172,288.452,DWARF,0,2.44301,717
TIC 304592045,304592045,100,100,15.34,277.3079,-71.4462,4,3,3523.0,0.476807,0.474672,275.189,DWARF,0,2.424685,718
TIC 172209955,172209955,100,100,15.39,255.8763,-59.4526,4,4,3297.0,0.387939,0.377802,198.436,DWARF,0,2.255527,719
TIC 942701058,942701058,100,100,15.07,163.085,-30.6364,1,1,,,,1597.85,UNKNOWN,5,999.0,720
TIC 437259571,437259571,100,100,13.11,170.1876,-20.7858,1,2,,,,508.705,DWARF,2,999.0,721
TIC 82770711,82770711,100,100,14.81,170.115,-48.4768,2,1,5939.0,0.947852,1.08,1195.43,DWARF,0,2.915481,722
TIC 389215319,389215319,100,100,14.11,179.8341,-43.036,2,2,3521.0,0.493353,0.491448,164.366,DWARF,0,2.208316,723
TIC 293111239,293111239,100,100,14.37,178.3985,-28.381,2,3,31000.0,0.18,0.47,2379.49,DWARF,2,1.384545,724
TIC 106374078,106374078,100,100,13.7,159.2274,-36.8779,2,4,8726.0,0.830801,2.19,1080.15,DWARF,2,2.578994,725
TIC 405857466,405857466,100,100,14.88,192.6505,-54.6688,3,1,3034.0,0.35704,0.342338,123.673,DWARF,0,2.081434,726
TIC 323602814,323602814,100,100,14.71,176.6835,-65.6805,3,2,3188.0,0.405878,0.398101,148.717,DWARF,0,2.158791,727
TIC 448259069,448259069,100,100,14.48,209.1147,-71.0177,3,3,3265.0,0.460898,0.458119,159.737,DWARF,0,2.22321,728
TIC 185564065,185564065,100,100,15.02,219.6511,-59.354,3,4,3151.0,0.440678,0.436524,154.729,DWARF,0,2.292243,729
TIC 257590169,257590169,100,100,14.44,220.16,-66.8077,4,1,3638.0,0.582046,0.573187,,DWARF,0,2.417915,730
TIC 446714532,446714532,100,100,15.5,217.7357,-70.855,4,2,3257.0,0.470027,0.467667,256.32,DWARF,0,2.444246,731
TIC 344079482,344079482,100,100,15.79,278.6233,-72.6739,4,3,3253.0,0.439235,0.43496,276.974,DWARF,0,2.443394,732
TIC 74599877,74599877,100,100,14.24,265.3608,-57.7287,4,4,3463.0,0.507034,0.504965,175.009,DWARF,0,2.258074,733
TIC 434477379,434477379,100,100,15.2,156.1409,-23.2803,1,1,,,,891.741,UNKNOWN,5,999.0,734
TIC 167803343,167803343,100,100,13.59,162.4996,-21.5691,1,2,,,,,DWARF,2,999.0,735
TIC 450937407,450937407,100,100,14.4,170.1641,-55.0142,2,1,4539.0,1.05211,0.71,613.383,DWARF,0,2.924122,736
TIC 72675934,72675934,100,100,14.52,188.3146,-43.1893,2,2,3237.0,0.456034,0.452979,158.369,DWARF,0,2.221994,737
TIC 142312912,142312912,100,100,15.52,181.1892,-31.7144,2,3,50000.0,0.147,0.5,1544.81,DWARF,2,1.438635,738
TIC 53735810,53735810,100,100,11.25,158.2251,-34.9899,2,4,7051.0,1.47741,1.56,500.258,DWARF,2,2.589002,739
TIC 412546897,412546897,100,100,14.89,193.1684,-57.6361,3,1,2992.0,0.357147,0.342462,120.904,DWARF,0,2.083694,740
TIC 467840793,467840793,100,100,14.63,169.4919,-60.8088,3,2,3086.0,0.415234,0.408568,139.34,DWARF,0,2.162586,741
TIC 392506077,392506077,100,100,15.0,175.2382,-71.2292,3,3,3174.0,0.4125,0.405518,170.476,DWARF,0,2.230848,742
TIC 448475192,448475192,100,100,15.23,211.0467,-66.6196,3,4,3734.0,0.420954,0.56,233.799,DWARF,0,2.294469,743
TIC 402465204,402465204,100,100,15.94,247.968,-60.6958,4,1,3632.0,0.415,0.408307,297.132,DWARF,0,2.424096,744
TIC 425795793,425795793,100,100,14.49,233.9306,-72.185,4,2,3811.0,0.594545,0.583615,281.976,DWARF,0,2.446369,745
TIC 344076142,344076142,100,100,15.77,278.7876,-77.244,4,3,3251.0,0.441369,0.437272,280.863,DWARF,0,2.443604,746
TIC 294293222,294293222,100,100,16.0,265.3533,-68.1862,4,4,3169.0,0.3391,0.321608,212.246,DWARF,0,2.260656,747
TIC 253391170,253391170,100,100,14.22,196.3324,-54.4162,3,1,2973.0,0.418611,0.412323,110.5,DWARF,0,2.087621,748
TIC 163948584,163948584,100,100,14.31,191.5562,-49.6278,3,1,3071.0,0.410295,0.403054,115.074,DWARF,0,2.088192,749
TIC 168836849,168836849,100,100,14.72,193.8245,-48.9158,3,1,3130.0,0.373983,0.361844,131.408,DWARF,0,2.089704,750
TIC 169475548,169475548,100,100,14.32,194.2515,-53.6873,3,1,3176.0,0.410084,0.402817,124.992,DWARF,0,2.089746,751
TIC 288884531,288884531,100,100,14.02,200.9712,-55.544,3,1,3063.0,0.440935,0.436801,111.049,DWARF,0,2.092749,752
TIC 425453540,425453540,100,100,14.89,200.9802,-52.6861,3,1,3079.0,0.361005,0.346913,130.19,DWARF,0,2.093026,753
TIC 411625482,411625482,100,100,15.52,185.4709,-54.2901,3,1,2870.0,0.312904,0.291393,129.409,DWARF,0,2.094822,754
TIC 168517159,168517159,100,100,14.04,193.5982,-53.1865,3,1,3216.0,0.440029,0.435821,116.762,DWARF,0,2.094963,755
TIC 163345604,163345604,100,100,14.03,191.1881,-51.5571,3,1,2967.0,0.441343,0.437243,109.966,DWARF,0,2.095552,756
TIC 438735249,438735249,100,100,14.71,201.3947,-50.7021,3,1,2945.0,0.377407,0.36577,120.927,DWARF,0,2.09562,757
TIC 429204482,429204482,100,100,14.78,183.9652,-51.7729,3,1,2990.0,0.372054,0.35963,120.596,DWARF,0,2.097212,758
TIC 406626814,406626814,100,100,14.56,198.5433,-56.1251,3,1,3045.0,0.391874,0.382277,120.986,DWARF,0,2.098293,759
TIC 245486342,245486342,100,100,14.37,200.35,-48.8642,3,1,3107.0,0.412866,0.405928,121.724,DWARF,0,2.105618,760
TIC 68172988,68172988,100,100,14.27,193.5495,-57.2349,3,1,3126.0,0.422839,0.417006,122.855,DWARF,0,2.10635,761
TIC 399023116,399023116,100,100,14.44,198.3348,-52.0932,3,1,3060.0,0.406644,0.39896,121.63,DWARF,0,2.106429,762
TIC 15446986,15446986,100,100,14.27,185.278,-52.2115,3,1,2922.0,0.423268,0.41748,112.455,DWARF,0,2.107231,763
TIC 244863750,244863750,100,100,14.58,196.3106,-49.3165,3,1,3059.0,0.394676,0.385457,124.618,DWARF,0,2.108481,764
TIC 169477384,169477384,100,100,14.64,194.1383,-50.7543,3,1,2951.0,0.389416,0.379483,124.443,DWARF,0,2.108828,765
TIC 163040203,163040203,100,100,14.36,190.9404,-50.5684,3,1,2927.0,0.416119,0.409553,113.32,DWARF,0,2.110435,766
TIC 333484962,333484962,100,100,14.01,181.644,-51.6169,3,1,3012.0,0.453353,0.450131,112.917,DWARF,0,2.114873,767
TIC 457051231,457051231,100,100,14.61,202.9896,-54.0437,3,1,3126.0,0.395136,0.385978,131.657,DWARF,0,2.115493,768
TIC 419850700,419850700,100,100,14.38,191.6315,-58.3851,3,1,3031.0,0.41669,0.410188,118.604,DWARF,0,2.115626,769
TIC 989935043,989935043,100,100,15.2,188.2595,-56.8549,3,1,3412.0,0.345312,0.41,149.776,DWARF,0,2.116423,770
TIC 169480490,169480490,100,100,14.25,194.1586,-52.1556,3,1,3107.0,0.430627,0.425577,122.583,DWARF,0,2.118203,771
TIC 438712956,438712956,100,100,14.44,201.2895,-49.3239,3,1,3116.0,0.41315,0.406245,127.93,DWARF,0,2.120216,772
TIC 241392172,241392172,100,100,14.35,204.8412,-52.4546,3,1,3089.0,0.421902,0.41597,125.922,DWARF,0,2.120423,773
TIC 333922157,333922157,100,100,14.83,182.3347,-51.5694,3,1,3065.0,0.378039,0.366495,133.926,DWARF,0,2.121073,774
TIC 166560208,166560208,100,100,14.43,192.8522,-49.7166,3,1,3047.0,0.414548,0.407804,124.372,DWARF,0,2.12115,775
TIC 411872965,411872965,100,100,14.1,189.6346,-56.0599,3,1,3065.0,0.448231,0.44466,117.818,DWARF,0,2.123004,776
TIC 334626173,334626173,100,100,14.05,183.6842,-52.9011,3,1,3191.0,0.453811,0.450618,127.104,DWARF,0,2.12375,777
TIC 253092415,253092415,100,100,14.42,194.4961,-55.4865,3,1,3172.0,0.416789,0.410299,136.784,DWARF,0,2.123832,778
TIC 429238826,429238826,100,100,14.81,183.9839,-51.8947,3,1,3088.0,0.381092,0.369989,137.335,DWARF,0,2.12406,779
TIC 399025305,399025305,100,100,14.33,198.4396,-50.99,3,1,3020.0,0.42586,0.420339,121.992,DWARF,0,2.124534,780
TIC 288461262,288461262,100,100,14.31,200.8025,-55.0734,3,1,3155.0,0.427896,0.422579,129.096,DWARF,0,2.124676,781
TIC 245273977,245273977,100,100,14.57,199.2105,-48.3047,3,1,3039.0,0.403078,0.394951,125.312,DWARF,0,2.124778,782
TIC 244902151,244902151,100,100,14.21,196.805,-50.4156,3,1,3144.0,0.437955,0.433571,128.151,DWARF,0,2.124859,783
TIC 288288397,288288397,100,100,14.53,187.5737,-49.9666,3,1,3075.0,0.40713,0.399507,130.655,DWARF,0,2.125466,784
TIC 244998821,244998821,100,100,14.82,197.4999,-52.9444,3,1,3134.0,0.381804,0.370803,139.261,DWARF,0,2.127681,785
TIC 404147477,404147477,100,100,14.69,195.1327,-49.973,3,1,3085.0,0.393711,0.384363,134.769,DWARF,0,2.128355,786
TIC 401282821,401282821,100,100,14.87,188.1168,-49.914,3,1,3155.0,0.378037,0.366492,143.701,DWARF,0,2.129069,787
TIC 272810842,272810842,100,100,14.86,188.1877,-55.3885,3,1,3047.0,0.378954,0.367542,136.465,DWARF,0,2.129173,788
TIC 245099541,245099541,100,100,14.21,198.0839,-53.4343,3,1,3163.0,0.440142,0.435943,130.814,DWARF,0,2.129186,789
TIC 245097161,245097161,100,100,14.01,197.9592,-52.585,3,1,3171.0,0.461359,0.458604,124.797,DWARF,0,2.130078,790
TIC 438780032,438780032,100,100,14.36,201.8505,-52.7108,3,1,3020.0,0.425865,0.420345,,DWARF,0,2.130544,791
TIC 333484698,333484698,100,100,14.01,181.7347,-51.5075,3,1,3015.0,0.461622,0.458881,116.559,DWARF,0,2.130573,792
TIC 244948227,244948227,100,100,14.38,197.1193,-49.7394,3,1,3075.0,0.424203,0.418513,127.839,DWARF,0,2.131147,793
TIC 170662296,170662296,100,100,14.55,194.6961,-50.1178,3,1,3002.0,0.408531,0.401077,126.502,DWARF,0,2.13245,794
TIC 419908772,419908772,100,100,14.4,202.5227,-52.3749,3,1,3001.0,0.422968,0.417149,124.615,DWARF,0,2.132615,795
TIC 170324620,170324620,100,100,14.74,194.7639,-47.9858,3,1,3090.0,0.392223,0.382674,133.734,DWARF,0,2.135066,796
TIC 422089507,422089507,100,100,14.23,188.725,-50.986,3,1,3142.0,0.44118,0.437067,127.892,DWARF,0,2.135232,797
TIC 419574230,419574230,100,100,14.44,191.281,-57.1151,3,1,3050.0,0.420729,0.414671,128.91,DWARF,0,2.136005,798
TIC 334615662,334615662,100,100,14.04,183.4655,-51.2413,3,1,3126.0,0.46326,0.460602,122.537,DWARF,0,2.13965,799
TIC 404274646,404274646,100,100,14.11,195.6845,-50.6757,3,1,3514.0,0.456268,0.453227,148.791,DWARF,0,2.14044,800
TIC 406374984,406374984,100,100,14.51,197.9605,-54.1327,3,1,3108.0,0.416293,0.409746,136.442,DWARF,0,2.140798,801
TIC 411876360,411876360,100,100,14.48,189.4693,-55.0536,3,1,3085.0,0.420608,0.414537,133.758,DWARF,0,2.143755,802
TIC 253195717,253195717,100,100,14.08,195.0867,-56.3909,3,1,3002.0,0.461646,0.458906,118.189,DWARF,0,2.144618,803
TIC 334977201,334977201,100,100,14.48,184.718,-51.836,3,1,3049.0,0.421132,0.415118,130.09,DWARF,0,2.144836,804
TIC 438726390,438726390,100,100,14.69,201.4929,-53.6726,3,1,3090.0,0.401333,0.392985,135.804,DWARF,0,2.14501,805
TIC 245235781,245235781,100,100,14.73,199.0962,-51.4738,3,1,3008.0,0.397831,0.389029,134.745,DWARF,0,2.145397,806
TIC 429199383,429199383,100,100,14.87,183.8819,-53.8317,3,1,3038.0,0.385247,0.374734,140.31,DWARF,0,2.145479,807
TIC 245271344,245271344,100,100,14.35,199.3204,-49.5677,3,1,3182.0,0.434358,0.429656,130.281,DWARF,0,2.145696,808
TIC 401227779,401227779,100,100,14.68,187.7477,-52.1613,3,1,3018.0,0.402899,0.394749,130.539,DWARF,0,2.146392,809
TIC 401311808,401311808,100,100,14.59,188.0232,-51.353,3,1,3054.0,0.411394,0.404283,129.813,DWARF,0,2.146516,810
TIC 248152409,248152409,100,100,14.62,194.0043,-46.1256,3,1,3054.0,0.4089,0.401492,134.778,DWARF,0,2.147234,811
TIC 163656130,163656130,100,100,14.51,191.229,-48.3364,3,1,3069.0,0.41941,0.413209,130.216,DWARF,0,2.147278,812
TIC 334626261,334626261,100,100,14.8,183.687,-52.8665,3,1,3171.0,0.392366,0.382836,149.64,DWARF,0,2.147383,813
TIC 420337546,420337546,100,100,14.14,198.852,-55.404,3,1,3095.0,0.457078,0.454085,126.717,DWARF,0,2.147981,814
TIC 288464174,288464174,100,100,14.79,200.6764,-55.7225,3,1,3191.0,0.393632,0.384273,148.962,DWARF,0,2.148181,815
TIC 425392550,425392550,100,100,14.15,200.7362,-52.1271,3,1,3157.0,0.457527,0.454561,131.832,DWARF,0,2.150833,816
TIC 258838375,258838375,100,100,14.15,197.7968,-47.0175,3,1,3012.0,0.458287,0.455364,121.118,DWARF,0,2.152275,817
TIC 420106109,420106109,100,100,14.08,192.3623,-55.5961,3,1,3238.0,0.466006,0.463478,134.59,DWARF,0,2.152783,818
TIC 273310905,273310905,100,100,14.37,185.7794,-50.5121,3,1,3162.0,0.437967,0.433585,134.753,DWARF,0,2.156883,819
TIC 419913755,419913755,100,100,14.45,202.5789,-50.3376,3,1,3115.0,0.430061,0.424956,139.978,DWARF,0,2.15706,820
TIC 438829985,438829985,100,100,14.1,202.3248,-52.2038,3,1,3040.0,0.466217,0.463698,124.361,DWARF,0,2.157176,821
TIC 425454737,425454737,100,100,14.7,200.9669,-53.128,3,1,3141.0,0.406556,0.398862,142.796,DWARF,0,2.158241,822
TIC 260779086,260779086,100,100,14.79,189.103,-53.1958,3,1,2975.0,0.398719,0.390033,128.879,DWARF,0,2.159334,823
TIC 273317953,273317953,100,100,14.27,185.6766,-53.5826,3,1,2968.0,0.451026,0.447649,121.983,DWARF,0,2.162403,824
TIC 412816282,412816282,100,100,14.07,194.0066,-57.6364,3,1,3162.0,0.472412,0.470139,134.101,DWARF,0,2.162642,825
TIC 453502376,453502376,100,100,14.7,195.334,-47.0294,3,1,2959.0,0.408673,0.401237,129.927,DWARF,0,2.162752,826
TIC 241295657,241295657,100,100,14.14,203.6155,-50.0998,3,1,3164.0,0.46522,0.462656,134.029,DWARF,0,2.163317,827
TIC 406589569,406589569,100,100,14.32,198.2586,-56.1616,3,1,3134.0,0.446729,0.443048,135.215,DWARF,0,2.164088,828
TIC 425438123,425438123,100,100,14.77,200.9817,-50.4041,3,1,3095.0,0.402955,0.394813,142.502,DWARF,0,2.164513,829
TIC 392734184,392734184,100,100,14.37,175.6386,-66.8472,3,2,3249.0,0.442132,0.438096,142.729,DWARF,0,2.165104,830
TIC 304008329,304008329,100,100,14.7,177.7015,-61.4559,3,2,3195.0,0.410614,0.40341,152.203,DWARF,0,2.166868,831
TIC 253207492,253207492,100,100,14.49,195.3318,-54.7439,3,1,3125.0,0.431146,0.426145,137.446,DWARF,0,2.167249,832
TIC 420094194,420094194,100,100,14.03,202.9327,-51.0038,3,1,3263.0,0.48003,0.477976,140.772,DWARF,0,2.168537,833
TIC 245177949,245177949,100,100,14.22,198.7825,-53.4241,3,1,3140.0,0.461666,0.458928,136.396,DWARF,0,2.172656,834
TIC 248152431,248152431,100,100,14.12,193.9913,-46.1368,3,1,3106.0,0.472636,0.470371,133.635,DWARF,0,2.173054,835
TIC 381056068,381056068,100,100,14.26,182.2892,-64.7162,3,2,3277.0,0.457987,0.455047,144.417,DWARF,0,2.173706,836
TIC 288213495,288213495,100,100,14.46,187.0846,-52.4844,3,1,2963.0,0.438576,0.434245,129.228,DWARF,0,2.17609,837
TIC 170663259,170663259,100,100,14.08,194.7642,-53.9224,3,1,3184.0,0.478968,0.47689,134.95,DWARF,0,2.176613,838
TIC 294652251,294652251,100,100,14.29,169.5905,-66.5567,3,2,3254.0,0.456811,0.453803,145.106,DWARF,0,2.177473,839
TIC 382175923,382175923,100,100,14.27,183.1742,-61.0714,3,2,3231.0,0.45897,0.456085,142.462,DWARF,0,2.177569,840
TIC 261003559,261003559,100,100,14.24,203.0506,-51.18,3,1,3119.0,0.46241,0.45971,135.384,DWARF,0,2.178054,841
TIC 265536720,265536720,100,100,14.41,174.5651,-59.3484,3,2,3268.0,0.444676,0.44084,153.497,DWARF,0,2.178087,842
TIC 271208131,271208131,100,100,14.26,186.4497,-55.5819,3,1,3160.0,0.461767,0.459034,135.124,DWARF,0,2.180846,843
TIC 245379794,245379794,100,100,14.25,199.7784,-52.3729,3,1,3030.0,0.465517,0.462967,133.593,DWARF,0,2.185871,844
TIC 467138305,467138305,100,100,14.66,167.6358,-64.1555,3,2,3211.0,0.423606,0.417854,151.791,DWARF,0,2.185924,845
TIC 305112741,305112741,100,100,14.02,178.4363,-63.3389,3,2,3205.0,0.49098,0.489071,,DWARF,0,2.186128,846
TIC 273460357,273460357,100,100,14.17,186.2524,-52.2742,3,1,3007.0,0.475098,0.472913,130.394,DWARF,0,2.187566,847
TIC 466794262,466794262,100,100,14.93,167.0413,-64.4655,3,2,3170.0,0.399414,0.390819,163.221,DWARF,0,2.188847,848
TIC 280859186,280859186,100,100,14.72,173.4502,-67.0568,3,2,3225.0,0.419657,0.413483,159.297,DWARF,0,2.189789,849
TIC 164304284,164304284,100,100,14.11,191.6294,-50.908,3,1,3224.0,0.483298,0.481308,141.657,DWARF,0,2.19043,850
TIC 306797634,306797634,100,100,14.61,179.6212,-64.1662,3,2,3234.0,0.431916,0.426988,155.804,DWARF,0,2.192799,851
TIC 245197707,245197707,100,100,14.17,198.9605,-53.2308,3,1,3150.0,0.481343,0.479317,144.269,DWARF,0,2.198909,852
TIC 260996450,260996450,100,100,14.88,203.1055,-53.7371,3,1,2910.0,0.409052,0.401661,134.658,DWARF,0,2.199557,853
TIC 245002119,245002119,100,100,14.1,197.4552,-51.5962,3,1,3091.0,0.489901,0.487987,135.305,DWARF,0,2.200217,854
TIC 245005801,245005801,100,100,14.28,197.4524,-49.9134,3,1,3038.0,0.472677,0.470414,126.116,DWARF,0,2.205129,855
TIC 467351743,467351743,100,100,14.5,168.5292,-65.8545,3,2,3112.0,0.449506,0.446025,150.002,DWARF,0,2.205471,856
TIC 280863534,280863534,100,100,14.19,173.4219,-66.3072,3,2,3267.0,0.482773,0.480774,148.176,DWARF,0,2.205486,857
TIC 301318442,301318442,100,100,14.83,178.2542,-54.0748,3,2,3024.0,0.417678,0.411287,147.526,DWARF,0,2.207683,858
TIC 271217802,271217802,100,100,14.21,186.7518,-54.9092,3,1,3525.0,0.481852,0.479836,172.829,DWARF,0,2.207827,859
TIC 261988875,261988875,100,100,14.36,193.6442,-58.5031,3,1,3045.0,0.466924,0.464436,139.058,DWARF,0,2.210492,860
TIC 452194531,452194531,100,100,14.4,173.9232,-56.4292,3,2,3122.0,0.463363,0.46071,144.278,DWARF,0,2.211843,861
TIC 402190411,402190411,100,100,14.24,168.6278,-66.0895,3,2,3259.0,0.480958,0.478925,149.104,DWARF,0,2.212214,862
TIC 420339799,420339799,100,100,14.2,198.9513,-54.8359,3,1,2998.0,0.487372,0.485437,129.883,DWARF,0,2.215721,863
TIC 170664923,170664923,100,100,14.85,194.7284,-51.2685,3,1,3137.0,0.419689,0.413519,156.046,DWARF,0,2.215855,864
TIC 466705111,466705111,100,100,14.19,166.7668,-61.0634,3,2,3290.0,0.489805,0.48789,153.884,DWARF,0,2.218046,865
TIC 398946670,398946670,100,100,14.08,191.93,-47.5704,3,1,3210.0,0.502517,0.500538,147.819,DWARF,0,2.218302,866
TIC 389042478,389042478,100,100,14.22,177.8059,-53.5352,3,2,3320.0,0.487179,0.485242,162.447,DWARF,0,2.219377,867
TIC 467342418,467342418,100,100,14.06,168.1383,-64.3406,3,2,3281.0,0.505571,0.503534,148.687,DWARF,0,2.219564,868
TIC 404179007,404179007,100,100,14.59,195.3052,-50.5633,3,1,3211.0,0.448636,0.445094,160.971,DWARF,0,2.221788,869
TIC 467452492,467452492,100,100,14.07,168.6602,-59.8993,3,2,3332.0,0.507418,0.505339,155.571,DWARF,0,2.224732,870
TIC 241289379,241289379,100,100,14.01,203.6793,-52.8698,3,1,3140.0,0.514996,0.512679,143.593,DWARF,0,2.225608,871
TIC 15523400,15523400,100,100,14.27,185.516,-48.6883,2,2,3044.0,0.485771,0.483818,140.652,DWARF,0,2.226863,872
TIC 398545770,398545770,100,100,14.73,180.0258,-54.1688,3,2,2872.0,0.441702,0.437631,,DWARF,0,2.236259,873
TIC 342590021,342590021,100,100,14.06,204.9961,-69.962,3,3,3331.0,0.516155,0.513793,155.072,DWARF,0,2.23756,874
TIC 320552201,320552201,100,100,14.88,174.8671,-60.6592,3,2,3042.0,0.429019,0.423814,,DWARF,0,2.240953,875
TIC 451040885,451040885,100,100,14.62,170.3102,-57.5689,3,2,3229.0,0.455601,0.452519,166.688,DWARF,0,2.241169,876
TIC 268251904,268251904,100,100,14.36,176.7155,-56.3075,3,2,3322.0,0.483919,0.481939,,DWARF,0,2.241545,877
TIC 306148837,306148837,100,100,14.35,166.355,-56.3639,3,2,3271.0,0.485322,0.483363,161.429,DWARF,0,2.24206,878
TIC 383421223,383421223,100,100,14.67,183.84,-65.775,3,3,3264.0,0.452051,0.448744,170.628,DWARF,0,2.244375,879
TIC 466982490,466982490,100,100,14.08,167.5658,-64.323,3,2,3234.0,0.518691,0.516221,149.758,DWARF,0,2.245817,880
TIC 315707108,315707108,100,100,14.9,171.2917,-62.6368,3,2,3204.0,0.430538,0.425479,172.547,DWARF,0,2.248023,881
TIC 180105435,180105435,100,100,14.38,188.878,-62.9467,3,2,3289.0,0.487093,0.485155,167.959,DWARF,0,2.251224,882
TIC 296688821,296688821,100,100,14.61,176.3875,-66.5941,3,2,3279.0,0.462178,0.459465,171.659,DWARF,0,2.251619,883
TIC 290263978,290263978,100,100,14.67,173.7898,-64.5923,3,2,3136.0,0.456978,0.45398,159.92,DWARF,0,2.253791,884
TIC 304527698,304527698,100,100,14.56,178.0238,-65.078,3,2,3276.0,0.468959,0.466557,173.465,DWARF,0,2.25427,885
TIC 988703236,988703236,100,100,14.45,187.9396,-57.0836,3,1,3742.0,0.483405,0.56,185.988,DWARF,0,2.258622,886
TIC 450413058,450413058,100,100,14.26,186.1996,-62.279,3,2,3263.0,0.505231,0.503201,168.6,DWARF,0,2.25898,887
TIC 434930786,434930786,100,100,14.05,192.3896,-63.2268,3,3,3069.0,0.533725,0.530381,141.098,DWARF,0,2.264635,888
TIC 317037637,317037637,100,100,14.5,172.386,-64.413,3,2,3209.0,0.481293,0.479266,166.691,DWARF,0,2.264819,889
TIC 429199701,429199701,100,100,14.1,183.9299,-53.7167,3,1,3285.0,0.527936,0.524976,163.25,DWARF,0,2.265163,890
TIC 341785883,341785883,100,100,14.94,203.3456,-70.9264,3,3,3158.0,0.435476,0.430874,163.903,DWARF,0,2.265928,891
TIC 468172174,468172174,100,100,14.21,170.4082,-64.0923,3,2,3121.0,0.516567,0.514188,,DWARF,0,2.268253,892
TIC 438717655,438717655,100,100,14.34,201.1894,-51.2552,3,1,3336.0,0.503969,0.36,142.376,DWARF,0,2.272808,893
TIC 361870383,361870383,100,100,14.42,195.7938,-72.2491,3,3,3317.0,0.49503,0.493123,169.314,DWARF,0,2.273263,894
TIC 365727054,365727054,100,100,15.92,274.8213,-62.4632,4,4,3291.0,0.350946,0.3353,225.424,DWARF,0,2.274481,895
TIC 448918387,448918387,100,100,14.34,214.3978,-69.0674,3,3,3343.0,0.505463,0.503429,175.445,DWARF,0,2.275379,896
TIC 293487116,293487116,100,100,14.37,262.0883,-68.2211,4,4,3330.0,0.502165,0.500191,178.936,DWARF,0,2.275693,897
TIC 73329722,73329722,100,100,14.79,190.3858,-44.3384,2,2,3182.0,0.455952,0.452892,162.691,DWARF,0,2.275838,898
TIC 380916554,380916554,100,100,15.98,269.9834,-60.4292,4,4,3290.0,0.348197,0.332124,222.376,DWARF,0,2.27965,899
TIC 448999064,448999064,100,100,15.15,215.2923,-69.2472,3,3,3373.0,0.422046,0.416129,199.572,DWARF,0,2.28072,900
TIC 306638370,306638370,100,100,15.4,265.4796,-60.0635,4,4,3261.0,0.398573,0.389869,197.049,DWARF,0,2.281016,901
TIC 280507240,280507240,100,100,14.93,170.8272,-63.6912,3,2,3039.0,0.444523,0.440675,164.474,DWARF,0,2.281788,902
TIC 405176454,405176454,100,100,14.26,180.9807,-47.0862,2,2,3831.0,0.528742,0.525733,219.085,DWARF,0,2.298488,903
TIC 268131146,268131146,100,100,14.74,176.6291,-54.9481,3,2,3281.0,0.473835,0.471611,187.867,DWARF,0,2.299254,904
TIC 294687891,294687891,100,100,14.84,267.2751,-68.2974,4,4,3651.0,0.463611,0.46097,230.633,DWARF,0,2.300307,905
TIC 1031652307,1031652307,100,100,15.61,205.2196,-58.9356,3,4,3598.0,0.388836,0.51,231.65,DWARF,0,2.301533,906
TIC 364355763,364355763,100,100,15.55,252.6123,-68.047,4,4,3320.0,0.394656,0.385434,218.651,DWARF,0,2.302437,907
TIC 447416116,447416116,100,100,14.46,252.4475,-61.7051,4,4,3597.0,0.507635,0.505551,,DWARF,0,2.303103,908
TIC 342087010,342087010,100,100,14.67,204.1581,-68.0295,3,3,3296.0,0.483741,0.481758,175.225,DWARF,0,2.303226,909
TIC 300584799,300584799,100,100,14.65,208.4063,-65.8351,3,4,3658.0,0.486892,0.484952,221.489,DWARF,0,2.304865,910
TIC 291652787,291652787,100,100,14.92,221.0013,-64.1642,3,4,3252.0,0.457599,0.454636,189.807,DWARF,0,2.30497,911
TIC 449091644,449091644,100,100,15.01,216.415,-67.3195,3,4,3606.0,0.448513,0.51,205.818,DWARF,0,2.30555,912
TIC 405086463,405086463,100,100,14.93,185.4386,-68.6023,3,3,3224.0,0.457459,0.454488,194.684,DWARF,0,2.306704,913
TIC 209796458,209796458,100,100,14.89,211.0505,-57.7818,3,4,3275.0,0.462117,0.459402,192.836,DWARF,0,2.307504,914
TIC 222008315,222008315,100,100,14.19,249.786,-59.0027,4,4,3859.0,0.543153,0.539054,221.515,DWARF,0,2.307844,915
TIC 401227082,401227082,100,100,15.71,187.6878,-51.8457,3,1,2856.0,0.38341,0.372637,164.586,DWARF,0,2.309327,916
TIC 380165283,380165283,100,100,14.47,257.3837,-58.7447,4,4,3376.0,0.511617,0.509418,191.796,DWARF,0,2.31189,917
TIC 275648449,275648449,100,100,15.56,179.2866,-46.5431,2,2,3277.0,0.398162,0.389404,224.795,DWARF,0,2.31212,918
TIC 364207265,364207265,100,100,14.99,252.0138,-66.8916,4,4,3462.0,0.454237,0.451071,213.756,DWARF,0,2.312565,919
TIC 343302662,343302662,100,100,14.01,205.9358,-71.2324,3,3,3488.0,0.569311,0.45,154.026,DWARF,0,2.312699,920
TIC 448661940,448661940,100,100,15.87,212.4411,-69.2466,3,3,3074.0,0.371118,0.358554,203.67,DWARF,0,2.313024,921
TIC 293170034,293170034,100,100,15.95,221.744,-63.576,3,4,3327.0,0.364599,0.35,206.987,DWARF,0,2.313631,922
TIC 448499141,448499141,100,100,15.9,211.0054,-70.9664,3,3,3249.0,0.369213,0.356365,220.932,DWARF,0,2.314554,923
TIC 22027696,22027696,100,100,14.21,182.7272,-43.2984,2,2,3407.0,0.54498,0.540717,184.305,DWARF,0,2.314761,924
TIC 398593598,398593598,100,100,15.76,219.557,-65.633,3,4,3240.0,0.381571,0.370536,222.171,DWARF,0,2.315151,925
TIC 364355051,364355051,100,100,15.29,252.6653,-67.7261,4,4,3406.0,0.42523,0.419645,222.572,DWARF,0,2.315248,926
TIC 322452934,322452934,100,100,15.26,206.314,-61.9336,3,4,3365.0,0.428342,0.38,184.671,DWARF,0,2.315581,927
TIC 381063581,381063581,100,100,15.86,207.2518,-65.0195,3,4,3347.0,0.373102,0.360833,232.222,DWARF,0,2.315655,928
TIC 360338460,360338460,100,100,14.44,188.0108,-76.176,3,3,3262.0,0.518236,0.515786,,DWARF,0,2.317055,929
TIC 419687261,419687261,100,100,14.11,191.3709,-56.4218,3,1,3377.0,0.55939,0.553623,185.018,DWARF,0,2.317429,930
TIC 295243734,295243734,100,100,15.38,170.5728,-67.6936,3,2,3211.0,0.417806,0.411428,206.941,DWARF,0,2.317949,931
TIC 310406392,310406392,100,100,15.36,185.0988,-63.4398,3,2,3329.0,0.420107,0.413983,212.045,DWARF,0,2.31872,932
TIC 301159955,301159955,100,100,14.76,254.9596,-67.4703,4,4,3559.0,0.482793,0.480795,218.979,DWARF,0,2.319522,933
TIC 286895710,286895710,100,100,14.35,186.7208,-71.2419,3,3,3159.0,0.531434,0.52825,,DWARF,0,2.320899,934
TIC 22208643,22208643,100,100,14.49,183.3597,-42.8374,2,2,3262.0,0.515321,0.512991,187.986,DWARF,0,2.322156,935
TIC 447195670,447195670,100,100,15.34,250.4147,-62.8582,4,4,3584.0,0.423737,0.417998,245.598,DWARF,0,2.322193,936
TIC 381234186,381234186,100,100,15.68,254.577,-68.5445,4,4,3336.0,0.392008,0.38243,229.895,DWARF,0,2.32259,937
TIC 301151541,301151541,100,100,15.31,254.8056,-68.0813,4,4,3411.0,0.429588,0.424438,225.849,DWARF,0,2.328104,938
TIC 210416370,210416370,100,100,14.53,212.054,-54.5693,3,4,3275.0,0.514588,0.512286,187.43,DWARF,0,2.328919,939
TIC 361388281,361388281,100,100,14.36,193.2489,-72.2903,3,3,3312.0,0.538109,0.534434,180.755,DWARF,0,2.333741,940
TIC 329095786,329095786,100,100,14.87,191.6862,-70.3363,3,3,3211.0,0.479443,0.477376,188.613,DWARF,0,2.335474,941
TIC 1036822561,1036822561,100,100,15.56,219.2625,-61.0697,3,4,3556.0,0.40908,0.49,219.021,DWARF,0,2.335616,942
TIC 171897967,171897967,100,100,15.83,255.4043,-59.545,4,4,3483.0,0.384661,0.45,242.762,DWARF,0,2.336156,943
TIC 327171670,327171670,100,100,14.72,210.2877,-61.0073,3,4,3086.0,0.49694,0.495023,180.742,DWARF,0,2.336608,944
TIC 381060836,381060836,100,100,14.88,207.3151,-65.3499,3,4,2982.0,0.479545,0.47748,175.429,DWARF,0,2.337659,945
TIC 303898898,303898898,100,100,14.36,258.066,-61.8098,4,4,3724.0,0.541708,0.537736,213.163,DWARF,0,2.33953,946
TIC 394036711,394036711,100,100,14.23,197.6234,-72.6502,3,3,3631.0,0.558419,0.552764,207.061,DWARF,0,2.33992,947
TIC 421298310,421298310,100,100,14.25,261.9364,-57.4898,4,4,3775.0,0.556261,0.550852,231.108,DWARF,0,2.340557,948
TIC 364354017,364354017,100,100,14.81,252.6005,-67.3029,4,4,3543.0,0.489503,0.487586,228.358,DWARF,0,2.341511,949
TIC 300365995,300365995,100,100,14.99,208.5195,-62.3394,3,4,3069.0,0.469978,0.467616,192.096,DWARF,0,2.342155,950
TIC 449012095,449012095,100,100,14.36,215.5519,-67.4699,3,4,3659.0,0.544029,0.539852,217.384,DWARF,0,2.343244,951
TIC 169851620,169851620,100,100,14.01,252.2597,-59.4572,4,4,3874.0,0.590058,0.5799,226.381,DWARF,0,2.343789,952
TIC 333507889,333507889,100,100,14.67,213.232,-60.6445,3,4,3458.0,0.506968,0.5049,218.062,DWARF,0,2.343961,953
TIC 210777402,210777402,100,100,14.32,212.953,-58.7607,3,4,3597.0,0.549806,0.54508,204.905,DWARF,0,2.344419,954
TIC 389557897,389557897,100,100,15.02,217.4347,-65.8035,3,4,3427.0,0.468021,0.46558,221.109,DWARF,0,2.344531,955
TIC 466329868,466329868,100,100,15.65,165.7688,-61.2831,3,2,3345.0,0.406165,0.37,210.442,DWARF,0,2.347405,956
TIC 380336272,380336272,100,100,14.94,257.4594,-68.9848,4,4,3464.0,0.478814,0.476732,231.834,DWARF,0,2.348334,957
TIC 301687690,301687690,100,100,14.26,258.4234,-68.6617,4,4,3811.0,0.56025,0.554381,235.071,DWARF,0,2.348764,958
TIC 207569799,207569799,100,100,14.92,206.6598,-59.1394,3,4,3567.0,0.481925,0.479911,229.99,DWARF,0,2.349959,959
TIC 382118490,382118490,100,100,15.15,208.6862,-65.4226,3,4,3134.0,0.458162,0.455232,202.51,DWARF,0,2.352038,960
TIC 453599372,453599372,100,100,15.55,205.5938,-59.1561,3,4,3415.0,0.418009,0.411654,249.648,DWARF,0,2.352371,961
TIC 442802643,442802643,100,100,14.23,198.2779,-62.2118,3,4,3315.0,0.566861,0.35,147.559,DWARF,0,2.352953,962
TIC 359288705,359288705,100,100,14.4,182.5438,-72.022,3,3,3337.0,0.545243,0.540956,187.259,DWARF,0,2.35318,963
TIC 367383132,367383132,100,100,14.82,259.9507,-59.2156,4,4,3534.0,0.496764,0.494848,226.59,DWARF,0,2.3563,964
TIC 293491224,293491224,100,100,14.22,261.981,-66.2275,4,4,3783.0,0.570409,0.563247,237.239,DWARF,0,2.356373,965
TIC 381232294,381232294,100,100,15.65,254.4997,-69.6086,4,4,3207.0,0.411365,0.40425,230.609,DWARF,0,2.358455,966
TIC 381284842,381284842,100,100,14.52,255.7941,-67.392,4,4,3599.0,0.533727,0.530382,226.007,DWARF,0,2.358638,967
TIC 302059253,302059253,100,100,14.16,260.5122,-66.6472,4,4,3778.0,0.58077,0.572108,235.544,DWARF,0,2.360008,968
TIC 454973984,454973984,100,100,14.76,179.7365,-72.2311,3,3,3182.0,0.506821,0.504756,186.295,DWARF,0,2.361709,969
TIC 301398139,301398139,100,100,15.7,256.0512,-66.3888,4,4,3358.0,0.408677,0.401241,247.232,DWARF,0,2.36276,970
TIC 447257286,447257286,100,100,15.28,250.8884,-63.1896,4,4,3529.0,0.450263,0.446835,256.033,DWARF,0,2.362933,971
TIC 286977616,286977616,100,100,14.69,187.0503,-71.1696,3,3,3235.0,0.516838,0.514448,188.694,DWARF,0,2.364709,972
TIC 317996940,317996940,100,100,15.66,203.9755,-60.042,3,4,3528.0,0.413821,0.47,237.711,DWARF,0,2.365625,973
TIC 340612903,340612903,100,100,15.18,201.8579,-71.0858,3,3,3451.0,0.463122,0.460457,233.501,DWARF,0,2.367391,974
TIC 400962241,400962241,100,100,14.73,185.1817,-56.5663,3,2,3389.0,0.517224,0.514818,226.268,DWARF,0,2.373357,975
TIC 301152746,301152746,100,100,15.22,254.758,-67.5156,4,4,3492.0,0.46425,0.46164,263.237,DWARF,0,2.377504,976
TIC 457271880,457271880,100,100,15.68,203.6459,-59.6997,3,4,3346.0,0.41808,0.411734,240.673,DWARF,0,2.378519,977
TIC 380331793,380331793,100,100,15.67,257.41,-66.7283,4,4,3331.0,0.419315,0.413105,254.528,DWARF,0,2.379081,978
TIC 448409195,448409195,100,100,14.76,210.2614,-68.7193,3,3,3523.0,0.518207,0.515758,225.117,DWARF,0,2.381007,979
TIC 447383396,447383396,100,100,14.64,251.7763,-65.3267,4,4,3341.0,0.534197,0.530819,212.95,DWARF,0,2.383403,980
TIC 364615205,364615205,100,100,15.52,253.7382,-67.2531,4,4,3299.0,0.436249,0.431716,,DWARF,0,2.383469,981
TIC 329089004,329089004,100,100,14.03,191.2482,-71.1643,3,3,3331.0,0.616653,0.601467,189.054,DWARF,0,2.386082,982
TIC 318721036,318721036,100,100,14.39,204.534,-63.7058,3,4,3002.0,0.56813,0.561274,176.359,DWARF,0,2.386895,983
TIC 450737575,450737575,100,100,15.02,169.491,-59.2122,3,2,3633.0,0.491484,0.489577,261.029,DWARF,0,2.387019,984
TIC 330425641,330425641,100,100,14.25,212.1029,-60.6889,3,4,3041.0,0.591315,0.580945,183.584,DWARF,0,2.393638,985
TIC 448093467,448093467,100,100,14.36,207.9596,-68.6476,3,3,3161.0,0.577371,0.569221,193.933,DWARF,0,2.39491,986
TIC 342194994,342194994,100,100,15.3,204.2356,-71.7368,3,3,3540.0,0.465023,0.48,229.127,DWARF,0,2.394949,987
TIC 304482614,304482614,100,100,15.25,259.9353,-62.3951,4,4,3234.0,0.470918,0.468592,231.165,DWARF,0,2.395891,988
TIC 451447436,451447436,100,100,14.67,171.5598,-59.0757,3,2,3681.0,0.538801,0.53507,253.106,DWARF,0,2.396857,989
TIC 210420491,210420491,100,100,14.45,212.1988,-54.1267,3,4,3532.0,0.567318,0.48,189.315,DWARF,0,2.397653,990
TIC 450886116,450886116,100,100,15.7,170.0113,-58.7978,3,2,3398.0,0.425749,0.420217,268.894,DWARF,0,2.398307,991
TIC 318917514,318917514,100,100,14.69,204.6348,-61.6034,3,4,3264.0,0.537545,0.533914,193.208,DWARF,0,2.39883,992
TIC 439483766,439483766,100,100,14.5,195.9566,-61.632,3,4,3181.0,0.561803,0.555748,188.703,DWARF,0,2.399168,993
TIC 308622848,308622848,100,100,15.69,184.272,-62.1347,3,2,3435.0,0.428729,0.423495,264.88,DWARF,0,2.402366,994
TIC 447246342,447246342,100,100,14.9,251.02,-60.662,4,4,3894.0,0.514462,0.512166,277.516,DWARF,0,2.402707,995
TIC 381232904,381232904,100,100,14.43,254.6233,-69.2209,4,4,3827.0,0.574671,0.566914,267.06,DWARF,0,2.404839,996
TIC 301615335,301615335,100,100,15.63,257.6863,-68.9523,4,4,3181.0,0.436381,0.43186,244.572,DWARF,0,2.405732,997
TIC 364352491,364352491,100,100,14.59,252.733,-66.6995,4,4,3718.0,0.554564,0.549341,259.453,DWARF,0,2.405903,998
TIC 448720928,448720928,100,100,15.72,212.6144,-71.5805,3,3,3124.0,0.42854,0.423287,234.742,DWARF,0,2.407983,999
TIC 334464609,334464609,100,100,14.48,193.3877,-68.3857,3,3,3737.0,0.572268,0.56485,262.236,DWARF,0,2.411199,1000
TIC 443708466,443708466,100,100,15.36,199.7341,-60.5927,3,4,3607.0,0.468413,0.51,245.13,DWARF,0,2.413258,1001
TIC 339519599,339519599,100,100,14.48,200.3126,-67.6753,3,3,3788.0,0.57496,0.567162,264.08,DWARF,0,2.415275,1002
TIC 328990163,328990163,100,100,14.03,191.2374,-69.0551,3,3,3062.0,0.638006,0.618057,185.97,DWARF,0,2.41565,1003
TIC 380458601,380458601,100,100,15.37,268.3051,-60.7665,4,4,3402.0,0.469921,0.467557,265.733,DWARF,0,2.41805,1004
TIC 337720765,337720765,100,100,14.92,215.5427,-62.0782,3,4,5276.0,0.521562,0.9,447.809,DWARF,0,2.418612,1005
TIC 330432103,330432103,100,100,14.47,212.1344,-61.209,3,4,3120.0,0.579098,0.57069,195.432,DWARF,0,2.419504,1006
TIC 448955062,448955062,100,100,15.09,214.6855,-66.7411,3,4,3710.0,0.502672,0.50069,266.883,DWARF,0,2.420569,1007
TIC 381236608,381236608,100,100,15.06,254.6217,-67.3297,4,4,3663.0,0.506169,0.504119,283.272,DWARF,0,2.420591,1008
TIC 301947521,301947521,100,100,14.46,259.9865,-67.6812,4,4,3765.0,0.581622,0.572829,261.233,DWARF,0,2.421282,1009
TIC 448963395,448963395,100,100,15.36,215.0422,-66.2054,3,4,3583.0,0.473562,0.471329,289.002,DWARF,0,2.422754,1010
TIC 447045630,447045630,100,100,14.56,238.5017,-68.3488,4,1,3829.0,0.570228,0.563091,280.402,DWARF,0,2.424097,1011
TIC 342592059,342592059,100,100,14.4,205.0162,-69.4117,3,3,3048.0,0.592221,0.581696,191.443,DWARF,0,2.424968,1012
TIC 171954984,171954984,100,100,15.17,255.5222,-59.2561,4,4,3559.0,0.496436,0.494522,278.635,DWARF,0,2.425727,1013
TIC 303901048,303901048,100,100,14.98,258.1534,-61.0892,4,4,3550.0,0.521099,0.518516,266.124,DWARF,0,2.42984,1014
TIC 392296720,392296720,100,100,15.16,218.172,-62.9073,3,4,3527.0,0.500296,0.498348,264.728,DWARF,0,2.430454,1015
TIC 351281175,351281175,100,100,14.83,247.4734,-62.0277,4,1,3665.0,0.539812,0.535999,280.86,DWARF,0,2.430485,1016
TIC 338131505,338131505,100,100,15.14,198.0343,-70.2138,3,3,3662.0,0.502666,0.500684,,DWARF,0,2.430559,1017
TIC 350076477,350076477,100,100,15.07,245.8712,-60.3762,4,1,3384.0,0.511639,0.50944,248.695,DWARF,0,2.431927,1018
TIC 401029059,401029059,100,100,14.22,220.1975,-63.8897,3,4,4268.0,0.623613,0.67,301.745,DWARF,0,2.43383,1019
TIC 453723866,453723866,100,100,15.63,205.78,-59.7312,3,4,3364.0,0.450905,0.44752,251.965,DWARF,0,2.43417,1020
TIC 447021800,447021800,100,100,15.03,233.7982,-69.2804,4,1,3568.0,0.517863,0.515429,272.893,DWARF,0,2.43443,1021
TIC 342197330,342197330,100,100,14.13,204.3509,-71.1827,3,3,3774.0,0.637516,0.617683,248.269,DWARF,0,2.434982,1022
TIC 447634634,447634634,100,100,14.61,254.3336,-62.7936,4,4,3819.0,0.57129,0.564008,288.128,DWARF,0,2.435713,1023
TIC 262735671,262735671,100,100,15.21,229.5024,-69.3552,4,1,3377.0,0.497645,0.495723,261.294,DWARF,0,2.435839,1024
TIC 22560356,22560356,100,100,14.91,184.8008,-46.7803,2,2,3322.0,0.533442,0.530118,233.338,DWARF,0,2.436174,1025
TIC 261749479,261749479,100,100,15.79,185.8339,-58.7418,3,2,3358.0,0.436337,0.37,239.451,DWARF,0,2.437644,1026
TIC 343298803,343298803,100,100,14.41,205.9351,-69.9504,3,3,3756.0,0.600353,0.588377,254.927,DWARF,0,2.438813,1027
TIC 261589056,261589056,100,100,15.96,227.434,-68.0627,4,1,3248.0,0.420289,0.414184,275.981,DWARF,0,2.439096,1028
TIC 402551340,402551340,100,100,15.18,220.6008,-64.824,3,4,3253.0,0.503954,0.50195,246.43,DWARF,0,2.440782,1029
TIC 179473880,179473880,100,100,15.55,187.9949,-62.2677,3,2,3390.0,0.463508,0.460862,270.763,DWARF,0,2.442114,1030
TIC 362483857,362483857,100,100,15.92,246.1949,-68.4001,4,1,3210.0,0.425702,0.420165,281.136,DWARF,0,2.442211,1031
TIC 436183888,436183888,100,100,15.76,193.3607,-62.339,3,3,2842.0,0.442414,0.438401,203.746,DWARF,0,2.443658,1032
TIC 448652938,448652938,100,100,14.41,212.3322,-71.6177,3,3,3515.0,0.604399,0.591663,235.426,DWARF,0,2.444647,1033
TIC 343047232,343047232,100,100,14.38,240.8316,-62.312,4,1,3811.0,0.608726,0.595151,275.031,DWARF,0,2.444844,1034
TIC 359067536,359067536,100,100,14.18,180.919,-73.1674,3,3,3482.0,0.638295,0.618278,224.361,DWARF,0,2.446043,1035
TIC 263903636,263903636,100,100,14.18,231.6768,-68.7194,4,1,4124.0,0.638411,0.65,290.194,DWARF,0,2.446201,1036
TIC 380332444,380332444,100,100,15.72,257.4744,-67.0346,4,4,3220.0,0.448029,0.444443,269.989,DWARF,0,2.446612,1037
TIC 255912632,255912632,100,100,14.78,258.5806,-68.7443,4,4,3351.0,0.557279,0.551755,251.412,DWARF,0,2.448145,1038
TIC 318308908,318308908,100,100,14.51,204.2272,-63.3691,3,4,3789.0,0.59345,0.582712,278.999,DWARF,0,2.448768,1039
TIC 327547506,327547506,100,100,14.64,189.3594,-68.5944,3,3,2946.0,0.576081,0.56812,197.879,DWARF,0,2.448967,1040
TIC 403404375,403404375,100,100,14.88,229.546,-77.0863,4,2,3625.0,0.54514,0.540862,279.463,DWARF,0,2.449016,1041
TIC 335181007,335181007,100,100,15.29,214.2069,-65.1378,3,4,3589.0,0.49677,0.494854,288.435,DWARF,0,2.450311,1042
TIC 301902175,301902175,100,100,15.96,259.8483,-66.3096,4,4,3179.0,0.425762,0.420231,260.135,DWARF,0,2.450334,1043
TIC 421421584,421421584,100,100,14.81,218.9318,-67.105,3,4,3671.0,0.555064,0.549787,277.354,DWARF,0,2.450686,1044
TIC 415189527,415189527,100,100,14.68,189.3497,-62.5012,3,2,3839.0,0.572136,0.59,271.87,DWARF,0,2.450999,1045
TIC 401619371,401619371,100,100,14.08,216.3145,-74.1155,4,2,4249.0,0.656992,0.66,300.267,DWARF,0,2.45112,1046
TIC 21013191,21013191,100,100,14.12,186.4676,-48.1846,2,2,3622.0,0.651059,0.62792,257.743,DWARF,0,2.451241,1047
TIC 447393030,447393030,100,100,15.04,252.1097,-63.278,4,4,3629.0,0.527028,0.524123,292.262,DWARF,0,2.451667,1048
TIC 380486057,380486057,100,100,14.92,206.6613,-62.1087,3,4,3563.0,0.542922,0.538844,273.233,DWARF,0,2.453475,1049
TIC 208705651,208705651,100,100,14.93,244.9912,-58.4092,4,1,3885.0,0.541836,0.6,297.113,DWARF,0,2.453736,1050
TIC 350960999,350960999,100,100,15.96,247.0145,-62.0435,4,1,3634.0,0.427435,0.422073,343.309,DWARF,0,2.45374,1051
TIC 61988212,61988212,100,100,14.3,178.0744,-47.5834,2,2,5721.0,0.627218,1.02,597.747,DWARF,0,2.454837,1052
TIC 268993638,268993638,100,100,14.68,177.4468,-56.7993,3,2,3974.0,0.574875,0.62,292.805,DWARF,0,2.455147,1053
TIC 343763375,343763375,100,100,14.93,273.8641,-75.9055,4,3,3687.0,0.543276,0.539167,294.542,DWARF,0,2.456041,1054
TIC 360445102,360445102,100,100,14.76,217.4437,-71.567,4,2,3388.0,0.565132,0.558665,240.76,DWARF,0,2.4563,1055
TIC 439879258,439879258,100,100,14.06,196.1769,-64.7892,3,3,3978.0,0.66539,0.638539,284.766,DWARF,0,2.458153,1056
TIC 426407216,426407216,100,100,14.42,243.1498,-74.0256,4,2,4028.0,0.612953,0.63,290.172,DWARF,0,2.458854,1057
TIC 404147422,404147422,100,100,15.94,195.1862,-49.9964,3,1,3931.0,0.431956,0.427031,328.421,DWARF,0,2.458879,1058
TIC 300643335,300643335,100,100,14.55,245.1299,-61.5904,4,1,4099.0,0.595069,0.64,311.648,DWARF,0,2.459135,1059
TIC 299406603,299406603,100,100,15.63,243.615,-59.9988,4,1,3462.0,0.464167,0.461553,291.635,DWARF,0,2.459349,1060
TIC 447649621,447649621,100,100,14.08,254.5761,-63.7293,4,4,3887.0,0.664278,0.637722,284.668,DWARF,0,2.4607,1061
TIC 343647134,343647134,100,100,15.6,272.0459,-75.0312,4,3,3492.0,0.468886,0.466481,293.439,DWARF,0,2.462135,1062
TIC 257902772,257902772,100,100,15.0,220.8111,-66.4147,4,1,3550.0,0.538374,0.534678,272.773,DWARF,0,2.462168,1063
TIC 337707809,337707809,100,100,14.09,197.856,-70.4698,3,3,3557.0,0.66492,0.638194,244.682,DWARF,0,2.463539,1064
TIC 382192614,382192614,100,100,14.85,286.4678,-70.829,4,3,3808.0,0.558393,0.552742,314.969,DWARF,0,2.46388,1065
TIC 343719644,343719644,100,100,15.72,272.9382,-75.1714,4,3,3321.0,0.457223,0.454239,290.819,DWARF,0,2.464256,1066
TIC 262927109,262927109,100,100,14.9,229.9557,-66.2911,4,1,3525.0,0.552903,0.547858,272.483,DWARF,0,2.465298,1067
TIC 383080447,383080447,100,100,14.76,183.6943,-61.4154,3,2,3631.0,0.573938,0.566285,280.402,DWARF,0,2.46973,1068
TIC 301610389,301610389,100,100,15.75,257.8329,-71.7229,4,3,3515.0,0.457473,0.454503,315.173,DWARF,0,2.470731,1069
TIC 304694974,304694974,100,100,14.92,278.245,-71.6658,4,3,3511.0,0.556099,0.550707,281.208,DWARF,0,2.474304,1070
TIC 311396997,311396997,100,100,15.76,258.7806,-72.296,4,3,3446.0,0.458328,0.455407,312.366,DWARF,0,2.474353,1071
TIC 79902003,79902003,100,100,14.05,237.9178,-59.1895,4,1,4504.0,0.680255,0.71,342.004,DWARF,0,2.475343,1072
TIC 359851737,359851737,100,100,15.05,185.8735,-73.174,3,3,3223.0,0.540736,0.536846,,DWARF,0,2.475971,1073
TIC 403068453,403068453,100,100,15.37,226.899,-72.6694,4,2,3528.0,0.502733,0.50075,297.712,DWARF,0,2.476675,1074
TIC 361575982,361575982,100,100,15.3,243.3101,-68.0395,4,1,3612.0,0.511019,0.50884,311.54,DWARF,0,2.476874,1075
TIC 451287150,451287150,100,100,15.77,171.1285,-59.8239,3,2,3283.0,0.459004,0.456121,279.475,DWARF,0,2.477633,1076
TIC 401225424,401225424,100,100,15.83,187.6784,-51.0433,3,1,3495.0,0.453241,0.450012,325.996,DWARF,0,2.478658,1077
TIC 343646688,343646688,100,100,15.69,272.148,-74.5527,4,3,3300.0,0.468156,0.46572,297.29,DWARF,0,2.478781,1078
TIC 361172347,361172347,100,100,14.18,242.3167,-66.388,4,1,4108.0,0.66323,0.64,297.184,DWARF,0,2.479328,1079
TIC 343647121,343647121,100,100,15.45,272.2041,-75.0145,4,3,3399.0,0.495118,0.49321,294.715,DWARF,0,2.479417,1080
TIC 455769512,455769512,100,100,15.88,229.8334,-65.3384,4,1,3220.0,0.449827,0.446369,280.363,DWARF,0,2.482091,1081
TIC 134810745,134810745,100,100,14.48,183.2947,-41.2493,2,2,3824.0,0.622033,0.605705,,DWARF,0,2.483627,1082
TIC 395847159,395847159,100,100,14.62,209.7855,-72.3025,3,3,3202.0,0.603191,0.590685,231.703,DWARF,0,2.48491,1083
TIC 451471138,451471138,100,100,15.72,239.786,-70.9691,4,2,3427.0,0.468324,0.465896,306.617,DWARF,0,2.485093,1084
TIC 361958038,361958038,100,100,15.6,196.1029,-77.8751,4,2,3419.0,0.481616,0.41,202.512,DWARF,0,2.485402,1085
TIC 340507754,340507754,100,100,15.58,238.1802,-60.3628,4,1,3419.0,0.483949,0.48197,291.513,DWARF,0,2.485599,1086
TIC 425927911,425927911,100,100,15.07,236.0622,-72.5547,4,2,3646.0,0.545536,0.541222,306.468,DWARF,0,2.487647,1087
TIC 260138448,260138448,100,100,15.91,224.779,-68.2769,4,1,3093.0,0.450379,0.446959,271.049,DWARF,0,2.489156,1088
TIC 340515669,340515669,100,100,14.02,238.3176,-61.3479,4,1,3742.0,0.69653,0.661021,273.163,DWARF,0,2.48988,1089
TIC 263500497,263500497,100,100,15.03,230.8757,-66.4606,4,1,3381.0,0.552202,0.547231,273.608,DWARF,0,2.490196,1090
TIC 90225680,90225680,100,100,14.52,204.3842,-59.8374,3,4,3641.0,0.621392,0.53,223.293,DWARF,0,2.490731,1091
TIC 293152170,293152170,100,100,14.81,260.8942,-67.4998,4,4,3755.0,0.581425,0.572663,308.75,DWARF,0,2.490987,1092
TIC 261702665,261702665,100,100,15.63,227.3116,-66.0131,4,1,3231.0,0.481588,0.479567,273.579,DWARF,0,2.491351,1093
TIC 305909124,305909124,100,100,14.01,166.158,-58.6414,3,2,5156.0,0.699623,0.87,457.095,DWARF,0,2.491728,1094
TIC 259030346,259030346,100,100,14.34,222.8479,-67.0626,4,1,4353.0,0.648936,0.68,348.241,DWARF,0,2.492404,1095
TIC 977298227,977298227,100,100,15.55,189.9962,-62.5724,3,2,3533.0,0.494431,0.48,281.835,DWARF,0,2.498211,1096
TIC 300762459,300762459,100,100,15.4,245.2364,-61.8268,4,1,3611.0,0.512746,0.510511,329.314,DWARF,0,2.499805,1097
TIC 301401532,301401532,100,100,14.68,256.1999,-66.9876,4,4,3887.0,0.605297,0.592389,329.334,DWARF,0,2.499937,1098
TIC 328494744,328494744,100,100,14.62,211.0976,-62.2216,3,4,3873.0,0.614034,0.599391,312.573,DWARF,0,2.500385,1099
TIC 306355273,306355273,100,100,14.87,265.0705,-64.8348,4,4,3903.0,0.579787,0.571275,335.25,DWARF,0,2.500537,1100
TIC 362994227,362994227,100,100,14.21,247.6032,-66.5324,4,1,4078.0,0.675922,0.64,302.162,DWARF,0,2.501793,1101
TIC 447416599,447416599,100,100,15.42,252.2666,-61.8172,4,4,3528.0,0.51316,0.51091,308.682,DWARF,0,2.504506,1102
TIC 410584209,410584209,100,100,15.68,176.9176,-67.8941,3,3,3213.0,0.483477,0.48149,281.49,DWARF,0,2.504752,1103
TIC 332168127,332168127,100,100,15.92,179.5824,-48.2369,2,2,3448.0,0.458594,0.455688,326.295,DWARF,0,2.506857,1104
TIC 380850787,380850787,100,100,15.45,206.9509,-63.5424,3,4,3360.0,0.511215,0.50903,298.781,DWARF,0,2.507207,1105
TIC 454794293,454794293,100,100,15.54,176.8764,-72.3519,3,3,3200.0,0.500963,0.499007,279.783,DWARF,0,2.507611,1106
TIC 424830931,424830931,100,100,15.31,237.0958,-60.3405,4,1,3699.0,0.528806,0.525793,310.806,DWARF,0,2.508593,1107
TIC 343429933,343429933,100,100,15.97,206.2622,-67.1499,3,3,3228.0,0.454785,0.451654,309.055,DWARF,0,2.509612,1108
TIC 343600265,343600265,100,100,14.76,271.5983,-73.9926,4,3,3632.0,0.60231,0.589969,306.736,DWARF,0,2.51164,1109
TIC 174184092,174184092,100,100,15.15,258.6866,-59.0635,4,4,3624.0,0.550821,0.545992,326.835,DWARF,0,2.512021,1110
TIC 403910467,403910467,100,100,14.08,188.3221,-50.1435,3,1,4086.0,0.705346,0.64,295.167,DWARF,0,2.512804,1111
TIC 454885160,454885160,100,100,15.25,177.9951,-72.4943,3,3,3246.0,0.54,0.536171,271.838,DWARF,0,2.514788,1112
TIC 21985776,21985776,100,100,14.14,182.6309,-47.7442,2,2,4879.0,0.697863,0.8,455.666,DWARF,0,2.51554,1113
TIC 421466944,421466944,100,100,15.45,219.4156,-66.9437,4,1,3259.0,0.516881,0.514489,293.771,DWARF,0,2.516781,1114
TIC 349503728,349503728,100,100,14.95,220.6642,-79.4541,4,2,3505.0,0.580323,0.57173,,DWARF,0,2.51734,1115
TIC 301748909,301748909,100,100,15.81,259.0613,-71.4171,4,3,3301.0,0.476811,0.474677,321.098,DWARF,0,2.518693,1116
TIC 467939486,467939486,100,100,15.39,283.7299,-71.3017,4,3,3598.0,0.525638,0.522815,316.021,DWARF,0,2.519374,1117
TIC 332169831,332169831,100,100,15.01,179.5904,-49.1928,2,2,3443.0,0.573994,0.566334,299.119,DWARF,0,2.519815,1118
TIC 410581201,410581201,100,100,14.88,176.9023,-68.4713,3,3,3497.0,0.5925,0.581926,286.648,DWARF,0,2.521377,1119
TIC 401952188,401952188,100,100,14.13,220.3698,-61.1177,3,4,4826.0,0.704366,0.78,388.492,DWARF,0,2.521597,1120
TIC 296589894,296589894,100,100,15.2,176.3266,-70.0354,3,3,3360.0,0.550875,0.546041,285.753,DWARF,0,2.522106,1121
TIC 170509068,170509068,100,100,14.89,253.4326,-58.2456,4,4,3909.0,0.593685,0.582906,352.097,DWARF,0,2.525112,1122
TIC 307858494,307858494,100,100,14.13,167.192,-58.8055,3,2,4905.0,0.708193,0.8,464.705,DWARF,0,2.526303,1123
TIC 388857056,388857056,100,100,14.15,217.3463,-62.2451,3,4,5506.0,0.70527,0.97,472.169,DWARF,0,2.526711,1124
TIC 403571028,403571028,100,100,15.77,231.2087,-76.7251,4,2,3648.0,0.486163,0.484215,365.627,DWARF,0,2.527564,1125
TIC 303655756,303655756,100,100,15.7,257.3506,-60.6673,4,4,3584.0,0.494155,0.49225,341.672,DWARF,0,2.527726,1126
TIC 306047362,306047362,100,100,14.19,166.4217,-58.7501,3,2,4975.0,0.700705,0.82,474.23,DWARF,0,2.52907,1127
TIC 443010759,443010759,100,100,14.38,198.7185,-65.9055,3,3,4057.0,0.67151,0.643015,326.733,DWARF,0,2.530105,1128
TIC 306502064,306502064,100,100,15.51,166.8743,-58.6587,3,2,3349.0,0.518004,0.37,256.815,DWARF,0,2.530666,1129
TIC 406973738,406973738,100,100,15.81,230.5359,-79.2769,4,2,3593.0,0.48348,0.481493,348.873,DWARF,0,2.530757,1130
TIC 382998180,382998180,100,100,15.73,216.2813,-64.6394,3,4,3617.0,0.492736,0.49083,359.787,DWARF,0,2.531229,1131
TIC 306047739,306047739,100,100,14.14,166.3434,-58.7003,3,2,4961.0,0.711246,0.82,460.302,DWARF,0,2.53204,1132
TIC 440910482,440910482,100,100,14.8,196.7439,-61.1505,3,4,3276.0,0.612432,0.598115,,DWARF,0,2.534116,1133
TIC 15356720,15356720,100,100,14.24,185.1157,-47.9033,2,2,4103.0,0.696947,0.64,317.314,DWARF,0,2.5344,1134
TIC 180104540,180104540,100,100,14.86,188.8937,-63.0275,3,2,3658.0,0.604864,0.592039,302.108,DWARF,0,2.535315,1135
TIC 306049739,306049739,100,100,14.24,166.4657,-58.42,3,2,4957.0,0.698325,0.82,469.613,DWARF,0,2.536115,1136
TIC 293860736,293860736,100,100,14.56,222.2604,-61.5051,3,4,4465.0,0.649279,0.7,372.779,DWARF,0,2.536863,1137
TIC 305908563,305908563,100,100,14.22,166.2706,-58.5666,3,2,5055.0,0.702388,0.84,482.169,DWARF,0,2.537154,1138
TIC 332362063,332362063,100,100,14.24,179.8337,-48.2424,2,2,4501.0,0.699295,0.71,405.543,DWARF,0,2.537321,1139
TIC 208445574,208445574,100,100,14.37,244.954,-59.8094,4,1,4662.0,0.679166,0.74,441.688,DWARF,0,2.537952,1140
TIC 306386511,306386511,100,100,14.22,166.5794,-58.945,3,2,4840.0,0.704077,0.79,463.109,DWARF,0,2.53924,1141
TIC 260653089,260653089,100,100,14.97,186.6434,-48.2634,2,2,3670.0,0.592683,0.582077,340.998,DWARF,0,2.539645,1142
TIC 306049079,306049079,100,100,14.33,166.4533,-58.5143,3,2,4854.0,0.68705,0.79,461.598,DWARF,0,2.539977,1143
TIC 287105582,287105582,100,100,14.03,186.9872,-67.6436,3,3,4661.0,0.736313,0.74,404.207,DWARF,0,2.540125,1144
TIC 280943085,280943085,100,100,15.9,173.8655,-70.3663,3,3,3224.0,0.478718,0.476633,294.886,DWARF,0,2.54016,1145
TIC 345059614,345059614,100,100,15.23,277.3482,-64.7642,4,4,3796.0,0.558886,0.553178,358.62,DWARF,0,2.540646,1146
TIC 422091060,422091060,100,100,15.79,188.6824,-50.1705,3,1,3521.0,0.491357,0.489449,336.922,DWARF,0,2.540794,1147
TIC 324072793,324072793,100,100,15.08,208.8593,-63.1237,3,4,3772.0,0.579408,0.570954,351.029,DWARF,0,2.541969,1148
TIC 448548806,448548806,100,100,15.36,211.6047,-66.696,3,4,4029.0,0.54403,0.63,370.234,DWARF,0,2.543246,1149
TIC 451095205,451095205,100,100,14.09,187.6093,-60.6741,3,2,4837.0,0.730258,0.79,411.029,DWARF,0,2.544953,1150
TIC 305458994,305458994,100,100,14.01,166.118,-59.0602,3,2,5132.0,0.743906,0.87,484.404,DWARF,0,2.545036,1151
TIC 306503501,306503501,100,100,14.07,166.7866,-58.4644,3,2,5050.0,0.735037,0.84,486.339,DWARF,0,2.546618,1152
TIC 429231985,429231985,100,100,14.08,184.0617,-48.0941,2,2,5142.0,0.733371,0.87,515.957,DWARF,0,2.546647,1153
TIC 415172289,415172289,100,100,14.45,189.2208,-60.6606,3,2,4205.0,0.674164,0.66,346.636,DWARF,0,2.547531,1154
TIC 306025046,306025046,100,100,14.33,179.1145,-65.3304,3,2,3081.0,0.693225,0.658665,198.561,DWARF,0,2.547748,1155
TIC 305461152,305461152,100,100,14.29,166.0774,-58.7912,3,2,4906.0,0.700195,0.8,466.947,DWARF,0,2.548438,1156
TIC 298180322,298180322,100,100,15.96,242.5254,-62.1827,4,1,3423.0,0.476692,0.474555,343.942,DWARF,0,2.548476,1157
TIC 350078457,350078457,100,100,14.38,245.8265,-60.7053,4,1,4693.0,0.685902,0.75,451.14,DWARF,0,2.548524,1158
TIC 305461953,305461953,100,100,14.05,166.0563,-58.6895,3,2,5032.0,0.740867,0.84,465.771,DWARF,0,2.549481,1159
TIC 305757718,305757718,100,100,14.27,263.2464,-60.1393,4,4,4641.0,0.704871,0.74,444.21,DWARF,0,2.550219,1160
TIC 22108150,22108150,100,100,14.79,183.0569,-45.5128,2,2,4160.0,0.626317,0.65,373.615,DWARF,0,2.551588,1161
TIC 339301368,339301368,100,100,15.7,199.812,-67.3395,3,3,3302.0,0.508276,0.506176,300.038,DWARF,0,2.552199,1162
TIC 276322356,276322356,100,100,14.28,253.173,-58.6889,4,4,4324.0,0.704982,0.68,373.876,DWARF,0,2.552356,1163
TIC 454885158,454885158,100,100,15.29,177.761,-72.4948,3,3,3106.0,0.558999,0.553277,267.771,DWARF,0,2.552822,1164
TIC 306385423,306385423,100,100,14.09,166.6323,-58.8115,3,2,4934.0,0.737111,0.81,480.401,DWARF,0,2.553066,1165
TIC 306045603,306045603,100,100,14.19,166.4405,-58.966,3,2,4863.0,0.720483,0.79,467.227,DWARF,0,2.553247,1166
TIC 305343490,305343490,100,100,14.46,165.9127,-58.4546,3,2,4826.0,0.677225,0.78,471.323,DWARF,0,2.553466,1167
TIC 376075243,376075243,100,100,15.27,262.905,-57.6642,4,4,3768.0,0.562069,0.555982,378.864,DWARF,0,2.553579,1168
TIC 297482728,297482728,100,100,14.06,224.4424,-61.4171,4,1,4894.0,0.743672,0.8,436.981,DWARF,0,2.554763,1169
TIC 360224870,360224870,100,100,14.57,262.1879,-57.9128,4,4,3599.0,0.661533,0.635701,325.609,DWARF,0,2.555103,1170
TIC 296586439,296586439,100,100,14.87,176.3428,-71.3354,3,3,3392.0,0.617627,0.602237,276.847,DWARF,0,2.555453,1171
TIC 448996083,448996083,100,100,14.56,215.5249,-70.0035,4,2,4310.0,0.663579,0.67,374.711,DWARF,0,2.555785,1172
TIC 303536984,303536984,100,100,15.62,272.0784,-65.3393,4,4,3688.0,0.520222,0.517682,422.115,DWARF,0,2.556377,1173
TIC 304735398,304735398,100,100,14.06,260.6794,-64.5455,4,4,4803.0,0.745292,0.78,458.092,DWARF,0,2.556653,1174
TIC 392562646,392562646,100,100,15.96,175.5671,-69.2779,3,3,3258.0,0.481241,0.479213,304.962,DWARF,0,2.556725,1175
TIC 448518873,448518873,100,100,14.84,211.3404,-68.0327,3,3,3474.0,0.623047,0.606499,288.855,DWARF,0,2.557042,1176
TIC 326779910,326779910,100,100,15.32,188.6026,-67.803,3,3,3439.0,0.557867,0.552276,324.985,DWARF,0,2.557061,1177
TIC 386011289,386011289,100,100,15.11,216.8202,-60.3794,3,4,3950.0,0.585947,0.61,328.0,DWARF,0,2.557717,1178
TIC 306388480,306388480,100,100,14.25,166.6568,-59.1782,3,2,4810.0,0.71544,0.78,468.918,DWARF,0,2.559146,1179
TIC 324073263,324073263,100,100,14.73,208.828,-63.0851,3,4,4987.0,0.640642,0.83,438.837,DWARF,0,2.559231,1180
TIC 359637776,359637776,100,100,15.19,184.1289,-75.2871,3,3,3566.0,0.576392,0.568386,314.159,DWARF,0,2.559436,1181
TIC 297215669,297215669,100,100,15.28,179.8358,-68.6998,3,3,3208.0,0.565661,0.559126,,DWARF,0,2.561112,1182
TIC 304126644,304126644,100,100,14.69,279.1646,-64.8542,4,4,4069.0,0.648322,0.64,355.708,DWARF,0,2.561582,1183
TIC 306502192,306502192,100,100,14.02,166.8722,-58.6425,3,2,4947.0,0.757171,0.81,482.092,DWARF,0,2.562388,1184
TIC 310121026,310121026,100,100,15.82,184.9981,-60.1726,3,2,3568.0,0.500325,0.498376,366.636,DWARF,0,2.562504,1185
TIC 305346399,305346399,100,100,14.21,165.7978,-58.8814,3,2,4925.0,0.725386,0.81,479.663,DWARF,0,2.563138,1186
TIC 275467311,275467311,100,100,15.41,178.6385,-45.0476,2,2,3719.0,0.550746,0.545925,373.802,DWARF,0,2.563903,1187
TIC 305908967,305908967,100,100,14.31,166.2246,-58.6215,3,2,4914.0,0.710243,0.81,479.572,DWARF,0,2.564814,1188
TIC 389895362,389895362,100,100,14.11,217.5712,-63.1911,3,4,5203.0,0.743793,0.88,452.482,DWARF,0,2.564904,1189
TIC 305907373,305907373,100,100,14.06,166.215,-58.3915,3,2,4972.0,0.752624,0.82,469.114,DWARF,0,2.565156,1190
TIC 305346947,305346947,100,100,14.05,165.9225,-58.9465,3,2,5002.0,0.754569,0.83,476.587,DWARF,0,2.565398,1191
TIC 305908942,305908942,100,100,14.31,166.1567,-58.6177,3,2,4846.0,0.710768,0.79,467.886,DWARF,0,2.565456,1192
TIC 263866710,263866710,100,100,15.88,235.463,-69.7469,4,1,3704.0,0.495203,0.493294,378.536,DWARF,0,2.565567,1193
TIC 305345826,305345826,100,100,14.2,165.91,-58.8039,3,2,4969.0,0.729127,0.82,480.688,DWARF,0,2.565606,1194
TIC 1026472742,1026472742,100,100,14.77,201.3462,-63.0591,3,4,3403.0,0.639623,0.4,224.535,DWARF,0,2.565848,1195
TIC 306047554,306047554,100,100,14.43,166.4243,-58.7251,3,2,4737.0,0.693575,0.76,470.82,DWARF,0,2.568187,1196
TIC 447465610,447465610,100,100,15.69,252.4899,-60.0522,4,4,3284.0,0.518928,0.516448,335.333,DWARF,0,2.568214,1197
TIC 174188194,174188194,100,100,14.83,258.9804,-59.434,4,4,4074.0,0.633869,0.614889,,DWARF,0,2.569999,1198
TIC 961414542,961414542,100,100,15.91,195.8742,-67.0434,3,3,3893.0,0.494379,0.6,400.23,DWARF,0,2.57012,1199
TIC 305461609,305461609,100,100,14.55,166.0021,-58.7345,3,2,4761.0,0.676344,0.77,474.985,DWARF,0,2.570335,1200
TIC 305909117,305909117,100,100,14.49,166.2175,-58.6405,3,2,4797.0,0.685782,0.77,478.339,DWARF,0,2.570372,1201
TIC 448204429,448204429,100,100,15.18,208.9091,-69.9145,3,3,3342.0,0.585115,0.575771,297.67,DWARF,0,2.570482,1202
TIC 447716296,447716296,100,100,15.9,255.1091,-60.525,4,4,3259.0,0.495913,0.494002,337.122,DWARF,0,2.570811,1203
TIC 447660779,447660779,100,100,15.77,254.5726,-60.6473,4,4,3210.0,0.511645,0.509446,332.87,DWARF,0,2.571937,1204
TIC 306499439,306499439,100,100,14.2,166.7974,-58.9845,3,2,4833.0,0.73525,0.78,482.331,DWARF,0,2.57287,1205
TIC 76446048,76446048,100,100,14.35,269.8193,-56.453,4,4,4544.0,0.710457,0.72,429.173,DWARF,0,2.573076,1206
TIC 305910814,305910814,100,100,14.14,166.332,-58.8726,3,2,4929.0,0.745738,0.81,482.335,DWARF,0,2.573173,1207
TIC 350363878,350363878,100,100,14.21,246.2438,-61.6219,4,1,4563.0,0.735459,0.72,424.862,DWARF,0,2.575117,1208
TIC 464316146,464316146,100,100,15.21,280.1783,-65.6004,4,4,3868.0,0.58461,0.575347,404.363,DWARF,0,2.575732,1209
TIC 296682627,296682627,100,100,15.44,176.2093,-67.7218,3,3,3167.0,0.554982,0.549714,,DWARF,0,2.576558,1210
TIC 379895419,379895419,100,100,14.49,254.1184,-58.7429,4,4,4495.0,0.690725,0.71,438.204,DWARF,0,2.57661,1211
TIC 72179928,72179928,100,100,14.46,186.5977,-47.756,2,2,4011.0,0.695653,0.63,327.705,DWARF,0,2.576785,1212
TIC 304835640,304835640,100,100,14.35,260.809,-60.4381,4,4,4587.0,0.713815,0.73,449.986,DWARF,0,2.577171,1213
TIC 454885074,454885074,100,100,15.72,178.0814,-72.5279,3,3,2978.0,0.520922,0.518348,283.708,DWARF,0,2.577545,1214
TIC 389101539,389101539,100,100,15.14,177.8406,-48.1421,2,2,3718.0,0.595532,0.584428,369.236,DWARF,0,2.57781,1215
TIC 447665209,447665209,100,100,15.5,254.7902,-60.1677,4,4,3303.0,0.548172,0.543607,324.081,DWARF,0,2.577834,1216
TIC 72179439,72179439,100,100,15.04,186.3937,-47.7633,2,2,3661.0,0.610001,0.596173,361.052,DWARF,0,2.578661,1217
TIC 441172119,441172119,100,100,14.02,197.0479,-64.2188,3,3,5047.0,0.772443,0.84,448.221,DWARF,0,2.579733,1218
TIC 76065966,76065966,100,100,15.62,268.8358,-59.5463,4,4,3693.0,0.535427,0.531959,386.483,DWARF,0,2.581401,1219
TIC 448458559,448458559,100,100,15.56,210.7408,-66.3698,3,4,3694.0,0.543251,0.539144,374.385,DWARF,0,2.582001,1220
TIC 305913520,305913520,100,100,14.78,166.2981,-59.2076,3,2,4529.0,0.650569,0.71,470.595,DWARF,0,2.582587,1221
TIC 306503216,306503216,100,100,14.11,166.9197,-58.5012,3,2,5137.0,0.759387,0.87,532.982,DWARF,0,2.582926,1222
TIC 312700318,312700318,100,100,14.99,182.47,-68.1925,3,3,3474.0,0.620667,0.604632,304.873,DWARF,0,2.583717,1223
TIC 340331409,340331409,100,100,15.48,201.4331,-67.8194,3,3,3205.0,0.554469,0.549257,307.432,DWARF,0,2.583755,1224
TIC 75603194,75603194,100,100,14.3,267.4883,-58.3218,4,4,4576.0,0.727913,0.72,441.366,DWARF,0,2.584159,1225
TIC 306915179,306915179,100,100,14.28,166.9688,-58.7444,3,2,4773.0,0.731441,0.77,488.361,DWARF,0,2.584359,1226
TIC 306502586,306502586,100,100,14.26,166.7729,-58.5877,3,2,4798.0,0.735247,0.78,485.373,DWARF,0,2.584867,1227
TIC 306048941,306048941,100,100,14.46,166.4263,-58.5376,3,2,4738.0,0.703485,0.76,474.01,DWARF,0,2.58651,1228
TIC 306381840,306381840,100,100,14.87,166.6407,-58.3014,3,2,4485.0,0.640151,0.7,461.636,DWARF,0,2.586565,1229
TIC 1118606660,1118606660,100,100,15.14,236.7859,-59.0241,4,1,3985.0,0.601636,0.62,369.559,DWARF,0,2.586668,1230
TIC 76804069,76804069,100,100,15.25,270.6105,-58.6521,4,4,3670.0,0.586737,0.57713,387.03,DWARF,0,2.586887,1231
TIC 305910519,305910519,100,100,14.43,166.1627,-58.8326,3,2,4767.0,0.709009,0.77,473.707,DWARF,0,2.587303,1232
TIC 306044988,306044988,100,100,14.43,166.3424,-59.0399,3,2,4756.0,0.709112,0.76,481.862,DWARF,0,2.58743,1233
TIC 447249092,447249092,100,100,15.67,250.9067,-61.2318,4,4,3252.0,0.533093,0.529794,329.893,DWARF,0,2.587606,1234
TIC 21616399,21616399,100,100,15.45,180.3564,-46.9377,2,2,3595.0,0.560807,0.554873,,DWARF,0,2.587627,1235
TIC 927410923,927410923,100,100,14.57,166.508,-58.5413,3,2,4662.0,0.687234,0.74,474.025,DWARF,0,2.588209,1236
TIC 305346567,305346567,100,100,14.76,165.7835,-58.9004,3,2,4490.0,0.658059,0.7,459.402,DWARF,0,2.58853,1237
TIC 304997491,304997491,100,100,14.64,165.6757,-58.7107,3,2,4621.0,0.676747,0.73,467.248,DWARF,0,2.588853,1238
TIC 360224200,360224200,100,100,14.85,262.1927,-58.1638,4,4,3729.0,0.645823,0.623987,365.337,DWARF,0,2.590227,1239
TIC 22761572,22761572,100,100,14.35,185.7584,-47.3168,2,2,4532.0,0.725105,0.71,437.936,DWARF,0,2.590802,1240
TIC 306045677,306045677,100,100,14.5,166.4335,-58.9597,3,2,4690.0,0.700687,0.75,482.529,DWARF,0,2.591048,1241
TIC 272214646,272214646,100,100,14.85,180.1397,-44.7977,2,2,3885.0,0.646435,0.624448,379.434,DWARF,0,2.59105,1242
TIC 306045170,306045170,100,100,14.47,166.4564,-59.0177,3,2,4699.0,0.705773,0.75,479.434,DWARF,0,2.59133,1243
TIC 381072025,381072025,100,100,14.59,207.1416,-64.0997,3,4,4753.0,0.686686,0.76,462.33,DWARF,0,2.591516,1244
TIC 334500186,334500186,100,100,14.53,183.4215,-48.0596,2,2,4073.0,0.697733,0.64,356.691,DWARF,0,2.593379,1245
TIC 74821491,74821491,100,100,14.49,265.7433,-58.6608,4,4,4472.0,0.704559,0.7,447.04,DWARF,0,2.593835,1246
TIC 21112371,21112371,100,100,15.63,186.8497,-49.5541,3,1,3680.0,0.541945,0.537952,408.498,DWARF,0,2.59391,1247
TIC 447507103,447507103,100,100,14.74,253.1725,-60.3528,4,4,3255.0,0.665362,0.638518,303.291,DWARF,0,2.594116,1248
TIC 306048827,306048827,100,100,14.47,166.447,-58.556,3,2,4720.0,0.708097,0.76,477.752,DWARF,0,2.594186,1249
TIC 334982972,334982972,100,100,15.62,184.8459,-48.8235,2,2,3739.0,0.543438,0.539315,431.258,DWARF,0,2.5943,1250
TIC 380540436,380540436,100,100,14.41,268.6959,-60.5951,4,4,4434.0,0.718139,0.69,428.617,DWARF,0,2.594417,1251
TIC 305460139,305460139,100,100,14.79,166.1322,-58.917,3,2,4586.0,0.658156,0.72,476.678,DWARF,0,2.594658,1252
TIC 299791507,299791507,100,100,14.22,208.1333,-64.185,3,4,4881.0,0.751418,0.8,449.579,DWARF,0,2.595763,1253
TIC 306384177,306384177,100,100,14.76,166.6257,-58.6362,3,2,4502.0,0.663634,0.71,474.655,DWARF,0,2.595857,1254
TIC 390157788,390157788,100,100,15.85,183.4936,-56.7243,3,2,3562.0,0.517072,0.514672,404.613,DWARF,0,2.597102,1255
TIC 342731950,342731950,100,100,15.02,205.0963,-66.0232,3,3,3430.0,0.625972,0.608782,332.674,DWARF,0,2.59711,1256
TIC 305461043,305461043,100,100,15.01,165.9895,-58.8044,3,2,4395.0,0.627584,0.69,457.639,DWARF,0,2.597344,1257
TIC 307858149,307858149,100,100,14.5,167.2174,-58.8444,3,2,4629.0,0.706503,0.73,482.067,DWARF,0,2.598228,1258
TIC 402269434,402269434,100,100,14.57,220.4518,-62.8207,3,4,5071.0,0.695485,0.85,517.219,DWARF,0,2.598576,1259
TIC 161733928,161733928,100,100,15.19,190.4778,-49.7532,3,1,3939.0,0.603794,0.591173,424.22,DWARF,0,2.599778,1260
TIC 340733931,340733931,100,100,15.12,202.0748,-67.2083,3,3,3467.0,0.614651,0.59988,316.388,DWARF,0,2.601257,1261
TIC 305909545,305909545,100,100,15.62,166.2357,-58.6973,3,2,4209.0,0.547922,0.66,475.543,DWARF,0,2.601437,1262
TIC 360603449,360603449,100,100,14.64,263.81,-58.8673,4,4,4343.0,0.687046,0.68,436.339,DWARF,0,2.601972,1263
TIC 334101934,334101934,100,100,15.46,213.8675,-65.6348,3,4,3396.0,0.568994,0.562023,351.383,DWARF,0,2.602215,1264
TIC 22216879,22216879,100,100,14.16,183.6581,-46.0266,2,2,5090.0,0.767873,0.85,535.887,DWARF,0,2.602579,1265
TIC 306386760,306386760,100,100,14.4,166.6626,-58.9788,3,2,4679.0,0.726606,0.75,484.001,DWARF,0,2.602598,1266
TIC 305911530,305911530,100,100,14.67,166.2794,-58.9723,3,2,4624.0,0.682947,0.73,484.387,DWARF,0,2.602774,1267
TIC 402464044,402464044,100,100,14.68,247.8738,-60.4596,4,1,4533.0,0.681393,0.71,475.728,DWARF,0,2.602795,1268
TIC 449108077,449108077,100,100,14.53,216.2737,-70.0976,4,2,4509.0,0.705617,0.71,436.638,DWARF,0,2.603138,1269
TIC 426284394,426284394,100,100,15.1,241.2298,-72.3889,4,2,4737.0,0.618955,0.76,585.611,DWARF,0,2.603318,1270
TIC 392506339,392506339,100,100,15.11,175.1014,-71.3402,3,3,3288.0,0.617558,0.602183,301.971,DWARF,0,2.603356,1271
TIC 307235680,307235680,100,100,14.81,267.7161,-63.4581,4,4,4184.0,0.661841,0.65,415.043,DWARF,0,2.603507,1272
TIC 304996185,304996185,100,100,14.63,165.6832,-58.8853,3,2,4594.0,0.690036,0.73,478.05,DWARF,0,2.603743,1273
TIC 306048116,306048116,100,100,14.54,166.3934,-58.6496,3,2,4704.0,0.704678,0.75,485.674,DWARF,0,2.603981,1274
TIC 411456798,411456798,100,100,15.25,179.6357,-67.3955,3,3,3228.0,0.598419,0.586797,295.317,DWARF,0,2.604011,1275
TIC 382192242,382192242,100,100,15.83,286.2901,-71.4042,4,3,3620.0,0.523774,0.521053,425.097,DWARF,0,2.604288,1276
TIC 304581309,304581309,100,100,14.37,260.199,-61.95,4,4,4483.0,0.733744,0.7,438.643,DWARF,0,2.605089,1277
TIC 306916605,306916605,100,100,15.13,167.0234,-58.9269,3,2,4260.0,0.616016,0.67,465.048,DWARF,0,2.605184,1278
TIC 296796453,296796453,100,100,15.09,176.546,-67.7166,3,3,3505.0,0.62215,0.46,279.193,DWARF,0,2.60579,1279
TIC 334028790,334028790,100,100,14.82,182.5452,-51.5747,3,1,4393.0,0.662127,0.69,460.494,DWARF,0,2.605883,1280
TIC 318603098,318603098,100,100,15.95,204.6864,-64.2613,3,4,3687.0,0.510546,0.508381,438.671,DWARF,0,2.60607,1281
TIC 306502322,306502322,100,100,14.94,166.9389,-58.625,3,2,4377.0,0.646167,0.68,476.397,DWARF,0,2.60869,1282
TIC 21012881,21012881,100,100,15.73,186.472,-48.3927,2,2,3565.0,0.538885,0.535148,390.842,DWARF,0,2.608992,1283
TIC 305910785,305910785,100,100,14.77,166.1422,-58.8689,3,2,4536.0,0.672336,0.71,469.607,DWARF,0,2.609173,1284
TIC 306387272,306387272,100,100,15.03,166.733,-59.0408,3,2,4248.0,0.633545,0.66,448.302,DWARF,0,2.609555,1285
TIC 307858910,307858910,100,100,14.97,167.3291,-58.76,3,2,4303.0,0.642526,0.67,457.973,DWARF,0,2.609781,1286
TIC 447621874,447621874,100,100,15.88,254.0897,-60.1664,4,4,3195.0,0.521154,0.518568,341.94,DWARF,0,2.609932,1287
TIC 320566826,320566826,100,100,14.3,205.3265,-64.9204,3,4,4782.0,0.749947,0.77,459.542,DWARF,0,2.610061,1288
TIC 305462489,305462489,100,100,15.24,166.0016,-58.6193,3,2,4330.0,0.604192,0.68,472.542,DWARF,0,2.61035,1289
TIC 325917780,325917780,100,100,15.18,187.723,-66.7926,3,3,3262.0,0.612968,0.598543,306.899,DWARF,0,2.610876,1290
TIC 297460330,297460330,100,100,15.53,180.237,-70.7025,3,3,3396.0,0.565619,0.559089,,DWARF,0,2.611048,1291
TIC 221046663,221046663,100,100,14.25,246.8684,-58.6933,4,1,4866.0,0.759554,0.79,498.547,DWARF,0,2.611117,1292
TIC 304996382,304996382,100,100,14.62,165.7208,-58.8597,3,2,4603.0,0.697755,0.73,482.3,DWARF,0,2.611406,1293
TIC 306502376,306502376,100,100,15.55,166.82,-58.6178,3,2,3931.0,0.563529,0.557263,446.431,DWARF,0,2.611833,1294
TIC 76225848,76225848,100,100,14.46,269.314,-57.0719,4,4,4395.0,0.724426,0.69,428.203,DWARF,0,2.611988,1295
TIC 332769040,332769040,100,100,15.89,213.0333,-63.4413,3,4,3616.0,0.521279,0.518687,418.311,DWARF,0,2.61214,1296
TIC 305344601,305344601,100,100,14.87,165.7282,-58.6207,3,2,4451.0,0.660688,0.7,461.648,DWARF,0,2.613993,1297
TIC 306046707,306046707,100,100,15.44,166.4093,-58.836,3,2,3959.0,0.580165,0.571596,436.308,DWARF,0,2.615103,1298
TIC 334862071,334862071,100,100,15.98,184.6354,-51.0817,3,1,3565.0,0.512362,0.510139,428.691,DWARF,0,2.615154,1299
TIC 305463263,305463263,100,100,14.91,166.0361,-58.5155,3,2,4467.0,0.656293,0.7,475.286,DWARF,0,2.616196,1300
TIC 76165058,76165058,100,100,14.6,268.8392,-57.36,4,4,4185.0,0.705463,0.65,396.8,DWARF,0,2.616948,1301
TIC 220895941,220895941,100,100,14.5,246.2613,-59.8523,4,1,4673.0,0.722246,0.74,492.473,DWARF,0,2.61737,1302
TIC 447468849,447468849,100,100,15.32,252.7203,-60.4511,4,4,3188.0,0.598497,0.586861,324.171,DWARF,0,2.618124,1303
TIC 361969329,361969329,100,100,15.77,244.4161,-71.6299,4,2,3661.0,0.539802,0.53599,422.55,DWARF,0,2.618469,1304
TIC 314760144,314760144,100,100,15.11,184.8905,-68.4248,3,3,3238.0,0.62863,0.610846,324.089,DWARF,0,2.61879,1305
TIC 305461970,305461970,100,100,14.99,166.0364,-58.6874,3,2,4383.0,0.646855,0.69,463.23,DWARF,0,2.619614,1306
TIC 386362811,386362811,100,100,14.85,216.8563,-61.8841,3,4,4836.0,0.668743,0.78,459.801,DWARF,0,2.620518,1307
TIC 340528161,340528161,100,100,14.8,201.7219,-67.732,3,3,3298.0,0.676923,0.646948,,DWARF,0,2.621079,1308
TIC 305461136,305461136,100,100,14.87,166.0338,-58.7933,3,2,4501.0,0.666126,0.71,477.292,DWARF,0,2.621113,1309
TIC 447661903,447661903,100,100,15.25,254.4731,-60.393,4,4,3233.0,0.611726,0.597551,335.463,DWARF,0,2.623114,1310
TIC 306384014,306384014,100,100,14.69,166.7477,-58.6124,3,2,4484.0,0.696775,0.7,482.569,DWARF,0,2.624185,1311
TIC 253500536,253500536,100,100,15.55,197.1429,-57.4563,3,1,3829.0,0.571691,0.564353,444.876,DWARF,0,2.624323,1312
TIC 317211105,317211105,100,100,15.88,203.8315,-62.6924,3,4,3639.0,0.529878,0.53,363.021,DWARF,0,2.624352,1313
TIC 305460250,305460250,100,100,14.93,166.1035,-58.9052,3,2,4476.0,0.660755,0.7,481.554,DWARF,0,2.626081,1314
TIC 306049834,306049834,100,100,15.0,166.5231,-58.407,3,2,4380.0,0.650338,0.68,471.224,DWARF,0,2.626278,1315
TIC 306383481,306383481,100,100,14.94,166.646,-58.529,3,2,4403.0,0.659961,0.69,481.013,DWARF,0,2.627037,1316
TIC 299573988,299573988,100,100,15.93,208.0363,-63.5073,3,4,3669.0,0.52584,0.523005,414.149,DWARF,0,2.627707,1317
TIC 66942942,66942942,100,100,15.07,181.5352,-56.7246,3,2,3954.0,0.641239,0.620518,405.753,DWARF,0,2.62804,1318
TIC 305345514,305345514,100,100,14.99,165.7285,-58.7612,3,2,4375.0,0.653242,0.68,470.36,DWARF,0,2.628148,1319
TIC 276735500,276735500,100,100,14.67,270.3408,-79.3532,4,3,3980.0,0.703801,0.666186,420.252,DWARF,0,2.6289,1320
TIC 290902452,290902452,100,100,15.09,256.3833,-64.6615,4,4,3988.0,0.63908,0.618876,451.834,DWARF,0,2.62911,1321
TIC 75391947,75391947,100,100,14.85,266.9554,-59.4704,4,4,4227.0,0.675713,0.66,435.384,DWARF,0,2.629525,1322
TIC 273452391,273452391,100,100,15.26,186.1819,-50.1988,3,1,4101.0,0.614862,0.64,430.533,DWARF,0,2.629555,1323
TIC 308037518,308037518,100,100,14.77,180.2393,-60.5262,3,2,4342.0,0.689453,0.68,430.159,DWARF,0,2.631009,1324
TIC 422501257,422501257,100,100,15.24,240.1657,-59.2638,4,1,3952.0,0.619431,0.60366,448.732,DWARF,0,2.631986,1325
TIC 303716020,303716020,100,100,15.18,257.7534,-65.0618,4,4,3931.0,0.628378,0.610651,441.159,DWARF,0,2.632442,1326
TIC 305345881,305345881,100,100,14.98,165.7329,-58.8124,3,2,4368.0,0.658151,0.68,472.858,DWARF,0,2.632651,1327
TIC 394812504,394812504,100,100,14.02,202.6405,-74.256,3,3,3368.0,0.821512,0.38,202.45,DWARF,0,2.633228,1328
TIC 306386229,306386229,100,100,15.13,166.5831,-58.9125,3,2,4254.0,0.63632,0.67,473.559,DWARF,0,2.633351,1329
TIC 304690516,304690516,100,100,15.98,277.9963,-67.5749,4,3,4072.0,0.523497,0.520792,441.527,DWARF,0,2.633828,1330
TIC 335966847,335966847,100,100,14.97,214.5534,-62.4503,3,4,4589.0,0.660758,0.73,457.119,DWARF,0,2.634085,1331
TIC 342916960,342916960,100,100,15.95,240.4039,-59.9663,4,1,3576.0,0.527322,0.5244,414.117,DWARF,0,2.634152,1332
TIC 21706693,21706693,100,100,15.5,180.6558,-47.8146,2,2,3839.0,0.585489,0.576085,432.866,DWARF,0,2.635037,1333
TIC 451142852,451142852,100,100,15.34,187.926,-62.1151,3,2,4380.0,0.607763,0.68,488.035,DWARF,0,2.635469,1334
TIC 382888768,382888768,100,100,15.06,216.0707,-65.1424,3,4,3798.0,0.64831,0.625859,410.304,DWARF,0,2.635565,1335
TIC 305907609,305907609,100,100,15.45,166.2628,-58.423,3,2,3921.0,0.593232,0.582532,445.205,DWARF,0,2.636449,1336
TIC 306384035,306384035,100,100,15.58,166.638,-58.6154,3,2,4038.0,0.576162,0.63,456.682,DWARF,0,2.637089,1337
TIC 337109586,337109586,100,100,15.93,267.7321,-58.4764,4,4,3648.0,0.531836,0.528624,430.214,DWARF,0,2.637555,1338
TIC 303697950,303697950,100,100,14.25,272.3725,-64.8519,4,4,5351.0,0.783135,0.93,648.826,DWARF,0,2.637673,1339
TIC 305346050,305346050,100,100,15.29,165.8101,-58.837,3,2,4191.0,0.616813,0.66,460.042,DWARF,0,2.638307,1340
TIC 73609977,73609977,100,100,14.65,263.1411,-59.6984,4,4,4039.0,0.715205,0.63,380.313,DWARF,0,2.638861,1341
TIC 76058437,76058437,100,100,14.76,268.7266,-56.6807,4,4,4264.0,0.697911,0.67,438.139,DWARF,0,2.6396,1342
TIC 305461064,305461064,100,100,15.78,166.0109,-58.8023,3,2,3850.0,0.551998,0.547048,495.328,DWARF,0,2.639875,1343
TIC 306047860,306047860,100,100,15.74,166.3625,-58.6833,3,2,3892.0,0.557156,0.551646,470.81,DWARF,0,2.639954,1344
TIC 76226938,76226938,100,100,14.68,269.1941,-56.5523,4,4,4263.0,0.711178,0.67,432.845,DWARF,0,2.639957,1345
TIC 306385396,306385396,100,100,15.47,166.5952,-58.8077,3,2,4074.0,0.59304,0.64,461.366,DWARF,0,2.640168,1346
TIC 401952353,401952353,100,100,14.82,220.2521,-61.7038,3,4,4476.0,0.688791,0.7,439.113,DWARF,0,2.640175,1347
TIC 307858407,307858407,100,100,15.38,167.3389,-58.8167,3,2,3999.0,0.605608,0.59264,468.572,DWARF,0,2.640383,1348
TIC 305910566,305910566,100,100,15.21,166.3229,-58.84,3,2,4227.0,0.629904,0.66,467.546,DWARF,0,2.640549,1349
TIC 381832021,381832021,100,100,15.17,182.8436,-65.1115,3,2,3724.0,0.635746,0.616329,395.225,DWARF,0,2.640567,1350
TIC 380124547,380124547,100,100,15.35,181.4597,-60.3442,3,2,3833.0,0.610838,0.596842,427.642,DWARF,0,2.641852,1351
TIC 305344213,305344213,100,100,15.32,165.8029,-58.5637,3,2,3985.0,0.615293,0.60039,465.924,DWARF,0,2.642164,1352
TIC 307859484,307859484,100,100,15.04,167.224,-58.6886,3,2,4300.0,0.657757,0.67,484.428,DWARF,0,2.644131,1353
TIC 334794256,334794256,100,100,15.14,184.6125,-48.2866,2,2,3889.0,0.642959,0.621823,439.013,DWARF,0,2.644367,1354
TIC 76068717,76068717,100,100,15.21,268.8268,-58.2251,4,4,3872.0,0.632753,0.61403,436.176,DWARF,0,2.644468,1355
TIC 73838489,73838489,100,100,15.52,263.4103,-58.3405,4,4,3797.0,0.589283,0.579256,456.014,DWARF,0,2.644648,1356
TIC 448954318,448954318,100,100,15.43,214.9197,-66.8532,3,4,3787.0,0.601861,0.589604,446.758,DWARF,0,2.644992,1357
TIC 305460458,305460458,100,100,15.46,166.1113,-58.8799,3,2,3969.0,0.597798,0.586288,460.685,DWARF,0,2.645109,1358
TIC 382994498,382994498,100,100,15.52,216.2863,-65.1119,3,4,3445.0,0.589607,0.579526,370.97,DWARF,0,2.645125,1359
TIC 306385299,306385299,100,100,15.48,166.6622,-58.7954,3,2,4082.0,0.596428,0.64,471.141,DWARF,0,2.647116,1360
TIC 306045782,306045782,100,100,14.84,166.3982,-58.9459,3,2,4451.0,0.691379,0.7,493.634,DWARF,0,2.647432,1361
TIC 304739616,304739616,100,100,15.76,260.6059,-62.7204,4,4,3726.0,0.560178,0.554318,457.632,DWARF,0,2.648652,1362
TIC 321531670,321531670,100,100,14.99,205.7215,-63.7701,3,4,4677.0,0.66887,0.75,454.731,DWARF,0,2.648683,1363
TIC 258329689,258329689,100,100,15.73,221.4331,-66.2237,4,1,3420.0,0.564248,0.557892,408.296,DWARF,0,2.64894,1364
TIC 284368028,284368028,100,100,15.9,233.2523,-59.0892,4,1,3750.0,0.542917,0.538839,476.132,DWARF,0,2.649467,1365
TIC 306502072,306502072,100,100,15.07,166.7728,-58.6575,3,2,4250.0,0.657311,0.66,476.914,DWARF,0,2.649542,1366
TIC 304996340,304996340,100,100,15.85,165.711,-58.8659,3,2,3774.0,0.550678,0.545865,450.987,DWARF,0,2.651795,1367
TIC 448954629,448954629,100,100,14.28,214.7695,-66.8087,3,4,5354.0,0.790646,0.93,587.499,DWARF,0,2.651964,1368
TIC 405181387,405181387,100,100,15.69,181.1763,-44.3011,2,2,3598.0,0.571823,0.564467,391.011,DWARF,0,2.652523,1369
TIC 324897678,324897678,100,100,15.12,282.3544,-67.0501,4,3,3926.0,0.652066,0.628673,472.977,DWARF,0,2.652583,1370
TIC 343997576,343997576,100,100,14.55,277.2201,-74.8056,4,3,4420.0,0.744515,0.69,448.974,DWARF,0,2.653747,1371
TIC 314539062,314539062,100,100,15.94,202.6416,-63.3337,3,4,3765.0,0.540769,0.536876,,DWARF,0,2.654024,1372
TIC 422488992,422488992,100,100,15.07,240.1673,-59.2651,4,1,4205.0,0.661022,0.66,450.89,DWARF,0,2.654432,1373
TIC 306383680,306383680,100,100,14.68,166.5974,-58.5584,3,2,4473.0,0.723401,0.7,484.448,DWARF,0,2.654758,1374
TIC 306791982,306791982,100,100,15.73,266.2241,-62.434,4,4,3685.0,0.568153,0.561294,442.41,DWARF,0,2.654931,1375
TIC 305909722,305909722,100,100,15.4,166.2781,-58.7226,3,2,4124.0,0.614643,0.65,459.409,DWARF,0,2.657246,1376
TIC 305463505,305463505,100,100,15.71,165.9712,-58.4783,3,2,3799.0,0.573368,0.565796,460.825,DWARF,0,2.658867,1377
TIC 75385097,75385097,100,100,15.33,266.8912,-56.6152,4,4,3906.0,0.625809,0.608655,455.244,DWARF,0,2.658884,1378
TIC 305912235,305912235,100,100,15.25,166.1666,-59.0559,3,2,4238.0,0.637637,0.66,478.625,DWARF,0,2.659147,1379
TIC 305345270,305345270,100,100,15.43,165.7495,-58.7238,3,2,4112.0,0.611917,0.64,458.705,DWARF,0,2.659385,1380
TIC 305906956,305906956,100,100,15.13,166.2039,-58.3342,3,2,4296.0,0.655797,0.67,479.705,DWARF,0,2.659539,1381
TIC 389101992,389101992,100,100,15.72,178.1116,-47.9833,2,2,3768.0,0.572571,0.565111,466.053,DWARF,0,2.659659,1382
TIC 306383413,306383413,100,100,15.59,166.6529,-58.5169,3,2,3910.0,0.591323,0.580951,495.273,DWARF,0,2.66165,1383
TIC 305909776,305909776,100,100,15.54,166.1486,-58.7311,3,2,4090.0,0.598317,0.64,462.633,DWARF,0,2.661863,1384
TIC 304843184,304843184,100,100,15.9,260.7636,-63.2172,4,4,3680.0,0.551321,0.546442,470.012,DWARF,0,2.662809,1385
TIC 315492410,315492410,100,100,15.88,203.2123,-63.6468,3,4,3649.0,0.554808,0.549559,457.025,DWARF,0,2.664285,1386
TIC 303562244,303562244,100,100,14.29,257.1238,-62.0578,4,4,5378.0,0.800544,0.93,662.742,DWARF,0,2.66477,1387
TIC 306501997,306501997,100,100,15.53,166.9237,-58.666,3,2,3901.0,0.601807,0.58956,477.543,DWARF,0,2.664914,1388
TIC 282221068,282221068,100,100,15.84,210.478,-78.592,4,2,3721.0,0.560644,0.554728,425.257,DWARF,0,2.665374,1389
TIC 306846194,306846194,100,100,15.45,166.9853,-58.5669,3,2,3963.0,0.613345,0.598842,475.777,DWARF,0,2.66541,1390
TIC 221043824,221043824,100,100,15.76,246.9622,-59.2026,4,1,3732.0,0.572072,0.564682,473.882,DWARF,0,2.666901,1391
TIC 424531486,424531486,100,100,14.98,236.6327,-60.2403,4,1,4602.0,0.684921,0.73,524.848,DWARF,0,2.667281,1392
TIC 381391228,381391228,100,100,15.66,182.5565,-61.1148,3,2,3480.0,0.586085,0.576584,408.9,DWARF,0,2.667921,1393
TIC 74977779,74977779,100,100,14.63,266.0602,-56.4665,4,4,4398.0,0.743769,0.69,479.165,DWARF,0,2.668876,1394
TIC 308475923,308475923,100,100,14.93,184.1969,-61.4142,3,2,4420.0,0.694249,0.69,492.32,DWARF,0,2.669031,1395
TIC 382077541,382077541,100,100,15.82,285.5351,-70.4022,4,3,3663.0,0.565622,0.559092,465.524,DWARF,0,2.669053,1396
TIC 305569248,305569248,100,100,15.31,165.9908,-58.4518,3,2,4016.0,0.636172,0.616655,490.792,DWARF,0,2.669149,1397
TIC 321520695,321520695,100,100,15.72,205.809,-63.2238,3,4,3610.0,0.579142,0.570728,441.413,DWARF,0,2.66957,1398
TIC 306499978,306499978,100,100,15.26,166.8921,-58.9195,3,2,4129.0,0.644415,0.65,477.633,DWARF,0,2.670331,1399
TIC 74353060,74353060,100,100,15.2,264.8425,-57.1345,4,4,3788.0,0.655106,0.630939,450.002,DWARF,0,2.672623,1400
TIC 75917268,75917268,100,100,14.78,268.1193,-58.9374,4,4,4222.0,0.722408,0.66,452.282,DWARF,0,2.673565,1401
TIC 76225935,76225935,100,100,15.73,269.2315,-57.0316,4,4,3656.0,0.580568,0.571937,444.064,DWARF,0,2.673706,1402
TIC 305912643,305912643,100,100,15.62,166.1994,-59.1055,3,2,3858.0,0.596159,0.584944,478.626,DWARF,0,2.674724,1403
TIC 306499709,306499709,100,100,15.21,166.8278,-58.95,3,2,4148.0,0.655276,0.65,480.053,DWARF,0,2.674849,1404
TIC 305345817,305345817,100,100,15.31,165.8308,-58.8028,3,2,4014.0,0.642773,0.621682,470.631,DWARF,0,2.678115,1405
TIC 305909984,305909984,100,100,15.47,166.2801,-58.762,3,2,3968.0,0.61982,0.603967,473.377,DWARF,0,2.678531,1406
TIC 306045831,306045831,100,100,15.74,166.4332,-58.9402,3,2,3847.0,0.583773,0.574643,481.321,DWARF,0,2.680488,1407
TIC 447191085,447191085,100,100,15.2,250.5338,-61.7993,4,4,4283.0,0.661079,0.67,496.852,DWARF,0,2.680507,1408
TIC 412489264,412489264,100,100,14.9,193.078,-55.3546,3,1,4525.0,0.709577,0.71,510.021,DWARF,0,2.681999,1409
TIC 306048558,306048558,100,100,15.42,166.4299,-58.5909,3,2,4143.0,0.630069,0.65,478.779,DWARF,0,2.682776,1410
TIC 306499234,306499234,100,100,15.17,166.9368,-59.0083,3,2,4173.0,0.667552,0.65,485.723,DWARF,0,2.68297,1411
TIC 221884324,221884324,100,100,15.62,249.3568,-58.4393,4,4,3691.0,0.601933,0.589663,458.724,DWARF,0,2.683096,1412
TIC 306044846,306044846,100,100,15.27,166.3611,-59.056,3,2,4171.0,0.654931,0.65,479.782,DWARF,0,2.686391,1413
TIC 306500491,306500491,100,100,14.88,166.7959,-58.8571,3,2,4316.0,0.716775,0.67,499.281,DWARF,0,2.686766,1414
TIC 75672577,75672577,100,100,15.59,267.6902,-56.5493,4,4,3786.0,0.608762,0.595179,476.233,DWARF,0,2.686895,1415
TIC 306046574,306046574,100,100,15.33,166.4662,-58.8515,3,2,4159.0,0.64641,0.65,492.203,DWARF,0,2.687016,1416
TIC 304325248,304325248,100,100,15.08,259.2814,-64.0867,4,4,3692.0,0.684803,0.652634,441.136,DWARF,0,2.687131,1417
TIC 304660753,304660753,100,100,15.9,260.364,-62.4986,4,4,3672.0,0.56749,0.560718,488.506,DWARF,0,2.687916,1418
TIC 306500341,306500341,100,100,15.48,166.9339,-58.8751,3,2,3967.0,0.625114,0.608113,,DWARF,0,2.687918,1419
TIC 343811819,343811819,100,100,15.76,241.4496,-60.2385,4,1,3796.0,0.586347,0.576804,500.391,DWARF,0,2.688309,1420
TIC 171296450,171296450,100,100,14.99,254.8228,-58.4514,4,4,4115.0,0.701305,0.64,439.105,DWARF,0,2.689814,1421
TIC 257901914,257901914,100,100,15.77,220.7237,-66.5556,4,1,3410.0,0.58646,0.576899,438.971,DWARF,0,2.690477,1422
TIC 315168754,315168754,100,100,15.0,202.87,-63.247,3,4,4461.0,0.701281,0.7,461.702,DWARF,0,2.691784,1423
TIC 335085706,335085706,100,100,15.73,214.1118,-64.0643,3,4,3680.0,0.592791,0.582167,430.796,DWARF,0,2.691803,1424
TIC 306049365,306049365,100,100,15.98,166.4604,-58.4726,3,2,3707.0,0.559921,0.554092,489.804,DWARF,0,2.692254,1425
TIC 304586958,304586958,100,100,15.84,260.4604,-59.9989,4,4,3446.0,0.578666,0.570323,421.609,DWARF,0,2.692856,1426
TIC 306044682,306044682,100,100,15.49,166.4615,-59.0762,3,2,3908.0,0.628626,0.610843,494.379,DWARF,0,2.694785,1427
TIC 334502092,334502092,100,100,14.27,183.453,-48.8704,2,2,3899.0,0.832866,0.6,339.938,DWARF,0,2.69515,1428
TIC 76765439,76765439,100,100,15.05,270.7376,-57.6768,4,4,4071.0,0.69781,0.64,444.974,DWARF,0,2.697474,1429
TIC 1209896365,1209896365,100,100,14.62,242.1753,-62.1516,4,1,4814.0,0.771488,0.78,588.626,DWARF,0,2.698658,1430
TIC 305461150,305461150,100,100,15.48,165.9796,-58.7914,3,2,4144.0,0.633149,0.65,488.674,DWARF,0,2.699012,1431
TIC 305461677,305461677,100,100,15.92,166.1281,-58.7251,3,2,3817.0,0.573026,0.565503,475.5,DWARF,0,2.700349,1432
TIC 410788929,410788929,100,100,15.74,177.7085,-70.2004,3,3,3506.0,0.599174,0.587414,447.836,DWARF,0,2.703106,1433
TIC 448325812,448325812,100,100,14.46,209.7534,-68.172,3,3,4867.0,0.805021,0.79,575.14,DWARF,0,2.703614,1434
TIC 448081980,448081980,100,100,15.13,207.8679,-66.8945,3,3,4016.0,0.690152,0.65647,530.142,DWARF,0,2.70389,1435
TIC 76979574,76979574,100,100,15.11,237.2527,-59.6862,4,1,4663.0,0.693915,0.74,584.078,DWARF,0,2.704613,1436
TIC 380364701,380364701,100,100,15.83,206.6461,-63.6114,3,4,3651.0,0.589146,0.579142,472.962,DWARF,0,2.706446,1437
TIC 325557321,325557321,100,100,15.58,186.6195,-70.7,3,3,3491.0,0.624545,0.607669,420.231,DWARF,0,2.707127,1438
TIC 307858081,307858081,100,100,15.79,167.2307,-58.852,3,2,3810.0,0.595649,0.584524,503.307,DWARF,0,2.707981,1439
TIC 398960128,398960128,100,100,15.45,219.6763,-61.855,3,4,3827.0,0.645692,0.623888,479.242,DWARF,0,2.710051,1440
TIC 305463119,305463119,100,100,15.81,166.0055,-58.535,3,2,3822.0,0.596438,0.585173,508.749,DWARF,0,2.713131,1441
TIC 466329634,466329634,100,100,15.94,165.7026,-61.2611,3,2,3413.0,0.579643,0.571153,460.052,DWARF,0,2.714321,1442
TIC 333203482,333203482,100,100,15.75,181.3462,-49.1103,2,2,3544.0,0.60611,0.593046,455.749,DWARF,0,2.715103,1443
TIC 306914894,306914894,100,100,15.46,167.0319,-58.7126,3,2,4047.0,0.648137,0.63,497.012,DWARF,0,2.715334,1444
TIC 299792159,299792159,100,100,14.87,208.2841,-64.1214,3,4,5090.0,0.742873,0.85,609.906,DWARF,0,2.715829,1445
TIC 15449742,15449742,100,100,15.98,185.2424,-50.9102,3,1,3588.0,0.575498,0.567622,518.731,DWARF,0,2.716088,1446
TIC 299570732,299570732,100,100,15.65,208.0146,-63.2209,3,4,3420.0,0.622207,0.605841,460.869,DWARF,0,2.71787,1447
TIC 326304791,326304791,100,100,15.45,188.0275,-65.9698,3,3,3494.0,0.652517,0.62901,401.524,DWARF,0,2.719184,1448
TIC 334304021,334304021,100,100,14.77,183.0626,-48.1223,2,2,4543.0,0.764042,0.72,564.407,DWARF,0,2.720234,1449
TIC 334794436,334794436,100,100,15.94,184.5371,-48.4021,2,2,3896.0,0.583812,0.574676,549.894,DWARF,0,2.720546,1450
TIC 306045035,306045035,100,100,15.69,166.519,-59.0349,3,2,3936.0,0.619562,0.603764,,DWARF,0,2.72217,1451
TIC 258704121,258704121,100,100,15.64,222.3827,-66.4737,4,1,3337.0,0.627847,0.610239,425.429,DWARF,0,2.723708,1452
TIC 220758707,220758707,100,100,15.87,245.9902,-59.8756,4,1,3672.0,0.595603,0.584487,516.634,DWARF,0,2.723914,1453
TIC 364757715,364757715,100,100,15.81,177.2939,-70.5266,3,3,3316.0,0.604395,0.59166,427.415,DWARF,0,2.724642,1454
TIC 297097966,297097966,100,100,15.61,179.9149,-70.3242,3,3,3536.0,0.633337,0.61448,445.127,DWARF,0,2.72527,1455
TIC 281649136,281649136,100,100,15.93,170.6413,-60.528,3,2,3267.0,0.589529,0.57946,430.578,DWARF,0,2.72701,1456
TIC 393878680,393878680,100,100,15.93,196.8245,-77.6815,4,2,2836.0,0.589847,0.579725,198.429,DWARF,0,2.727479,1457
TIC 297458606,297458606,100,100,15.59,180.2295,-70.1232,3,3,3548.0,0.639116,0.618903,448.349,DWARF,0,2.729159,1458
TIC 299509072,299509072,100,100,15.2,243.7535,-62.2031,4,1,3572.0,0.699199,0.66292,464.411,DWARF,0,2.729202,1459
TIC 342618720,342618720,100,100,15.35,240.1172,-62.7689,4,1,4860.0,0.677363,0.79,694.294,DWARF,0,2.731643,1460
TIC 299798196,299798196,100,100,15.88,208.1679,-63.5191,3,4,3633.0,0.599928,0.58803,456.614,DWARF,0,2.732198,1461
TIC 341598530,341598530,100,100,15.98,239.1422,-60.3727,4,1,3913.0,0.587439,0.577718,551.222,DWARF,0,2.733926,1462
TIC 410792097,410792097,100,100,15.92,177.9645,-69.4752,3,3,3431.0,0.597619,0.586142,474.468,DWARF,0,2.736849,1463
TIC 405846947,405846947,100,100,15.93,192.1509,-56.4801,3,1,3657.0,0.59756,0.586094,501.813,DWARF,0,2.738763,1464
TIC 441099902,441099902,100,100,14.41,197.158,-63.6072,3,3,4614.0,0.848139,0.73,487.985,DWARF,0,2.738934,1465
TIC 322832770,322832770,100,100,15.97,176.1253,-63.1741,3,2,3608.0,0.593524,0.582773,486.501,DWARF,0,2.740877,1466
TIC 429299639,429299639,100,100,15.66,184.1973,-48.5034,2,2,3852.0,0.638233,0.61823,544.605,DWARF,0,2.741959,1467
TIC 299408238,299408238,100,100,15.01,243.9651,-60.0829,4,1,5048.0,0.743776,0.84,742.816,DWARF,0,2.744884,1468
TIC 364620133,364620133,100,100,14.54,253.8558,-66.6416,4,4,5099.0,0.829947,0.86,709.299,DWARF,0,2.746101,1469
TIC 350809486,350809486,100,100,15.53,246.7056,-63.8803,4,1,4554.0,0.661512,0.72,682.556,DWARF,0,2.747075,1470
TIC 361161693,361161693,100,100,15.84,242.2784,-69.5205,4,1,3912.0,0.617891,0.602447,547.93,DWARF,0,2.749824,1471
TIC 343044617,343044617,100,100,14.63,240.8326,-61.8587,4,1,5026.0,0.818151,0.84,665.974,DWARF,0,2.751667,1472
TIC 446751329,446751329,100,100,15.92,218.155,-67.5139,3,4,3176.0,0.608902,0.595291,433.284,DWARF,0,2.753095,1473
TIC 297097969,297097969,100,100,15.85,179.9418,-70.3233,3,3,3235.0,0.620771,0.604715,438.764,DWARF,0,2.755863,1474
TIC 259020837,259020837,100,100,15.98,222.5557,-66.3369,4,1,3230.0,0.6032,0.590692,450.755,DWARF,0,2.756923,1475
TIC 47528279,47528279,100,100,15.97,230.9684,-59.1836,4,1,4041.0,0.604756,0.591952,,DWARF,0,2.75716,1476
TIC 207316179,207316179,100,100,14.99,242.9706,-59.3098,4,1,4543.0,0.759014,0.72,597.315,DWARF,0,2.7585,1477
TIC 468065273,468065273,100,100,15.39,170.1508,-60.3763,3,2,3465.0,0.69297,0.658483,453.145,DWARF,0,2.759429,1478
TIC 296234506,296234506,100,100,15.85,172.6021,-69.6535,3,3,3304.0,0.627911,0.610289,428.642,DWARF,0,2.765796,1479
TIC 258611017,258611017,100,100,15.41,222.1207,-66.4093,4,1,3322.0,0.695734,0.660454,438.148,DWARF,0,2.766886,1480
TIC 258705047,258705047,100,100,15.68,222.3136,-66.6296,4,1,3208.0,0.654368,0.63039,434.154,DWARF,0,2.767644,1481
TIC 295717391,295717391,100,100,15.81,223.599,-64.805,4,1,3957.0,0.635702,0.616295,563.376,DWARF,0,2.768507,1482
TIC 288767244,288767244,100,100,15.53,232.0231,-72.0531,4,2,3904.0,0.678496,0.648086,567.217,DWARF,0,2.769095,1483
TIC 342471662,342471662,100,100,15.77,240.133,-60.0667,4,1,4178.0,0.644098,0.65,584.466,DWARF,0,2.771904,1484
TIC 313855023,313855023,100,100,15.84,184.2021,-70.668,3,3,3656.0,0.634768,0.53,428.551,DWARF,0,2.77323,1485
TIC 340100476,340100476,100,100,14.23,237.7136,-63.9763,4,1,5722.0,0.919684,1.02,805.871,DWARF,0,2.773277,1486
TIC 313387462,313387462,100,100,15.66,183.6445,-70.1149,3,3,3234.0,0.666305,0.639211,442.623,DWARF,0,2.779346,1487
TIC 405380982,405380982,100,100,15.76,184.1687,-57.9378,3,2,3306.0,0.653176,0.629501,459.198,DWARF,0,2.78206,1488
TIC 429201758,429201758,100,100,15.91,183.9306,-52.9156,3,1,4367.0,0.633938,0.68,699.211,DWARF,0,2.786094,1489
TIC 298167800,298167800,100,100,14.61,242.3472,-60.1277,4,1,5620.0,0.858355,1.0,856.612,DWARF,0,2.789334,1490
TIC 22717773,22717773,100,100,15.29,185.3988,-46.6085,2,2,4238.0,0.734343,0.66,578.605,DWARF,0,2.789798,1491
TIC 298168114,298168114,100,100,15.51,242.3156,-60.1762,4,1,4634.0,0.698657,0.74,723.075,DWARF,0,2.790528,1492
TIC 340390410,340390410,100,100,15.85,237.9536,-60.6398,4,1,3738.0,0.646786,0.624713,546.393,DWARF,0,2.791521,1493
TIC 344044198,344044198,100,100,14.39,278.1169,-74.4372,4,3,5600.0,0.91188,0.99,816.626,DWARF,0,2.797875,1494
TIC 1213143975,1213143975,100,100,14.9,241.3964,-60.9331,4,1,5078.0,0.811815,0.85,764.141,DWARF,0,2.798914,1495
TIC 144287262,144287262,100,100,15.77,189.0847,-40.8126,2,2,3955.0,0.667117,0.639806,628.74,DWARF,0,2.802404,1496
TIC 75387532,75387532,100,100,14.48,267.0581,-57.5608,4,4,5472.0,0.904625,0.96,845.097,DWARF,0,2.808937,1497
TIC 446955913,446955913,100,100,15.57,233.0715,-71.7256,4,2,4010.0,0.706461,0.66807,598.916,DWARF,0,2.812176,1498
TIC 343035971,343035971,100,100,14.17,240.6563,-60.5533,4,1,5516.0,0.97769,0.97,759.44,DWARF,0,2.814402,1499
TIC 343474425,343474425,100,100,14.45,241.2435,-60.8628,4,1,5310.0,0.919571,0.91,767.881,DWARF,0,2.817171,1500
TIC 1109919621,1109919621,100,100,15.75,229.5315,-67.6153,4,1,4081.0,0.681876,0.64,599.76,DWARF,0,2.817411,1501
TIC 273391974,273391974,100,100,15.82,185.8334,-48.9348,2,2,3767.0,0.671125,0.642734,618.013,DWARF,0,2.817607,1502
TIC 303900972,303900972,100,100,14.88,258.2097,-61.1155,4,4,3935.0,0.834872,0.61,460.466,DWARF,0,2.81924,1503
TIC 341600913,341600913,100,100,15.76,239.2538,-60.6603,4,1,3930.0,0.683475,0.651678,,DWARF,0,2.821445,1504
TIC 74179935,74179935,100,100,14.45,264.4007,-57.5234,4,4,4004.0,0.927591,0.63,436.681,DWARF,0,2.824713,1505
TIC 341812010,341812010,100,100,15.11,239.3828,-63.6853,4,1,4040.0,0.797172,0.63,501.135,DWARF,0,2.825104,1506
TIC 383098822,383098822,100,100,15.8,216.1523,-62.8306,3,4,3897.0,0.681175,0.650021,624.715,DWARF,0,2.826517,1507
TIC 72182461,72182461,100,100,15.32,186.5212,-45.8253,2,2,5530.0,0.761597,0.97,1087.77,DWARF,0,2.82745,1508
TIC 447120598,447120598,100,100,15.85,239.3093,-66.8412,4,1,4461.0,0.679597,0.7,791.808,DWARF,0,2.834503,1509
TIC 447531936,447531936,100,100,15.48,253.299,-61.9245,4,4,4638.0,0.742654,0.74,773.878,DWARF,0,2.837573,1510
TIC 447756467,447756467,100,100,15.38,255.4509,-63.9039,4,4,4846.0,0.763572,0.79,832.053,DWARF,0,2.8417,1511
TIC 420144493,420144493,100,100,15.34,192.4352,-57.2841,3,1,5474.0,0.772835,0.96,859.264,DWARF,0,2.844174,1512
TIC 380362859,380362859,100,100,14.48,206.6871,-63.7763,3,4,4011.0,0.942434,0.63,391.049,DWARF,0,2.844502,1513
TIC 403757567,403757567,100,100,14.21,179.9965,-47.7867,2,2,4672.0,1.00372,0.74,606.404,DWARF,0,2.845225,1514
TIC 341609357,341609357,100,100,15.56,239.3208,-61.8182,4,1,5473.0,0.737927,0.96,968.966,DWARF,0,2.848027,1515
TIC 1213215933,1213215933,100,100,14.92,242.2277,-60.6989,4,1,5421.0,0.857225,0.94,919.885,DWARF,0,2.85019,1516
TIC 447723709,447723709,100,100,15.84,255.3778,-61.084,4,4,3909.0,0.696736,0.661168,718.505,DWARF,0,2.854137,1517
TIC 402120898,402120898,100,100,15.62,219.7457,-76.4454,4,2,3980.0,0.73882,0.62,571.841,DWARF,0,2.861077,1518
TIC 75465441,75465441,100,100,15.26,267.1419,-57.833,4,4,3756.0,0.803271,0.57,463.496,DWARF,0,2.861724,1519
TIC 457189857,457189857,100,100,14.72,203.4106,-54.734,3,1,5755.0,0.921188,1.03,875.919,DWARF,0,2.872697,1520
TIC 323939423,323939423,100,100,15.37,208.8416,-64.5856,3,4,4016.0,0.795935,0.63,490.69,DWARF,0,2.875755,1521
TIC 245406483,245406483,100,100,15.64,199.9452,-51.261,3,1,5808.0,0.752989,1.04,1228.64,DWARF,0,2.881577,1522
TIC 448653086,448653086,100,100,15.94,212.5283,-71.5684,3,3,4557.0,0.721182,0.72,840.37,DWARF,0,2.90409,1523
TIC 299878088,299878088,100,100,15.76,244.2901,-60.0579,4,1,3496.0,0.752907,0.46,454.347,DWARF,0,2.905483,1524
TIC 424956163,424956163,100,100,15.28,237.4351,-63.3768,4,1,3968.0,0.844358,0.62,547.61,DWARF,0,2.909053,1525
TIC 332719564,332719564,100,100,14.66,180.4197,-53.7464,3,2,5348.0,0.994864,0.92,929.622,DWARF,0,2.927527,1526
TIC 299612431,299612431,100,100,15.46,243.8118,-65.0981,4,1,4236.0,0.834435,0.66,706.488,DWARF,0,2.934785,1527
TIC 299073948,299073948,100,100,15.87,243.4026,-60.7262,4,1,5244.0,0.762714,0.9,1188.99,DWARF,0,2.938723,1528
TIC 295249559,295249559,100,100,15.47,270.5535,-66.7575,4,4,5803.0,0.839346,1.04,1412.68,DWARF,0,2.941882,1529
TIC 402508675,402508675,100,100,14.05,222.7963,-73.4981,4,2,5738.0,1.16809,1.03,943.049,DWARF,0,2.944953,1530
TIC 401183465,401183465,100,100,14.67,186.1207,-55.2083,3,1,6127.0,1.01411,1.16,1106.52,DWARF,0,2.94617,1531
TIC 360907195,360907195,100,100,14.88,191.2347,-72.2207,3,3,6064.0,0.975252,1.13,1207.02,DWARF,0,2.954234,1532
TIC 271986723,271986723,100,100,15.38,233.3861,-64.0565,4,1,5003.0,0.870038,0.83,984.401,DWARF,0,2.955076,1533
TIC 340709800,340709800,100,100,15.71,238.5513,-65.8867,4,1,5176.0,0.809737,0.88,1206.29,DWARF,0,2.958688,1534
TIC 272956910,272956910,100,100,14.6,170.7159,-53.3023,2,1,5882.0,1.05095,1.07,1133.41,DWARF,0,2.963164,1535
TIC 326175738,326175738,100,100,14.52,209.9593,-61.8782,3,4,5182.0,1.12835,0.88,915.348,DWARF,0,3.008888,1536
TIC 261870220,261870220,100,100,15.77,228.0496,-71.3806,4,2,5585.0,0.847627,0.99,1495.38,DWARF,0,3.01041,1537
TIC 294958262,294958262,100,100,14.94,268.9254,-70.775,4,3,5798.0,1.03821,1.04,1341.87,DWARF,0,3.02057,1538
TIC 72990198,72990198,100,100,15.25,189.3374,-46.1247,2,2,6116.0,0.970949,1.15,1534.15,DWARF,0,3.024393,1539
TIC 402382025,402382025,100,100,14.89,221.4147,-72.5124,4,2,6099.0,1.06991,1.15,1383.06,DWARF,0,3.036694,1540
TIC 120147676,120147676,100,100,15.45,162.9348,-50.811,2,1,6171.0,0.950132,1.18,1344.92,DWARF,0,3.045568,1541
TIC 402753776,402753776,100,100,16.0,224.7275,-74.5346,4,2,5296.0,0.843454,0.91,1423.94,DWARF,0,3.052123,1542
TIC 412083924,412083924,100,100,15.98,190.0382,-55.6945,3,1,5389.0,0.855657,0.94,1222.4,DWARF,0,3.060599,1543
TIC 395510315,395510315,100,100,14.52,207.525,-75.8466,4,2,5840.0,1.20806,1.05,1208.21,DWARF,0,3.068177,1544
TIC 163261852,163261852,100,100,14.91,173.0636,-47.0409,2,1,5952.0,1.11931,1.09,1420.51,DWARF,0,3.079901,1545
TIC 73183827,73183827,100,100,15.42,189.978,-47.2821,2,2,5982.0,0.995548,1.1,1680.3,DWARF,0,3.080124,1546
TIC 454016641,454016641,100,100,15.38,175.5641,-41.5325,2,2,5870.0,1.0065,1.06,1591.43,DWARF,0,3.081628,1547
TIC 255918904,255918904,100,100,14.06,266.6259,-70.4096,4,3,6215.0,1.36699,1.2,1348.16,DWARF,0,3.083531,1548
TIC 304836903,304836903,100,100,15.68,260.9211,-60.8463,4,4,5962.0,0.94782,1.09,1773.74,DWARF,0,3.089452,1549
TIC 256158466,256158466,100,100,14.08,266.8992,-79.3795,4,3,4505.0,1.39269,0.71,690.415,DWARF,0,3.103709,1550
TIC 291516641,291516641,100,100,14.62,261.1673,-58.3022,4,4,5876.0,1.25448,1.06,1424.35,DWARF,0,3.120927,1551
TIC 306989918,306989918,100,100,15.88,266.9781,-62.8152,4,4,4544.0,0.949181,0.72,1159.23,DWARF,0,3.130698,1552
TIC 305186752,305186752,100,100,15.32,261.8229,-60.5358,4,4,5916.0,1.08119,1.08,1703.44,DWARF,0,3.131804,1553
TIC 339837828,339837828,100,100,15.41,237.5984,-62.2817,4,1,5358.0,1.05922,0.93,1313.45,DWARF,0,3.131972,1554
TIC 448193421,448193421,100,100,15.48,158.3144,-48.4292,2,1,6209.0,1.04448,1.19,1724.97,DWARF,0,3.1338,1555
TIC 359307971,359307971,100,100,15.77,201.0895,-54.1488,3,1,4621.0,0.977096,0.73,1014.51,DWARF,0,3.133874,1556
TIC 316228093,316228093,100,100,15.83,171.5722,-65.5201,3,2,6385.0,0.968535,1.28,1489.64,DWARF,0,3.138231,1557
TIC 135045597,135045597,100,100,15.27,184.5794,-38.6844,2,2,5656.0,1.10511,1.0,1572.44,DWARF,0,3.140811,1558
TIC 134765652,134765652,100,100,14.83,183.2107,-36.7902,2,2,5999.0,1.22395,1.11,1600.05,DWARF,0,3.141527,1559
TIC 72236705,72236705,100,100,15.88,186.8998,-46.6921,2,2,4728.0,0.961901,0.76,1256.14,DWARF,0,3.142261,1560
TIC 380454013,380454013,100,100,15.13,257.9724,-67.1978,4,4,6010.0,1.1554,1.11,1750.13,DWARF,0,3.151465,1561
TIC 300899485,300899485,100,100,15.62,177.9404,-54.2877,3,2,5641.0,1.03561,1.0,1511.68,DWARF,0,3.154392,1562
TIC 401705752,401705752,100,100,15.73,216.8465,-74.1222,4,2,4883.0,1.01594,0.8,1299.48,DWARF,0,3.159736,1563
TIC 257590503,257590503,100,100,14.91,220.2769,-66.7837,4,1,6138.0,1.23583,1.16,1476.7,DWARF,0,3.165917,1564
TIC 394797000,394797000,100,100,15.47,202.2826,-73.3501,3,3,5922.0,1.10099,1.08,1611.7,DWARF,0,3.177567,1565
TIC 293665772,293665772,100,100,15.62,262.9699,-68.3171,4,4,5904.0,1.0762,1.07,1967.72,DWARF,0,3.187786,1566
TIC 94016243,94016243,100,100,15.4,176.5164,-48.5325,2,1,6105.0,1.20278,1.15,1959.71,DWARF,0,3.240372,1567
TIC 334793505,334793505,100,100,15.25,184.488,-48.0347,2,2,5756.0,1.32726,1.03,1906.85,DWARF,0,3.295912,1568
TIC 304248212,304248212,100,100,15.48,259.486,-61.6864,4,4,5596.0,1.27468,0.99,1946.86,DWARF,0,3.306802,1569
TIC 312428112,312428112,100,100,15.65,182.254,-68.0424,3,3,5926.0,1.25499,1.08,1901.17,DWARF,0,3.327281,1570
TIC 263203214,263203214,100,100,15.07,230.4112,-67.2092,4,1,5784.0,1.44224,1.04,1801.15,DWARF,0,3.332075,1571
TIC 275645751,275645751,100,100,15.82,179.3166,-44.4342,2,2,5498.0,1.28873,0.96,2073.77,DWARF,0,3.384324,1572
TIC 455704571,455704571,100,100,15.91,229.8453,-61.0767,4,1,3889.0,1.26539,0.6,887.467,DWARF,0,3.386449,1573
TIC 343160744,343160744,100,100,15.98,240.7562,-64.1289,4,1,5607.0,1.25834,0.99,2284.66,DWARF,0,3.395596,1574
TIC 253128884,253128884,100,100,15.43,194.6768,-58.0098,3,1,6186.0,1.44599,1.18,2091.24,DWARF,0,3.406331,1575
TIC 221298176,221298176,100,100,15.85,247.591,-58.7111,4,1,5948.0,1.36034,1.09,2406.56,DWARF,0,3.437295,1576
TIC 311860107,311860107,100,100,15.77,262.5247,-74.6435,4,3,5716.0,1.4526,1.02,2707.22,DWARF,0,3.478292,1577
TIC 312914832,312914832,100,100,15.83,182.9348,-68.0771,3,3,5740.0,1.49861,1.03,2163.86,DWARF,0,3.517377,1578
TIC 410926848,410926848,100,100,14.56,178.0998,-67.6411,3,3,6897.0,0.866705,1.5,1111.04,DWARF,1,2.787743,1579
TIC 381677132,381677132,100,100,14.41,207.5051,-65.3088,3,4,6660.0,1.22238,1.4,1215.2,DWARF,1,3.056412,1580
TIC 294695642,294695642,100,100,15.17,222.7255,-61.3906,3,4,6612.0,1.30151,1.38,1348.34,DWARF,1,3.262895,1581
TIC 380226304,380226304,100,100,15.25,181.6819,-61.46,3,2,6907.0,1.41271,1.5,1910.74,DWARF,1,3.350106,1582
TIC 410926825,410926825,100,100,14.41,178.0959,-67.6384,3,3,6674.0,1.79573,1.41,1920.38,DWARF,1,3.390482,1583
TIC 21709269,21709269,100,100,15.27,180.7187,-45.6863,2,2,5590.0,1.52419,0.99,2116.92,DWARF,1,3.420078,1584
TIC 71947333,71947333,100,100,15.0,167.0386,-46.1916,2,1,6101.0,1.69811,1.15,2290.86,DWARF,1,3.459932,1585
TIC 303891914,303891914,100,100,15.51,258.1562,-64.5529,4,4,5644.0,1.55549,1.0,2443.19,DWARF,1,3.485734,1586
TIC 80850145,80850145,100,100,15.03,166.2769,-53.4611,2,1,6991.0,1.76196,1.54,2556.38,DWARF,1,3.497992,1587
TIC 401283649,401283649,100,100,15.26,187.967,-50.4149,3,1,6292.0,1.69323,1.23,2767.79,DWARF,1,3.509432,1588
TIC 298383058,298383058,100,100,15.7,242.7742,-65.5802,4,1,5866.0,1.5509,1.06,2796.15,DWARF,1,3.521168,1589
TIC 403599349,403599349,100,100,15.68,231.618,-73.321,4,2,6304.0,1.56411,1.24,3139.36,DWARF,1,3.524535,1590
TIC 447756478,447756478,100,100,15.3,255.4563,-63.9015,4,4,6853.0,1.75555,1.48,3332.93,DWARF,1,3.548826,1591
TIC 360619681,360619681,100,100,15.76,240.7886,-71.3934,4,2,5932.0,1.60002,1.08,3070.22,DWARF,1,3.560251,1592
TIC 306010339,306010339,100,100,14.88,263.9902,-62.3508,4,4,5336.0,1.98341,0.92,2167.74,DWARF,1,3.570825,1593
TIC 338533514,338533514,100,100,15.41,189.4769,-61.1022,3,2,6162.0,1.84063,1.17,2305.43,DWARF,1,3.611933,1594
TIC 447512267,447512267,100,100,15.44,253.3367,-60.565,4,4,5792.0,1.86731,1.04,2698.05,DWARF,1,3.630433,1595
TIC 166887598,166887598,100,100,15.59,192.9636,-52.3291,3,1,5888.0,1.81934,1.07,2887.35,DWARF,1,3.637828,1596
TIC 288862588,288862588,100,100,15.74,232.2777,-75.6481,4,2,6467.0,1.8327,1.32,3912.54,DWARF,1,3.674183,1597
TIC 339406709,339406709,100,100,15.83,199.9482,-71.0256,3,3,5810.0,1.80603,1.04,3036.95,DWARF,1,3.67945,1598
TIC 245340643,245340643,100,100,15.63,199.6389,-50.3852,3,1,5574.0,1.90297,0.98,2888.09,DWARF,1,3.684864,1599
TIC 119712594,119712594,100,100,15.67,161.8626,-50.8412,2,1,6101.0,1.89071,1.15,2853.74,DWARF,1,3.68725,1600
TIC 420349873,420349873,100,100,15.61,239.5932,-59.2518,4,1,5182.0,1.9481,0.88,2215.09,DWARF,1,3.701222,1601
TIC 406946374,406946374,100,100,15.87,229.8147,-80.0571,4,2,6065.0,1.9357,1.13,3794.3,DWARF,1,3.747676,1602
TIC 369299790,369299790,100,100,14.07,191.9944,-63.0864,3,3,50000.0,0.147,0.5,631.412,DWARF,2,1.148635,1603
TIC 383942426,383942426,100,100,14.41,239.571,-79.6222,4,2,50000.0,0.147,0.5,4030.73,DWARF,2,1.216635,1604
TIC 380590152,380590152,100,100,14.58,268.8044,-62.3739,4,4,50000.0,0.147,0.5,4536.12,DWARF,2,1.250635,1605
TIC 303537262,303537262,100,100,14.83,272.077,-65.1483,4,4,34000.0,0.143,0.47,1594.46,DWARF,2,1.276672,1606
TIC 382039146,382039146,100,100,14.15,284.6681,-67.9232,4,3,31000.0,0.18,0.47,816.23,DWARF,2,1.340545,1607
TIC 365432876,365432876,100,100,15.24,273.4868,-65.4632,4,4,50000.0,0.147,0.5,5709.6,DWARF,2,1.382635,1608
TIC 293791715,293791715,100,100,14.41,263.1739,-67.9045,4,4,31000.0,0.18,0.47,631.884,DWARF,2,1.392545,1609
TIC 407768021,407768021,100,100,14.48,272.8666,-67.3825,4,4,31000.0,0.18,0.47,847.61,DWARF,2,1.406545,1610
TIC 178345419,178345419,100,100,14.71,164.3549,-45.82,2,1,31000.0,0.18,0.47,1058.16,DWARF,2,1.452545,1611
TIC 14684028,14684028,100,100,14.75,174.6198,-29.1153,2,3,31000.0,0.18,0.47,2337.37,DWARF,2,1.460545,1612
TIC 434923593,434923593,100,100,14.09,192.4065,-63.5361,3,3,28500.0,0.226,0.47,661.265,DWARF,2,1.526217,1613
TIC 471013521,471013521,100,100,15.21,176.2259,-29.153,2,3,31000.0,0.18,0.47,,DWARF,2,1.552545,1614
TIC 398447122,398447122,100,100,15.32,298.0687,-75.3831,4,3,31000.0,0.18,0.47,2117.83,DWARF,2,1.574545,1615
TIC 471013465,471013465,100,100,15.34,175.7635,-28.0106,2,3,31000.0,0.18,0.47,,DWARF,2,1.578545,1616
TIC 434023002,434023002,100,100,15.48,190.7494,-64.1307,3,3,31000.0,0.18,0.47,1064.47,DWARF,2,1.606545,1617
TIC 338405890,338405890,100,100,15.68,189.5966,-62.7015,3,2,31000.0,0.18,0.47,1283.36,DWARF,2,1.646545,1618
TIC 448590406,448590406,100,100,15.45,174.9626,-31.9894,2,3,,0.208615,0.177582,,DWARF,2,1.728691,1619
TIC 402270550,402270550,100,100,10.13,220.4294,-64.0063,3,4,8273.0,1.57124,2.03,363.307,DWARF,2,2.418485,1620
TIC 466108800,466108800,100,100,10.71,165.1143,-60.4231,3,2,7009.0,1.51643,1.54,381.457,DWARF,2,2.503645,1621
TIC 306047244,306047244,100,100,10.37,166.5465,-58.7664,3,2,8487.0,1.66861,2.11,457.208,DWARF,2,2.51871,1622
TIC 260940739,260940739,100,100,10.74,201.7084,-51.3874,3,1,7107.0,1.5461,1.58,387.68,DWARF,2,2.526475,1623
TIC 305909268,305909268,100,100,10.46,166.1991,-58.6587,3,2,8657.0,1.68067,2.17,469.717,DWARF,2,2.542965,1624
TIC 338655299,338655299,100,100,10.04,198.9079,-69.759,3,3,7373.0,1.85573,1.68,356.11,DWARF,2,2.54503,1625
TIC 459850897,459850897,100,100,10.27,163.7144,-58.5693,3,2,8405.0,1.78789,2.08,456.891,DWARF,2,2.558682,1626
TIC 453666690,453666690,100,100,10.33,205.8933,-55.7548,3,4,7436.0,1.83914,1.7,398.431,DWARF,2,2.59523,1627
TIC 273316582,273316582,100,100,10.0,185.6894,-53.0963,3,1,9135.0,2.01222,2.31,499.896,DWARF,2,2.607351,1628
TIC 94010239,94010239,100,100,13.59,176.4239,-51.3392,2,1,7594.0,0.884369,1.77,903.606,DWARF,2,2.611267,1629
TIC 293110952,293110952,100,100,10.54,178.4004,-29.098,2,3,7417.0,1.79087,1.7,456.293,DWARF,2,2.614128,1630
TIC 467207957,467207957,100,100,10.77,168.0418,-62.224,3,2,7959.0,1.70413,1.91,466.207,DWARF,2,2.617005,1631
TIC 402709719,402709719,100,100,11.01,248.5894,-63.3833,4,1,7102.0,1.63386,1.58,480.106,DWARF,2,2.62843,1632
TIC 208752497,208752497,100,100,10.87,209.1898,-57.6885,3,4,7556.0,1.70627,1.75,480.054,DWARF,2,2.638096,1633
TIC 433005813,433005813,100,100,10.42,181.153,-54.2122,3,2,7189.0,1.91835,1.61,436.703,DWARF,2,2.649856,1634
TIC 454047903,454047903,100,100,10.94,175.953,-41.3366,2,2,7114.0,1.70554,1.58,471.658,DWARF,2,2.651724,1635
TIC 65313788,65313788,100,100,10.04,235.8678,-59.0577,4,1,8187.0,2.10203,,443.24,DWARF,2,2.653278,1636
TIC 306048372,306048372,100,100,10.21,166.3964,-58.6174,3,2,8177.0,2.04611,2.0,479.47,DWARF,2,2.663858,1637
TIC 452281203,452281203,100,100,11.47,174.0431,-56.6242,3,2,7853.0,1.54437,1.87,627.463,DWARF,2,2.671503,1638
TIC 396368313,396368313,100,100,11.24,212.8391,-75.8332,4,2,9401.0,1.63132,2.39,708.598,DWARF,2,2.673078,1639
TIC 298639351,298639351,100,100,10.14,242.856,-61.9367,4,1,7130.0,2.12798,1.59,423.763,DWARF,2,2.683935,1640
TIC 449352829,449352829,100,100,10.24,191.3302,-45.851,2,2,6350.1,2.08838,1.26,364.219,DWARF,2,2.687619,1641
TIC 208752493,208752493,100,100,11.1,209.1922,-57.689,3,4,7440.0,1.71726,1.7,520.842,DWARF,2,2.689672,1642
TIC 261698173,261698173,100,100,14.39,227.3584,-66.8232,4,1,7570.0,0.806749,1.76,1127.39,DWARF,2,2.691477,1643
TIC 345177737,345177737,100,100,10.22,281.8727,-76.2862,4,3,7874.0,2.12034,1.88,489.106,DWARF,2,2.696811,1644
TIC 318971919,318971919,100,100,10.21,173.4591,-60.6797,3,2,8369.0,2.15171,,567.313,DWARF,2,2.707567,1645
TIC 163377974,163377974,100,100,10.05,173.5059,-46.963,2,1,9536.0,2.24499,2.43,587.202,DWARF,2,2.712429,1646
TIC 398875682,398875682,100,100,12.5,180.4301,-57.5914,3,2,7395.0,1.28745,1.69,697.955,DWARF,2,2.719461,1647
TIC 410281403,410281403,100,100,10.58,213.8633,-56.1969,3,4,7323.0,2.00856,1.66,464.902,DWARF,2,2.72177,1648
TIC 336954502,336954502,100,100,10.0,196.631,-66.7647,3,3,9084.0,2.29885,,504.693,DWARF,2,2.723021,1649
TIC 448924885,448924885,100,100,10.48,214.3698,-70.6805,4,2,6056.0,2.08333,1.13,360.143,DWARF,2,2.733516,1650
TIC 245099840,245099840,100,100,10.64,198.0763,-53.5457,3,1,5832.0,2.02207,1.05,337.205,DWARF,2,2.739592,1651
TIC 142209361,142209361,100,100,10.39,180.3655,-32.2263,2,3,6339.0,2.1676,1.25,409.571,DWARF,2,2.749958,1652
TIC 119925436,119925436,100,100,10.98,162.4127,-50.5993,2,1,7585.0,1.90224,,502.342,DWARF,2,2.754531,1653
TIC 164910620,164910620,100,100,10.47,192.1172,-49.2652,3,1,5852.0,2.14191,1.06,365.613,DWARF,2,2.755602,1654
TIC 466695912,466695912,100,100,14.78,296.9505,-76.3863,4,3,7229.0,0.79526,1.62,1242.21,DWARF,2,2.757018,1655
TIC 208013204,208013204,100,100,10.37,207.6448,-54.6826,3,4,6683.0,2.19579,1.41,409.124,DWARF,2,2.757182,1656
TIC 147027702,147027702,100,100,10.63,161.7728,-43.9318,2,4,6946.0,2.09721,1.52,457.186,DWARF,2,2.769284,1657
TIC 57352825,57352825,100,100,10.57,171.7302,-34.4799,2,3,6578.0,2.13711,1.37,464.283,DWARF,2,2.773654,1658
TIC 398767751,398767751,100,100,10.35,180.1892,-56.9636,3,2,8811.0,2.25026,,675.945,DWARF,2,2.774465,1659
TIC 351181774,351181774,100,100,10.16,247.4879,-64.9139,4,1,7571.49,2.36165,1.76,478.743,DWARF,2,2.778431,1660
TIC 413633652,413633652,100,100,10.0,215.1214,-56.5797,3,4,6557.0,2.45312,1.36,357.931,DWARF,2,2.779438,1661
TIC 443199889,443199889,100,100,10.88,198.8881,-61.4431,3,4,6387.0,2.00587,1.28,398.406,DWARF,2,2.780606,1662
TIC 314802266,314802266,100,100,11.18,184.932,-71.4989,3,3,7512.0,1.87605,,508.61,DWARF,2,2.782489,1663
TIC 396424970,396424970,100,100,11.32,213.0889,-74.0555,4,2,7354.0,1.81928,,581.348,DWARF,2,2.783799,1664
TIC 337714539,337714539,100,100,14.95,215.4053,-61.6053,3,4,7342.0,0.788979,1.67,857.608,DWARF,2,2.784131,1665
TIC 82382251,82382251,100,100,10.12,169.1958,-51.1139,2,1,6502.0,2.40838,1.33,398.576,DWARF,2,2.78745,1666
TIC 393932186,393932186,100,100,10.0,196.8392,-72.6253,3,3,9468.0,2.47719,2.41,574.662,DWARF,2,2.787919,1667
TIC 329064084,329064084,100,100,11.45,211.474,-62.2538,3,4,10610.0,1.78171,2.75,635.42,DWARF,2,2.791674,1668
TIC 89833314,89833314,100,100,10.27,204.121,-59.3724,3,4,6125.0,2.35854,1.16,367.557,DWARF,2,2.799286,1669
TIC 450420664,450420664,100,100,10.46,186.125,-61.5544,3,2,8869.0,2.26125,,508.398,DWARF,2,2.800697,1670
TIC 412874382,412874382,100,100,10.18,194.0196,-54.9791,3,1,6265.0,2.41854,1.22,381.772,DWARF,2,2.803107,1671
TIC 426188547,426188547,100,100,10.15,238.8411,-72.2595,4,2,6683.5,2.43839,1.41,440.398,DWARF,2,2.804206,1672
TIC 330424797,330424797,100,100,12.36,211.9693,-60.6202,3,4,7944.0,1.46678,1.91,700.825,DWARF,2,2.80473,1673
TIC 340155678,340155678,100,100,10.89,200.9823,-68.6963,3,3,6878.0,2.06262,1.49,512.019,DWARF,2,2.806838,1674
TIC 450999169,450999169,100,100,10.2,170.1676,-59.3711,3,2,6232.0,2.42064,1.2,407.819,DWARF,2,2.80786,1675
TIC 22510001,22510001,100,100,10.37,184.588,-43.489,2,2,6144.0,2.33106,1.17,407.464,DWARF,2,2.809107,1676
TIC 68597871,68597871,100,100,11.36,202.8635,-55.1965,3,1,7669.0,1.86394,1.8,629.324,DWARF,2,2.812864,1677
TIC 364894028,364894028,100,100,10.96,177.3662,-66.353,3,2,7226.0,2.06424,1.62,540.518,DWARF,2,2.82152,1678
TIC 316893114,316893114,100,100,11.66,203.4947,-60.208,3,4,7179.0,1.75707,,643.834,DWARF,2,2.821578,1679
TIC 210098552,210098552,100,100,11.77,211.7297,-59.4863,3,4,7350.0,1.71922,1.67,612.248,DWARF,2,2.824663,1680
TIC 329672278,329672278,100,100,10.71,211.6276,-63.0533,3,4,8101.0,2.19627,1.97,520.445,DWARF,2,2.825371,1681
TIC 72816298,72816298,100,100,10.89,188.5626,-45.7659,2,2,6390.0,2.12045,1.28,500.788,DWARF,2,2.830856,1682
TIC 465933345,465933345,100,100,10.48,164.7638,-60.0829,3,2,6622.0,2.33238,1.39,502.979,DWARF,2,2.831599,1683
TIC 260947147,260947147,100,100,10.0,201.6081,-53.7045,3,1,7623.0,2.61495,1.78,493.169,DWARF,2,2.834927,1684
TIC 448517318,448517318,100,100,10.43,211.3383,-68.2757,3,3,9946.0,2.37776,2.55,727.457,DWARF,2,2.838336,1685
TIC 294930324,294930324,100,100,11.22,169.7194,-66.174,3,2,7813.0,1.98245,,434.896,DWARF,2,2.838404,1686
TIC 321474625,321474625,100,100,10.76,175.4206,-62.6074,3,2,8592.0,2.20496,,592.343,DWARF,2,2.838801,1687
TIC 162362398,162362398,100,100,10.62,169.4143,-44.0171,2,1,8025.0,2.29741,1.94,651.263,DWARF,2,2.846477,1688
TIC 305323222,305323222,100,100,10.8,261.9408,-63.9103,4,4,6420.0,2.21344,1.29,511.169,DWARF,2,2.850136,1689
TIC 80677454,80677454,100,100,11.7,165.936,-52.8464,2,1,7401.0,1.80631,1.69,718.884,DWARF,2,2.853585,1690
TIC 381982417,381982417,100,100,10.57,284.0489,-70.2495,4,3,7400.0,2.36529,1.69,615.178,DWARF,2,2.861769,1691
TIC 392245387,392245387,100,100,15.4,174.9555,-70.6755,3,3,7578.0,0.778931,1.76,1622.64,DWARF,2,2.862998,1692
TIC 298946836,298946836,100,100,11.11,243.2216,-61.0313,4,1,5964.0,2.09656,1.09,487.432,DWARF,2,2.865015,1693
TIC 376565446,376565446,100,100,10.28,180.6467,-54.7647,3,2,6679.0,2.55207,1.41,477.471,DWARF,2,2.869785,1694
TIC 298112357,298112357,100,100,10.67,225.0539,-62.9009,4,1,9764.0,2.33375,2.49,618.275,DWARF,2,2.870109,1695
TIC 403507814,403507814,100,100,12.26,230.909,-76.8958,4,2,7560.0,1.62654,1.75,904.833,DWARF,2,2.874529,1696
TIC 407045410,407045410,100,100,10.05,232.4928,-78.8414,4,2,8404.0,2.7088,2.08,620.274,DWARF,2,2.875554,1697
TIC 272213425,272213425,100,100,11.11,180.165,-45.7995,2,2,6457.0,2.1276,1.31,564.409,DWARF,2,2.87778,1698
TIC 62061161,62061161,100,100,10.44,178.2539,-44.9171,2,2,6829.0,2.49096,1.47,521.979,DWARF,2,2.880734,1699
TIC 73082975,73082975,100,100,10.92,189.6893,-46.139,2,2,6471.0,2.23565,1.32,537.564,DWARF,2,2.882808,1700
TIC 80299103,80299103,100,100,10.42,164.9381,-51.0746,2,1,6920.0,2.54392,1.51,518.13,DWARF,2,2.895007,1701
TIC 401762326,401762326,100,100,11.1,217.2001,-75.1036,4,2,6737.0,2.18126,1.44,577.583,DWARF,2,2.897415,1702
TIC 327278100,327278100,100,100,10.81,189.1919,-67.5287,3,3,6707.0,2.34152,1.42,562.28,DWARF,2,2.900996,1703
TIC 336278309,336278309,100,100,15.43,195.5852,-68.704,3,3,9567.0,0.819573,2.44,2216.14,DWARF,2,2.913175,1704
TIC 448820344,448820344,100,100,11.39,213.704,-66.7147,3,4,7544.0,2.07988,1.75,686.164,DWARF,2,2.914077,1705
TIC 419503191,419503191,100,100,12.55,191.3009,-55.319,3,1,7238.0,1.59262,1.63,825.215,DWARF,2,2.914224,1706
TIC 72005709,72005709,100,100,10.01,167.4128,-45.5121,2,1,6864.0,2.85842,1.49,486.706,DWARF,2,2.914252,1707
TIC 412266364,412266364,100,100,10.39,231.3461,-59.4404,4,1,7716.0,2.62385,1.82,576.859,DWARF,2,2.915878,1708
TIC 314228257,314228257,100,100,11.48,184.3109,-70.1533,3,3,6346.0,2.05408,1.26,605.288,DWARF,2,2.921235,1709
TIC 343376897,343376897,100,100,10.96,240.8939,-60.4403,4,1,9833.0,2.32007,2.51,884.178,DWARF,2,2.923002,1710
TIC 400802343,400802343,100,100,10.05,178.2488,-52.633,2,1,8547.0,2.86667,2.13,665.188,DWARF,2,2.924755,1711
TIC 207854908,207854908,100,100,10.44,207.3183,-58.9849,3,4,7226.0,2.63443,1.62,549.24,DWARF,2,2.929373,1712
TIC 303814029,303814029,100,100,12.77,164.5198,-56.386,2,1,7514.0,1.54084,1.73,999.139,DWARF,2,2.929515,1713
TIC 142262969,142262969,100,100,10.26,180.5936,-31.3737,2,3,6574.0,2.75815,1.37,520.259,DWARF,2,2.933236,1714
TIC 336613507,336613507,100,100,12.88,196.3739,-66.3852,3,3,7057.0,1.50982,1.56,860.344,DWARF,2,2.93385,1715
TIC 409952137,409952137,100,100,12.21,213.8784,-58.1483,3,4,8751.0,1.76423,2.2,836.282,DWARF,2,2.93511,1716
TIC 282221346,282221346,100,100,11.04,210.9854,-78.7725,4,2,5784.0,2.32059,1.04,489.651,DWARF,2,2.939197,1717
TIC 210851954,210851954,100,100,10.73,212.9007,-54.7288,3,4,6753.0,2.49592,1.44,533.28,DWARF,2,2.940461,1718
TIC 394261904,394261904,100,100,11.64,198.9462,-75.3482,3,3,7330.0,2.02882,1.66,777.415,DWARF,2,2.942487,1719
TIC 320710719,320710719,100,100,12.6,205.5535,-64.679,3,4,7689.0,1.6268,1.8,879.891,DWARF,2,2.942668,1720
TIC 92173719,92173719,100,100,10.36,172.4342,-51.5938,2,1,5960.0,2.73539,1.09,444.797,DWARF,2,2.946039,1721
TIC 467484304,467484304,100,100,13.36,168.6135,-61.5591,3,2,7691.0,1.37237,1.81,1195.67,DWARF,2,2.946942,1722
TIC 319949055,319949055,100,100,13.3,174.3893,-65.3079,3,2,7822.0,1.39262,1.86,964.011,DWARF,2,2.947665,1723
TIC 308191940,308191940,100,100,10.19,180.4332,-61.9547,3,2,9635.0,2.85288,2.46,795.894,DWARF,2,2.948567,1724
TIC 157336254,157336254,100,100,10.09,177.1131,-31.9687,2,3,6979.0,2.92298,1.53,555.397,DWARF,2,2.949652,1725
TIC 438777551,438777551,100,100,12.93,201.7605,-53.4481,3,1,7014.0,1.52356,1.54,937.758,DWARF,2,2.951719,1726
TIC 426901646,426901646,100,100,12.06,236.8919,-67.5067,4,1,7929.0,1.89138,1.9,1036.48,DWARF,2,2.965558,1727
TIC 209478882,209478882,100,100,10.62,210.3459,-54.6314,3,4,6497.0,2.64563,1.33,538.23,DWARF,2,2.969058,1728
TIC 413081073,413081073,100,100,15.98,204.9111,-59.3185,3,4,7279.0,0.770278,1.64,1388.73,DWARF,2,2.969295,1729
TIC 451071957,451071957,100,100,11.29,170.2939,-55.5242,3,2,8954.0,2.27667,,,DWARF,2,2.9726,1730
TIC 245341523,245341523,100,100,10.52,199.724,-50.0579,3,1,9781.0,2.72592,2.5,878.174,DWARF,2,2.975026,1731
TIC 409952138,409952138,100,100,12.48,213.8811,-58.1485,3,4,8510.0,1.73777,2.12,889.17,DWARF,2,2.975985,1732
TIC 320710732,320710732,100,100,12.78,205.5553,-64.6778,3,4,7431.0,1.62643,1.7,903.54,DWARF,2,2.978471,1733
TIC 68030406,68030406,100,100,13.09,190.2192,-55.5016,3,1,7121.0,1.52566,1.58,956.723,DWARF,2,2.984916,1734
TIC 272885406,272885406,100,100,12.97,161.7016,-49.0482,2,1,7109.0,1.57174,1.58,989.462,DWARF,2,2.986761,1735
TIC 267174860,267174860,100,100,10.32,175.6868,-54.8982,3,2,6214.0,2.9017,1.2,481.333,DWARF,2,2.989305,1736
TIC 376209245,376209245,100,100,13.15,179.1846,-56.7566,3,2,7428.0,1.52416,1.7,1110.66,DWARF,2,2.996061,1737
TIC 294768072,294768072,100,100,11.81,267.6519,-71.2867,4,3,5692.75,2.0755,1.01,627.41,DWARF,2,2.996245,1738
TIC 267079346,267079346,100,100,10.59,175.7473,-56.4086,3,2,6892.0,2.74904,1.5,596.074,DWARF,2,2.996362,1739
TIC 210098534,210098534,100,100,10.72,211.7327,-59.4882,3,4,8015.0,2.68828,1.94,648.162,DWARF,2,3.002949,1740
TIC 46698351,46698351,100,100,10.24,230.7106,-59.8354,4,1,8972.0,3.01627,2.26,709.453,DWARF,2,3.00694,1741
TIC 22648725,22648725,100,100,10.64,185.188,-46.8261,2,2,6297.0,2.75299,1.23,570.473,DWARF,2,3.007609,1742
TIC 433546897,433546897,100,100,11.64,190.4029,-65.7973,3,3,6560.0,2.19704,1.36,677.547,DWARF,2,3.011676,1743
TIC 316652224,316652224,100,100,13.1,171.9564,-61.5312,3,2,7798.0,1.57174,1.85,1270.07,DWARF,2,3.012761,1744
TIC 162922904,162922904,100,100,12.02,171.845,-44.0887,2,1,6090.0,2.02635,1.14,757.84,DWARF,2,3.017429,1745
TIC 397341697,397341697,100,100,10.55,175.0577,-44.9326,2,2,5998.0,2.84987,1.11,528.671,DWARF,2,3.01965,1746
TIC 267291974,267291974,100,100,10.68,175.9362,-56.4601,3,2,7029.0,2.77109,1.55,640.437,DWARF,2,3.021301,1747
TIC 439257396,439257396,100,100,10.52,195.5861,-65.0024,3,3,7805.0,2.90105,1.85,647.893,DWARF,2,3.02911,1748
TIC 276905005,276905005,100,100,10.11,275.5153,-79.8845,4,3,7951.0,3.2007,1.91,677.463,DWARF,2,3.03249,1749
TIC 426009799,426009799,100,100,10.87,236.6295,-73.4065,4,2,7609.21,2.69597,1.77,745.176,DWARF,2,3.03543,1750
TIC 147566325,147566325,100,100,11.0,163.5959,-42.3912,2,4,6089.0,2.62066,1.14,588.179,DWARF,2,3.036821,1751
TIC 72671320,72671320,100,100,10.48,188.2069,-44.9943,2,2,5995.0,2.95503,1.1,522.798,DWARF,2,3.037124,1752
TIC 406106335,406106335,100,100,12.81,197.5464,-54.2188,3,1,7277.0,1.75304,1.64,1019.68,DWARF,2,3.049584,1753
TIC 412266361,412266361,100,100,10.74,231.3513,-59.4406,4,1,7594.0,2.8494,1.77,697.666,DWARF,2,3.057507,1754
TIC 300892362,300892362,100,100,10.21,177.814,-55.8047,3,2,8137.0,3.2396,1.98,709.314,DWARF,2,3.062983,1755
TIC 286979043,286979043,100,100,10.83,187.1869,-70.739,3,3,6186.0,2.83151,1.18,567.631,DWARF,2,3.070036,1756
TIC 311179742,311179742,100,100,12.28,257.715,-75.73,4,3,5929.0,2.03323,1.08,802.875,DWARF,2,3.072373,1757
TIC 447999170,447999170,100,100,10.37,185.2597,-69.9517,3,3,9606.0,3.16873,2.45,894.451,DWARF,2,3.07577,1758
TIC 195256633,195256633,100,100,12.07,222.683,-57.7613,3,4,7822.0,2.14687,1.86,872.272,DWARF,2,3.077611,1759
TIC 321471064,321471064,100,100,11.91,175.5275,-62.2673,3,2,7202.0,2.22968,1.61,840.892,DWARF,2,3.078485,1760
TIC 288224503,288224503,100,100,12.08,187.3151,-51.0039,3,1,6506.0,2.14826,1.33,851.976,DWARF,2,3.080174,1761
TIC 406338833,406338833,100,100,10.79,197.765,-55.984,3,1,6330.0,2.89141,1.25,589.305,DWARF,2,3.080219,1762
TIC 244929497,244929497,100,100,10.6,196.9673,-51.1934,3,1,6650.0,3.05527,1.4,624.974,DWARF,2,3.090099,1763
TIC 305492348,305492348,100,100,12.84,178.5754,-62.3751,3,2,7108.0,1.8304,1.58,1227.81,DWARF,2,3.093092,1764
TIC 394261893,394261893,100,100,10.58,198.9397,-75.3534,3,3,7510.0,3.09074,1.73,755.385,DWARF,2,3.096125,1765
TIC 308010949,308010949,100,100,13.36,167.2122,-54.3151,2,1,7081.0,1.63072,1.57,1207.19,DWARF,2,3.096759,1766
TIC 321802774,321802774,100,100,12.63,206.1032,-64.4966,3,4,8213.0,1.9422,2.01,1095.74,DWARF,2,3.102588,1767
TIC 451254008,451254008,100,100,12.53,171.0153,-57.5436,3,2,6282.0,2.00754,1.23,935.189,DWARF,2,3.111328,1768
TIC 306357884,306357884,100,100,11.56,265.0876,-63.2519,4,4,6307.0,2.53382,1.24,809.845,DWARF,2,3.119552,1769
TIC 361403927,361403927,100,100,12.29,242.8172,-67.0003,4,1,6508.0,2.14229,1.34,997.768,DWARF,2,3.119757,1770
TIC 181159386,181159386,100,100,11.17,174.3028,-38.3072,2,3,6719.0,2.78212,1.43,789.341,DWARF,2,3.122752,1771
TIC 343707847,343707847,100,100,10.54,206.7616,-70.8636,3,3,7279.0,3.24566,1.64,699.124,DWARF,2,3.130606,1772
TIC 337451205,337451205,100,100,11.37,215.2834,-60.9326,3,4,6826.0,2.69518,1.47,851.011,DWARF,2,3.135176,1773
TIC 209054294,209054294,100,100,12.35,209.7967,-54.7629,3,4,6386.0,2.16124,1.28,914.054,DWARF,2,3.139406,1774
TIC 467058752,467058752,100,100,11.95,167.5345,-60.1523,3,2,9600.0,2.37477,,1209.13,DWARF,2,3.141243,1775
TIC 290388627,290388627,100,100,13.4,173.7181,-63.4458,3,2,8878.0,1.7011,2.24,1321.29,DWARF,2,3.14146,1776
TIC 329089161,329089161,100,100,10.27,191.3872,-71.2213,3,3,8534.0,3.51238,2.13,834.056,DWARF,2,3.145203,1777
TIC 334436767,334436767,100,100,11.05,213.6718,-61.7493,3,4,8258.0,2.98587,2.03,790.525,DWARF,2,3.160142,1778
TIC 71341774,71341774,100,100,12.34,154.7513,-35.6839,2,4,6176.0,2.22168,1.18,946.232,DWARF,2,3.161363,1779
TIC 319808992,319808992,100,100,10.66,174.4534,-61.7514,3,2,7004.0,3.33524,1.54,841.956,DWARF,2,3.178254,1780
TIC 396465600,396465600,100,100,10.67,213.7623,-74.2464,4,2,6759.0,3.34598,1.45,745.337,DWARF,2,3.183047,1781
TIC 412485680,412485680,100,100,11.99,193.084,-54.2285,3,1,6870.0,2.4771,1.49,914.534,DWARF,2,3.185887,1782
TIC 342375120,342375120,100,100,12.14,204.3855,-66.2511,3,3,6426.0,2.42157,1.3,864.432,DWARF,2,3.196194,1783
TIC 384709136,384709136,100,100,12.75,257.613,-81.7083,4,2,6287.0,2.1049,1.23,1058.39,DWARF,2,3.196463,1784
TIC 362384415,362384415,100,100,11.61,245.8773,-67.3444,4,1,7203.83,2.75203,1.61,1078.11,DWARF,2,3.201306,1785
TIC 253327702,253327702,100,100,10.32,195.9552,-54.6121,3,1,6329.0,3.71778,1.25,615.325,DWARF,2,3.204567,1786
TIC 265633507,265633507,100,100,12.83,174.5697,-56.9626,3,2,6959.0,2.09494,1.52,1251.25,DWARF,2,3.208343,1787
TIC 360221713,360221713,100,100,12.78,262.3143,-59.1077,4,4,5369.0,2.13425,0.93,888.672,DWARF,2,3.214491,1788
TIC 302054555,302054555,100,100,12.47,260.0169,-67.4446,4,4,5575.23,2.30142,0.98,872.49,DWARF,2,3.217992,1789
TIC 360473750,360473750,100,100,12.66,188.9121,-72.682,3,3,6126.0,2.20816,1.16,966.604,DWARF,2,3.220061,1790
TIC 290263093,290263093,100,100,13.05,173.7083,-64.7317,3,2,8532.0,2.0553,2.12,1295.58,DWARF,2,3.23575,1791
TIC 467055554,467055554,100,100,11.1,167.5425,-60.4503,3,2,7077.0,3.22365,1.57,1046.35,DWARF,2,3.236696,1792
TIC 466840711,466840711,100,100,14.15,166.9799,-61.1462,3,2,7655.0,1.59944,1.79,1627.63,DWARF,2,3.237936,1793
TIC 295507430,295507430,100,100,11.98,171.2522,-66.488,3,2,5654.0,2.68056,1.0,738.075,DWARF,2,3.252451,1794
TIC 450806464,450806464,100,100,11.34,169.6723,-54.7183,2,1,9016.0,3.1299,2.28,1274.94,DWARF,2,3.259061,1795
TIC 360220405,360220405,100,100,12.38,262.3119,-59.6652,4,4,7267.0,2.47477,1.64,1404.44,DWARF,2,3.26307,1796
TIC 337451193,337451193,100,100,11.01,215.2843,-60.9335,3,4,6832.0,3.40749,1.48,906.481,DWARF,2,3.266869,1797
TIC 420369105,420369105,100,100,12.17,251.0371,-58.9846,4,4,7566.0,2.61227,1.75,1324.29,DWARF,2,3.268036,1798
TIC 467050003,467050003,100,100,11.82,167.4673,-60.9658,3,2,7185.0,2.85025,1.61,1196.61,DWARF,2,3.273766,1799
TIC 310266243,310266243,100,100,13.33,251.3204,-76.1666,4,2,6279.0,2.03988,1.23,1440.15,DWARF,2,3.285209,1800
TIC 262652067,262652067,100,100,10.35,229.3447,-66.757,4,1,6587.0,4.06416,1.37,766.331,DWARF,2,3.287942,1801
TIC 178616716,178616716,100,100,11.67,165.6642,-44.3992,2,1,7330.0,3.00635,1.66,1176.55,DWARF,2,3.290079,1802
TIC 260777243,260777243,100,100,10.55,189.0936,-52.4954,3,1,6803.0,3.89978,1.46,828.541,DWARF,2,3.29208,1803
TIC 449107129,449107129,100,100,11.9,216.4711,-69.8359,4,2,8653.0,2.88208,2.16,1340.01,DWARF,2,3.299412,1804
TIC 208091447,208091447,100,100,12.39,207.8925,-59.7628,3,4,8608.0,2.59574,2.15,1206.98,DWARF,2,3.306522,1805
TIC 451483379,451483379,100,100,10.3,171.5913,-55.072,3,2,6670.0,4.21084,1.41,729.781,DWARF,2,3.308737,1806
TIC 334932819,334932819,100,100,10.41,194.0362,-69.9928,3,3,5889.0,4.13524,1.07,649.292,DWARF,2,3.315001,1807
TIC 360475034,360475034,100,100,13.12,188.7702,-73.1297,3,3,5604.0,2.23972,0.99,1024.38,DWARF,2,3.324387,1808
TIC 359208940,359208940,100,100,10.53,181.8251,-72.0563,3,3,6798.0,4.06678,1.46,767.68,DWARF,2,3.324501,1809
TIC 448688668,448688668,100,100,13.34,212.6755,-66.4577,3,4,6386.0,2.14467,1.28,1245.7,DWARF,2,3.330721,1810
TIC 73078624,73078624,100,100,12.82,153.4765,-36.8156,2,4,8016.0,2.41772,1.94,1889.03,DWARF,2,3.330812,1811
TIC 394604463,394604463,100,100,13.28,201.544,-74.8117,3,3,6084.0,2.19503,1.14,1323.0,DWARF,2,3.338881,1812
TIC 277963278,277963278,100,100,13.25,177.9657,-41.2859,2,2,7044.21,2.21671,1.56,1694.6,DWARF,2,3.341418,1813
TIC 439259308,439259308,100,100,10.63,195.5986,-65.8279,3,3,6771.0,4.05454,1.45,823.928,DWARF,2,3.341883,1814
TIC 466358318,466358318,100,100,11.01,165.7934,-62.2076,3,2,9093.0,3.7458,2.3,1286.62,DWARF,2,3.349089,1815
TIC 292349703,292349703,100,100,11.56,221.4257,-65.8513,4,1,5965.0,3.33518,1.09,854.397,DWARF,2,3.358239,1816
TIC 327919010,327919010,100,100,11.61,189.7749,-66.0957,3,3,8843.0,3.30655,2.22,1319.91,DWARF,2,3.36075,1817
TIC 451557719,451557719,100,100,11.52,171.7472,-59.5822,3,2,8679.0,3.42443,2.17,1459.29,DWARF,2,3.373177,1818
TIC 92171588,92171588,100,100,10.41,172.4697,-52.4584,2,1,6980.0,4.4976,1.53,905.483,DWARF,2,3.387962,1819
TIC 80781425,80781425,100,100,11.92,166.1752,-48.7989,2,1,7268.0,3.19896,1.64,1409.82,DWARF,2,3.394018,1820
TIC 467050742,467050742,100,100,11.29,167.48,-60.8945,3,2,7825.0,3.80172,1.86,1425.53,DWARF,2,3.41796,1821
TIC 392995938,392995938,100,100,11.67,218.2784,-60.0934,3,4,6808.0,3.51809,1.47,1025.24,DWARF,2,3.426614,1822
TIC 381142903,381142903,100,100,13.92,238.1206,-66.995,4,1,6697.0,2.10622,1.42,2106.22,DWARF,2,3.431007,1823
TIC 452049244,452049244,100,100,13.37,173.3991,-56.7024,3,2,6520.0,2.41272,1.34,1689.05,DWARF,2,3.439014,1824
TIC 181087723,181087723,100,100,12.09,173.6873,-38.4304,2,3,7135.0,3.29565,1.59,1545.35,DWARF,2,3.453882,1825
TIC 57260027,57260027,100,100,12.17,171.1173,-33.9036,2,3,7506.88,3.26627,1.73,1717.97,DWARF,2,3.462104,1826
TIC 323961582,323961582,100,100,15.32,176.7431,-60.4218,3,2,8189.0,1.60651,2.0,2510.07,DWARF,2,3.475767,1827
TIC 82442162,82442162,100,100,14.31,238.0302,-59.6765,4,1,6197.0,2.07117,1.19,1783.83,DWARF,2,3.494431,1828
TIC 456316918,456316918,100,100,13.43,231.1972,-61.0023,4,1,7341.0,2.54797,1.67,1780.1,DWARF,2,3.498389,1829
TIC 459813276,459813276,100,100,14.86,163.5987,-58.7822,3,2,8529.0,1.88392,2.12,3125.89,DWARF,2,3.522125,1830
TIC 311724751,311724751,100,100,14.61,181.4847,-68.5485,3,3,5984.0,2.04958,1.1,2091.52,DWARF,2,3.54533,1831
TIC 245027119,245027119,100,100,11.18,197.58,-48.9089,3,1,5961.0,4.53645,1.09,1018.11,DWARF,2,3.549432,1832
TIC 467232553,467232553,100,100,11.68,167.8343,-61.6837,3,2,11049.0,4.08721,2.88,2319.9,DWARF,2,3.558854,1833
TIC 323785857,323785857,100,100,14.69,176.7774,-62.1749,3,2,7394.0,2.15634,1.69,3094.27,DWARF,2,3.605434,1834
TIC 248130143,248130143,100,100,15.26,193.7173,-46.4334,3,1,5730.0,2.07243,1.02,2988.88,DWARF,2,3.68496,1835
TIC 468241262,468241262,100,100,11.97,170.2877,-60.5371,3,2,7695.0,4.47533,1.81,2213.6,DWARF,2,3.69565,1836
TIC 313520821,313520821,100,100,14.64,183.4908,-66.5899,3,3,7115.0,2.45444,1.58,2967.98,DWARF,2,3.707905,1837
TIC 93629553,93629553,100,100,14.97,175.7219,-49.3352,2,1,5339.0,2.28192,0.92,2480.55,DWARF,2,3.710601,1838
TIC 457112112,457112112,100,100,14.99,202.9804,-59.1456,3,4,7482.0,2.4211,1.72,3017.24,DWARF,2,3.766025,1839
TIC 459400252,459400252,100,100,13.93,162.5524,-56.4499,2,1,5729.0,3.09187,1.02,2047.57,DWARF,2,3.766442,1840
TIC 335834061,335834061,100,100,15.83,195.0248,-68.8555,3,3,7416.0,2.1317,1.69,5076.51,DWARF,2,3.823452,1841
TIC 403082839,403082839,100,100,15.94,227.3164,-75.5788,4,2,5369.0,2.16,0.93,3699.73,DWARF,2,3.856908,1842
TIC 401438648,401438648,100,100,15.98,200.5483,-50.0083,3,1,6016.0,2.17946,1.11,4484.11,DWARF,2,3.872698,1843
TIC 297665577,297665577,100,100,13.55,180.3755,-66.9577,3,3,10341.0,3.85479,2.66,3944.33,DWARF,2,3.882001,1844
TIC 323330072,323330072,100,100,15.0,176.4742,-62.338,3,2,5847.0,2.77423,1.06,2949.69,DWARF,2,3.886285,1845
TIC 363208649,363208649,100,100,15.8,248.3261,-66.6503,4,1,5494.0,2.76193,0.96,4788.09,DWARF,2,4.042425,1846
TIC 306045981,306045981,100,100,15.89,166.5195,-58.9223,3,2,5730.0,3.20132,1.02,4355.74,DWARF,2,4.188658,1847
TIC 298276425,298276425,100,100,14.95,242.4345,-63.2829,4,1,7365.0,4.09876,1.67,7292.67,DWARF,2,4.215305,1848
TIC 315339948,315339948,100,100,15.73,202.757,-65.3107,3,3,6189.0,4.94868,1.19,4546.36,DWARF,2,4.534979,1849
TIC 383089500,383089500,100,100,10.29,183.6387,-60.4114,3,2,,,,585.374,DWARF,2,999.0,1850
TIC 440715308,440715308,100,100,10.47,196.7861,-64.4285,3,3,,,,,DWARF,2,999.0,1851
TIC 447651236,447651236,100,100,10.68,254.4222,-63.2113,4,4,,,,155.486,DWARF,2,999.0,1852
TIC 288281452,288281452,100,100,10.88,187.2784,-49.9747,3,1,,,,,DWARF,2,999.0,1853
TIC 323485429,323485429,100,100,11.3,176.4743,-64.844,3,2,,,,4.63464,DWARF,2,999.0,1854
TIC 92336062,92336062,100,100,11.54,172.7058,-53.6151,2,1,,,,,DWARF,2,999.0,1855
TIC 209707800,209707800,100,100,11.72,210.8842,-55.4431,3,4,,,,,DWARF,2,999.0,1856
TIC 158381418,158381418,100,100,11.95,163.5748,-36.2711,2,4,,,,,DWARF,2,999.0,1857
TIC 419572753,419572753,100,100,12.05,191.1671,-56.8031,3,1,,,,,DWARF,2,999.0,1858
TIC 296850254,296850254,100,100,12.13,176.6483,-70.3358,3,3,,,,330.511,DWARF,2,999.0,1859
TIC 92394063,92394063,100,100,12.18,172.8114,-48.4411,2,1,,,,,DWARF,2,999.0,1860
TIC 942368354,942368354,100,100,12.27,163.785,-35.6336,2,4,3621.0,,,52.2661,DWARF,2,999.0,1861
TIC 365660822,365660822,100,100,12.3,274.7516,-63.3007,4,4,,,,334.903,DWARF,2,999.0,1862
TIC 120596335,120596335,100,100,12.42,163.6688,-48.7841,2,1,,,,,DWARF,2,999.0,1863
TIC 178657161,178657161,100,100,12.49,165.8589,-44.2687,2,1,,,,575.478,DWARF,2,999.0,1864
TIC 328235904,328235904,100,100,12.49,190.463,-68.7464,3,3,,,,,DWARF,2,999.0,1865
TIC 467244015,467244015,100,100,12.52,167.8473,-60.5522,3,2,,,,661.179,DWARF,2,999.0,1866
TIC 272645619,272645619,100,100,12.56,161.4334,-52.5381,2,1,,,,707.151,DWARF,2,999.0,1867
TIC 260776145,260776145,100,100,12.59,189.1824,-52.057,3,1,,,,655.714,DWARF,2,999.0,1868
TIC 317538297,317538297,100,100,12.59,172.4675,-63.3204,3,2,,,,1389.0,DWARF,2,999.0,1869
TIC 360148823,360148823,100,100,12.63,187.0531,-75.9184,3,3,,,,,DWARF,2,999.0,1870
TIC 210681065,210681065,100,100,12.64,212.6142,-56.9824,3,4,,,,1175.45,DWARF,2,999.0,1871
TIC 147092818,147092818,100,100,12.75,161.9452,-47.0249,2,1,,,,744.917,DWARF,2,999.0,1872
TIC 411943564,411943564,100,100,12.8,189.8242,-57.5935,3,1,,,,610.158,DWARF,2,999.0,1873
TIC 396316939,396316939,100,100,12.87,212.3459,-73.5351,4,2,,,,438.015,DWARF,2,999.0,1874
TIC 267712001,267712001,100,100,12.88,176.2915,-55.4988,3,2,,,,718.133,DWARF,2,999.0,1875
TIC 307888842,307888842,100,100,12.93,180.05,-61.6561,3,2,,,,868.982,DWARF,2,999.0,1876
TIC 142209224,142209224,100,100,13.0,180.3516,-31.9908,2,3,8333.0,,,586.168,DWARF,2,999.0,1877
TIC 316283715,316283715,100,100,13.02,203.329,-63.8923,3,4,,,,,DWARF,2,999.0,1878
TIC 208387087,208387087,100,100,13.07,208.461,-55.0364,3,4,3574.0,,,60.3684,DWARF,2,999.0,1879
TIC 22384839,22384839,100,100,13.08,184.0371,-45.4263,2,2,,,,763.939,DWARF,2,999.0,1880
TIC 394900138,394900138,100,100,13.09,203.1707,-72.9263,3,3,,,,1010.18,DWARF,2,999.0,1881
TIC 384511910,384511910,100,100,13.11,253.4453,-78.0743,4,2,,,,,DWARF,2,999.0,1882
TIC 467955232,467955232,100,100,13.11,169.8812,-64.9016,3,2,,,,,DWARF,2,999.0,1883
TIC 94346376,94346376,100,100,13.27,177.1046,-52.4834,2,1,,,,1394.86,DWARF,2,999.0,1884
TIC 326662822,326662822,100,100,13.31,188.6015,-69.7581,3,3,,,,1656.76,DWARF,2,999.0,1885
TIC 365554300,365554300,100,100,13.31,274.0466,-65.6081,4,4,,,,,DWARF,2,999.0,1886
TIC 80681136,80681136,100,100,13.35,165.8885,-51.4592,2,1,,,,1102.0,DWARF,2,999.0,1887
TIC 457325947,457325947,100,100,13.37,205.9948,-55.3288,3,4,4793.0,,,137.24,DWARF,2,999.0,1888
TIC 262872628,262872628,100,100,13.5,218.2744,-81.3401,4,2,,,,20.9133,DWARF,2,999.0,1889
TIC 241752370,241752370,100,100,13.53,208.8894,-52.5245,3,4,,,,,DWARF,2,999.0,1890
TIC 292889298,292889298,100,100,13.53,221.842,-60.5449,3,4,,,,,DWARF,2,999.0,1891
TIC 48768158,48768158,100,100,13.56,162.2269,-32.42,2,4,,,,608.631,DWARF,2,999.0,1892
TIC 331160996,331160996,100,100,13.59,212.2825,-62.2687,3,4,,,,1246.7,DWARF,2,999.0,1893
TIC 455669450,455669450,100,100,13.59,229.7866,-59.9189,4,1,,,,,DWARF,2,999.0,1894
TIC 334757798,334757798,100,100,13.61,213.9643,-60.8369,3,4,,,,1907.31,DWARF,2,999.0,1895
TIC 286661397,286661397,100,100,13.72,186.6745,-66.2065,3,3,,,,15.3841,DWARF,2,999.0,1896
TIC 23226265,23226265,100,100,13.81,166.9499,-34.3496,2,4,,,,26.1435,DWARF,2,999.0,1897
TIC 394098596,394098596,100,100,13.81,198.2175,-77.6553,4,2,,,,,DWARF,2,999.0,1898
TIC 375838652,375838652,100,100,13.82,178.8596,-56.6974,3,2,,,,127.656,DWARF,2,999.0,1899
TIC 160522890,160522890,100,100,13.83,189.7011,-49.8006,3,1,,,,14.8034,DWARF,2,999.0,1900
TIC 409952023,409952023,100,100,13.83,213.8879,-57.9329,3,4,8245.0,,,671.333,DWARF,2,999.0,1901
TIC 178538234,178538234,100,100,13.89,165.0684,-42.677,2,4,,,,378.115,DWARF,2,999.0,1902
TIC 390397794,390397794,100,100,13.9,184.4748,-57.3034,3,2,,,,,DWARF,2,999.0,1903
TIC 158593543,158593543,100,100,14.01,164.7486,-38.5601,2,4,,,,256.526,DWARF,2,999.0,1904
TIC 72625401,72625401,100,100,14.07,188.0336,-43.3307,2,2,,,,,DWARF,2,999.0,1905
TIC 379127994,379127994,100,100,14.1,180.6969,-64.0482,3,2,,,,,DWARF,2,999.0,1906
TIC 335435513,335435513,100,100,14.23,170.2692,-16.8177,1,2,,,,232.295,DWARF,2,999.0,1907
TIC 210958723,210958723,100,100,14.26,212.9977,-59.3463,3,4,,,,14.3873,DWARF,2,999.0,1908
TIC 382982786,382982786,100,100,14.31,183.745,-62.8841,3,2,4160.0,,,173.977,DWARF,2,999.0,1909
TIC 152311320,152311320,100,100,14.32,170.8955,-38.5447,2,3,,,,311.616,DWARF,2,999.0,1910
TIC 265631178,265631178,100,100,14.35,174.459,-57.3762,3,2,,,,589.133,DWARF,2,999.0,1911
TIC 208346128,208346128,100,100,14.37,208.2751,-56.6619,3,4,,,,984.669,DWARF,2,999.0,1912
TIC 172887973,172887973,100,100,14.39,256.6596,-59.9281,4,4,,,,,DWARF,2,999.0,1913
TIC 401140914,401140914,100,100,14.43,186.1426,-58.3878,3,2,,,,1601.23,DWARF,2,999.0,1914
TIC 288284837,288284837,100,100,14.45,187.2939,-47.9453,2,2,3519.0,,,118.099,DWARF,2,999.0,1915
TIC 934105955,934105955,100,100,14.45,172.9469,-51.692,2,1,3573.0,,,122.269,DWARF,2,999.0,1916
TIC 304696712,304696712,100,100,14.46,278.4651,-69.701,4,3,,,,32.8758,DWARF,2,999.0,1917
TIC 256706062,256706062,100,100,14.61,200.2177,-58.7576,3,4,,,,398.147,DWARF,2,999.0,1918
TIC 71882444,71882444,100,100,14.66,166.8907,-45.7402,2,1,,,,,DWARF,2,999.0,1919
TIC 362328364,362328364,100,100,14.74,245.6601,-70.0373,4,1,9954.0,,,1331.86,DWARF,2,999.0,1920
TIC 1689774345,1689774345,100,100,14.78,273.6127,-60.7365,4,4,3444.0,,,120.725,DWARF,2,999.0,1921
TIC 449825376,449825376,100,100,14.82,201.4595,-60.2517,3,4,,,,35.9133,DWARF,2,999.0,1922
TIC 461164368,461164368,100,100,14.93,171.7903,-29.6717,2,3,,,,33.6583,DWARF,2,999.0,1923
TIC 411686682,411686682,100,100,14.94,189.3371,-57.138,3,1,,,,,DWARF,2,999.0,1924
TIC 306407111,306407111,100,100,14.95,179.4238,-60.1137,3,2,,,,46.1896,DWARF,2,999.0,1925
TIC 162434199,162434199,100,100,14.99,169.6098,-47.3656,2,1,,,,17.0255,DWARF,2,999.0,1926
TIC 434149636,434149636,100,100,14.99,190.9544,-65.8687,3,3,,,,,DWARF,2,999.0,1927
TIC 300107014,300107014,100,100,15.03,208.1023,-60.3841,3,4,,,,,DWARF,2,999.0,1928
TIC 170049602,170049602,100,100,15.04,252.7081,-58.2941,4,4,10135.0,,,1822.08,DWARF,2,999.0,1929
TIC 406623672,406623672,100,100,15.05,198.3706,-55.3565,3,1,,,,642.736,DWARF,2,999.0,1930
TIC 166877527,166877527,100,100,15.07,192.9949,-53.2519,3,1,3646.0,,,158.383,DWARF,2,999.0,1931
TIC 208712116,208712116,100,100,15.12,245.1427,-59.2731,4,1,,,,53.9124,DWARF,2,999.0,1932
TIC 72321135,72321135,100,100,15.14,187.0125,-42.6047,2,2,,,,46.133,DWARF,2,999.0,1933
TIC 163648025,163648025,100,100,15.16,191.2696,-49.2275,3,1,,,,29.0436,DWARF,2,999.0,1934
TIC 939521653,939521653,100,100,15.18,172.535,-49.8752,2,1,3345.0,,,110.755,DWARF,2,999.0,1935
TIC 168840758,168840758,100,100,15.19,193.7828,-50.7056,3,1,8402.0,,,1161.65,DWARF,2,999.0,1936
TIC 29932813,29932813,100,100,15.21,166.3728,-40.1191,2,4,,,,579.969,DWARF,2,999.0,1937
TIC 49177016,49177016,100,100,15.21,165.4545,-31.725,2,4,3584.0,,,172.091,DWARF,2,999.0,1938
TIC 426135160,426135160,100,100,15.28,238.294,-73.7982,4,2,,,,975.946,DWARF,2,999.0,1939
TIC 92089635,92089635,100,100,15.31,172.3633,-49.8652,2,1,3307.0,,,112.431,DWARF,2,999.0,1940
TIC 162362188,162362188,100,100,15.31,169.3186,-44.1931,2,1,,,,26.6856,DWARF,2,999.0,1941
TIC 36371238,36371238,100,100,15.32,225.5793,-58.2202,3,4,7380.0,,,882.318,DWARF,2,999.0,1942
TIC 71544757,71544757,100,100,15.35,155.5218,-35.6322,2,4,,,,944.114,DWARF,2,999.0,1943
TIC 178449001,178449001,100,100,15.35,165.0351,-42.063,2,4,,,,,DWARF,2,999.0,1944
TIC 420094832,420094832,100,100,15.39,202.8315,-50.7343,3,1,,,,,DWARF,2,999.0,1945
TIC 448987057,448987057,100,100,15.4,215.1346,-70.9099,4,2,,,,,DWARF,2,999.0,1946
TIC 334884825,334884825,100,100,15.41,171.4269,-16.5317,1,2,,,,46.5256,DWARF,2,999.0,1947
TIC 350804607,350804607,100,100,15.41,246.8479,-62.5581,4,1,,,,1102.15,DWARF,2,999.0,1948
TIC 344130696,344130696,100,100,15.42,279.2823,-76.9861,4,3,,,,87.3456,DWARF,2,999.0,1949
TIC 61706683,61706683,100,100,15.43,177.008,-45.3865,2,2,,,,25.0709,DWARF,2,999.0,1950
TIC 429239786,429239786,100,100,15.45,184.0968,-52.3223,3,1,,,,,DWARF,2,999.0,1951
TIC 397418667,397418667,100,100,15.46,177.8986,-27.5389,2,3,,,,25.1368,DWARF,2,999.0,1952
TIC 342298592,342298592,100,100,15.47,204.52,-68.0769,3,3,,,,39.7789,DWARF,2,999.0,1953
TIC 979309282,979309282,100,100,15.48,196.8373,-58.6271,3,1,3758.0,,,247.143,DWARF,2,999.0,1954
TIC 105762960,105762960,100,100,15.49,156.5855,-38.5128,2,4,,,,29.1532,DWARF,2,999.0,1955
TIC 403016190,403016190,100,100,15.49,226.5138,-73.9252,4,2,,,,1172.45,DWARF,2,999.0,1956
TIC 380174982,380174982,100,100,15.51,259.2168,-59.1102,4,4,,,,29.8929,DWARF,2,999.0,1957
TIC 448023860,448023860,100,100,15.51,199.8673,-78.3937,4,2,,,,19.2791,DWARF,2,999.0,1958
TIC 303983495,303983495,100,100,15.52,258.5413,-61.4445,4,4,,,,,DWARF,2,999.0,1959
TIC 222240915,222240915,100,100,15.54,250.3832,-59.0261,4,4,,,,,DWARF,2,999.0,1960
TIC 447448883,447448883,100,100,15.57,252.6809,-64.2372,4,4,,,,1337.9,DWARF,2,999.0,1961
TIC 106989158,106989158,100,100,15.58,161.6937,-41.7784,2,4,,,,28.2499,DWARF,2,999.0,1962
TIC 20375980,20375980,100,100,15.59,167.617,-27.5314,1,2,,,,550.775,DWARF,2,999.0,1963
TIC 1131157472,1131157472,100,100,15.59,229.015,-58.4419,4,1,3412.0,,,137.317,DWARF,2,999.0,1964
TIC 349502268,349502268,100,100,15.6,220.6998,-78.398,4,2,,,,23.9601,DWARF,2,999.0,1965
TIC 1131278773,1131278773,100,100,15.6,220.1167,-63.2378,3,4,3693.0,,,227.927,DWARF,2,999.0,1966
TIC 295177299,295177299,100,100,15.63,270.2493,-69.1829,4,3,,,,40.9931,DWARF,2,999.0,1967
TIC 358845409,358845409,100,100,15.67,199.357,-54.6391,3,1,,,,24.5872,DWARF,2,999.0,1968
TIC 306883646,306883646,100,100,15.68,266.5454,-62.8643,4,4,,,,34.4393,DWARF,2,999.0,1969
TIC 267072776,267072776,100,100,15.72,175.6827,-57.5532,3,2,,,,1059.42,DWARF,2,999.0,1970
TIC 311725119,311725119,100,100,15.72,181.4298,-68.6179,3,3,,,,1690.03,DWARF,2,999.0,1971
TIC 457356516,457356516,100,100,15.73,206.1629,-57.5078,3,4,,,,1229.18,DWARF,2,999.0,1972
TIC 461203226,461203226,100,100,15.73,181.7113,-38.0973,2,2,,,,58.8437,DWARF,2,999.0,1973
TIC 5595193,5595193,100,100,15.75,166.1963,-18.6207,1,2,,,,39.9706,DWARF,2,999.0,1974
TIC 396420159,396420159,100,100,15.76,213.0996,-76.4989,4,2,,,,1690.37,DWARF,2,999.0,1975
TIC 433195942,433195942,100,100,15.76,181.1689,-59.8999,3,2,,,,2946.41,DWARF,2,999.0,1976
TIC 415714190,415714190,100,100,15.77,164.1603,-22.8801,1,2,,,,36.1669,DWARF,2,999.0,1977
TIC 300520314,300520314,100,100,15.79,244.9761,-65.5754,4,1,,,,1267.32,DWARF,2,999.0,1978
TIC 306648281,306648281,100,100,15.8,265.6976,-65.0864,4,4,,,,29.9791,DWARF,2,999.0,1979
TIC 402972169,402972169,100,100,15.8,226.2006,-73.5579,4,2,,,,70.2638,DWARF,2,999.0,1980
TIC 380779964,380779964,100,100,15.81,269.6794,-60.3816,4,4,,,,66.1739,DWARF,2,999.0,1981
TIC 92167387,92167387,100,100,15.84,172.3402,-53.9288,2,1,,,,1435.43,DWARF,2,999.0,1982
TIC 306627908,306627908,100,100,15.85,166.8106,-55.9622,2,1,,,,,DWARF,2,999.0,1983
TIC 398597669,398597669,100,100,15.86,219.5172,-65.183,3,4,,,,1615.49,DWARF,2,999.0,1984
TIC 105994999,105994999,100,100,15.87,157.7038,-41.8913,2,4,,,,1739.15,DWARF,2,999.0,1985
TIC 315941906,315941906,100,100,15.89,203.2858,-60.1741,3,4,6454.0,,,873.436,DWARF,2,999.0,1986
TIC 48943694,48943694,100,100,15.9,163.6943,-35.8189,2,4,,,,53.4987,DWARF,2,999.0,1987
TIC 343296348,343296348,100,100,15.9,265.9351,-74.4105,4,3,,,,66.7874,DWARF,2,999.0,1988
TIC 309034257,309034257,100,100,15.91,184.3579,-63.4957,3,2,,,,37.4632,DWARF,2,999.0,1989
TIC 332295012,332295012,100,100,15.91,212.7898,-61.2814,3,4,,,,,DWARF,2,999.0,1990
TIC 989083149,989083149,100,100,15.94,181.5172,-57.7696,3,2,3321.0,,,100.533,DWARF,2,999.0,1991
TIC 287567385,287567385,100,100,15.96,198.212,-47.4693,3,1,,,,16.7843,DWARF,2,999.0,1992
TIC 448568248,448568248,100,100,15.97,211.5328,-69.9577,3,3,,,,35.8287,DWARF,2,999.0,1993
TIC 266173462,266173462,100,100,15.98,174.914,-55.0005,3,2,3517.0,,,156.737,DWARF,2,999.0,1994
TIC 411603422,411603422,100,100,15.98,218.9688,-57.6265,3,4,8479.0,,,1322.43,DWARF,2,999.0,1995
TIC 451466671,451466671,100,100,15.98,239.9281,-69.103,4,1,9104.0,,,2013.0,DWARF,2,999.0,1996
TIC 401235072,401235072,100,100,15.99,187.9052,-52.7857,3,1,,,,42.5514,DWARF,2,999.0,1997
TIC 362322837,362322837,100,100,12.95,245.4181,-67.9578,4,1,4534.83,0.639645,,,UNKNOWN,3,2.201878,1998
TIC 146842334,146842334,100,100,11.76,160.8964,-47.2563,2,1,6225.0,,,924.89,SUBGIANT,4,999.0,1999
TIC 467409163,467409163,100,100,10.01,168.3728,-61.2641,3,2,,,,2143.46,UNKNOWN,5,999.0,2000
TIC 151764983,151764983,100,100,10.02,167.6152,-37.5311,2,4,3266.0,,,36.5847,UNKNOWN,5,999.0,2001
TIC 363596605,363596605,100,100,10.02,249.7861,-68.3874,4,1,,,,,UNKNOWN,5,999.0,2002
TIC 401043278,401043278,100,100,10.02,220.1841,-63.5791,3,4,,,,1505.7,UNKNOWN,5,999.0,2003
TIC 467408384,467408384,100,100,10.03,168.3946,-61.3452,3,2,,,,2609.44,UNKNOWN,5,999.0,2004
TIC 317792919,317792919,100,100,10.06,172.847,-63.2969,3,2,,,,2557.57,UNKNOWN,5,999.0,2005
TIC 1205449441,1205449441,100,100,10.06,247.0461,-75.309,4,2,,,,292.886,UNKNOWN,5,999.0,2006
TIC 311328485,311328485,100,100,10.08,185.5535,-63.3466,3,2,,,,2237.53,UNKNOWN,5,999.0,2007
TIC 467023914,467023914,100,100,10.09,167.5488,-61.4407,3,2,,,,3195.28,UNKNOWN,5,999.0,2008
TIC 920218771,920218771,100,100,10.1,177.4919,-59.8008,3,2,,,,87.3186,UNKNOWN,5,999.0,2009
TIC 76970891,76970891,100,100,10.12,237.1789,-59.6247,4,1,6882.0,,,169.475,UNKNOWN,5,999.0,2010
TIC 360371656,360371656,100,100,10.12,217.4126,-70.1223,4,2,,,,5108.82,UNKNOWN,5,999.0,2011
TIC 443661491,443661491,100,100,10.17,199.6282,-62.6625,3,4,,,,1538.65,UNKNOWN,5,999.0,2012
TIC 443694508,443694508,100,100,10.17,199.7544,-61.8942,3,4,,,,2493.53,UNKNOWN,5,999.0,2013
TIC 450941267,450941267,100,100,10.17,187.2524,-63.2053,3,2,4290.0,,,103.992,UNKNOWN,5,999.0,2014
TIC 941701069,941701069,100,100,10.19,160.0754,-43.1347,2,4,,,,985.876,UNKNOWN,5,999.0,2015
TIC 344792784,344792784,100,100,10.2,253.8082,-58.4774,4,4,5580.0,,,141.443,UNKNOWN,5,999.0,2016
TIC 436272308,436272308,100,100,10.21,193.3569,-60.3667,3,1,,,,2845.98,UNKNOWN,5,999.0,2017
TIC 338681866,338681866,100,100,10.28,189.6659,-61.4489,3,2,14594.0,,,2093.5,UNKNOWN,5,999.0,2018
TIC 451524691,451524691,100,100,10.28,171.7487,-57.1851,3,2,,,,2501.75,UNKNOWN,5,999.0,2019
TIC 316380301,316380301,100,100,10.3,171.7333,-62.0169,3,2,,,,3513.17,UNKNOWN,5,999.0,2020
TIC 340159353,340159353,100,100,10.32,201.1453,-69.5324,3,3,7478.0,,,167.101,UNKNOWN,5,999.0,2021
TIC 324993602,324993602,100,100,10.34,177.4142,-60.6051,3,2,,,,2794.65,UNKNOWN,5,999.0,2022
TIC 375838965,375838965,100,100,10.34,178.9286,-56.6255,3,2,4099.0,,,100.262,UNKNOWN,5,999.0,2023
TIC 322104948,322104948,100,100,10.35,175.7771,-60.7346,3,2,,,,2783.96,UNKNOWN,5,999.0,2024
TIC 352229000,352229000,100,100,10.37,288.5452,-76.6374,4,3,,,,2212.56,UNKNOWN,5,999.0,2025
TIC 394152356,394152356,100,100,10.37,198.267,-75.3139,3,3,,,,4147.47,UNKNOWN,5,999.0,2026
TIC 189504668,189504668,100,100,10.39,221.071,-59.4851,3,4,,,,2109.13,UNKNOWN,5,999.0,2027
TIC 327933089,327933089,100,100,10.39,190.1492,-67.4809,3,3,,,,2796.4,UNKNOWN,5,999.0,2028
TIC 359690566,359690566,100,100,10.39,195.8708,-47.3878,3,1,,,,,UNKNOWN,5,999.0,2029
TIC 307890542,307890542,100,100,10.4,180.172,-61.4755,3,2,,,,2144.45,UNKNOWN,5,999.0,2030
TIC 401975322,401975322,100,100,10.4,218.7703,-73.5325,4,2,,,,4612.49,UNKNOWN,5,999.0,2031
TIC 460640587,460640587,100,100,10.4,191.4378,-63.5192,3,3,,,,2154.01,UNKNOWN,5,999.0,2032
TIC 317792461,317792461,100,100,10.42,172.7717,-63.3636,3,2,,,,2371.54,UNKNOWN,5,999.0,2033
TIC 253227053,253227053,100,100,10.43,195.3636,-58.7408,3,1,,,,863.505,UNKNOWN,5,999.0,2034
TIC 313959947,313959947,100,100,10.43,202.3866,-61.5935,3,4,,,,1355.97,UNKNOWN,5,999.0,2035
TIC 342470937,342470937,100,100,10.43,240.2318,-59.9798,4,1,,,,446.586,UNKNOWN,5,999.0,2036
TIC 319228243,319228243,100,100,10.44,204.8067,-61.7042,3,4,,,,3236.99,UNKNOWN,5,999.0,2037
TIC 466886442,466886442,100,100,10.44,167.1398,-61.2763,3,2,,,,3265.53,UNKNOWN,5,999.0,2038
TIC 467231403,467231403,100,100,10.44,167.9623,-61.8081,3,2,,,,3331.65,UNKNOWN,5,999.0,2039
TIC 15373882,15373882,100,100,10.46,185.0955,-52.7046,3,1,,,,105.477,UNKNOWN,5,999.0,2040
TIC 34867775,34867775,100,100,10.46,224.589,-59.6592,3,4,,,,804.412,UNKNOWN,5,999.0,2041
TIC 297707975,297707975,100,100,10.46,241.93,-59.9651,4,1,,,,509.529,UNKNOWN,5,999.0,2042
TIC 320732406,320732406,100,100,10.46,175.0061,-63.4471,3,2,,,,2954.66,UNKNOWN,5,999.0,2043
TIC 454954403,454954403,100,100,10.46,227.8823,-61.1982,4,1,,,,5229.99,UNKNOWN,5,999.0,2044
TIC 337028799,337028799,100,100,10.47,215.0363,-64.7481,3,4,,,,3825.68,UNKNOWN,5,999.0,2045
TIC 305114097,305114097,100,100,10.48,178.4022,-63.4812,3,2,,,,4478.16,UNKNOWN,5,999.0,2046
TIC 72858760,72858760,100,100,10.52,188.7346,-45.6354,2,2,,,,,UNKNOWN,5,999.0,2047
TIC 291772616,291772616,100,100,10.52,218.0764,-57.6007,3,4,,,,2899.43,UNKNOWN,5,999.0,2048
TIC 459404776,459404776,100,100,10.52,162.5174,-55.6951,2,1,,,,3824.13,UNKNOWN,5,999.0,2049
TIC 71589821,71589821,100,100,10.54,156.0186,-35.7358,2,4,,,,290.117,UNKNOWN,5,999.0,2050
TIC 450909889,450909889,100,100,10.56,187.4451,-61.5912,3,2,14152.0,,,1197.92,UNKNOWN,5,999.0,2051
TIC 311768360,311768360,100,100,10.58,185.9069,-61.6291,3,2,6203.0,,,7479.42,UNKNOWN,5,999.0,2052
TIC 412750923,412750923,100,100,10.58,193.3446,-54.6,3,1,,,,250.827,UNKNOWN,5,999.0,2053
TIC 305108002,305108002,100,100,10.6,178.3055,-62.8474,3,2,,,,10705.3,UNKNOWN,5,999.0,2054
TIC 400809805,400809805,100,100,10.61,178.3108,-48.4683,2,2,6253.0,,,250.531,UNKNOWN,5,999.0,2055
TIC 398773821,398773821,100,100,10.64,180.2735,-55.3287,3,2,,,,2872.46,UNKNOWN,5,999.0,2056
TIC 447530589,447530589,100,100,10.7,253.405,-61.5865,4,4,,,,4167.89,UNKNOWN,5,999.0,2057
TIC 93236650,93236650,100,100,10.71,175.0453,-52.3501,2,1,,,,31.5412,UNKNOWN,5,999.0,2058
TIC 407558846,407558846,100,100,10.71,213.3155,-55.599,3,4,6421.0,,,327.271,UNKNOWN,5,999.0,2059
TIC 313087584,313087584,100,100,10.75,201.8244,-63.7619,3,4,,,,4839.62,UNKNOWN,5,999.0,2060
TIC 168835186,168835186,100,100,10.77,193.903,-52.6531,3,1,13377.0,,,745.911,UNKNOWN,5,999.0,2061
TIC 465740584,465740584,100,100,10.77,164.3227,-59.9619,3,2,14504.0,,,3334.59,UNKNOWN,5,999.0,2062
TIC 340847612,340847612,100,100,10.79,293.2776,-77.9067,4,3,4788.0,,,105.923,UNKNOWN,5,999.0,2063
TIC 424709073,424709073,100,100,10.8,236.9018,-64.5469,4,1,5346.0,,,163.929,UNKNOWN,5,999.0,2064
TIC 35542651,35542651,100,100,10.85,224.847,-59.395,3,4,8176.0,,,2430.08,UNKNOWN,5,999.0,2065
TIC 328023626,328023626,100,100,10.85,190.0648,-70.2071,3,3,5062.0,,,211.23,UNKNOWN,5,999.0,2066
TIC 439168784,439168784,100,100,10.85,195.5843,-63.4732,3,3,,,,2776.41,UNKNOWN,5,999.0,2067
TIC 68321605,68321605,100,100,10.86,236.2072,-59.1145,4,1,14400.0,,,3470.04,UNKNOWN,5,999.0,2068
TIC 318669260,318669260,100,100,10.86,173.3241,-63.2424,3,2,,,,3957.36,UNKNOWN,5,999.0,2069
TIC 178710314,178710314,100,100,10.93,166.1567,-47.2433,2,1,,,,134.444,UNKNOWN,5,999.0,2070
TIC 57303793,57303793,100,100,10.96,171.3368,-33.2378,2,3,5680.0,,,191.483,UNKNOWN,5,999.0,2071
TIC 1030035125,1030035125,100,100,10.99,205.8646,-60.5282,3,4,,,,1124.68,UNKNOWN,5,999.0,2072
TIC 1311852410,1311852410,100,100,10.99,258.8987,-63.5656,4,4,,,,171.869,UNKNOWN,5,999.0,2073
TIC 383228890,383228890,100,100,11.0,183.9169,-60.7839,3,2,,,,3844.58,UNKNOWN,5,999.0,2074
TIC 265125304,265125304,100,100,11.05,293.6235,-75.2148,4,3,5708.0,,,234.079,UNKNOWN,5,999.0,2075
TIC 323484729,323484729,100,100,11.08,176.2973,-64.7399,3,2,5039.0,,,186.787,UNKNOWN,5,999.0,2076
TIC 436272339,436272339,100,100,11.08,193.515,-60.4225,3,1,,,,1862.65,UNKNOWN,5,999.0,2077
TIC 326750243,326750243,100,100,11.09,210.2327,-65.0318,3,4,,,,5046.0,UNKNOWN,5,999.0,2078
TIC 408147984,408147984,100,100,11.1,213.4824,-59.6431,3,4,,,,1530.76,UNKNOWN,5,999.0,2079
TIC 142002844,142002844,100,100,11.11,178.2921,-31.3999,2,3,3273.0,,,15.3283,UNKNOWN,5,999.0,2080
TIC 336932754,336932754,100,100,11.13,215.1035,-63.8907,3,4,,,,2786.27,UNKNOWN,5,999.0,2081
TIC 340624586,340624586,100,100,11.13,238.2415,-63.8606,4,1,,,,,UNKNOWN,5,999.0,2082
TIC 314139276,314139276,100,100,11.15,202.5034,-63.6345,3,4,,,,3388.66,UNKNOWN,5,999.0,2083
TIC 412444432,412444432,100,100,11.16,192.8017,-56.513,3,1,3964.0,,,109.952,UNKNOWN,5,999.0,2084
TIC 66761070,66761070,100,100,11.2,181.4019,-58.6964,3,2,,,,3507.35,UNKNOWN,5,999.0,2085
TIC 319991836,319991836,100,100,11.2,205.1257,-61.6083,3,4,,,,2884.88,UNKNOWN,5,999.0,2086
TIC 450824128,450824128,100,100,11.21,187.1562,-62.0512,3,2,,,,2144.41,UNKNOWN,5,999.0,2087
TIC 467285796,467285796,100,100,11.21,168.2737,-61.3751,3,2,,,,2290.56,UNKNOWN,5,999.0,2088
TIC 293084151,293084151,100,100,11.22,178.187,-26.5027,2,3,,,,36.9035,UNKNOWN,5,999.0,2089
TIC 362710804,362710804,100,100,11.27,246.7601,-69.7362,4,1,3325.0,,,27.1366,UNKNOWN,5,999.0,2090
TIC 405911276,405911276,100,100,11.27,192.6864,-56.9135,3,1,,,,102.736,UNKNOWN,5,999.0,2091
TIC 300760656,300760656,100,100,11.28,245.3671,-61.5225,4,1,3292.0,,,6892.62,UNKNOWN,5,999.0,2092
TIC 383087344,383087344,100,100,11.28,183.6508,-60.6681,3,2,,,,4681.67,UNKNOWN,5,999.0,2093
TIC 120774302,120774302,100,100,11.31,164.1642,-49.1779,2,1,,,,150.11,UNKNOWN,5,999.0,2094
TIC 301300706,301300706,100,100,11.32,255.5218,-68.1991,4,4,5498.0,,,228.501,UNKNOWN,5,999.0,2095
TIC 146886115,146886115,100,100,11.35,161.115,-43.5476,2,4,,,,,UNKNOWN,5,999.0,2096
TIC 57610880,57610880,100,100,11.38,173.6135,-32.2193,2,3,4896.0,,,145.26,UNKNOWN,5,999.0,2097
TIC 134754923,134754923,100,100,11.38,182.7291,-37.369,2,2,4509.0,,,119.823,UNKNOWN,5,999.0,2098
TIC 306566788,306566788,100,100,11.38,179.3585,-63.4505,3,2,,,,6586.75,UNKNOWN,5,999.0,2099
TIC 941125595,941125595,100,100,11.38,166.1567,-47.2438,2,1,,,,135.24,UNKNOWN,5,999.0,2100
TIC 21113347,21113347,100,100,11.4,186.7873,-48.9784,2,2,,,,403.591,UNKNOWN,5,999.0,2101
TIC 413607990,413607990,100,100,11.4,232.1539,-58.862,4,1,,,,4312.29,UNKNOWN,5,999.0,2102
TIC 466281230,466281230,100,100,11.4,165.5639,-61.8273,3,2,,,,1449.5,UNKNOWN,5,999.0,2103
TIC 208504429,208504429,100,100,11.42,208.6889,-59.1512,3,4,,,,,UNKNOWN,5,999.0,2104
TIC 467104085,467104085,100,100,11.44,167.7654,-62.1216,3,2,,,,165.04,UNKNOWN,5,999.0,2105
TIC 317532389,317532389,100,100,11.46,172.595,-62.4375,3,2,,,,3205.52,UNKNOWN,5,999.0,2106
TIC 1922147645,1922147645,100,100,11.48,293.624,-75.2152,4,3,,,,233.895,UNKNOWN,5,999.0,2107
TIC 73762744,73762744,100,100,11.5,263.2829,-59.7973,4,4,5479.0,,,211.975,UNKNOWN,5,999.0,2108
TIC 466073202,466073202,100,100,11.51,165.1043,-60.9932,3,2,,,,4870.95,UNKNOWN,5,999.0,2109
TIC 467101005,467101005,100,100,11.54,167.6851,-61.762,3,2,,,,2643.52,UNKNOWN,5,999.0,2110
TIC 985028003,985028003,100,100,11.54,192.687,-56.9138,3,1,,,,105.778,UNKNOWN,5,999.0,2111
TIC 398466662,398466662,100,100,11.57,179.9445,-59.1737,3,2,6832.0,,,590.194,UNKNOWN,5,999.0,2112
TIC 263206649,263206649,100,100,11.58,230.369,-66.5037,4,1,5321.0,,,233.697,UNKNOWN,5,999.0,2113
TIC 405081305,405081305,100,100,11.59,185.5027,-70.0186,3,3,8754.0,,,719.981,UNKNOWN,5,999.0,2114
TIC 142173958,142173958,100,100,11.61,180.1141,-34.0938,2,3,3149.0,,,72.6438,UNKNOWN,5,999.0,2115
TIC 439980330,439980330,100,100,11.62,196.2828,-64.6878,3,3,,,,4507.62,UNKNOWN,5,999.0,2116
TIC 922728288,922728288,100,100,11.69,167.7647,-62.1217,3,2,,,,194.234,UNKNOWN,5,999.0,2117
TIC 1104778328,1104778328,100,100,11.69,224.2505,-76.8603,4,2,,,,165.77,UNKNOWN,5,999.0,2118
TIC 160828759,160828759,100,100,11.71,189.8373,-53.6327,3,1,,,,81.7598,UNKNOWN,5,999.0,2119
TIC 436276821,436276821,100,100,11.72,193.3246,-60.2333,3,1,,,,,UNKNOWN,5,999.0,2120
TIC 152175409,152175409,100,100,11.73,170.2417,-37.1878,2,3,,,,141.673,UNKNOWN,5,999.0,2121
TIC 329973251,329973251,100,100,11.74,211.8103,-63.7093,3,4,,,,,UNKNOWN,5,999.0,2122
TIC 412191425,412191425,100,100,11.77,190.502,-57.9969,3,1,,,,117.57,UNKNOWN,5,999.0,2123
TIC 285370131,285370131,100,100,11.8,233.6465,-58.6507,4,1,,,,3607.76,UNKNOWN,5,999.0,2124
TIC 313080679,313080679,100,100,11.82,201.8255,-63.1648,3,4,,,,4237.36,UNKNOWN,5,999.0,2125
TIC 307540065,307540065,100,100,11.83,179.9181,-65.3998,3,2,3978.0,,,197.856,UNKNOWN,5,999.0,2126
TIC 21819176,21819176,100,100,11.84,181.4996,-45.7315,2,2,5728.0,,,317.846,UNKNOWN,5,999.0,2127
TIC 142390356,142390356,100,100,11.84,181.9292,-34.8263,2,3,3788.0,,,70.2539,UNKNOWN,5,999.0,2128
TIC 1109703170,1109703170,100,100,11.87,230.7787,-68.1262,4,1,,,,150.88,UNKNOWN,5,999.0,2129
TIC 450828561,450828561,100,100,11.91,186.9889,-61.6271,3,2,3148.0,,,4122.81,UNKNOWN,5,999.0,2130
TIC 305106753,305106753,100,100,11.92,178.2788,-62.7193,3,2,13306.0,,,8697.55,UNKNOWN,5,999.0,2131
TIC 335846848,335846848,100,100,11.95,214.4016,-61.2668,3,4,3164.0,,,3645.49,UNKNOWN,5,999.0,2132
TIC 329834725,329834725,100,100,11.96,211.6989,-65.3118,3,4,5094.0,,,224.025,UNKNOWN,5,999.0,2133
TIC 327505910,327505910,100,100,11.97,210.6207,-62.3409,3,4,,,,98.1841,UNKNOWN,5,999.0,2134
TIC 48973430,48973430,100,100,11.99,163.7843,-35.6332,2,4,3646.0,,,51.716,UNKNOWN,5,999.0,2135
TIC 308761607,308761607,100,100,12.0,184.2769,-64.683,3,2,,,,3564.63,UNKNOWN,5,999.0,2136
TIC 321528595,321528595,100,100,12.01,205.6821,-63.5989,3,4,,,,1389.93,UNKNOWN,5,999.0,2137
TIC 461136782,461136782,100,100,12.02,165.5008,-25.6907,1,2,5579.0,,,481.435,UNKNOWN,5,999.0,2138
TIC 305630106,305630106,100,100,12.03,178.8423,-60.4422,3,2,,,,,UNKNOWN,5,999.0,2139
TIC 447993848,447993848,100,100,12.03,185.1407,-71.5886,3,3,3250.0,,,92.577,UNKNOWN,5,999.0,2140
TIC 941996822,941996822,100,100,12.04,163.5746,-36.2711,2,4,,,,840.054,UNKNOWN,5,999.0,2141
TIC 306023165,306023165,100,100,12.06,179.0525,-65.6319,3,2,3591.0,,,109.772,UNKNOWN,5,999.0,2142
TIC 337444409,337444409,100,100,12.06,215.1554,-61.4705,3,4,,,,4684.77,UNKNOWN,5,999.0,2143
TIC 381996371,381996371,100,100,12.07,208.7008,-62.6852,3,4,,,,1937.21,UNKNOWN,5,999.0,2144
TIC 67699045,67699045,100,100,12.09,182.4236,-58.9116,3,2,,,,104.568,UNKNOWN,5,999.0,2145
TIC 404153438,404153438,100,100,12.09,195.2399,-49.2035,3,1,,,,,UNKNOWN,5,999.0,2146
TIC 469811655,469811655,100,100,12.09,299.9751,-73.8762,4,3,,,,,UNKNOWN,5,999.0,2147
TIC 449610474,449610474,100,100,12.11,200.5836,-63.4078,3,4,5122.0,,,307.622,UNKNOWN,5,999.0,2148
TIC 158223878,158223878,100,100,12.12,162.6241,-39.7614,2,4,14760.0,,,6118.68,UNKNOWN,5,999.0,2149
TIC 363528034,363528034,100,100,12.14,249.3818,-66.836,4,1,5093.0,,,239.428,UNKNOWN,5,999.0,2150
TIC 435508488,435508488,100,100,12.14,192.9952,-63.887,3,3,,,,8142.45,UNKNOWN,5,999.0,2151
TIC 335860261,335860261,100,100,12.2,214.5001,-62.3552,3,4,,,,595.948,UNKNOWN,5,999.0,2152
TIC 407922734,407922734,100,100,12.2,290.6766,-76.3223,4,3,,,,,UNKNOWN,5,999.0,2153
TIC 162701588,162701588,100,100,12.22,190.985,-53.5732,3,1,3649.0,,,115.556,UNKNOWN,5,999.0,2154
TIC 360003096,360003096,100,100,12.24,186.4086,-72.8236,3,3,3175.0,,,99.8962,UNKNOWN,5,999.0,2155
TIC 449368963,449368963,100,100,12.24,199.9378,-60.5752,3,4,,,,4038.06,UNKNOWN,5,999.0,2156
TIC 22321793,22321793,100,100,12.26,183.8945,-43.7139,2,2,5111.0,,,252.443,UNKNOWN,5,999.0,2157
TIC 280945693,280945693,100,100,12.27,174.0693,-69.4643,3,3,3215.0,,,98.296,UNKNOWN,5,999.0,2158
TIC 23226268,23226268,100,100,12.28,166.9596,-34.3513,2,4,,,,,UNKNOWN,5,999.0,2159
TIC 398774857,398774857,100,100,12.28,180.3375,-55.0214,3,2,3733.0,,,113.14,UNKNOWN,5,999.0,2160
TIC 166562943,166562943,100,100,12.29,192.8466,-48.104,3,1,,,,,UNKNOWN,5,999.0,2161
TIC 261674916,261674916,100,100,12.31,185.8092,-55.6713,3,1,3613.0,,,110.892,UNKNOWN,5,999.0,2162
TIC 329209061,329209061,100,100,12.33,211.3318,-61.6795,3,4,,,,,UNKNOWN,5,999.0,2163
TIC 334409011,334409011,100,100,12.33,183.3267,-51.9449,3,1,3281.0,,,107.695,UNKNOWN,5,999.0,2164
TIC 106757680,106757680,100,100,12.34,160.9018,-41.8463,2,4,4837.0,,,326.247,UNKNOWN,5,999.0,2165
TIC 364427226,364427226,100,100,12.34,161.2806,-48.6493,2,1,,,,780.12,UNKNOWN,5,999.0,2166
TIC 369636214,369636214,100,100,12.35,192.2972,-63.3238,3,3,,,,4612.28,UNKNOWN,5,999.0,2167
TIC 162893536,162893536,100,100,12.36,171.4476,-44.1744,2,1,,,,,UNKNOWN,5,999.0,2168
TIC 304416153,304416153,100,100,12.37,177.8047,-63.9741,3,2,,,,2350.59,UNKNOWN,5,999.0,2169
TIC 304426002,304426002,100,100,12.37,177.7961,-65.3168,3,2,,,,4849.87,UNKNOWN,5,999.0,2170
TIC 450403197,450403197,100,100,12.37,186.0613,-63.1893,3,2,3217.0,,,105.397,UNKNOWN,5,999.0,2171
TIC 209383792,209383792,100,100,12.38,210.2363,-59.79,3,4,,,,429.99,UNKNOWN,5,999.0,2172
TIC 57532658,57532658,100,100,12.41,173.2554,-34.3888,2,3,4399.0,,,192.144,UNKNOWN,5,999.0,2173
TIC 245275641,245275641,100,100,12.43,199.3949,-48.3605,3,1,4170.0,,,161.107,UNKNOWN,5,999.0,2174
TIC 404232621,404232621,100,100,12.43,195.5676,-50.2956,3,1,,,,116.84,UNKNOWN,5,999.0,2175
TIC 457145545,457145545,100,100,12.43,203.2308,-58.7812,3,4,3205.0,,,120.607,UNKNOWN,5,999.0,2176
TIC 328017126,328017126,100,100,12.44,190.1444,-68.707,3,3,3443.0,,,105.812,UNKNOWN,5,999.0,2177
TIC 452244393,452244393,100,100,12.44,174.0137,-59.1871,3,2,,,,8079.87,UNKNOWN,5,999.0,2178
TIC 329161967,329161967,100,100,12.45,191.4955,-68.1465,3,3,3417.0,,,103.906,UNKNOWN,5,999.0,2179
TIC 459604398,459604398,100,100,12.45,163.0909,-56.2639,2,1,,,,1102.52,UNKNOWN,5,999.0,2180
TIC 931875642,931875642,100,100,12.48,176.0394,-54.6356,3,2,,,,97.5564,UNKNOWN,5,999.0,2181
TIC 327282466,327282466,100,100,12.5,189.121,-66.9475,3,3,,,,8896.19,UNKNOWN,5,999.0,2182
TIC 395514100,395514100,100,100,12.5,207.6807,-77.3023,4,2,6381.0,,,1009.46,UNKNOWN,5,999.0,2183
TIC 296790810,296790810,100,100,12.51,176.6067,-66.6932,3,2,3187.0,,,107.135,UNKNOWN,5,999.0,2184
TIC 311737029,311737029,100,100,12.53,181.3296,-71.8178,3,3,,,,,UNKNOWN,5,999.0,2185
TIC 1815641602,1815641602,100,100,12.55,287.2396,-74.7467,4,3,,,,91.3413,UNKNOWN,5,999.0,2186
TIC 61828957,61828957,100,100,12.56,177.4599,-47.6537,2,2,,,,,UNKNOWN,5,999.0,2187
TIC 305365636,305365636,100,100,12.57,178.5576,-64.2945,3,2,,,,2427.84,UNKNOWN,5,999.0,2188
TIC 38794566,38794566,100,100,12.58,226.7576,-58.2823,4,1,,,,5534.74,UNKNOWN,5,999.0,2189
TIC 80384677,80384677,100,100,12.6,165.1404,-49.0772,2,1,5299.0,,,346.642,UNKNOWN,5,999.0,2190
TIC 300460827,300460827,100,100,12.65,208.411,-63.5479,3,4,,,,206.153,UNKNOWN,5,999.0,2191
TIC 22386809,22386809,100,100,12.66,184.125,-47.0773,2,2,5715.15,,,431.494,UNKNOWN,5,999.0,2192
TIC 158290221,158290221,100,100,12.66,162.9135,-37.5616,2,4,5366.0,,,417.195,UNKNOWN,5,999.0,2193
TIC 993938851,993938851,100,100,12.66,195.5676,-50.296,3,1,,,,112.605,UNKNOWN,5,999.0,2194
TIC 1689525352,1689525352,100,100,12.66,271.1989,-62.7705,4,4,,,,77.4129,UNKNOWN,5,999.0,2195
TIC 448391362,448391362,100,100,12.68,210.4019,-66.1656,3,4,,,,3355.27,UNKNOWN,5,999.0,2196
TIC 332283910,332283910,100,100,12.7,212.758,-62.1504,3,4,,,,4453.87,UNKNOWN,5,999.0,2197
TIC 306133198,306133198,100,100,12.72,179.1393,-63.4613,3,2,,,,6139.15,UNKNOWN,5,999.0,2198
TIC 271393722,271393722,100,100,12.74,186.6603,-59.4811,3,2,,,,108.118,UNKNOWN,5,999.0,2199
TIC 389212577,389212577,100,100,12.74,179.6416,-43.85,2,2,,,,120.518,UNKNOWN,5,999.0,2200
TIC 171897382,171897382,100,100,12.75,255.4792,-59.3766,4,4,4716.3,,,151.582,UNKNOWN,5,999.0,2201
TIC 901057728,901057728,100,100,12.75,174.4545,-34.9937,2,3,,,,194.691,UNKNOWN,5,999.0,2202
TIC 466630838,466630838,100,100,12.78,166.5814,-61.5664,3,2,,,,,UNKNOWN,5,999.0,2203
TIC 384244834,384244834,100,100,12.79,216.5685,-63.0507,3,4,5669.0,,,3044.46,UNKNOWN,5,999.0,2204
TIC 940567001,940567001,100,100,12.79,179.6415,-43.8506,2,2,,,,124.669,UNKNOWN,5,999.0,2205
TIC 165557886,165557886,100,100,12.8,180.9602,-40.3944,2,2,,,,28.8433,UNKNOWN,5,999.0,2206
TIC 426706888,426706888,100,100,12.83,235.8407,-68.4138,4,1,,,,,UNKNOWN,5,999.0,2207
TIC 303617735,303617735,100,100,12.84,272.2055,-59.8917,4,4,,,,522.799,UNKNOWN,5,999.0,2208
TIC 317205065,317205065,100,100,12.84,203.8633,-62.2175,3,4,,,,,UNKNOWN,5,999.0,2209
TIC 401191824,401191824,100,100,12.84,187.5965,-50.5144,3,1,3765.0,,,155.254,UNKNOWN,5,999.0,2210
TIC 406376573,406376573,100,100,12.88,198.077,-54.6758,3,1,,,,94.5827,UNKNOWN,5,999.0,2211
TIC 1037692585,1037692585,100,100,12.88,218.8024,-58.6632,3,4,,,,150.128,UNKNOWN,5,999.0,2212
TIC 76804724,76804724,100,100,12.9,270.7366,-59.0339,4,4,5218.0,,,361.265,UNKNOWN,5,999.0,2213
TIC 360334556,360334556,100,100,12.91,188.2571,-74.1408,3,3,,,,,UNKNOWN,5,999.0,2214
TIC 320732776,320732776,100,100,12.93,174.8659,-63.493,3,2,,,,2294.42,UNKNOWN,5,999.0,2215
TIC 280378653,280378653,100,100,12.95,170.736,-61.5518,3,2,3122.0,,,3894.27,UNKNOWN,5,999.0,2216
TIC 990412647,990412647,100,100,12.96,191.9509,-54.526,3,1,,,,109.15,UNKNOWN,5,999.0,2217
TIC 253360354,253360354,100,100,12.98,196.1607,-59.8493,3,1,,,,,UNKNOWN,5,999.0,2218
TIC 312743439,312743439,100,100,12.99,201.6918,-59.9371,3,4,4193.0,,,187.91,UNKNOWN,5,999.0,2219
TIC 333822609,333822609,100,100,12.99,182.2419,-51.5054,3,1,3207.0,,,116.676,UNKNOWN,5,999.0,2220
TIC 307099276,307099276,100,100,13.0,179.5245,-60.774,3,2,8232.0,,,1196.03,UNKNOWN,5,999.0,2221
TIC 369743686,369743686,100,100,13.01,192.2194,-64.7698,3,3,3216.0,,,96.6073,UNKNOWN,5,999.0,2222
TIC 253451458,253451458,100,100,13.03,196.8531,-54.4605,3,1,,,,109.582,UNKNOWN,5,999.0,2223
TIC 314013231,314013231,100,100,13.04,184.0443,-66.0551,3,3,,,,1181.83,UNKNOWN,5,999.0,2224
TIC 333574231,333574231,100,100,13.04,181.8523,-52.2037,3,1,,,,566.735,UNKNOWN,5,999.0,2225
TIC 318724462,318724462,100,100,13.06,204.54,-63.3794,3,4,,,,5097.94,UNKNOWN,5,999.0,2226
TIC 248246284,248246284,100,100,13.07,195.0009,-45.2306,3,1,3449.0,,,133.324,UNKNOWN,5,999.0,2227
TIC 319806044,319806044,100,100,13.08,174.4957,-61.4711,3,2,3226.0,,,6817.48,UNKNOWN,5,999.0,2228
TIC 284505642,284505642,100,100,13.09,233.5858,-59.2763,4,1,,,,,UNKNOWN,5,999.0,2229
TIC 384386061,384386061,100,100,13.13,249.3687,-80.9741,4,2,,,,,UNKNOWN,5,999.0,2230
TIC 92456967,92456967,100,100,13.14,172.9485,-51.6927,2,1,3872.0,,,121.361,UNKNOWN,5,999.0,2231
TIC 35542908,35542908,100,100,13.15,224.9539,-59.4197,3,4,4724.0,,,271.922,UNKNOWN,5,999.0,2232
TIC 450685690,450685690,100,100,13.17,186.7845,-62.1994,3,2,3244.0,,,105.047,UNKNOWN,5,999.0,2233
TIC 273218137,273218137,100,100,13.19,179.047,-48.6675,2,2,,,,533.911,UNKNOWN,5,999.0,2234
TIC 163262555,163262555,100,100,13.2,173.0746,-47.4963,2,1,,,,417.58,UNKNOWN,5,999.0,2235
TIC 361386128,361386128,100,100,13.2,193.0615,-72.9138,3,3,,,,451.778,UNKNOWN,5,999.0,2236
TIC 990615132,990615132,100,100,13.22,189.8074,-54.9137,3,1,,,,128.649,UNKNOWN,5,999.0,2237
TIC 387791274,387791274,100,100,13.23,217.3018,-62.0538,3,4,,,,1517.54,UNKNOWN,5,999.0,2238
TIC 379335877,379335877,100,100,13.25,181.1101,-63.5506,3,2,,,,8835.42,UNKNOWN,5,999.0,2239
TIC 418567812,418567812,100,100,13.27,224.0017,-59.6431,3,4,4722.0,,,282.426,UNKNOWN,5,999.0,2240
TIC 166235903,166235903,100,100,13.28,192.5701,-51.5104,3,1,3305.0,,,109.881,UNKNOWN,5,999.0,2241
TIC 457238246,457238246,100,100,13.28,203.3644,-58.6634,3,4,,,,110.038,UNKNOWN,5,999.0,2242
TIC 316379427,316379427,100,100,13.29,171.9313,-62.1216,3,2,,,,3916.98,UNKNOWN,5,999.0,2243
TIC 46807139,46807139,100,100,13.3,230.7896,-58.7268,4,1,7145.0,,,3154.91,UNKNOWN,5,999.0,2244
TIC 314906017,314906017,100,100,13.3,202.7763,-61.3769,3,4,3753.0,,,111.251,UNKNOWN,5,999.0,2245
TIC 320994166,320994166,100,100,13.31,175.2041,-65.0269,3,2,,,,14728.3,UNKNOWN,5,999.0,2246
TIC 414676026,414676026,100,100,13.31,223.0937,-59.6394,3,4,,,,,UNKNOWN,5,999.0,2247
TIC 1034607753,1034607753,100,100,13.31,206.3197,-58.3335,3,4,,,,119.423,UNKNOWN,5,999.0,2248
TIC 48877679,48877679,100,100,13.32,163.1285,-35.6537,2,4,,,,612.751,UNKNOWN,5,999.0,2249
TIC 447976172,447976172,100,100,13.32,157.9136,-48.9941,2,1,,,,481.009,UNKNOWN,5,999.0,2250
TIC 72504752,72504752,100,100,13.33,187.7129,-44.6184,2,2,,,,691.779,UNKNOWN,5,999.0,2251
TIC 328218400,328218400,100,100,13.36,210.9017,-61.2285,3,4,,,,2597.62,UNKNOWN,5,999.0,2252
TIC 333483112,333483112,100,100,13.37,181.7225,-50.8563,2,2,3217.0,,,113.416,UNKNOWN,5,999.0,2253
TIC 1205900195,1205900195,100,100,13.37,244.1549,-71.8859,4,2,,,,138.263,UNKNOWN,5,999.0,2254
TIC 992730615,992730615,100,100,13.39,192.5697,-51.5109,3,1,3212.0,,,110.95,UNKNOWN,5,999.0,2255
TIC 164582436,164582436,100,100,13.4,191.9131,-50.8882,3,1,,,,661.54,UNKNOWN,5,999.0,2256
TIC 359403471,359403471,100,100,13.4,201.422,-56.0074,3,1,5613.0,,,494.931,UNKNOWN,5,999.0,2257
TIC 54416077,54416077,100,100,13.43,162.0627,-33.4129,2,4,,,,,UNKNOWN,5,999.0,2258
TIC 416507299,416507299,100,100,13.43,223.351,-59.6837,3,4,,,,,UNKNOWN,5,999.0,2259
TIC 423521863,423521863,100,100,13.43,169.1177,-21.516,1,2,,,,549.128,UNKNOWN,5,999.0,2260
TIC 438443683,438443683,100,100,13.43,195.157,-62.6003,3,3,,,,,UNKNOWN,5,999.0,2261
TIC 328767492,328767492,100,100,13.47,210.9608,-65.8049,3,4,3272.0,,,192.461,UNKNOWN,5,999.0,2262
TIC 296670796,296670796,100,100,13.48,223.9779,-61.0631,3,4,,,,,UNKNOWN,5,999.0,2263
TIC 313972900,313972900,100,100,13.51,202.2935,-62.6723,3,4,3213.0,,,183.047,UNKNOWN,5,999.0,2264
TIC 394798996,394798996,100,100,13.52,202.4138,-72.6511,3,3,,,,171.808,UNKNOWN,5,999.0,2265
TIC 383405593,383405593,100,100,13.55,184.0131,-63.9957,3,2,3140.0,,,104.315,UNKNOWN,5,999.0,2266
TIC 343306699,343306699,100,100,13.56,206.2822,-70.9223,3,3,,,,,UNKNOWN,5,999.0,2267
TIC 82700207,82700207,100,100,13.57,169.6849,-53.6097,2,1,,,,134.514,UNKNOWN,5,999.0,2268
TIC 933109338,933109338,100,100,13.59,169.6841,-53.6095,2,1,,,,133.181,UNKNOWN,5,999.0,2269
TIC 1005645755,1005645755,100,100,13.6,202.4142,-72.6507,3,3,,,,184.561,UNKNOWN,5,999.0,2270
TIC 380335616,380335616,100,100,13.61,257.3285,-68.6022,4,4,,,,886.939,UNKNOWN,5,999.0,2271
TIC 456962262,456962262,100,100,13.62,201.4732,-59.1813,3,4,,,,,UNKNOWN,5,999.0,2272
TIC 308630840,308630840,100,100,13.63,184.2217,-62.9346,3,2,3194.0,,,107.817,UNKNOWN,5,999.0,2273
TIC 401947546,401947546,100,100,13.63,220.3709,-61.9912,3,4,4739.0,,,336.502,UNKNOWN,5,999.0,2274
TIC 1046897649,1046897649,100,100,13.63,202.4126,-53.3503,3,1,,,,141.354,UNKNOWN,5,999.0,2275
TIC 328474466,328474466,100,100,13.64,190.6903,-69.0643,3,3,3626.0,,,114.585,UNKNOWN,5,999.0,2276
TIC 995047195,995047195,100,100,13.66,182.065,-50.777,2,2,3194.0,,,116.939,UNKNOWN,5,999.0,2277
TIC 457367358,457367358,100,100,13.68,206.0176,-58.9622,3,4,3869.0,,,187.704,UNKNOWN,5,999.0,2278
TIC 401283890,401283890,100,100,13.69,187.9855,-50.5476,3,1,,,,32.8016,UNKNOWN,5,999.0,2279
TIC 409013363,409013363,100,100,13.69,213.7422,-54.4676,3,4,,,,489.814,UNKNOWN,5,999.0,2280
TIC 412944656,412944656,100,100,13.69,204.6817,-55.9535,3,4,3291.0,,,135.29,UNKNOWN,5,999.0,2281
TIC 380829837,380829837,100,100,13.7,269.9165,-62.0473,4,4,,,,608.578,UNKNOWN,5,999.0,2282
TIC 333122267,333122267,100,100,13.71,180.946,-53.4017,3,2,3175.0,,,112.316,UNKNOWN,5,999.0,2283
TIC 167220199,167220199,100,100,13.72,193.0923,-49.599,3,1,,,,,UNKNOWN,5,999.0,2284
TIC 307695288,307695288,100,100,13.72,179.9595,-63.0219,3,2,,,,9669.15,UNKNOWN,5,999.0,2285
TIC 309988749,309988749,100,100,13.72,184.9069,-62.6728,3,2,,,,,UNKNOWN,5,999.0,2286
TIC 315790457,315790457,100,100,13.72,203.0493,-61.5453,3,4,3299.0,,,176.49,UNKNOWN,5,999.0,2287
TIC 365470781,365470781,100,100,13.72,273.5891,-61.8018,4,4,,,,524.273,UNKNOWN,5,999.0,2288
TIC 343418249,343418249,100,100,13.73,206.154,-69.4679,3,3,3136.0,,,75.5792,UNKNOWN,5,999.0,2289
TIC 308469496,308469496,100,100,13.74,184.3132,-60.6482,3,2,,,,,UNKNOWN,5,999.0,2290
TIC 410562828,410562828,100,100,13.74,214.1735,-54.995,3,4,,,,141.179,UNKNOWN,5,999.0,2291
TIC 434801330,434801330,100,100,13.76,192.4992,-65.7411,3,3,,,,708.343,UNKNOWN,5,999.0,2292
TIC 135159743,135159743,100,100,13.78,185.6149,-38.24,2,2,,,,595.926,UNKNOWN,5,999.0,2293
TIC 151735351,151735351,100,100,13.8,167.2875,-41.8922,2,4,,,,,UNKNOWN,5,999.0,2294
TIC 429153556,429153556,100,100,13.81,173.1862,-29.1941,2,3,,,,,UNKNOWN,5,999.0,2295
TIC 342500320,342500320,100,100,13.83,204.5885,-70.0385,3,3,3748.0,,,173.036,UNKNOWN,5,999.0,2296
TIC 166564777,166564777,100,100,13.85,192.7299,-52.3863,3,1,,,,139.298,UNKNOWN,5,999.0,2297
TIC 190796672,190796672,100,100,13.86,221.6159,-59.9269,3,4,,,,,UNKNOWN,5,999.0,2298
TIC 179796850,179796850,100,100,13.87,188.3636,-61.7334,3,2,,,,,UNKNOWN,5,999.0,2299
TIC 270991778,270991778,100,100,13.87,186.2532,-59.6817,3,2,3021.0,,,106.46,UNKNOWN,5,999.0,2300
TIC 327927529,327927529,100,100,13.87,189.976,-66.7448,3,3,,,,142.369,UNKNOWN,5,999.0,2301
TIC 443696948,443696948,100,100,13.87,199.8203,-61.686,3,4,,,,115.76,UNKNOWN,5,999.0,2302
TIC 299399368,299399368,100,100,13.89,243.6063,-61.0669,4,1,,,,561.66,UNKNOWN,5,999.0,2303
TIC 406333668,406333668,100,100,13.89,197.759,-57.1812,3,1,,,,113.547,UNKNOWN,5,999.0,2304
TIC 973517042,973517042,100,100,13.89,199.8207,-61.6864,3,4,,,,120.693,UNKNOWN,5,999.0,2305
TIC 359405261,359405261,100,100,13.9,201.3119,-56.3565,3,1,3220.0,,,117.45,UNKNOWN,5,999.0,2306
TIC 333389706,333389706,100,100,13.91,181.549,-49.5866,2,2,3256.0,,,113.094,UNKNOWN,5,999.0,2307
TIC 966340408,966340408,100,100,13.91,189.9755,-66.7445,3,3,,,,144.418,UNKNOWN,5,999.0,2308
TIC 162583323,162583323,100,100,13.94,170.1335,-46.975,2,1,,,,583.542,UNKNOWN,5,999.0,2309
TIC 300373565,300373565,100,100,13.94,208.3465,-62.9791,3,4,,,,7347.46,UNKNOWN,5,999.0,2310
TIC 973274815,973274815,100,100,13.94,194.785,-62.1868,3,3,,,,133.321,UNKNOWN,5,999.0,2311
TIC 209731183,209731183,100,100,13.98,210.9285,-54.5087,3,4,,,,722.918,UNKNOWN,5,999.0,2312
TIC 304292649,304292649,100,100,13.98,177.9251,-63.2339,3,2,,,,8471.43,UNKNOWN,5,999.0,2313
TIC 312752420,312752420,100,100,13.98,201.8452,-60.7913,3,4,,,,782.815,UNKNOWN,5,999.0,2314
TIC 425929992,425929992,100,100,13.98,235.976,-73.5415,4,2,4016.0,,,279.869,UNKNOWN,5,999.0,2315
TIC 210634604,210634604,100,100,13.99,212.6419,-55.1679,3,4,,,,560.473,UNKNOWN,5,999.0,2316
TIC 273446773,273446773,100,100,14.0,188.7178,-56.8803,3,1,,,,118.443,UNKNOWN,5,999.0,2317
TIC 393878734,393878734,100,100,14.0,196.8467,-77.6232,4,2,3243.0,,,195.74,UNKNOWN,5,999.0,2318
TIC 447471886,447471886,100,100,14.01,252.8106,-61.1148,4,4,,,,802.014,UNKNOWN,5,999.0,2319
TIC 262815341,262815341,100,100,14.03,217.5798,-80.2416,4,2,3999.0,,,245.741,UNKNOWN,5,999.0,2320
TIC 436501155,436501155,100,100,14.03,193.7533,-63.4948,3,3,,,,6085.49,UNKNOWN,5,999.0,2321
TIC 165909871,165909871,100,100,14.04,192.5665,-49.6441,3,1,,,,,UNKNOWN,5,999.0,2322
TIC 333389704,333389704,100,100,14.04,181.5509,-49.5867,2,2,3214.0,,,114.481,UNKNOWN,5,999.0,2323
TIC 453955490,453955490,100,100,14.04,225.4149,-60.2466,4,1,4430.0,,,316.642,UNKNOWN,5,999.0,2324
TIC 907780433,907780433,100,100,14.04,178.8534,-69.0782,3,3,,,,114.193,UNKNOWN,5,999.0,2325
TIC 433092283,433092283,100,100,14.05,181.1357,-59.144,3,2,3143.0,,,109.701,UNKNOWN,5,999.0,2326
TIC 437002682,437002682,100,100,14.09,194.2378,-60.3308,3,1,,,,631.16,UNKNOWN,5,999.0,2327
TIC 1029221953,1029221953,100,100,14.1,200.9347,-62.9557,3,4,,,,12698.8,UNKNOWN,5,999.0,2328
TIC 67136919,67136919,100,100,14.11,181.7721,-58.7545,3,2,3941.0,,,229.221,UNKNOWN,5,999.0,2329
TIC 22558783,22558783,100,100,14.12,184.7382,-45.5116,2,2,,,,1119.65,UNKNOWN,5,999.0,2330
TIC 307255082,307255082,100,100,14.12,179.8727,-60.6852,3,2,3116.0,,,95.1687,UNKNOWN,5,999.0,2331
TIC 311374236,311374236,100,100,14.12,181.0091,-69.6157,3,3,3065.0,,,108.607,UNKNOWN,5,999.0,2332
TIC 411918964,411918964,100,100,14.12,271.0121,-65.3597,4,4,,,,736.456,UNKNOWN,5,999.0,2333
TIC 466508336,466508336,100,100,14.12,166.32,-60.6244,3,2,,,,675.872,UNKNOWN,5,999.0,2334
TIC 989898072,989898072,100,100,14.12,188.7182,-56.8806,3,1,,,,121.461,UNKNOWN,5,999.0,2335
TIC 450029027,450029027,100,100,14.13,168.2808,-55.2266,2,1,,,,560.936,UNKNOWN,5,999.0,2336
TIC 334791780,334791780,100,100,14.14,184.4862,-49.0361,2,2,,,,101.299,UNKNOWN,5,999.0,2337
TIC 163074534,163074534,100,100,14.15,172.321,-46.2065,2,1,3228.0,,,122.593,UNKNOWN,5,999.0,2338
TIC 253171967,253171967,100,100,14.15,195.0084,-59.4805,3,1,3152.0,,,113.917,UNKNOWN,5,999.0,2339
TIC 340223812,340223812,100,100,14.2,201.0118,-71.056,3,3,,,,665.908,UNKNOWN,5,999.0,2340
TIC 313669687,313669687,100,100,14.21,202.1226,-62.2856,3,4,3203.0,,,175.644,UNKNOWN,5,999.0,2341
TIC 331665132,331665132,100,100,14.21,212.5309,-62.5071,3,4,,,,845.797,UNKNOWN,5,999.0,2342
TIC 181080825,181080825,100,100,14.22,173.4765,-36.7585,2,3,5443.0,,,925.235,UNKNOWN,5,999.0,2343
TIC 467377905,467377905,100,100,14.22,168.4546,-63.4756,3,2,14814.0,,,3193.32,UNKNOWN,5,999.0,2344
TIC 991447846,991447846,100,100,14.22,183.1501,-55.3342,3,2,,,,124.59,UNKNOWN,5,999.0,2345
TIC 466503889,466503889,100,100,14.24,166.2756,-60.1862,3,2,3125.0,,,7517.98,UNKNOWN,5,999.0,2346
TIC 301899016,301899016,100,100,14.25,259.4059,-67.0317,4,4,,,,928.1,UNKNOWN,5,999.0,2347
TIC 995352374,995352374,100,100,14.26,188.9353,-48.6635,3,1,,,,103.481,UNKNOWN,5,999.0,2348
TIC 54040633,54040633,100,100,14.27,159.7381,-33.7047,2,4,3546.0,,,146.267,UNKNOWN,5,999.0,2349
TIC 922561382,922561382,100,100,14.27,169.4666,-63.051,3,2,3236.0,,,139.123,UNKNOWN,5,999.0,2350
TIC 305362562,305362562,100,100,14.29,178.5368,-64.6804,3,2,3126.0,,,109.421,UNKNOWN,5,999.0,2351
TIC 413856538,413856538,100,100,14.29,215.3181,-57.7164,3,4,,,,158.968,UNKNOWN,5,999.0,2352
TIC 459887002,459887002,100,100,14.29,163.802,-55.3163,2,1,,,,35.4049,UNKNOWN,5,999.0,2353
TIC 1130542207,1130542207,100,100,14.3,226.6151,-59.5624,4,1,3225.0,,,87.3484,UNKNOWN,5,999.0,2354
TIC 21110031,21110031,100,100,14.32,186.7806,-50.8723,3,1,3043.0,,,142.684,UNKNOWN,5,999.0,2355
TIC 333368014,333368014,100,100,14.32,213.3951,-60.8708,3,4,3098.0,,,118.14,UNKNOWN,5,999.0,2356
TIC 439883940,439883940,100,100,14.32,196.0671,-64.0992,3,3,3144.0,,,111.834,UNKNOWN,5,999.0,2357
TIC 450472622,450472622,100,100,14.32,186.332,-62.2521,3,2,3076.0,,,115.444,UNKNOWN,5,999.0,2358
TIC 253079544,253079544,100,100,14.33,194.354,-56.081,3,1,3233.0,,,131.896,UNKNOWN,5,999.0,2359
TIC 338653597,338653597,100,100,14.33,199.0311,-70.2102,3,3,,,,982.121,UNKNOWN,5,999.0,2360
TIC 450482986,450482986,100,100,14.33,186.3482,-63.205,3,2,3060.0,,,108.938,UNKNOWN,5,999.0,2361
TIC 395497225,395497225,100,100,14.34,207.4546,-73.4747,3,3,,,,1330.15,UNKNOWN,5,999.0,2362
TIC 981590493,981590493,100,100,14.34,188.3705,-59.3964,3,2,,,,98.8549,UNKNOWN,5,999.0,2363
TIC 168507539,168507539,100,100,14.35,193.6026,-52.475,3,1,3158.0,,,121.924,UNKNOWN,5,999.0,2364
TIC 290526308,290526308,100,100,14.35,173.7684,-61.4833,3,2,3077.0,,,8488.01,UNKNOWN,5,999.0,2365
TIC 378898110,378898110,100,100,14.35,180.9109,-60.3802,3,2,,,,307.966,UNKNOWN,5,999.0,2366
TIC 408147637,408147637,100,100,14.36,213.2525,-59.3266,3,4,,,,757.148,UNKNOWN,5,999.0,2367
TIC 158329963,158329963,100,100,14.38,163.1789,-35.9201,2,4,,,,207.621,UNKNOWN,5,999.0,2368
TIC 158586133,158586133,100,100,14.38,164.5823,-38.74,2,4,,,,58.243,UNKNOWN,5,999.0,2369
TIC 418337495,418337495,100,100,14.38,198.5148,-77.8855,4,2,3179.0,,,196.526,UNKNOWN,5,999.0,2370
TIC 361815994,361815994,100,100,14.39,195.2226,-77.1524,3,3,3200.0,,,197.385,UNKNOWN,5,999.0,2371
TIC 449460040,449460040,100,100,14.39,200.1305,-63.3389,3,4,3148.0,,,118.198,UNKNOWN,5,999.0,2372
TIC 402796277,402796277,100,100,14.4,249.0201,-64.9232,4,1,,,,383.695,UNKNOWN,5,999.0,2373
TIC 1206641318,1206641318,100,100,14.41,249.0205,-64.9229,4,1,,,,382.354,UNKNOWN,5,999.0,2374
TIC 262270566,262270566,100,100,14.42,228.4864,-67.0974,4,1,3800.0,,,214.256,UNKNOWN,5,999.0,2375
TIC 169161446,169161446,100,100,14.43,194.0112,-50.0976,3,1,3461.0,,,154.997,UNKNOWN,5,999.0,2376
TIC 322126016,322126016,100,100,14.43,205.9283,-60.6285,3,4,3091.0,,,108.243,UNKNOWN,5,999.0,2377
TIC 378804584,378804584,100,100,14.43,180.5507,-62.2308,3,2,,,,,UNKNOWN,5,999.0,2378
TIC 172886902,172886902,100,100,14.44,256.6862,-59.6006,4,4,4517.0,,,397.797,UNKNOWN,5,999.0,2379
TIC 994542754,994542754,100,100,14.44,180.9471,-53.4022,3,2,3092.0,,,111.352,UNKNOWN,5,999.0,2380
TIC 360942662,360942662,100,100,14.45,241.5756,-66.893,4,1,,,,1099.53,UNKNOWN,5,999.0,2381
TIC 939996877,939996877,100,100,14.45,172.3213,-46.2071,2,1,3171.0,,,123.993,UNKNOWN,5,999.0,2382
TIC 941096969,941096969,100,100,14.45,173.4755,-36.7579,2,3,,,,253.741,UNKNOWN,5,999.0,2383
TIC 975402426,975402426,100,100,14.45,186.1382,-63.1989,3,2,,,,100.275,UNKNOWN,5,999.0,2384
TIC 270894327,270894327,100,100,14.46,220.2691,-56.4801,3,4,3910.0,,,247.448,UNKNOWN,5,999.0,2385
TIC 271105875,271105875,100,100,14.48,186.4376,-57.8738,3,2,3127.0,,,115.298,UNKNOWN,5,999.0,2386
TIC 401058815,401058815,100,100,14.48,185.1689,-59.7604,3,2,3843.0,,,233.173,UNKNOWN,5,999.0,2387
TIC 449774895,449774895,100,100,14.5,201.1597,-63.2242,3,4,,,,799.927,UNKNOWN,5,999.0,2388
TIC 262737698,262737698,100,100,14.52,215.9502,-59.8834,3,4,12369.0,,,3049.18,UNKNOWN,5,999.0,2389
TIC 174187648,174187648,100,100,14.53,258.8435,-59.6286,4,4,,,,1257.33,UNKNOWN,5,999.0,2390
TIC 415101239,415101239,100,100,14.54,189.1651,-60.4012,3,2,3817.0,,,244.683,UNKNOWN,5,999.0,2391
TIC 311377956,311377956,100,100,14.59,181.0607,-68.8271,3,3,3223.0,,,175.881,UNKNOWN,5,999.0,2392
TIC 313076262,313076262,100,100,14.59,201.819,-62.7946,3,4,3115.0,,,6882.3,UNKNOWN,5,999.0,2393
TIC 163190353,163190353,100,100,14.62,172.7537,-44.3151,2,1,3051.0,,,48.1579,UNKNOWN,5,999.0,2394
TIC 316747284,316747284,100,100,14.62,203.623,-62.556,3,4,,,,,UNKNOWN,5,999.0,2395
TIC 467739360,467739360,100,100,14.64,169.1502,-64.9981,3,2,3252.0,,,142.961,UNKNOWN,5,999.0,2396
TIC 994814474,994814474,100,100,14.64,186.78,-50.8729,3,1,3153.0,,,141.052,UNKNOWN,5,999.0,2397
TIC 1131289671,1131289671,100,100,14.64,220.301,-63.1484,3,4,,,,291.694,UNKNOWN,5,999.0,2398
TIC 61541623,61541623,100,100,14.65,176.3653,-44.5539,2,2,,,,917.181,UNKNOWN,5,999.0,2399
TIC 958584496,958584496,100,100,14.69,188.6914,-70.324,3,3,,,,105.373,UNKNOWN,5,999.0,2400
TIC 401982759,401982759,100,100,14.7,218.7748,-77.7238,4,2,,,,1217.47,UNKNOWN,5,999.0,2401
TIC 21006571,21006571,100,100,14.71,186.3981,-52.0277,3,1,6316.0,,,2055.78,UNKNOWN,5,999.0,2402
TIC 365468986,365468986,100,100,14.71,273.6142,-60.7367,4,4,3480.0,,,117.514,UNKNOWN,5,999.0,2403
TIC 21866579,21866579,100,100,14.74,181.7734,-45.5551,2,2,5522.0,,,1203.22,UNKNOWN,5,999.0,2404
TIC 290262937,290262937,100,100,14.74,173.7538,-64.7585,3,2,3314.0,,,154.426,UNKNOWN,5,999.0,2405
TIC 382295669,382295669,100,100,14.74,183.2983,-63.177,3,2,3152.0,,,4526.84,UNKNOWN,5,999.0,2406
TIC 320402807,320402807,100,100,14.75,174.6339,-60.7242,3,2,,,,665.41,UNKNOWN,5,999.0,2407
TIC 980639661,980639661,100,100,14.76,184.5429,-60.7494,3,2,3047.0,,,114.792,UNKNOWN,5,999.0,2408
TIC 1038461120,1038461120,100,100,14.76,215.3171,-57.7162,3,4,3216.0,,,159.4,UNKNOWN,5,999.0,2409
TIC 179872046,179872046,100,100,14.77,188.5021,-61.7176,3,2,,,,,UNKNOWN,5,999.0,2410
TIC 301120677,301120677,100,100,14.78,177.9289,-59.7449,3,2,,,,,UNKNOWN,5,999.0,2411
TIC 53733119,53733119,100,100,14.79,158.1067,-33.1087,2,4,,,,,UNKNOWN,5,999.0,2412
TIC 381739165,381739165,100,100,14.79,182.7235,-63.2574,3,2,3260.0,,,161.898,UNKNOWN,5,999.0,2413
TIC 902175892,902175892,100,100,14.79,170.2691,-16.8175,1,2,,,,149.592,UNKNOWN,5,999.0,2414
TIC 363213205,363213205,100,100,14.8,248.5254,-66.5378,4,1,,,,965.691,UNKNOWN,5,999.0,2415
TIC 422092764,422092764,100,100,14.8,188.8153,-49.2079,3,1,3100.0,,,117.696,UNKNOWN,5,999.0,2416
TIC 461161226,461161226,100,100,14.8,165.7737,-24.9685,1,2,,,,134.878,UNKNOWN,5,999.0,2417
TIC 165912675,165912675,100,100,14.81,192.6414,-48.449,3,1,,,,131.204,UNKNOWN,5,999.0,2418
TIC 241755721,241755721,100,100,14.81,208.8372,-53.5298,3,4,3153.0,,,135.052,UNKNOWN,5,999.0,2419
TIC 300685376,300685376,100,100,14.82,177.6886,-59.0294,3,2,,,,800.931,UNKNOWN,5,999.0,2420
TIC 394152615,394152615,100,100,14.84,198.4045,-75.1814,3,3,,,,333.662,UNKNOWN,5,999.0,2421
TIC 995157108,995157108,100,100,14.84,183.9773,-49.9829,2,2,,,,158.167,UNKNOWN,5,999.0,2422
TIC 313510834,313510834,100,100,14.85,202.2417,-62.587,3,4,,,,6991.54,UNKNOWN,5,999.0,2423
TIC 318667177,318667177,100,100,14.87,173.2748,-63.505,3,2,,,,1808.71,UNKNOWN,5,999.0,2424
TIC 336609668,336609668,100,100,14.87,196.2087,-65.9182,3,3,,,,102.811,UNKNOWN,5,999.0,2425
TIC 367384808,367384808,100,100,14.87,259.8976,-59.8239,4,4,,,,747.939,UNKNOWN,5,999.0,2426
TIC 436187454,436187454,100,100,14.87,193.3081,-62.7652,3,3,,,,,UNKNOWN,5,999.0,2427
TIC 420966386,420966386,100,100,14.88,252.4779,-59.2862,4,4,,,,947.664,UNKNOWN,5,999.0,2428
TIC 334930659,334930659,100,100,14.89,194.0365,-69.4474,3,3,3067.0,,,100.207,UNKNOWN,5,999.0,2429
TIC 292166042,292166042,100,100,14.9,218.2492,-58.1195,3,4,3080.0,,,115.032,UNKNOWN,5,999.0,2430
TIC 165584361,165584361,100,100,14.92,192.488,-52.4479,3,1,,,,943.646,UNKNOWN,5,999.0,2431
TIC 426322410,426322410,100,100,14.92,241.5837,-74.6356,4,2,,,,822.916,UNKNOWN,5,999.0,2432
TIC 1012704453,1012704453,100,100,14.92,207.4245,-66.8888,3,3,,,,198.694,UNKNOWN,5,999.0,2433
TIC 367905483,367905483,100,100,14.94,260.8737,-58.3594,4,4,3583.0,,,241.791,UNKNOWN,5,999.0,2434
TIC 456278935,456278935,100,100,14.94,231.3432,-63.4346,4,1,,,,1425.84,UNKNOWN,5,999.0,2435
TIC 273312469,273312469,100,100,14.95,185.7757,-51.304,3,1,,,,110.565,UNKNOWN,5,999.0,2436
TIC 316285357,316285357,100,100,14.95,203.4547,-64.0441,3,4,4381.0,,,445.312,UNKNOWN,5,999.0,2437
TIC 380803088,380803088,100,100,14.95,182.0482,-60.0018,3,2,,,,,UNKNOWN,5,999.0,2438
TIC 362240334,362240334,100,100,14.96,245.5636,-66.8914,4,1,3908.0,,,284.392,UNKNOWN,5,999.0,2439
TIC 466534246,466534246,100,100,14.96,166.2445,-62.0312,3,2,7041.0,,,6802.08,UNKNOWN,5,999.0,2440
TIC 990801465,990801465,100,100,14.97,190.9189,-53.4596,3,1,3035.0,,,122.313,UNKNOWN,5,999.0,2441
TIC 120723798,120723798,100,100,14.98,164.1119,-52.4752,2,1,,,,886.759,UNKNOWN,5,999.0,2442
TIC 956268423,956268423,100,100,15.01,190.8143,-72.0995,3,3,,,,155.642,UNKNOWN,5,999.0,2443
TIC 67011162,67011162,100,100,15.03,181.5167,-57.7701,3,2,3300.0,,,99.9496,UNKNOWN,5,999.0,2444
TIC 1036707862,1036707862,100,100,15.04,218.2507,-61.3548,3,4,,,,642.954,UNKNOWN,5,999.0,2445
TIC 106400760,106400760,100,100,15.05,159.3009,-41.3361,2,4,,,,772.895,UNKNOWN,5,999.0,2446
TIC 990174895,990174895,100,100,15.05,189.8588,-55.4552,3,1,,,,139.657,UNKNOWN,5,999.0,2447
TIC 307897203,307897203,100,100,15.06,180.1225,-60.743,3,2,,,,102.681,UNKNOWN,5,999.0,2448
TIC 322612694,322612694,100,100,15.06,206.1669,-63.3316,3,4,3783.0,,,277.154,UNKNOWN,5,999.0,2449
TIC 389935368,389935368,100,100,15.07,182.4673,-54.7793,3,2,,,,874.522,UNKNOWN,5,999.0,2450
TIC 91533164,91533164,100,100,15.08,171.0064,-50.9943,2,1,,,,55.2784,UNKNOWN,5,999.0,2451
TIC 449778103,449778103,100,100,15.1,201.2599,-62.9543,3,4,,,,,UNKNOWN,5,999.0,2452
TIC 162151345,162151345,100,100,15.12,168.5743,-45.8235,2,1,,,,995.215,UNKNOWN,5,999.0,2453
TIC 306519365,306519365,100,100,15.12,265.3625,-65.0624,4,4,,,,67.129,UNKNOWN,5,999.0,2454
TIC 447714528,447714528,100,100,15.12,255.0073,-60.9351,4,4,,,,1218.35,UNKNOWN,5,999.0,2455
TIC 173989338,173989338,100,100,15.13,258.4825,-57.6398,4,4,,,,64.1452,UNKNOWN,5,999.0,2456
TIC 1509052263,1509052263,100,100,15.13,266.1467,-72.9931,4,3,,,,87.284,UNKNOWN,5,999.0,2457
TIC 467090733,467090733,100,100,15.14,167.7084,-60.7699,3,2,,,,164.082,UNKNOWN,5,999.0,2458
TIC 164583598,164583598,100,100,15.15,191.9471,-48.7175,3,1,3079.0,,,157.503,UNKNOWN,5,999.0,2459
TIC 260624145,260624145,100,100,15.15,225.5361,-70.0338,4,2,,,,159.074,UNKNOWN,5,999.0,2460
TIC 320868884,320868884,100,100,15.15,205.4701,-63.2231,3,4,3965.0,,,334.195,UNKNOWN,5,999.0,2461
TIC 995712172,995712172,100,100,15.15,180.5242,-50.2485,2,2,,,,315.538,UNKNOWN,5,999.0,2462
TIC 375838851,375838851,100,100,15.16,178.7868,-56.653,3,2,3534.0,,,227.102,UNKNOWN,5,999.0,2463
TIC 380163678,380163678,100,100,15.16,257.4146,-58.5048,4,4,,,,1397.94,UNKNOWN,5,999.0,2464
TIC 447645320,447645320,100,100,15.16,254.5905,-65.2484,4,4,,,,842.619,UNKNOWN,5,999.0,2465
TIC 91783550,91783550,100,100,15.17,171.4747,-50.7064,2,1,,,,1768.51,UNKNOWN,5,999.0,2466
TIC 420279755,420279755,100,100,15.17,198.8238,-56.9952,3,1,,,,951.001,UNKNOWN,5,999.0,2467
TIC 181061364,181061364,100,100,15.18,173.4747,-41.8039,2,2,,,,,UNKNOWN,5,999.0,2468
TIC 301397041,301397041,100,100,15.18,255.961,-66.8777,4,4,,,,1053.85,UNKNOWN,5,999.0,2469
TIC 360365937,360365937,100,100,15.18,217.4513,-68.835,4,2,,,,,UNKNOWN,5,999.0,2470
TIC 337306072,337306072,100,100,15.19,215.3006,-62.6989,3,4,,,,,UNKNOWN,5,999.0,2471
TIC 68321728,68321728,100,100,15.21,236.3174,-59.3628,4,1,,,,2677.94,UNKNOWN,5,999.0,2472
TIC 320575571,320575571,100,100,15.23,174.9754,-61.8812,3,2,,,,,UNKNOWN,5,999.0,2473
TIC 315714493,315714493,100,100,15.24,171.2804,-61.6984,3,2,,,,75.9866,UNKNOWN,5,999.0,2474
TIC 443066742,443066742,100,100,15.24,198.754,-64.1357,3,3,4383.0,,,9324.58,UNKNOWN,5,999.0,2475
TIC 449545925,449545925,100,100,15.24,200.4999,-62.2868,3,4,,,,3759.53,UNKNOWN,5,999.0,2476
TIC 989268209,989268209,100,100,15.25,180.1091,-57.829,3,2,,,,519.102,UNKNOWN,5,999.0,2477
TIC 1309666290,1309666290,100,100,15.25,253.4441,-78.0741,4,2,,,,188.252,UNKNOWN,5,999.0,2478
TIC 321662350,321662350,100,100,15.28,175.3924,-64.1914,3,2,,,,993.577,UNKNOWN,5,999.0,2479
TIC 321460457,321460457,100,100,15.29,175.4696,-61.2532,3,2,,,,865.045,UNKNOWN,5,999.0,2480
TIC 456053825,456053825,100,100,15.29,230.463,-59.9004,4,1,,,,,UNKNOWN,5,999.0,2481
TIC 344131222,344131222,100,100,15.31,279.1542,-77.9602,4,3,,,,276.015,UNKNOWN,5,999.0,2482
TIC 426971746,426971746,100,100,15.31,237.3286,-67.8628,4,1,,,,1287.07,UNKNOWN,5,999.0,2483
TIC 941859148,941859148,100,100,15.31,162.0364,-39.9378,2,4,,,,250.082,UNKNOWN,5,999.0,2484
TIC 305424845,305424845,100,100,15.32,262.3124,-63.2126,4,4,,,,1155.32,UNKNOWN,5,999.0,2485
TIC 21948511,21948511,100,100,15.34,182.022,-42.8712,2,2,,,,2166.11,UNKNOWN,5,999.0,2486
TIC 306048352,306048352,100,100,15.34,166.4219,-58.62,3,2,4130.0,,,442.481,UNKNOWN,5,999.0,2487
TIC 438446231,438446231,100,100,15.34,195.0902,-63.6368,3,3,,,,4094.33,UNKNOWN,5,999.0,2488
TIC 950950276,950950276,100,100,15.34,180.2304,-36.5013,2,3,,,,136.962,UNKNOWN,5,999.0,2489
TIC 61817161,61817161,100,100,15.35,177.31,-44.1303,2,2,,,,926.751,UNKNOWN,5,999.0,2490
TIC 997917259,997917259,100,100,15.35,182.0216,-42.8712,2,2,,,,342.692,UNKNOWN,5,999.0,2491
TIC 1209526367,1209526367,100,100,15.35,244.4745,-62.9118,4,1,,,,396.637,UNKNOWN,5,999.0,2492
TIC 93941207,93941207,100,100,15.36,176.2908,-52.3141,2,1,,,,1667.84,UNKNOWN,5,999.0,2493
TIC 265124418,265124418,100,100,15.36,293.9047,-76.804,4,3,,,,1399.02,UNKNOWN,5,999.0,2494
TIC 361163068,361163068,100,100,15.36,242.1348,-69.0123,4,1,,,,1438.89,UNKNOWN,5,999.0,2495
TIC 1309917628,1309917628,100,100,15.36,255.2464,-73.8472,4,3,,,,458.08,UNKNOWN,5,999.0,2496
TIC 942950834,942950834,100,100,15.37,160.0567,-23.1147,1,1,,,,357.143,UNKNOWN,5,999.0,2497
TIC 324425723,324425723,100,100,15.38,285.6336,-75.7763,4,3,,,,1493.51,UNKNOWN,5,999.0,2498
TIC 392245394,392245394,100,100,15.38,174.9371,-70.6724,3,3,,,,,UNKNOWN,5,999.0,2499
TIC 425316495,425316495,100,100,15.38,191.0601,-55.0619,3,1,,,,931.313,UNKNOWN,5,999.0,2500
TIC 441773954,441773954,100,100,15.38,197.5416,-64.4178,3,3,,,,,UNKNOWN,5,999.0,2501
TIC 106807684,106807684,100,100,15.39,161.1062,-39.4093,2,4,,,,1298.99,UNKNOWN,5,999.0,2502
TIC 365659999,365659999,100,100,15.39,274.628,-62.7058,4,4,,,,844.466,UNKNOWN,5,999.0,2503
TIC 927605255,927605255,100,100,15.39,167.1952,-57.6502,3,2,,,,1122.04,UNKNOWN,5,999.0,2504
TIC 998223445,998223445,100,100,15.39,184.5947,-37.0834,2,2,,,,445.704,UNKNOWN,5,999.0,2505
TIC 467298933,467298933,100,100,15.4,168.1571,-61.6936,3,2,3144.0,,,5393.95,UNKNOWN,5,999.0,2506
TIC 1109919620,1109919620,100,100,15.41,229.532,-67.6148,4,1,,,,799.837,UNKNOWN,5,999.0,2507
TIC 306375414,306375414,100,100,15.42,166.6989,-57.3492,3,2,,,,1160.3,UNKNOWN,5,999.0,2508
TIC 311027358,311027358,100,100,15.42,256.6044,-76.385,4,3,,,,104.327,UNKNOWN,5,999.0,2509
TIC 339325958,339325958,100,100,15.43,190.157,-65.1222,3,3,3386.0,,,187.629,UNKNOWN,5,999.0,2510
TIC 360460993,360460993,100,100,15.44,262.5968,-57.9231,4,4,,,,58.6798,UNKNOWN,5,999.0,2511
TIC 361722723,361722723,100,100,15.44,195.3822,-72.5801,3,3,,,,70.0398,UNKNOWN,5,999.0,2512
TIC 461238865,461238865,100,100,15.44,232.7369,-65.813,4,1,,,,1549.0,UNKNOWN,5,999.0,2513
TIC 10002457607,10002457607,100,100,15.44,240.9407,-77.876,4,2,,,,,UNKNOWN,5,999.0,2514
TIC 39408363,39408363,100,100,15.45,226.9249,-59.4656,4,1,,,,80.8161,UNKNOWN,5,999.0,2515
TIC 448865254,448865254,100,100,15.45,214.2111,-70.9929,4,2,,,,56.0235,UNKNOWN,5,999.0,2516
TIC 518848110,518848110,100,100,15.45,195.7714,-72.2361,3,3,,,,172.615,UNKNOWN,5,999.0,2517
TIC 380779251,380779251,100,100,15.46,269.5249,-60.7024,4,4,,,,65.4491,UNKNOWN,5,999.0,2518
TIC 466069409,466069409,100,100,15.46,164.9589,-61.3417,3,2,,,,6966.43,UNKNOWN,5,999.0,2519
TIC 74743076,74743076,100,100,15.47,265.6793,-57.9675,4,4,3961.0,,,462.363,UNKNOWN,5,999.0,2520
TIC 106760503,106760503,100,100,15.47,160.9437,-39.1101,2,4,,,,95.1695,UNKNOWN,5,999.0,2521
TIC 168071263,168071263,100,100,15.48,152.6987,-24.4534,1,1,,,,39.9089,UNKNOWN,5,999.0,2522
TIC 336646794,336646794,100,100,15.48,214.9144,-59.9765,3,4,,,,,UNKNOWN,5,999.0,2523
TIC 447183836,447183836,100,100,15.48,250.3114,-60.2684,4,4,,,,1067.59,UNKNOWN,5,999.0,2524
TIC 941096972,941096972,100,100,15.48,173.4755,-36.7576,2,3,,,,370.07,UNKNOWN,5,999.0,2525
TIC 1922111056,1922111056,100,100,15.48,293.3406,-76.7482,4,3,,,,444.766,UNKNOWN,5,999.0,2526
TIC 363441828,363441828,100,100,15.49,164.4708,-24.4033,1,2,,,,632.349,UNKNOWN,5,999.0,2527
TIC 436494457,436494457,100,100,15.49,193.7063,-62.6137,3,3,,,,,UNKNOWN,5,999.0,2528
TIC 305275399,305275399,100,100,15.5,261.9326,-64.5609,4,4,,,,1263.69,UNKNOWN,5,999.0,2529
TIC 452168290,452168290,100,100,15.5,173.9637,-54.8964,3,2,,,,1279.35,UNKNOWN,5,999.0,2530
TIC 316383449,316383449,100,100,15.51,171.9302,-61.6768,3,2,3146.0,,,3859.04,UNKNOWN,5,999.0,2531
TIC 361718423,361718423,100,100,15.51,244.1111,-71.7516,4,2,,,,1248.24,UNKNOWN,5,999.0,2532
TIC 376272707,376272707,100,100,15.51,179.2661,-54.2092,3,2,,,,1507.03,UNKNOWN,5,999.0,2533
TIC 361282196,361282196,100,100,15.52,242.4674,-68.5824,4,1,,,,1199.78,UNKNOWN,5,999.0,2534
TIC 401187460,401187460,100,100,15.52,187.7402,-47.9322,2,2,,,,930.255,UNKNOWN,5,999.0,2535
TIC 1131992991,1131992991,100,100,15.52,220.0727,-61.9853,3,4,,,,8513.55,UNKNOWN,5,999.0,2536
TIC 345178165,345178165,100,100,15.53,177.3291,-38.6657,2,3,,,,1237.92,UNKNOWN,5,999.0,2537
TIC 61766993,61766993,100,100,15.54,177.2352,-44.1202,2,2,,,,65.7931,UNKNOWN,5,999.0,2538
TIC 253184319,253184319,100,100,15.54,195.2344,-58.5848,3,1,,,,1377.09,UNKNOWN,5,999.0,2539
TIC 1122119020,1122119020,100,100,15.54,221.903,-66.5109,4,1,,,,450.767,UNKNOWN,5,999.0,2540
TIC 72317183,72317183,100,100,15.55,186.9181,-45.0663,2,2,,,,976.001,UNKNOWN,5,999.0,2541
TIC 72759905,72759905,100,100,15.55,188.5136,-45.0259,2,2,,,,315.919,UNKNOWN,5,999.0,2542
TIC 426135813,426135813,100,100,15.56,238.4373,-74.1718,4,2,,,,1175.28,UNKNOWN,5,999.0,2543
TIC 258379678,258379678,100,100,15.57,182.3681,-43.9695,2,2,,,,1697.9,UNKNOWN,5,999.0,2544
TIC 384157905,384157905,100,100,15.57,244.0171,-79.7103,4,2,,,,325.567,UNKNOWN,5,999.0,2545
TIC 465946152,465946152,100,100,15.57,164.7655,-61.2482,3,2,,,,7971.09,UNKNOWN,5,999.0,2546
TIC 1815887548,1815887548,100,100,15.57,285.7752,-69.8732,4,3,,,,564.692,UNKNOWN,5,999.0,2547
TIC 106610525,106610525,100,100,15.58,160.2421,-41.3972,2,4,,,,1313.19,UNKNOWN,5,999.0,2548
TIC 163580961,163580961,100,100,15.58,174.3439,-42.5437,2,2,3884.0,,,381.697,UNKNOWN,5,999.0,2549
TIC 300950982,300950982,100,100,15.58,242.2161,-75.5724,4,2,,,,1602.0,UNKNOWN,5,999.0,2550
TIC 365954183,365954183,100,100,15.58,276.0987,-62.1057,4,4,,,,1768.35,UNKNOWN,5,999.0,2551
TIC 406726867,406726867,100,100,15.58,222.7378,-78.4778,4,2,,,,1061.57,UNKNOWN,5,999.0,2552
TIC 941632581,941632581,100,100,15.58,165.8251,-40.2625,2,4,,,,314.269,UNKNOWN,5,999.0,2553
TIC 423417471,423417471,100,100,15.59,235.0797,-65.7466,4,1,3465.0,,,229.099,UNKNOWN,5,999.0,2554
TIC 450783784,450783784,100,100,15.59,169.57,-54.1104,2,1,,,,1043.63,UNKNOWN,5,999.0,2555
TIC 343291035,343291035,100,100,15.6,265.3302,-74.4891,4,3,,,,1455.62,UNKNOWN,5,999.0,2556
TIC 106145150,106145150,100,100,15.61,158.0968,-41.353,2,4,,,,102.851,UNKNOWN,5,999.0,2557
TIC 157367048,157367048,100,100,15.61,177.332,-33.2176,2,3,,,,2017.39,UNKNOWN,5,999.0,2558
TIC 350464682,350464682,100,100,15.61,246.2386,-62.6286,4,1,,,,1908.17,UNKNOWN,5,999.0,2559
TIC 351918143,351918143,100,100,15.61,280.6096,-78.087,4,3,,,,83.186,UNKNOWN,5,999.0,2560
TIC 451295409,451295409,100,100,15.61,171.1521,-58.7662,3,2,,,,4526.8,UNKNOWN,5,999.0,2561
TIC 262457700,262457700,100,100,15.62,228.7269,-70.5777,4,2,,,,,UNKNOWN,5,999.0,2562
TIC 343651864,343651864,100,100,15.62,272.4993,-74.4735,4,3,,,,1396.77,UNKNOWN,5,999.0,2563
TIC 403801221,403801221,100,100,15.62,179.295,-29.421,2,3,,,,,UNKNOWN,5,999.0,2564
TIC 976912551,976912551,100,100,15.62,185.961,-61.616,3,2,,,,1401.21,UNKNOWN,5,999.0,2565
TIC 423392930,423392930,100,100,15.63,157.1922,-21.6853,1,1,,,,95.36,UNKNOWN,5,999.0,2566
TIC 451616873,451616873,100,100,15.63,171.9628,-56.7489,3,2,11478.0,,,1904.87,UNKNOWN,5,999.0,2567
TIC 1106522259,1106522259,100,100,15.63,226.2925,-71.115,4,2,,,,345.915,UNKNOWN,5,999.0,2568
TIC 305459266,305459266,100,100,15.64,165.9476,-59.028,3,2,4011.0,,,478.808,UNKNOWN,5,999.0,2569
TIC 1210415053,1210415053,100,100,15.64,247.9768,-61.807,4,1,,,,689.854,UNKNOWN,5,999.0,2570
TIC 57795788,57795788,100,100,15.66,174.9039,-34.7551,2,3,,,,1233.25,UNKNOWN,5,999.0,2571
TIC 1212167919,1212167919,100,100,15.66,246.6891,-58.5736,4,1,,,,1312.37,UNKNOWN,5,999.0,2572
TIC 406777914,406777914,100,100,15.67,224.8435,-78.3307,4,2,,,,205.979,UNKNOWN,5,999.0,2573
TIC 508664742,508664742,100,100,15.67,193.9293,-52.6308,3,1,,,,512.907,UNKNOWN,5,999.0,2574
TIC 942061828,942061828,100,100,15.67,170.8955,-38.5443,2,3,,,,991.481,UNKNOWN,5,999.0,2575
TIC 1510470799,1510470799,100,100,15.67,261.9421,-63.9096,4,4,,,,537.396,UNKNOWN,5,999.0,2576
TIC 1509097490,1509097490,100,100,15.68,264.1761,-72.2858,4,3,,,,777.453,UNKNOWN,5,999.0,2577
TIC 119779818,119779818,100,100,15.69,162.2073,-50.4568,2,1,3477.0,,,197.878,UNKNOWN,5,999.0,2578
TIC 165423175,165423175,100,100,15.69,180.07,-40.6223,2,2,,,,1607.74,UNKNOWN,5,999.0,2579
TIC 333670344,333670344,100,100,15.69,182.0277,-50.5191,2,2,,,,1070.83,UNKNOWN,5,999.0,2580
TIC 360799520,360799520,100,100,15.69,241.505,-67.1103,4,1,,,,1329.57,UNKNOWN,5,999.0,2581
TIC 270898354,270898354,100,100,15.7,220.2792,-56.0323,3,4,,,,97.0436,UNKNOWN,5,999.0,2582
TIC 344676515,344676515,100,100,15.7,253.6697,-59.033,4,4,,,,1343.31,UNKNOWN,5,999.0,2583
TIC 76065756,76065756,100,100,15.71,268.8198,-59.6547,4,4,,,,2242.42,UNKNOWN,5,999.0,2584
TIC 308757367,308757367,100,100,15.71,184.1646,-64.1969,3,2,,,,,UNKNOWN,5,999.0,2585
TIC 381982636,381982636,100,100,15.71,284.0858,-69.9505,4,3,,,,1451.62,UNKNOWN,5,999.0,2586
TIC 454011861,454011861,100,100,15.71,175.2609,-36.5626,2,3,,,,112.02,UNKNOWN,5,999.0,2587
TIC 54084321,54084321,100,100,15.72,160.125,-33.1682,2,4,,,,462.437,UNKNOWN,5,999.0,2588
TIC 256156660,256156660,100,100,15.72,267.1244,-72.29,4,3,,,,82.8856,UNKNOWN,5,999.0,2589
TIC 273388242,273388242,100,100,15.72,185.8517,-51.0099,3,1,,,,1939.71,UNKNOWN,5,999.0,2590
TIC 403565552,403565552,100,100,15.72,231.2941,-73.3356,4,2,,,,1294.62,UNKNOWN,5,999.0,2591
TIC 162623934,162623934,100,100,15.74,170.5212,-42.7912,2,1,,,,1222.53,UNKNOWN,5,999.0,2592
TIC 306157109,306157109,100,100,15.74,166.4972,-54.5921,2,1,,,,1454.18,UNKNOWN,5,999.0,2593
TIC 363931505,363931505,100,100,15.74,250.7667,-71.6848,4,2,,,,1451.43,UNKNOWN,5,999.0,2594
TIC 1126412373,1126412373,100,100,15.74,225.4963,-61.5324,4,1,,,,445.588,UNKNOWN,5,999.0,2595
TIC 48942631,48942631,100,100,15.76,163.5501,-34.2669,2,4,,,,1286.96,UNKNOWN,5,999.0,2596
TIC 320868409,320868409,100,100,15.76,205.6134,-63.2713,3,4,3585.0,,,263.538,UNKNOWN,5,999.0,2597
TIC 917099666,917099666,100,100,15.76,176.7121,-63.7366,3,2,,,,11163.6,UNKNOWN,5,999.0,2598
TIC 1023690348,1023690348,100,100,15.76,203.7078,-64.1422,3,4,,,,1681.5,UNKNOWN,5,999.0,2599
TIC 11560959,11560959,100,100,15.77,149.9049,-26.0736,1,1,,,,216.866,UNKNOWN,5,999.0,2600
TIC 289149727,289149727,100,100,15.77,201.9195,-59.1716,3,4,,,,1548.38,UNKNOWN,5,999.0,2601
TIC 304536203,304536203,100,100,15.77,178.1598,-64.0951,3,2,,,,,UNKNOWN,5,999.0,2602
TIC 941891927,941891927,100,100,15.77,164.7484,-38.5599,2,4,,,,281.939,UNKNOWN,5,999.0,2603
TIC 1208146381,1208146381,100,100,15.78,247.4644,-65.2404,4,1,,,,471.937,UNKNOWN,5,999.0,2604
TIC 107020009,107020009,100,100,15.79,182.8764,-35.3646,2,3,,,,118.656,UNKNOWN,5,999.0,2605
TIC 309087781,309087781,100,100,15.79,168.0787,-57.8943,3,2,6171.0,,,2322.66,UNKNOWN,5,999.0,2606
TIC 344165518,344165518,100,100,15.79,279.4621,-72.8879,4,3,,,,83.9244,UNKNOWN,5,999.0,2607
TIC 1030728414,1030728414,100,100,15.79,202.3299,-60.2987,3,4,,,,439.294,UNKNOWN,5,999.0,2608
TIC 1314163352,1314163352,100,100,15.79,253.4988,-58.421,4,4,,,,302.638,UNKNOWN,5,999.0,2609
TIC 1104869022,1104869022,100,100,15.8,229.1662,-75.7673,4,2,,,,546.664,UNKNOWN,5,999.0,2610
TIC 381641120,381641120,100,100,15.81,182.6628,-62.497,3,2,,,,,UNKNOWN,5,999.0,2611
TIC 72862170,72862170,100,100,15.82,188.7584,-42.6669,2,2,,,,,UNKNOWN,5,999.0,2612
TIC 438769029,438769029,100,100,15.82,195.3373,-62.8901,3,3,,,,,UNKNOWN,5,999.0,2613
TIC 1688554968,1688554968,100,100,15.83,271.7643,-71.5014,4,3,,,,115.035,UNKNOWN,5,999.0,2614
TIC 142387762,142387762,100,100,15.85,181.6978,-32.5761,2,3,,,,92.9502,UNKNOWN,5,999.0,2615
TIC 403126598,403126598,100,100,15.85,227.7937,-77.1885,4,2,,,,80.5735,UNKNOWN,5,999.0,2616
TIC 73764818,73764818,100,100,15.87,155.8873,-37.4871,2,4,,,,210.622,UNKNOWN,5,999.0,2617
TIC 91534657,91534657,100,100,15.87,171.0593,-50.1882,2,1,,,,152.827,UNKNOWN,5,999.0,2618
TIC 361165313,361165313,100,100,15.87,242.395,-68.2718,4,1,,,,238.79,UNKNOWN,5,999.0,2619
TIC 1018475314,1018475314,100,100,15.88,217.2203,-63.7093,3,4,,,,8449.45,UNKNOWN,5,999.0,2620
TIC 305489388,305489388,100,100,15.89,178.7184,-62.6547,3,2,,,,,UNKNOWN,5,999.0,2621
TIC 450869034,450869034,100,100,15.89,187.3823,-60.8128,3,2,,,,1780.25,UNKNOWN,5,999.0,2622
TIC 309191686,309191686,100,100,15.9,184.4788,-60.6787,3,2,6237.0,,,2668.58,UNKNOWN,5,999.0,2623
TIC 425858182,425858182,100,100,15.9,234.8162,-72.4307,4,2,,,,99.7447,UNKNOWN,5,999.0,2624
TIC 454104678,454104678,100,100,15.9,176.8226,-36.6316,2,3,,,,74.4966,UNKNOWN,5,999.0,2625
TIC 311335958,311335958,100,100,15.91,185.7597,-63.7346,3,2,,,,,UNKNOWN,5,999.0,2626
TIC 466070559,466070559,100,100,15.91,165.0537,-61.2291,3,2,,,,4129.76,UNKNOWN,5,999.0,2627
TIC 941022639,941022639,100,100,15.91,174.7093,-38.5004,2,3,,,,102.267,UNKNOWN,5,999.0,2628
TIC 1205587777,1205587777,100,100,15.91,242.3639,-73.9464,4,2,,,,479.31,UNKNOWN,5,999.0,2629
TIC 450595557,450595557,100,100,15.92,169.1669,-58.5054,3,2,,,,,UNKNOWN,5,999.0,2630
TIC 38547912,38547912,100,100,15.93,226.4836,-58.1788,4,1,,,,,UNKNOWN,5,999.0,2631
TIC 334561168,334561168,100,100,15.93,193.7151,-70.9713,3,3,,,,86.543,UNKNOWN,5,999.0,2632
TIC 467480787,467480787,100,100,15.94,168.6589,-61.2138,3,2,,,,,UNKNOWN,5,999.0,2633
TIC 1209543939,1209543939,100,100,15.94,245.1507,-62.6965,4,1,,,,591.592,UNKNOWN,5,999.0,2634
TIC 412872656,412872656,100,100,15.95,194.1612,-55.46,3,1,3939.0,,,463.237,UNKNOWN,5,999.0,2635
TIC 865174696,865174696,100,100,15.95,158.0053,-44.661,2,4,,,,616.939,UNKNOWN,5,999.0,2636
TIC 284508426,284508426,100,100,15.96,233.5472,-58.9993,4,1,,,,8847.8,UNKNOWN,5,999.0,2637
TIC 303117695,303117695,100,100,15.96,163.9718,-59.5333,3,2,,,,5132.75,UNKNOWN,5,999.0,2638
TIC 310731279,310731279,100,100,15.96,254.6059,-72.2523,4,3,,,,1489.09,UNKNOWN,5,999.0,2639
TIC 323603662,323603662,100,100,15.96,176.6832,-65.5379,3,2,,,,6937.65,UNKNOWN,5,999.0,2640
TIC 382468751,382468751,100,100,15.96,291.8293,-70.8012,4,3,,,,89.1528,UNKNOWN,5,999.0,2641
TIC 451889662,451889662,100,100,15.96,172.9221,-54.0304,2,1,,,,115.714,UNKNOWN,5,999.0,2642
TIC 107222192,107222192,100,100,15.97,183.7542,-35.0392,2,3,,,,188.094,UNKNOWN,5,999.0,2643
TIC 141906986,141906986,100,100,15.98,177.6577,-35.604,2,3,,,,2330.42,UNKNOWN,5,999.0,2644
TIC 281555312,281555312,100,100,15.99,170.696,-62.089,3,2,,,,1230.15,UNKNOWN,5,999.0,2645
TIC 454073096,454073096,100,100,15.99,176.3865,-41.4189,2,2,,,,1682.34,UNKNOWN,5,999.0,2646
TIC 165378960,165378960,100,100,11.66,179.7455,-40.6886,2,2,4416.93,0.567744,,,GIANT,6,1.840305,2647
TIC 241423335,241423335,100,100,10.05,205.3569,-52.0932,3,1,3992.0,1.49993,,96.5784,GIANT,6,2.362142,2648
TIC 328234948,328234948,100,100,10.51,190.2159,-68.9497,3,3,3866.0,1.39666,,101.025,GIANT,6,2.392181,2649
TIC 307889317,307889317,100,100,10.57,179.9572,-61.6069,3,2,4028.0,1.38113,,113.452,GIANT,6,2.394469,2650
TIC 210961739,210961739,100,100,10.91,213.0335,-59.6636,3,4,3703.0,1.32641,,100.764,GIANT,6,2.427356,2651
TIC 398542825,398542825,100,100,10.64,179.8418,-54.6742,3,2,3927.0,1.41627,,113.323,GIANT,6,2.430292,2652
TIC 450798184,450798184,100,100,11.21,187.0323,-63.0333,3,2,3571.0,1.28906,,104.453,GIANT,6,2.462546,2653
TIC 329457680,329457680,100,100,10.41,191.9967,-68.7337,3,3,4734.0,1.65576,,183.757,GIANT,6,2.519995,2654
TIC 308903145,308903145,100,100,11.56,184.4138,-64.1617,3,2,3423.0,1.27713,,108.006,GIANT,6,2.52447,2655
TIC 451194251,451194251,100,100,11.72,187.7344,-65.8402,3,3,3339.0,1.25116,,106.351,GIANT,6,2.538626,2656
TIC 425428850,425428850,100,100,12.01,200.6615,-50.106,3,1,3465.0,1.26823,,137.821,GIANT,6,2.608396,2657
TIC 338248268,338248268,100,100,10.23,198.5043,-68.7774,3,3,4730.0,2.05714,,206.991,GIANT,6,2.672528,2658
TIC 255957373,255957373,100,100,11.73,198.6828,-58.2372,3,1,4440.0,1.50197,,252.633,GIANT,6,2.699323,2659
TIC 72863988,72863988,100,100,10.87,188.9075,-43.0312,2,2,4989.0,2.10195,,324.351,GIANT,6,2.819245,2660
TIC 326661506,326661506,100,100,12.57,188.4233,-70.133,3,3,3380.0,1.43025,,183.153,GIANT,6,2.824824,2661
TIC 93228636,93228636,100,100,10.29,174.8679,-52.6835,2,1,5097.5,2.43159,,290.69,GIANT,6,2.829781,2662
TIC 305900206,305900206,100,100,12.55,178.8324,-64.1716,3,2,3483.0,1.49394,,197.015,GIANT,6,2.858666,2663
TIC 54361956,54361956,100,100,10.81,161.8956,-30.6359,1,1,5045.4,2.49372,,362.391,GIANT,6,2.955695,2664
TIC 361815989,361815989,100,100,13.38,195.2299,-77.1416,3,3,3348.0,1.43173,,195.082,GIANT,6,2.987722,2665
TIC 21946525,21946525,100,100,10.61,181.9907,-44.062,2,2,5217.1,3.03705,,431.667,GIANT,6,3.086904,2666
TIC 188128470,188128470,100,100,11.54,162.1688,-24.7194,1,1,4953.52,2.46561,,521.207,GIANT,6,3.091849,2667
TIC 82255371,82255371,100,100,10.38,168.9158,-48.7836,2,1,4991.68,3.44737,,404.896,GIANT,6,3.150976,2668
TIC 22319809,22319809,100,100,10.27,183.9576,-45.478,2,2,5009.0,3.81571,,435.528,GIANT,6,3.217151,2669
TIC 414929408,414929408,100,100,10.26,189.1089,-64.6238,3,3,5111.0,3.85165,,425.016,GIANT,6,3.223294,2670
TIC 72761468,72761468,100,100,10.25,188.5115,-43.6305,2,2,5200.0,3.86791,,480.345,GIANT,6,3.224953,2671
TIC 328851699,328851699,100,100,10.15,191.3896,-66.3622,3,3,5019.0,4.50685,,447.15,GIANT,6,3.337746,2672
TIC 384513078,384513078,100,100,10.07,253.1102,-79.1352,4,2,5042.0,4.93786,,523.425,GIANT,6,3.401078,2673
TIC 437253811,437253811,100,100,13.08,169.9216,-21.2497,1,2,5270.0,2.59746,,1241.9,GIANT,6,3.445098,2674
TIC 207885877,207885877,100,100,11.53,207.5697,-59.239,3,4,4793.0,3.9053,,621.671,GIANT,6,3.489309,2675
TIC 168171246,168171246,100,100,10.23,193.4847,-50.5045,3,1,5747.71,6.17163,,830.769,GIANT,6,3.6268,2676
TIC 313514331,313514331,100,100,12.75,202.2196,-62.303,3,4,4846.0,3.64013,,1107.78,GIANT,6,3.672234,2677
TIC 271209031,271209031,100,100,10.11,186.5479,-55.3479,3,1,8823.0,6.73867,,1383.76,GIANT,6,3.679148,2678
TIC 393420032,393420032,100,100,10.83,164.7125,-26.3252,1,2,6521.0,5.75738,,1370.64,GIANT,6,3.68645,2679
TIC 446889536,446889536,100,100,14.72,232.4427,-69.2406,4,1,5152.0,2.45773,,2258.95,GIANT,6,3.725068,2680
TIC 290523979,290523979,100,100,10.37,173.8131,-61.6999,3,2,9850.0,6.78806,,2049.08,GIANT,6,3.737491,2681
TIC 467244707,467244707,100,100,10.43,167.9034,-60.4876,3,2,8726.0,6.81722,,2066.87,GIANT,6,3.753215,2682
TIC 290681465,290681465,100,100,10.53,174.0909,-61.6083,3,2,9564.0,7.03408,,2450.92,GIANT,6,3.800415,2683
TIC 72627820,72627820,100,100,10.2,188.0065,-45.393,2,2,5309.7,7.77707,,986.892,GIANT,6,3.821632,2684
TIC 414475823,414475823,100,100,11.79,224.2112,-57.6859,3,4,7796.0,5.56672,,1651.55,GIANT,6,3.849199,2685
TIC 105764056,105764056,100,100,14.33,156.6604,-39.697,2,4,5050.0,3.18611,,2374.0,GIANT,6,3.872522,2686
TIC 303582794,303582794,100,100,13.62,160.0725,-49.8652,2,1,5083.0,3.94006,,1683.11,GIANT,6,3.915006,2687
TIC 305453691,305453691,100,100,10.47,166.0858,-59.6811,3,2,9659.0,8.19337,,2451.56,GIANT,6,3.920925,2688
TIC 152388886,152388886,100,100,14.4,171.2883,-38.6319,2,3,5239.0,3.36642,,2792.37,GIANT,6,3.934337,2689
TIC 467054144,467054144,100,100,10.05,167.4534,-60.5792,3,2,8446.0,9.59373,,2241.73,GIANT,6,3.973975,2690
TIC 426278103,426278103,100,100,15.53,240.9803,-76.7038,4,2,5007.0,2.71853,,3495.66,GIANT,6,3.974668,2691
TIC 467883897,467883897,100,100,10.19,169.6238,-60.9252,3,2,9340.0,9.33298,,2721.21,GIANT,6,3.978041,2692
TIC 349951386,349951386,100,100,14.58,245.6316,-61.9438,4,1,5018.0,3.42917,,2621.69,GIANT,6,3.986378,2693
TIC 35674219,35674219,100,100,12.89,225.0917,-58.6825,3,4,4704.0,5.11625,,1574.18,GIANT,6,3.995904,2694
TIC 467067108,467067108,100,100,10.63,167.5922,-60.5189,3,2,7841.0,8.79797,,2578.64,GIANT,6,4.014765,2695
TIC 306922791,306922791,100,100,11.0,167.0257,-59.695,3,2,9213.0,8.13346,,2850.04,GIANT,6,4.020551,2696
TIC 322842925,322842925,100,100,15.38,176.1597,-62.1764,3,2,5229.0,2.97227,,3057.23,GIANT,6,4.022177,2697
TIC 443516590,443516590,100,100,11.4,199.5393,-62.6819,3,4,6189.0,7.55147,,2114.06,GIANT,6,4.036063,2698
TIC 292474321,292474321,100,100,15.89,281.5346,-71.4637,4,3,4949.0,2.69688,,4004.44,GIANT,6,4.039723,2699
TIC 441173376,441173376,100,100,15.6,197.0303,-65.1013,3,3,5138.0,2.91906,,2610.41,GIANT,6,4.050486,2700
TIC 209198293,209198293,100,100,10.82,210.0533,-57.9897,3,4,7690.0,8.83476,,1936.7,GIANT,6,4.05639,2701
TIC 422641277,422641277,100,100,11.02,233.9795,-62.585,4,1,6224.0,8.60641,,1592.62,GIANT,6,4.073644,2702
TIC 360550819,360550819,100,100,15.03,240.657,-67.2551,4,1,4907.0,3.49575,,3341.48,GIANT,6,4.093081,2703
TIC 467066902,467066902,100,100,10.91,167.8118,-60.4975,3,2,8052.0,9.26483,,3245.14,GIANT,6,4.115675,2704
TIC 299962330,299962330,100,100,10.31,208.2685,-61.9891,3,4,8679.0,10.8779,,2911.47,GIANT,6,4.13509,2705
TIC 447621801,447621801,100,100,15.59,254.1083,-60.1804,4,4,4742.0,3.26566,,3550.13,GIANT,6,4.145942,2706
TIC 92240496,92240496,100,100,10.22,172.372,-48.5276,2,1,4942.9,11.6019,,1192.18,GIANT,6,4.173058,2707
TIC 435322339,435322339,100,100,12.72,192.6147,-64.3082,3,3,8037.0,6.53828,,2313.78,GIANT,6,4.174927,2708
TIC 305921876,305921876,100,100,10.0,166.4177,-59.7037,3,2,10592.0,12.5421,,3176.57,GIANT,6,4.196741,2709
TIC 467279937,467279937,100,100,10.03,168.1316,-60.7932,3,2,9498.0,12.4858,,2632.78,GIANT,6,4.198833,2710
TIC 343456671,343456671,100,100,13.55,269.0447,-74.9956,4,3,6503.0,5.63716,,4598.75,GIANT,6,4.212121,2711
TIC 373013799,373013799,100,100,12.09,263.7453,-75.6184,4,3,4668.0,7.89509,,1748.19,GIANT,6,4.212714,2712
TIC 451347769,451347769,100,100,15.9,171.1659,-54.7607,2,1,4881.0,3.29146,,3418.45,GIANT,6,4.214777,2713
TIC 382408105,382408105,100,100,13.45,183.3115,-64.8751,3,2,9044.0,5.91727,,3777.31,GIANT,6,4.234243,2714
TIC 467279878,467279878,100,100,10.14,168.2441,-60.7895,3,2,8946.0,12.7149,,2741.78,GIANT,6,4.236626,2715
TIC 467276601,467276601,100,100,10.95,168.0752,-60.5037,3,2,6723.0,10.8588,,2965.77,GIANT,6,4.261564,2716
TIC 467456980,467456980,100,100,10.34,168.6848,-60.3695,3,2,7115.0,12.9655,,2816.71,GIANT,6,4.293579,2717
TIC 459705607,459705607,100,100,14.39,163.4364,-57.6429,3,2,9455.0,5.11352,,6120.45,GIANT,6,4.29544,2718
TIC 455190351,455190351,100,100,11.47,228.4457,-63.5635,4,1,7555.0,10.1097,,2288.21,GIANT,6,4.303477,2719
TIC 341802174,341802174,100,100,15.99,239.3373,-65.7985,4,1,4962.0,3.58948,,5461.19,GIANT,6,4.308063,2720
TIC 425927297,425927297,100,100,15.02,235.9418,-72.2724,4,2,4829.0,4.5024,,4179.26,GIANT,6,4.310888,2721
TIC 429235101,429235101,100,100,10.9,183.9772,-49.9837,2,2,4825.73,12.0931,,1592.61,GIANT,6,4.345075,2722
TIC 362321686,362321686,100,100,15.99,245.554,-67.5794,4,1,4847.0,3.87334,,5724.45,GIANT,6,4.374171,2723
TIC 262859209,262859209,100,100,10.68,215.9403,-58.4903,3,4,8613.0,13.2297,,2055.25,GIANT,6,4.3791,2724
TIC 456425000,456425000,100,100,14.57,231.7374,-65.5793,4,1,4647.0,5.44009,,3438.85,GIANT,6,4.385212,2725
TIC 343139699,343139699,100,100,14.62,205.5659,-66.9728,3,3,6240.0,5.40662,,5054.71,GIANT,6,4.389852,2726
TIC 410957958,410957958,100,100,15.34,160.4672,-51.3282,2,1,4719.0,4.75415,,3573.93,GIANT,6,4.422146,2727
TIC 317386263,317386263,100,100,12.75,172.6138,-60.0415,3,2,5435.0,8.82252,,2931.87,GIANT,6,4.441185,2728
TIC 449608602,449608602,100,100,11.28,200.7577,-63.575,3,4,9570.0,12.46,,3784.72,GIANT,6,4.447036,2729
TIC 173190324,173190324,100,100,14.81,257.0693,-59.3299,4,4,6678.0,5.54545,,7929.55,GIANT,6,4.449874,2730
TIC 415108290,415108290,100,100,15.12,189.2198,-60.3322,3,2,6956.0,5.24182,,5357.71,GIANT,6,4.462964,2731
TIC 328477565,328477565,100,100,12.44,190.5578,-69.7284,3,3,5104.0,10.1203,,2710.92,GIANT,6,4.498387,2732
TIC 21105521,21105521,100,100,15.23,186.7181,-53.0765,3,1,4815.0,5.40468,,5229.37,GIANT,6,4.51154,2733
TIC 92460686,92460686,100,100,12.12,173.0252,-53.1822,2,1,4789.0,11.2796,,2393.64,GIANT,6,4.528587,2734
TIC 267181327,267181327,100,100,13.13,175.8455,-54.5988,3,2,4987.0,8.98075,,3112.31,GIANT,6,4.532625,2735
TIC 189504782,189504782,100,100,10.0,221.2026,-59.7702,3,4,7076.0,18.7147,,2469.63,GIANT,6,4.544366,2736
TIC 328385809,328385809,100,100,15.6,190.5643,-66.0515,3,3,6862.0,5.17965,,6649.19,GIANT,6,4.548601,2737
TIC 152056514,152056514,100,100,14.69,169.3526,-41.2341,2,4,4734.0,6.43013,,4783.13,GIANT,6,4.55444,2738
TIC 303416677,303416677,100,100,10.83,164.167,-55.8207,2,1,7977.0,15.6954,,3179.67,GIANT,6,4.557545,2739
TIC 454339810,454339810,100,100,13.04,226.1379,-60.5947,4,1,7171.0,9.4686,,3446.91,GIANT,6,4.560572,2740
TIC 314220153,314220153,100,100,15.23,184.5094,-68.4599,3,3,4990.0,5.73397,,5049.45,GIANT,6,4.562911,2741
TIC 452151938,452151938,100,100,14.88,173.6307,-56.8801,3,2,4830.0,6.21693,,4483.85,GIANT,6,4.563152,2742
TIC 429210508,429210508,100,100,10.54,183.9009,-48.4282,2,2,4469.07,16.9209,,1627.04,GIANT,6,4.564847,2743
TIC 383233709,383233709,100,100,11.24,183.8725,-61.2964,3,2,9340.0,14.6209,,3705.76,GIANT,6,4.577948,2744
TIC 303582785,303582785,100,100,14.65,160.065,-49.8603,2,1,5008.0,6.67462,,4198.03,GIANT,6,4.578853,2745
TIC 436077712,436077712,100,100,10.46,193.3278,-64.0233,3,3,8422.0,17.7304,,2213.38,GIANT,6,4.589437,2746
TIC 341859063,341859063,100,100,15.37,203.7888,-70.8998,3,3,5165.0,5.76768,,5566.63,GIANT,6,4.596002,2747
TIC 324664178,324664178,100,100,12.58,177.1866,-62.8028,3,2,8716.0,11.1212,,3459.8,GIANT,6,4.608303,2748
TIC 467704250,467704250,100,100,13.55,169.0417,-62.6426,3,2,6462.0,8.9086,,3036.73,GIANT,6,4.609619,2749
TIC 338781361,338781361,100,100,10.91,199.3073,-66.0832,3,3,7350.0,16.3629,,2878.26,GIANT,6,4.609721,2750
TIC 455159776,455159776,100,100,15.69,228.3043,-61.015,4,1,6868.0,5.58937,,6352.41,GIANT,6,4.632726,2751
TIC 466840665,466840665,100,100,13.5,166.9684,-61.1516,3,2,7034.0,9.29384,,3950.35,GIANT,6,4.63639,2752
TIC 208090787,208090787,100,100,14.77,207.9554,-59.842,3,4,6855.0,7.08608,,3953.41,GIANT,6,4.654812,2753
TIC 210246124,210246124,100,100,11.85,211.8787,-56.6986,3,4,7023.0,14.0525,,3556.41,GIANT,6,4.665507,2754
TIC 306008061,306008061,100,100,14.34,263.967,-63.4476,4,4,5036.0,8.06028,,6075.9,GIANT,6,4.6807,2755
TIC 381046325,381046325,100,100,14.55,182.1822,-64.0617,3,2,7540.0,7.7965,,4790.37,GIANT,6,4.693799,2756
TIC 420196979,420196979,100,100,15.75,192.3749,-59.0861,3,1,5553.0,6.00885,,6827.41,GIANT,6,4.707583,2757
TIC 378803253,378803253,100,100,12.95,180.5637,-62.3621,3,2,4138.0,11.6025,,2966.47,GIANT,6,4.719103,2758
TIC 450861064,450861064,100,100,14.32,187.1054,-59.9148,3,2,6416.0,8.5724,,4954.85,GIANT,6,4.730205,2759
TIC 440723347,440723347,100,100,15.47,196.8996,-64.3523,3,3,3697.0,6.66107,,2333.19,GIANT,6,4.741088,2760
TIC 429203693,429203693,100,100,13.77,183.8856,-52.1002,3,1,4653.0,10.1603,,4682.52,GIANT,6,4.767813,2761
TIC 329778450,329778450,100,100,13.47,192.2837,-66.122,3,3,4854.0,10.8882,,3282.22,GIANT,6,4.767912,2762
TIC 367381838,367381838,100,100,14.45,259.9887,-58.7777,4,4,4832.0,8.72677,,6114.09,GIANT,6,4.771707,2763
TIC 324122633,324122633,100,100,12.88,176.8587,-61.9394,3,2,4197.0,12.5855,,3398.26,GIANT,6,4.775741,2764
TIC 315844894,315844894,100,100,15.8,171.4919,-59.9996,3,2,6151.0,6.46243,,7586.16,GIANT,6,4.780792,2765
TIC 93317222,93317222,100,100,14.54,174.9173,-50.1155,2,1,4852.0,8.69685,,6356.5,GIANT,6,4.786724,2766
TIC 313868999,313868999,100,100,15.99,184.0759,-68.2794,3,3,4993.0,6.29252,,7621.61,GIANT,6,4.795649,2767
TIC 283514356,283514356,100,100,11.38,233.1396,-58.7102,4,1,7545.0,18.322,,2788.45,GIANT,6,4.801946,2768
TIC 283377277,283377277,100,100,15.97,232.9653,-59.5413,4,1,6676.0,6.41928,,6575.3,GIANT,6,4.808973,2769
TIC 323966064,323966064,100,100,14.64,176.8519,-59.9387,3,2,4673.0,8.75687,,3514.94,GIANT,6,4.812698,2770
TIC 443014310,443014310,100,100,15.19,198.7916,-65.5052,3,3,6995.0,7.76996,,7716.26,GIANT,6,4.818838,2771
TIC 449756948,449756948,100,100,14.81,201.0884,-64.932,3,3,8091.0,8.57997,,8125.82,GIANT,6,4.828972,2772
TIC 966469001,966469001,100,100,14.36,189.5285,-66.3831,3,3,6001.0,9.58898,,6829.42,GIANT,6,4.835545,2773
TIC 290527853,290527853,100,100,15.86,173.6831,-61.3328,3,2,3799.0,6.86733,,4505.95,GIANT,6,4.845576,2774
TIC 468095832,468095832,100,100,10.83,170.2381,-61.9167,3,2,7002.0,22.0268,,2925.15,GIANT,6,4.851903,2775
TIC 418459361,418459361,100,100,14.43,204.1252,-78.3954,4,2,4817.0,9.62585,,6364.0,GIANT,6,4.852878,2776
TIC 92174561,92174561,100,100,15.1,172.4579,-51.2244,2,1,4950.0,8.36157,,7872.75,GIANT,6,4.864576,2777
TIC 180045979,180045979,100,100,13.16,188.7823,-64.463,3,3,7112.0,13.2263,,4668.32,GIANT,6,4.874877,2778
TIC 38791967,38791967,100,100,15.68,226.6902,-58.4942,4,1,3618.0,7.41799,,3021.94,GIANT,6,4.876572,2779
TIC 320297485,320297485,100,100,11.56,205.2284,-62.1044,3,4,5951.0,19.1969,,3321.31,GIANT,6,4.878462,2780
TIC 390252586,390252586,100,100,14.44,217.6585,-60.9027,3,4,7074.0,10.0287,,3421.51,GIANT,6,4.890489,2781
TIC 294650470,294650470,100,100,14.74,169.4947,-66.2155,3,2,4956.0,9.53988,,4739.5,GIANT,6,4.907086,2782
TIC 319638638,319638638,100,100,14.68,174.431,-60.6418,3,2,5736.0,9.72579,,5595.13,GIANT,6,4.91185,2783
TIC 450983698,450983698,100,100,15.82,187.6064,-65.8159,3,3,5549.0,7.52042,,6744.25,GIANT,6,4.916484,2784
TIC 443367158,443367158,100,100,12.15,199.1499,-62.7195,3,4,4545.0,17.6131,,3825.35,GIANT,6,4.921672,2785
TIC 441263922,441263922,100,100,15.45,197.3019,-65.8967,3,3,7169.0,8.2612,,9433.58,GIANT,6,4.924086,2786
TIC 391299884,391299884,100,100,15.41,217.8037,-64.1155,3,4,5813.0,8.37961,,6314.83,GIANT,6,4.928448,2787
TIC 341969713,341969713,100,100,14.78,203.6633,-67.3775,3,3,6499.0,9.70173,,9376.15,GIANT,6,4.929698,2788
TIC 305206183,305206183,100,100,14.47,178.2727,-65.6041,3,2,7047.0,10.5242,,6573.97,GIANT,6,4.938378,2789
TIC 451705251,451705251,100,100,14.7,172.1494,-59.5883,3,2,5915.0,10.1303,,6775.72,GIANT,6,4.951245,2790
TIC 334288397,334288397,100,100,15.21,213.8253,-63.0379,3,4,7286.0,9.02845,,4496.44,GIANT,6,4.953226,2791
TIC 411650649,411650649,100,100,14.6,218.8859,-55.7532,3,4,4712.0,10.405,,4889.29,GIANT,6,4.954484,2792
TIC 265925096,265925096,100,100,15.53,174.7465,-59.4305,3,2,5771.0,8.40448,,8226.66,GIANT,6,4.955022,2793
TIC 315844543,315844543,100,100,15.87,171.5211,-59.9502,3,2,5592.0,7.82641,,7986.23,GIANT,6,4.961125,2794
TIC 424535816,424535816,100,100,15.17,236.761,-59.9948,4,1,4604.0,9.27311,,5338.55,GIANT,6,4.968451,2795
TIC 376563018,376563018,100,100,15.98,180.7391,-55.478,3,2,4741.0,7.72925,,8613.72,GIANT,6,4.972275,2796
TIC 369183510,369183510,100,100,15.22,191.8746,-65.8506,3,3,6439.0,9.28072,,6706.28,GIANT,6,4.979163,2797
TIC 44178141,44178141,100,100,11.57,229.4537,-58.5553,4,1,8920.0,21.8333,,3637.77,GIANT,6,4.992239,2798
TIC 337363333,337363333,100,100,15.82,197.2151,-68.3475,3,3,5367.0,8.21031,,10205.5,GIANT,6,4.992719,2799
TIC 460963178,460963178,100,100,14.97,232.0066,-60.3768,4,1,6176.0,10.1073,,7409.36,GIANT,6,5.00327,2800
TIC 449441548,449441548,100,100,15.77,200.2607,-65.0816,3,3,5992.0,8.4851,,7346.73,GIANT,6,5.011314,2801
TIC 381235892,381235892,100,100,13.58,254.5868,-67.6631,4,4,6510.0,14.0574,,11671.0,GIANT,6,5.01181,2802
TIC 339298458,339298458,100,100,15.01,199.9223,-66.9252,3,3,5722.0,10.216,,8055.47,GIANT,6,5.020562,2803
TIC 305752953,305752953,100,100,15.98,178.8409,-62.7339,3,2,7218.0,8.32167,,5757.83,GIANT,6,5.036421,2804
TIC 321640117,321640117,100,100,15.79,205.7044,-65.1673,3,4,6476.0,8.70524,,8946.59,GIANT,6,5.037561,2805
TIC 451450167,451450167,100,100,14.78,171.5471,-58.7012,3,2,5813.0,11.2045,,8131.32,GIANT,6,5.054785,2806
TIC 412977407,412977407,100,100,15.02,231.6735,-58.4128,4,1,5289.0,10.6739,,3678.12,GIANT,6,5.060646,2807
TIC 312930053,312930053,100,100,14.95,182.7648,-67.0044,3,3,6447.0,11.0423,,11686.9,GIANT,6,5.076119,2808
TIC 336950771,336950771,100,100,14.55,196.4789,-67.3063,3,3,6643.0,12.3584,,11873.8,GIANT,6,5.093924,2809
TIC 300475838,300475838,100,100,14.82,208.4568,-65.2316,3,4,6301.0,11.6687,,8465.32,GIANT,6,5.098045,2810
TIC 466799273,466799273,100,100,14.79,166.9659,-63.7235,3,2,7598.0,11.8186,,8168.57,GIANT,6,5.103132,2811
TIC 381624756,381624756,100,100,15.96,207.5274,-64.5673,3,4,7102.0,9.03353,,8229.15,GIANT,6,5.103715,2812
TIC 382326069,382326069,100,100,15.45,215.7568,-63.4227,3,4,5770.0,10.2777,,6942.5,GIANT,6,5.113792,2813
TIC 306018541,306018541,100,100,14.93,178.815,-65.5054,3,2,6238.0,12.1229,,7451.5,GIANT,6,5.153213,2814
TIC 306917338,306917338,100,100,14.64,167.0456,-59.0313,3,2,5632.0,13.0726,,9190.21,GIANT,6,5.160724,2815
TIC 434742765,434742765,100,100,14.79,191.1551,-65.9217,3,3,7163.0,12.6317,,11178.4,GIANT,6,5.160924,2816
TIC 337490880,337490880,100,100,14.45,197.2887,-66.0956,3,3,5587.0,13.7,,7016.61,GIANT,6,5.163441,2817
TIC 379129179,379129179,100,100,15.62,180.8961,-64.1983,3,2,6562.0,10.6996,,5846.51,GIANT,6,5.182735,2818
TIC 312294575,312294575,100,100,14.5,201.6706,-65.8668,3,3,7209.0,14.0664,,9283.16,GIANT,6,5.196366,2819
TIC 440514741,440514741,100,100,15.31,196.6807,-64.3922,3,3,5007.0,11.6954,,5452.69,GIANT,6,5.19803,2820
TIC 408150303,408150303,100,100,15.24,213.5036,-59.2057,3,4,4113.0,12.3709,,3277.45,GIANT,6,5.232803,2821
TIC 316228714,316228714,100,100,14.2,171.6464,-65.5822,3,2,5882.0,15.7354,,7303.85,GIANT,6,5.233756,2822
TIC 456067242,456067242,100,100,14.76,230.8268,-61.2171,4,1,5512.0,14.1155,,8827.88,GIANT,6,5.251393,2823
TIC 382512369,382512369,100,100,11.71,183.389,-64.6454,3,2,7503.0,28.4939,,5660.25,GIANT,6,5.251504,2824
TIC 438648046,438648046,100,100,14.6,195.3445,-64.5137,3,3,5681.0,14.6492,,5234.94,GIANT,6,5.251628,2825
TIC 283514973,283514973,100,100,15.53,233.1971,-58.6495,4,1,7273.0,12.0161,,6327.58,GIANT,6,5.265527,2826
TIC 438560854,438560854,100,100,15.58,195.1722,-64.8357,3,3,6547.0,11.9323,,7435.06,GIANT,6,5.269448,2827
TIC 450863438,450863438,100,100,13.84,187.2834,-60.1876,3,2,6453.0,17.8159,,7003.63,GIANT,6,5.269616,2828
TIC 290260901,290260901,100,100,15.54,173.7086,-65.0893,3,2,6130.0,12.0459,,9005.93,GIANT,6,5.269679,2829
TIC 442505478,442505478,100,100,15.57,197.9333,-63.6721,3,3,5407.0,12.0014,,5533.96,GIANT,6,5.272464,2830
TIC 436690911,436690911,100,100,15.72,193.9944,-64.374,3,3,4130.0,11.6041,,3579.19,GIANT,6,5.273223,2831
TIC 1024200406,1024200406,100,100,15.35,206.3308,-64.0276,3,4,7237.0,12.6438,,5816.47,GIANT,6,5.273755,2832
TIC 319651334,319651334,100,100,15.0,204.964,-64.2385,3,4,7664.0,13.78,,6453.52,GIANT,6,5.278498,2833
TIC 467886439,467886439,100,100,15.91,169.6194,-61.1571,3,2,3527.0,11.4154,,6166.37,GIANT,6,5.296982,2834
TIC 382105856,382105856,100,100,10.43,208.7554,-64.032,3,4,6888.0,40.8962,,3474.23,GIANT,6,5.309366,2835
TIC 180041394,180041394,100,100,15.32,188.7641,-64.9643,3,3,7998.0,13.3555,,8285.29,GIANT,6,5.31532,2836
TIC 382051339,382051339,100,100,14.73,182.9535,-62.2275,3,2,3854.0,15.3144,,5075.57,GIANT,6,5.3162,2837
TIC 317390924,317390924,100,100,14.85,172.5622,-60.4403,3,2,3889.0,14.9329,,5548.62,GIANT,6,5.318288,2838
TIC 338781633,338781633,100,100,14.76,199.3291,-66.1171,3,3,6538.0,15.2961,,11303.0,GIANT,6,5.321161,2839
TIC 322244853,322244853,100,100,14.66,176.0011,-61.1268,3,2,6531.0,15.7947,,8590.76,GIANT,6,5.329023,2840
TIC 295487395,295487395,100,100,14.54,223.3408,-62.5995,4,1,6775.0,16.2456,,8848.49,GIANT,6,5.329472,2841
TIC 291812120,291812120,100,100,14.95,221.1682,-61.987,3,4,6972.0,14.8862,,9483.88,GIANT,6,5.335568,2842
TIC 308638225,308638225,100,100,15.84,184.2942,-63.6933,3,2,4547.0,12.1405,,6708.32,GIANT,6,5.336473,2843
TIC 442171400,442171400,100,100,10.03,197.7685,-61.6271,3,4,4147.0,47.3794,,1885.53,GIANT,6,5.357179,2844
TIC 429387644,429387644,100,100,14.21,207.1579,-66.8815,3,3,6683.0,18.2335,,14955.6,GIANT,6,5.36374,2845
TIC 449593812,449593812,100,100,14.97,200.7293,-65.001,3,3,6045.0,15.321,,10389.8,GIANT,6,5.364574,2846
TIC 441876020,441876020,100,100,13.93,197.5303,-65.3181,3,3,6897.0,19.4683,,10487.0,GIANT,6,5.364656,2847
TIC 387441267,387441267,100,100,15.23,217.2368,-63.7518,3,4,6683.0,14.448,,8798.05,GIANT,6,5.365615,2848
TIC 343523982,343523982,100,100,14.95,206.5834,-67.0051,3,3,5893.0,15.5804,,14543.7,GIANT,6,5.375157,2849
TIC 440708734,440708734,100,100,15.5,196.7197,-64.5331,3,3,4660.0,14.0248,,6477.71,GIANT,6,5.393793,2850
TIC 338388285,338388285,100,100,14.2,198.7922,-66.1628,3,3,6188.0,19.0217,,9375.62,GIANT,6,5.398499,2851
TIC 336606019,336606019,100,100,14.53,195.974,-66.3329,3,3,6271.0,17.6496,,11460.0,GIANT,6,5.39947,2852
TIC 466116029,466116029,100,100,10.31,165.3098,-60.1166,3,2,4458.0,47.0593,,3986.72,GIANT,6,5.407291,2853
TIC 465935419,465935419,100,100,10.85,164.7704,-60.2788,3,2,4900.0,42.0921,,4093.77,GIANT,6,5.418401,2854
TIC 293058366,293058366,100,100,14.88,221.7468,-63.0313,3,4,6668.0,16.6778,,10115.7,GIANT,6,5.420278,2855
TIC 433550869,433550869,100,100,15.72,190.6053,-65.0432,3,3,5923.0,13.7749,,9456.37,GIANT,6,5.422177,2856
TIC 468057402,468057402,100,100,13.69,169.817,-60.2226,3,2,4022.0,22.0679,,6781.57,GIANT,6,5.425522,2857
TIC 975548606,975548606,100,100,15.85,180.9141,-64.6543,3,2,6244.0,13.462,,6454.39,GIANT,6,5.428219,2858
TIC 308949049,308949049,100,100,14.62,167.9846,-59.5672,3,2,4714.0,17.9508,,7007.75,GIANT,6,5.432168,2859
TIC 450763299,450763299,100,100,13.59,187.0648,-65.0498,3,3,6560.0,22.8131,,8596.77,GIANT,6,5.434369,2860
TIC 397565968,397565968,100,100,15.97,219.4594,-61.5547,3,4,4776.0,13.2111,,4726.18,GIANT,6,5.435878,2861
TIC 87852853,87852853,100,100,15.14,238.8394,-58.5279,4,1,4114.0,15.9968,,6121.18,GIANT,6,5.436066,2862
TIC 316286100,316286100,100,100,15.13,203.3322,-64.1188,3,4,5096.0,16.2626,,6974.41,GIANT,6,5.44838,2863
TIC 337488585,337488585,100,100,14.3,197.2367,-66.2438,3,3,6674.0,19.8519,,13232.6,GIANT,6,5.455604,2864
TIC 451019278,451019278,100,100,15.91,187.4795,-63.6661,3,2,3641.0,13.8145,,4239.66,GIANT,6,5.46267,2865
TIC 436687970,436687970,100,100,14.71,193.9464,-64.6916,3,3,5135.0,18.2142,,5765.39,GIANT,6,5.46282,2866
TIC 315340094,315340094,100,100,14.81,202.8655,-65.3272,3,3,7240.0,17.9975,,12175.2,GIANT,6,5.472424,2867
TIC 335595719,335595719,100,100,12.81,194.7514,-68.5785,3,3,6038.0,28.5684,,12563.1,GIANT,6,5.473772,2868
TIC 468240308,468240308,100,100,12.08,170.3128,-60.6238,3,2,4632.0,34.102,,6368.54,GIANT,6,5.48156,2869
TIC 399645302,399645302,100,100,12.39,219.9654,-60.8898,3,4,4450.0,31.7628,,2351.83,GIANT,6,5.481838,2870
TIC 467661131,467661131,100,100,14.36,169.0706,-60.0775,3,2,3916.0,20.2243,,6970.28,GIANT,6,5.483747,2871
TIC 322415541,322415541,100,100,14.9,176.0534,-62.1869,3,2,3505.0,17.9346,,4633.99,GIANT,6,5.487383,2872
TIC 305493196,305493196,100,100,12.48,178.6684,-62.2892,3,2,3773.0,31.368,,4543.91,GIANT,6,5.488974,2873
TIC 323940618,323940618,100,100,15.27,209.0103,-64.4563,3,4,6533.0,16.5847,,8585.82,GIANT,6,5.493415,2874
TIC 207881007,207881007,100,100,14.45,207.4603,-59.8107,3,4,5811.0,20.2147,,6658.61,GIANT,6,5.501335,2875
TIC 467133252,467133252,100,100,14.66,167.6079,-63.5062,3,2,6016.0,19.4188,,8172.72,GIANT,6,5.508445,2876
TIC 436064730,436064730,100,100,14.54,193.3656,-65.0256,3,3,7365.0,20.2912,,11217.2,GIANT,6,5.522615,2877
TIC 411135662,411135662,100,100,14.64,178.4774,-66.1555,3,2,6675.0,19.8522,,15098.5,GIANT,6,5.523617,2878
TIC 307415145,307415145,100,100,15.26,179.8214,-64.2245,3,2,5640.0,17.3489,,6842.85,GIANT,6,5.530544,2879
TIC 451449267,451449267,100,100,12.18,171.6965,-58.8195,3,2,6791.0,36.0927,,9424.85,GIANT,6,5.550839,2880
TIC 437928177,437928177,100,100,14.8,194.8542,-65.4964,3,3,6084.0,19.7601,,11358.0,GIANT,6,5.551578,2881
TIC 306968848,306968848,100,100,10.57,179.4738,-62.6461,3,2,5031.0,52.42,,4085.36,GIANT,6,5.552994,2882
TIC 459678456,459678456,100,100,13.98,163.4411,-58.8726,3,2,3859.0,24.2416,,5843.54,GIANT,6,5.565123,2883
TIC 439981075,439981075,100,100,14.29,196.2985,-65.3223,3,3,6948.0,22.6246,,13240.3,GIANT,6,5.567162,2884
TIC 306781830,306781830,100,100,14.72,179.5787,-65.4493,3,2,6810.0,20.6955,,11500.7,GIANT,6,5.575752,2885
TIC 307412266,307412266,100,100,15.92,179.9011,-63.8797,3,2,7408.0,15.7393,,6070.88,GIANT,6,5.577971,2886
TIC 319784245,319784245,100,100,11.08,204.9595,-63.6805,3,4,4744.0,49.8416,,2945.39,GIANT,6,5.611184,2887
TIC 436602740,436602740,100,100,13.69,193.7482,-65.2006,3,3,6387.0,27.3622,,9077.24,GIANT,6,5.612302,2888
TIC 303739136,303739136,100,100,10.26,177.735,-65.1407,3,2,6346.79,60.395,,4253.5,GIANT,6,5.614002,2889
TIC 435419072,435419072,100,100,14.38,192.8063,-65.0403,3,3,7336.0,23.4232,,12420.7,GIANT,6,5.615292,2890
TIC 303118139,303118139,100,100,15.37,164.0636,-59.4778,3,2,3754.0,18.6626,,8229.9,GIANT,6,5.615944,2891
TIC 325785774,325785774,100,100,13.88,187.4709,-68.2787,3,3,5699.0,26.4272,,16743.0,GIANT,6,5.620102,2892
TIC 467521763,467521763,100,100,15.58,168.6085,-64.1845,3,2,5301.0,17.9291,,8109.15,GIANT,6,5.623117,2893
TIC 437826020,437826020,100,100,15.14,194.6126,-64.4604,3,3,6155.0,19.9036,,8791.12,GIANT,6,5.625863,2894
TIC 281398992,281398992,100,100,14.85,170.5203,-64.9324,3,2,5650.0,21.2901,,9223.04,GIANT,6,5.626355,2895
TIC 316565194,316565194,100,100,13.84,203.61,-64.371,3,4,6554.0,26.9369,,10850.0,GIANT,6,5.628695,2896
TIC 321178026,321178026,100,100,15.99,175.2278,-61.3389,3,2,3558.0,16.4913,,6688.24,GIANT,6,5.63251,2897
TIC 442941569,442941569,100,100,10.64,198.5006,-62.4985,3,4,10170.0,56.8119,,3814.36,GIANT,6,5.636879,2898
TIC 343781431,343781431,100,100,13.13,206.8537,-68.2499,3,3,5609.0,32.1166,,14315.1,GIANT,6,5.639459,2899
TIC 397887167,397887167,100,100,13.56,219.3763,-63.6252,3,4,5937.0,29.2297,,10601.0,GIANT,6,5.643649,2900
TIC 306030543,306030543,100,100,13.81,179.0206,-64.4704,3,2,6648.0,27.7948,,7624.61,GIANT,6,5.649927,2901
TIC 329977837,329977837,100,100,10.52,211.925,-63.2543,3,4,7480.0,59.8021,,3483.7,GIANT,6,5.657433,2902
TIC 334343673,334343673,100,100,13.81,193.3016,-67.9643,3,3,5868.0,28.2229,,16780.5,GIANT,6,5.663203,2903
TIC 338789155,338789155,100,100,11.78,189.8903,-62.108,3,2,3635.0,45.174,,2181.16,GIANT,6,5.665777,2904
TIC 319787712,319787712,100,100,10.98,205.1581,-63.375,3,4,8410.0,55.2415,,3614.11,GIANT,6,5.680531,2905
TIC 424821729,424821729,100,100,14.92,237.0553,-61.5178,4,1,4344.0,22.3665,,12247.7,GIANT,6,5.683196,2906
TIC 277350855,277350855,100,100,14.18,234.5212,-58.6944,4,1,7022.0,26.789,,11107.3,GIANT,6,5.691913,2907
TIC 324507227,324507227,100,100,15.58,177.2505,-64.772,3,2,8556.0,19.4986,,11316.0,GIANT,6,5.696007,2908
TIC 450766399,450766399,100,100,15.21,187.1702,-64.7087,3,3,4440.0,21.2372,,7032.77,GIANT,6,5.696195,2909
TIC 449861118,449861118,100,100,11.27,201.3847,-63.3206,3,4,7552.0,53.1703,,6808.6,GIANT,6,5.705338,2910
TIC 438031597,438031597,100,100,11.81,194.7503,-64.0834,3,3,5987.0,47.0587,,4215.07,GIANT,6,5.70728,2911
TIC 971446508,971446508,100,100,14.32,197.9633,-64.1605,3,3,4555.0,26.6155,,6061.39,GIANT,6,5.714269,2912
TIC 380236953,380236953,100,100,11.12,181.6676,-62.5968,3,2,4236.0,56.3082,,5269.24,GIANT,6,5.725143,2913
TIC 338941906,338941906,100,100,14.06,189.7259,-65.0548,3,3,7421.0,28.8141,,10416.7,GIANT,6,5.73121,2914
TIC 379232017,379232017,100,100,15.44,180.9369,-64.652,3,2,6940.0,21.0371,,8730.54,GIANT,6,5.733972,2915
TIC 433549557,433549557,100,100,15.07,190.4713,-64.4812,3,3,5645.0,23.065,,8130.39,GIANT,6,5.739907,2916
TIC 315986583,315986583,100,100,14.85,171.5704,-60.5089,3,2,4016.0,24.576,,7774.43,GIANT,6,5.751022,2917
TIC 451049858,451049858,100,100,11.0,187.4863,-62.4468,3,2,4021.0,59.9689,,3207.36,GIANT,6,5.755852,2918
TIC 321780483,321780483,100,100,13.03,175.6368,-65.2164,3,2,7038.0,38.3237,,9549.37,GIANT,6,5.772935,2919
TIC 309532570,309532570,100,100,14.85,184.7,-63.5291,3,2,3909.0,25.2266,,5312.84,GIANT,6,5.773717,2920
TIC 439169923,439169923,100,100,15.53,195.4946,-63.9691,3,3,6974.0,21.6052,,5543.29,GIANT,6,5.775117,2921
TIC 316000275,316000275,100,100,15.52,171.4929,-61.7385,3,2,3642.0,21.7033,,5736.73,GIANT,6,5.777052,2922
TIC 319782993,319782993,100,100,15.67,204.9897,-63.7965,3,4,5299.0,21.0152,,7205.73,GIANT,6,5.779067,2923
TIC 307417875,307417875,100,100,14.88,179.8635,-64.5701,3,2,6014.0,25.2963,,10234.9,GIANT,6,5.782114,2924
TIC 341694198,341694198,100,100,12.73,203.6027,-66.5764,3,3,3792.0,41.5949,,4266.05,GIANT,6,5.78408,2925
TIC 317410931,317410931,100,100,15.13,172.5671,-61.7479,3,2,3350.0,23.9889,,4979.35,GIANT,6,5.786021,2926
TIC 322834358,322834358,100,100,15.91,176.1806,-63.012,3,2,5415.0,20.2881,,7300.9,GIANT,6,5.796483,2927
TIC 411946994,411946994,100,100,12.12,189.7801,-58.2846,3,1,6266.0,48.6704,,12638.0,GIANT,6,5.79853,2928
TIC 436074242,436074242,100,100,14.72,193.4754,-64.9072,3,3,6834.0,26.8284,,12173.3,GIANT,6,5.80119,2929
TIC 969014518,969014518,100,100,14.96,190.2134,-64.5787,3,3,5790.0,25.3883,,9806.05,GIANT,6,5.801267,2930
TIC 382611958,382611958,100,100,10.81,183.5812,-63.6636,3,2,4259.0,66.5713,,4481.96,GIANT,6,5.808574,2931
TIC 443271206,443271206,100,100,13.94,199.013,-64.7814,3,3,5262.0,32.4983,,10256.1,GIANT,6,5.811721,2932
TIC 381742231,381742231,100,100,15.12,182.7897,-63.5513,3,2,3694.0,24.8838,,6482.57,GIANT,6,5.815833,2933
TIC 304290043,304290043,100,100,14.84,177.8413,-62.9771,3,2,4945.0,26.5476,,4729.29,GIANT,6,5.816051,2934
TIC 390949145,390949145,100,100,15.53,217.9168,-61.6865,3,4,3861.0,22.669,,3385.36,GIANT,6,5.816865,2935
TIC 325236131,325236131,100,100,15.08,177.313,-64.4016,3,2,6704.0,25.2096,,7330.0,GIANT,6,5.819132,2936
TIC 441167966,441167966,100,100,15.81,197.0005,-63.9707,3,3,4291.0,21.328,,4433.58,GIANT,6,5.8199,2937
TIC 450737371,450737371,100,100,11.74,169.5894,-59.238,3,2,5369.0,54.6034,,9338.49,GIANT,6,5.822439,2938
TIC 313490388,313490388,100,100,12.54,202.1792,-63.5836,3,4,7429.0,45.6374,,9430.69,GIANT,6,5.826642,2939
TIC 314135141,314135141,100,100,15.27,202.4637,-63.2627,3,4,4865.0,24.3729,,6590.34,GIANT,6,5.827814,2940
TIC 308889907,308889907,100,100,13.18,184.3901,-65.754,3,3,6431.0,39.444,,15460.2,GIANT,6,5.827962,2941
TIC 466255779,466255779,100,100,13.6,165.5213,-62.2899,3,2,5360.0,35.8861,,12694.8,GIANT,6,5.829853,2942
TIC 293714209,293714209,100,100,10.09,222.163,-60.5107,3,4,3496.0,80.7342,,1837.34,GIANT,6,5.832115,2943
TIC 466910862,466910862,100,100,15.84,167.1757,-61.8984,3,2,4023.0,21.5132,,7248.23,GIANT,6,5.83341,2944
TIC 335335070,335335070,100,100,15.23,214.2851,-63.4166,3,4,7534.0,24.9467,,10133.5,GIANT,6,5.840026,2945
TIC 258094384,258094384,100,100,12.11,221.2138,-69.393,4,2,4624.0,51.4245,,9866.63,GIANT,6,5.84434,2946
TIC 290682760,290682760,100,100,14.95,173.9001,-61.7396,3,2,3357.0,26.7869,,6916.31,GIANT,6,5.845845,2947
TIC 467307631,467307631,100,100,15.08,168.2494,-62.7063,3,2,4093.0,26.2597,,6313.1,GIANT,6,5.85458,2948
TIC 434244844,434244844,100,100,13.59,191.0157,-63.3756,3,3,4994.0,37.687,,5820.47,GIANT,6,5.870383,2949
TIC 336101765,336101765,100,100,13.23,214.5109,-64.4215,3,4,6334.0,41.2813,,13095.5,GIANT,6,5.877507,2950
TIC 209123417,209123417,100,100,10.74,209.7723,-58.7863,3,4,5058.0,73.3255,,5335.28,GIANT,6,5.87851,2951
TIC 388851968,388851968,100,100,10.56,217.5151,-61.7196,3,4,4906.0,76.914,,2554.03,GIANT,6,5.884011,2952
TIC 467169937,467169937,100,100,13.5,167.9533,-65.2073,3,2,6629.0,39.2081,,13289.3,GIANT,6,5.886752,2953
TIC 468095045,468095045,100,100,10.57,170.1629,-61.8312,3,2,4603.0,77.204,,3538.89,GIANT,6,5.88928,2954
TIC 440710376,440710376,100,100,12.9,196.8246,-63.7786,3,3,11306.0,45.4903,,5634.4,GIANT,6,5.895838,2955
TIC 316645517,316645517,100,100,12.71,172.1579,-60.8729,3,2,4494.0,47.6467,,8515.88,GIANT,6,5.898066,2956
TIC 440606785,440606785,100,100,13.9,196.647,-65.0994,3,3,6341.0,36.7846,,13209.0,GIANT,6,5.911332,2957
TIC 440713333,440713333,100,100,15.62,196.7474,-64.1685,3,3,5465.0,24.9122,,7561.3,GIANT,6,5.916824,2958
TIC 467764360,467764360,100,100,13.55,169.2856,-65.5122,3,2,5826.0,40.1345,,11491.1,GIANT,6,5.917036,2959
TIC 266943354,266943354,100,100,10.11,175.7008,-58.9934,3,2,5894.0,89.0627,,6765.52,GIANT,6,5.921392,2960
TIC 467696830,467696830,100,100,14.78,169.0735,-61.8382,3,2,4770.0,30.5193,,4566.8,GIANT,6,5.925149,2961
TIC 309531489,309531489,100,100,12.77,184.589,-63.4249,3,2,5806.0,48.6168,,7224.18,GIANT,6,5.927573,2962
TIC 381261761,381261761,100,100,14.44,182.5172,-63.6133,3,2,3891.0,33.1735,,6449.47,GIANT,6,5.929583,2963
TIC 310411608,310411608,100,100,14.07,185.2784,-64.0009,3,2,6148.0,36.3403,,7032.55,GIANT,6,5.934777,2964
TIC 321168683,321168683,100,100,10.64,175.331,-62.2648,3,2,5638.0,80.5266,,4912.31,GIANT,6,5.939879,2965
TIC 465935803,465935803,100,100,12.06,164.8002,-60.3118,3,2,4714.0,58.3538,,6805.95,GIANT,6,5.944138,2966
TIC 190536175,190536175,100,100,15.27,221.3671,-58.342,3,4,3795.0,28.0489,,6166.34,GIANT,6,5.949832,2967
TIC 296005608,296005608,100,100,12.51,223.74,-60.3444,3,4,3509.0,53.1768,,2999.44,GIANT,6,5.953444,2968
TIC 45127478,45127478,100,100,14.5,229.7722,-59.784,4,1,6737.0,33.774,,7393.9,GIANT,6,5.957165,2969
TIC 321171845,321171845,100,100,15.1,175.2604,-61.9242,3,2,3416.0,29.4652,,8355.82,GIANT,6,5.958619,2970
TIC 450798236,450798236,100,100,13.79,186.9894,-63.0274,3,2,5224.0,39.8728,,5763.8,GIANT,6,5.959353,2971
TIC 468091607,468091607,100,100,12.05,170.0544,-61.5043,3,2,4702.0,59.5219,,5767.53,GIANT,6,5.959354,2972
TIC 320079273,320079273,100,100,13.56,174.7593,-65.2066,3,2,6546.0,42.1241,,13189.2,GIANT,6,5.961061,2973
TIC 293719075,293719075,100,100,10.52,222.3691,-60.911,3,4,4899.0,85.0309,,3794.58,GIANT,6,5.963154,2974
TIC 379884839,379884839,100,100,13.66,181.6191,-63.6606,3,2,6256.0,41.2722,,9772.88,GIANT,6,5.963315,2975
TIC 44426764,44426764,100,100,10.22,229.6353,-58.0246,4,1,4418.0,91.8196,,2954.73,GIANT,6,5.969871,2976
TIC 307413543,307413543,100,100,14.54,179.7762,-64.0338,3,2,7065.0,34.0049,,8906.67,GIANT,6,5.971083,2977
TIC 313078874,313078874,100,100,10.71,201.8399,-63.0196,3,4,4943.0,82.9072,,4083.31,GIANT,6,5.979184,2978
TIC 322987657,322987657,100,100,14.14,176.1633,-61.529,3,2,4188.0,37.6498,,8436.94,GIANT,6,5.979525,2979
TIC 381042688,381042688,100,100,14.4,182.1597,-63.9027,3,2,5108.0,35.6522,,8285.94,GIANT,6,5.984173,2980
TIC 307267784,307267784,100,100,14.08,179.8385,-62.1093,3,2,3980.0,38.8785,,10895.8,GIANT,6,5.995419,2981
TIC 307413248,307413248,100,100,11.18,179.9288,-63.9994,3,2,8546.0,76.6801,,6423.96,GIANT,6,6.005365,2982
TIC 312452616,312452616,100,100,10.05,201.6252,-63.1626,3,4,7763.0,99.6463,,5473.0,GIANT,6,6.006922,2983
TIC 390263233,390263233,100,100,11.31,217.6124,-62.1227,3,4,4719.0,74.921,,2992.3,GIANT,6,6.011207,2984
TIC 399645136,399645136,100,100,11.01,219.9684,-60.5611,3,4,5175.0,80.3369,,2494.74,GIANT,6,6.01183,2985
TIC 323949881,323949881,100,100,12.13,176.6338,-61.641,3,2,3959.0,62.2022,,6161.07,GIANT,6,6.013611,2986
TIC 437106039,437106039,100,100,11.42,194.1358,-62.4158,3,3,3644.0,74.2137,,3069.86,GIANT,6,6.024968,2987
TIC 383346439,383346439,100,100,15.46,184.0227,-63.4064,3,2,4141.0,29.2859,,8117.36,GIANT,6,6.025317,2988
TIC 311202867,311202867,100,100,10.03,185.6671,-62.1599,3,2,4623.0,103.388,,3821.09,GIANT,6,6.03494,2989
TIC 436993700,436993700,100,100,13.6,194.2443,-60.7169,3,1,6625.0,45.6147,,7274.09,GIANT,6,6.03821,2990
TIC 310874217,310874217,100,100,12.23,185.3377,-63.1852,3,2,4716.0,62.9278,,6125.73,GIANT,6,6.043685,2991
TIC 318107835,318107835,100,100,12.38,172.9283,-60.7345,3,2,6909.0,60.8321,,15643.1,GIANT,6,6.044266,2992
TIC 467051259,467051259,100,100,10.19,167.5535,-60.8475,3,2,3989.0,100.868,,5579.3,GIANT,6,6.045507,2993
TIC 390945430,390945430,100,100,10.79,217.8552,-61.2528,3,4,4769.0,87.9737,,2688.77,GIANT,6,6.046706,2994
TIC 450400514,450400514,100,100,15.04,186.1147,-63.4278,3,2,5134.0,33.5442,,8145.51,GIANT,6,6.059235,2995
TIC 438657114,438657114,100,100,13.2,195.3154,-65.1089,3,3,5651.0,51.2797,,9402.06,GIANT,6,6.059891,2996
TIC 379652818,379652818,100,100,13.35,181.2486,-63.3995,3,2,5405.0,49.9902,,6272.19,GIANT,6,6.06777,2997
TIC 434154682,434154682,100,100,14.46,190.9431,-64.391,3,3,6463.0,38.7412,,10746.9,GIANT,6,6.068346,2998
TIC 296947031,296947031,100,100,13.9,178.7891,-70.6854,3,3,4190.0,44.2678,,15138.6,GIANT,6,6.072176,2999
TIC 430692848,430692848,100,100,12.31,242.0548,-58.9526,4,1,3695.0,63.9003,,7125.21,GIANT,6,6.073006,3000
TIC 449862374,449862374,100,100,14.05,201.4779,-63.4338,3,4,4947.0,42.8185,,8855.39,GIANT,6,6.073263,3001
TIC 466256561,466256561,100,100,11.31,165.3926,-62.2102,3,2,5637.0,80.5732,,10082.3,GIANT,6,6.074381,3002
TIC 467842082,467842082,100,100,12.43,169.4869,-60.6885,3,2,3333.0,62.8954,,7375.28,GIANT,6,6.083238,3003
TIC 466632314,466632314,100,100,15.04,166.4991,-61.4393,3,2,4797.0,34.7127,,10903.8,GIANT,6,6.088977,3004
TIC 441373102,441373102,100,100,13.74,197.2209,-64.0793,3,3,6115.0,46.8458,,6454.26,GIANT,6,6.089341,3005
TIC 439879418,439879418,100,100,14.6,196.1795,-64.9236,3,3,6383.0,38.9878,,14028.3,GIANT,6,6.101857,3006
TIC 388861098,388861098,100,100,14.98,217.5374,-62.1966,3,4,5979.0,35.9989,,5989.86,GIANT,6,6.108578,3007
TIC 309044486,309044486,100,100,11.25,184.3307,-62.5051,3,2,4523.0,85.8272,,6831.97,GIANT,6,6.11725,3008
TIC 379654876,379654876,100,100,13.94,181.2039,-63.6333,3,2,4982.0,46.2194,,5880.69,GIANT,6,6.117649,3009
TIC 468018344,468018344,100,100,13.79,169.959,-60.8431,3,2,3307.0,48.1964,,9680.42,GIANT,6,6.124029,3010
TIC 306968505,306968505,100,100,14.39,179.5665,-62.6784,3,2,3940.0,42.1693,,6955.62,GIANT,6,6.127993,3011
TIC 441769470,441769470,100,100,15.61,197.4533,-64.0837,3,3,4119.0,32.3543,,6471.98,GIANT,6,6.141864,3012
TIC 284263601,284263601,100,100,14.27,233.2856,-58.4979,4,1,6631.0,44.0647,,8768.29,GIANT,6,6.142182,3013
TIC 378679017,378679017,100,100,13.24,180.486,-64.8516,3,2,6771.0,56.5363,,12587.1,GIANT,6,6.152655,3014
TIC 179867579,179867579,100,100,10.17,188.5972,-61.2376,3,2,4823.0,114.912,,6219.2,GIANT,6,6.154731,3015
TIC 306547523,306547523,100,100,10.84,179.2521,-62.3118,3,2,3601.0,98.5724,,6087.65,GIANT,6,6.155511,3016
TIC 304677989,304677989,100,100,15.66,178.0648,-62.8532,3,2,4677.0,32.5138,,6365.65,GIANT,6,6.156135,3017
TIC 316382940,316382940,100,100,13.6,171.7693,-61.7286,3,2,3907.0,52.582,,6322.58,GIANT,6,6.161674,3018
TIC 380683989,380683989,100,100,15.08,181.971,-62.0374,3,2,3349.0,37.5343,,7591.94,GIANT,6,6.164857,3019
TIC 324122933,324122933,100,100,11.32,176.8689,-61.9537,3,2,3821.0,89.7431,,9100.12,GIANT,6,6.170002,3020
TIC 334291756,334291756,100,100,11.04,213.7602,-62.7359,3,4,4283.0,97.3276,,3023.24,GIANT,6,6.184472,3021
TIC 306974034,306974034,100,100,13.15,179.6934,-62.1331,3,2,3889.0,61.1013,,11471.2,GIANT,6,6.202101,3022
TIC 306683277,306683277,100,100,14.83,179.3914,-65.1712,3,2,7268.0,41.545,,13737.3,GIANT,6,6.203038,3023
TIC 435986720,435986720,100,100,11.16,193.4328,-65.8997,3,3,6071.0,96.9836,,13730.2,GIANT,6,6.205397,3024
TIC 465934856,465934856,100,100,11.09,164.8088,-60.2253,3,2,3848.0,99.0867,,5953.69,GIANT,6,6.210031,3025
TIC 382339577,382339577,100,100,15.3,215.6935,-62.2953,3,4,4646.0,37.6539,,4593.57,GIANT,6,6.21162,3026
TIC 369199512,369199512,100,100,14.04,191.8513,-64.107,3,3,4887.0,51.3667,,6459.01,GIANT,6,6.229363,3027
TIC 379010411,379010411,100,100,12.45,180.7435,-62.4967,3,2,3907.0,74.1069,,7273.51,GIANT,6,6.229717,3028
TIC 466500589,466500589,100,100,12.97,166.0088,-59.9942,3,2,3508.0,66.8409,,9634.94,GIANT,6,6.244085,3029
TIC 378807553,378807553,100,100,14.6,180.5542,-61.9339,3,2,3604.0,46.3626,,7700.88,GIANT,6,6.252336,3030
TIC 382291039,382291039,100,100,13.96,183.1787,-62.7459,3,2,4285.0,54.4936,,6733.75,GIANT,6,6.264691,3031
TIC 304040681,304040681,100,100,11.12,164.8585,-59.4864,3,2,4455.0,105.611,,9438.68,GIANT,6,6.271418,3032
TIC 310409222,310409222,100,100,15.88,185.086,-63.73,3,2,3850.0,35.3134,,6475.57,GIANT,6,6.271879,3033
TIC 295994747,295994747,100,100,10.66,223.5974,-60.4578,3,4,3989.0,118.307,,3526.21,GIANT,6,6.278021,3034
TIC 449712483,449712483,100,100,13.89,201.012,-63.5777,3,4,4874.0,56.3917,,11555.4,GIANT,6,6.28043,3035
TIC 323785964,323785964,100,100,12.99,176.7937,-62.1649,3,2,4370.0,69.9677,,10936.4,GIANT,6,6.287795,3036
TIC 309370302,309370302,100,100,14.29,184.6214,-61.8661,3,2,3434.0,52.1564,,6163.27,GIANT,6,6.292615,3037
TIC 324667995,324667995,100,100,11.55,177.2457,-62.4288,3,2,4282.0,98.8007,,7141.61,GIANT,6,6.29952,3038
TIC 468238873,468238873,100,100,12.28,170.338,-60.7518,3,2,3820.0,84.5024,,10166.8,GIANT,6,6.309738,3039
TIC 450400727,450400727,100,100,14.95,186.1963,-63.4091,3,2,4615.0,47.3887,,8771.38,GIANT,6,6.34135,3040
TIC 467302452,467302452,100,100,15.52,168.2847,-62.0928,3,2,3939.0,41.6671,,9813.71,GIANT,6,6.343587,3041
TIC 438756152,438756152,100,100,11.8,195.3957,-63.3728,3,3,3726.0,100.139,,3056.34,GIANT,6,6.361207,3042
TIC 304287659,304287659,100,100,14.49,177.8364,-62.7377,3,2,4465.0,54.3781,,6775.99,GIANT,6,6.368848,3043
TIC 307546928,307546928,100,100,13.56,180.1435,-65.3606,3,2,5398.0,67.832,,13106.5,GIANT,6,6.374869,3044
TIC 317210786,317210786,100,100,11.56,203.9311,-62.6675,3,4,3990.0,107.765,,4648.44,GIANT,6,6.376955,3045
TIC 435508332,435508332,100,100,13.15,192.9544,-63.2047,3,3,3569.0,75.3032,,4990.31,GIANT,6,6.383627,3046
TIC 318093617,318093617,100,100,12.15,172.8473,-60.5834,3,2,6301.0,94.9973,,17295.2,GIANT,6,6.385423,3047
TIC 309823141,309823141,100,100,14.01,184.8266,-64.1905,3,2,5163.0,62.8709,,9563.92,GIANT,6,6.398899,3048
TIC 467672955,467672955,100,100,12.07,169.1204,-61.204,3,2,9146.0,98.5628,,7376.77,GIANT,6,6.401426,3049
TIC 467816199,467816199,100,100,13.52,169.4752,-61.6477,3,2,3947.0,70.6834,,6793.06,GIANT,6,6.402635,3050
TIC 45245684,45245684,100,100,14.3,229.9298,-58.1428,4,1,3773.0,60.6104,,4899.56,GIANT,6,6.425094,3051
TIC 465905611,465905611,100,100,14.64,164.5195,-60.7077,3,2,4500.0,56.7178,,6477.44,GIANT,6,6.435439,3052
TIC 310290089,310290089,100,100,14.89,185.1555,-61.971,3,2,3508.0,54.7825,,6933.39,GIANT,6,6.455284,3053
TIC 382607328,382607328,100,100,14.05,183.3826,-64.1538,3,2,5542.0,68.3198,,13798.5,GIANT,6,6.479093,3054
TIC 466294444,466294444,100,100,13.13,165.5742,-60.5876,3,2,5166.0,85.1871,,12486.9,GIANT,6,6.486748,3055
TIC 450576969,450576969,100,100,14.21,186.71,-62.3293,3,2,3706.0,67.3073,,7566.42,GIANT,6,6.498124,3056
TIC 443532874,443532874,100,100,12.94,199.4103,-64.0914,3,3,3422.0,92.5672,,5025.95,GIANT,6,6.520914,3057
TIC 466912671,466912671,100,100,13.46,167.1435,-62.0989,3,2,4761.0,82.8507,,8104.78,GIANT,6,6.528592,3058
TIC 467696953,467696953,100,100,13.74,169.2331,-61.8509,3,2,3997.0,77.8023,,4765.57,GIANT,6,6.529985,3059
TIC 314536840,314536840,100,100,12.81,202.6104,-63.5237,3,4,4489.0,97.9608,,8275.42,GIANT,6,6.544105,3060
TIC 321060007,321060007,100,100,12.49,205.5103,-61.2057,3,4,4751.0,105.79,,6329.94,GIANT,6,6.546889,3061
TIC 380482032,380482032,100,100,14.46,206.6924,-62.4632,3,4,3973.0,67.4941,,3804.99,GIANT,6,6.550532,3062
TIC 467301100,467301100,100,100,13.52,168.2687,-61.9334,3,2,3358.0,84.7352,,7305.81,GIANT,6,6.560128,3063
TIC 467096593,467096593,100,100,13.83,167.6204,-61.3042,3,2,4490.0,80.4705,,5670.89,GIANT,6,6.577273,3064
TIC 415020293,415020293,100,100,13.95,189.0386,-62.3418,3,2,3421.0,78.9865,,6510.42,GIANT,6,6.585106,3065
TIC 381170017,381170017,100,100,14.87,207.2224,-63.4974,3,4,4277.0,64.6007,,7679.45,GIANT,6,6.594474,3066
TIC 460636805,460636805,100,100,15.4,191.516,-63.9023,3,3,3639.0,58.8874,,6502.04,GIANT,6,6.620045,3067
TIC 449628477,449628477,100,100,12.61,200.5961,-62.8528,3,4,3857.0,112.075,,8002.7,GIANT,6,6.621017,3068
TIC 442975794,442975794,100,100,11.81,198.4606,-64.4412,3,3,4229.0,136.384,,8079.25,GIANT,6,6.631527,3069
TIC 338392843,338392843,100,100,14.67,189.6293,-63.9789,3,3,4369.0,71.45,,8229.25,GIANT,6,6.642004,3070
TIC 467401220,467401220,100,100,14.36,168.4905,-62.1385,3,2,3893.0,76.7508,,7390.87,GIANT,6,6.642166,3071
TIC 321957546,321957546,100,100,14.82,206.0584,-63.6738,3,4,4673.0,70.3853,,5815.98,GIANT,6,6.658964,3072
TIC 309528923,309528923,100,100,12.26,184.7048,-63.1675,3,2,4575.0,161.928,,10481.0,GIANT,6,6.870644,3073
TIC 38642998,38642998,100,100,11.9,226.5654,-59.6958,4,1,4149.0,179.616,,5626.21,GIANT,6,6.88869,3074
TIC 329522644,329522644,100,100,11.78,211.7048,-61.7314,3,4,4634.0,242.583,,6440.52,GIANT,6,7.125721,3075
TIC 449614771,449614771,100,100,13.81,200.6212,-63.0492,3,4,4231.0,154.599,,9544.42,GIANT,6,7.140413,3076
TIC 134837162,134837162,100,100,10.18,183.6461,-39.1998,2,2,,,,,GIANT,6,999.0,3077
TIC 382407397,382407397,100,100,10.21,183.3312,-64.7973,3,2,,,,,GIANT,6,999.0,3078
TIC 448472109,448472109,100,100,10.28,165.8667,-32.7585,2,4,,,,,GIANT,6,999.0,3079
TIC 334930665,334930665,100,100,10.31,194.0338,-69.4484,3,3,,,,,GIANT,6,999.0,3080
TIC 405692410,405692410,100,100,10.31,191.9506,-54.5253,3,1,,,,,GIANT,6,999.0,3081
TIC 384422486,384422486,100,100,10.33,250.4795,-78.1731,4,2,,,,2152.35156,GIANT,6,999.0,3082
TIC 94178492,94178492,100,100,10.45,176.8356,-49.8846,2,1,,,,,GIANT,6,999.0,3083
TIC 360000758,360000758,100,100,10.7,186.3895,-72.4634,3,3,,,,,GIANT,6,999.0,3084
TIC 401952328,401952328,100,100,10.72,220.3266,-61.6118,3,4,,,,,GIANT,6,999.0,3085
TIC 455359641,455359641,100,100,10.79,228.7761,-62.763,4,1,,,,4229.883,GIANT,6,999.0,3086
TIC 364426177,364426177,100,100,10.86,161.2718,-48.1454,2,1,,,,,GIANT,6,999.0,3087
TIC 359997747,359997747,100,100,10.9,186.2955,-72.4511,3,3,,,,,GIANT,6,999.0,3088
TIC 412491257,412491257,100,100,10.94,193.061,-55.8938,3,1,,,,,GIANT,6,999.0,3089
TIC 359767082,359767082,100,100,10.95,185.0898,-74.1277,3,3,,,,,GIANT,6,999.0,3090
TIC 72316429,72316429,100,100,11.03,186.8551,-45.6686,2,2,,,,,GIANT,6,999.0,3091
TIC 322615310,322615310,100,100,11.13,206.3088,-63.571,3,4,,,,8514.12,GIANT,6,999.0,3092
TIC 92169451,92169451,100,100,11.2,172.4335,-53.2333,2,1,,,,,GIANT,6,999.0,3093
TIC 256461348,256461348,100,100,11.22,200.0364,-54.1009,3,1,,,,,GIANT,6,999.0,3094
TIC 328702100,328702100,100,100,11.32,191.0598,-69.0433,3,3,,,,,GIANT,6,999.0,3095
TIC 253228981,253228981,100,100,11.4,195.2852,-59.0316,3,1,,,,,GIANT,6,999.0,3096
TIC 241658021,241658021,100,100,11.46,207.9469,-53.4576,3,4,,,,,GIANT,6,999.0,3097
TIC 290889135,290889135,100,100,11.7,173.9841,-65.5035,3,2,,,,,GIANT,6,999.0,3098
TIC 335287811,335287811,100,100,11.71,194.4238,-66.8603,3,3,,,,,GIANT,6,999.0,3099
TIC 273460338,273460338,100,100,11.84,186.2558,-52.2708,3,1,,,,,GIANT,6,999.0,3100
TIC 358843795,358843795,100,100,11.84,199.2128,-54.2046,3,1,,,,,GIANT,6,999.0,3101
TIC 157172274,157172274,100,100,11.93,175.5216,-31.0177,2,3,,,,,GIANT,6,999.0,3102
TIC 316155848,316155848,100,100,12.0,203.4034,-63.2401,3,4,,,,,GIANT,6,999.0,3103
TIC 329921262,329921262,100,100,12.0,192.3284,-68.7505,3,3,,,,,GIANT,6,999.0,3104
TIC 334790064,334790064,100,100,12.03,184.4183,-50.0075,2,2,,,,,GIANT,6,999.0,3105
TIC 311853656,311853656,100,100,12.05,185.8655,-60.2375,3,2,,,,,GIANT,6,999.0,3106
TIC 92858906,92858906,100,100,12.13,174.079,-52.5151,2,1,,,,,GIANT,6,999.0,3107
TIC 398768350,398768350,100,100,12.22,180.3323,-56.8175,3,2,,,,,GIANT,6,999.0,3108
TIC 335346121,335346121,100,100,12.28,214.3662,-62.4095,3,4,,,,,GIANT,6,999.0,3109
TIC 381981516,381981516,100,100,12.39,284.0295,-71.4896,4,3,,,,,GIANT,6,999.0,3110
TIC 329093980,329093980,100,100,12.46,191.4011,-70.8957,3,3,,,,,GIANT,6,999.0,3111
TIC 437193674,437193674,100,100,12.46,194.1633,-64.5756,3,3,,,,,GIANT,6,999.0,3112
TIC 93952051,93952051,100,100,12.49,176.5301,-52.2916,2,1,,,,,GIANT,6,999.0,3113
TIC 119869388,119869388,100,100,12.6,162.3563,-51.1232,2,1,,,,,GIANT,6,999.0,3114
TIC 241360022,241360022,100,100,12.63,204.4534,-51.0364,3,1,,,,,GIANT,6,999.0,3115
TIC 261005173,261005173,100,100,12.65,203.1081,-50.4985,3,1,,,,,GIANT,6,999.0,3116
TIC 401231600,401231600,100,100,12.66,187.7537,-53.7319,3,1,,,,,GIANT,6,999.0,3117
TIC 403911753,403911753,100,100,12.68,188.3818,-50.7825,3,1,,,,,GIANT,6,999.0,3118
TIC 179551663,179551663,100,100,12.72,188.0147,-64.4502,3,3,,,,,GIANT,6,999.0,3119
TIC 81013880,81013880,100,100,12.94,166.479,-53.1382,2,1,,,,,GIANT,6,999.0,3120
TIC 404153857,404153857,100,100,13.09,195.3109,-49.421,3,1,,,,,GIANT,6,999.0,3121
TIC 407827885,407827885,100,100,13.1,213.4053,-57.9998,3,4,,,,,GIANT,6,999.0,3122
TIC 261001304,261001304,100,100,13.16,203.0477,-52.0303,3,1,,,,,GIANT,6,999.0,3123
TIC 321168684,321168684,100,100,13.3,175.3039,-62.2648,3,2,,,,,GIANT,6,999.0,3124
TIC 414676452,414676452,100,100,14.21,223.2353,-59.6557,3,4,,,,,GIANT,6,999.0,3125
TIC 438027011,438027011,100,100,14.78,194.9577,-63.6163,3,3,,,,4647.62,GIANT,6,999.0,3126
TIC 307690850,307690850,100,100,14.96,180.0499,-63.4977,3,2,,,,6681.49,GIANT,6,999.0,3127
TIC 325102915,325102915,100,100,15.67,209.3556,-62.7192,3,4,,,,4665.4,GIANT,6,999.0,3128
