target,tic_id,sector,sectors,tmag,teff_k,stellar_radius_solar,distance_pc,ra_deg,dec_deg,camera,ccd,known_planet_host_rows
TIC 142206123,142206123,105,105,7.17922,3788.0,0.692694,11.5335,38.5940260150709,-43.7963532657194,4,2,0
TIC 88533834,88533834,105,105,7.9032,4281.0,0.648253,18.6572,48.6859349389589,-26.4462487008217,4,4,0
TIC 140045538,140045538,105,105,8.23083,3466.0,0.608233,14.854,329.421682693545,-51.0061778687375,2,4,0
